ISO-10303-21;
HEADER;
/* Generated by software containing ST-Developer
 * from STEP Tools, Inc. (www.steptools.com) 
 */
/* OPTION: using custom schema-name function */

FILE_DESCRIPTION(
/* description */ (''),
/* implementation_level */ '2;1');

FILE_NAME(
/* name */ 'box',
/* time_stamp */ '2026-02-18T14:07:27+03:00',
/* author */ (''),
/* organization */ (''),
/* preprocessor_version */ 'ST-DEVELOPER v16.5',
/* originating_system */ 'Rhino 7.23',
/* authorisation */ '');

FILE_SCHEMA (('CONFIG_CONTROL_DESIGN'));
ENDSEC;

DATA;
#10=SHAPE_REPRESENTATION_RELATIONSHIP('','',#4371,#14);
#11=MANIFOLD_SOLID_BREP('brep_1',#15);
#12=MANIFOLD_SOLID_BREP('brep_2',#16);
#13=MANIFOLD_SOLID_BREP('brep_3',#17);
#14=ADVANCED_BREP_SHAPE_REPRESENTATION('brep_rep_0',(#11,#12,#13,#4554),
#4370);
#15=CLOSED_SHELL('',(#22,#23,#24,#25,#26,#27,#28,#29,#30,#31,#32,#33,#34,
#35,#36,#37,#38,#39,#40,#41,#42,#43,#44,#45,#46,#47,#48,#49,#50,#51,#52,
#53,#54,#55,#56,#57,#58,#59,#60,#61,#62,#63,#64,#65,#66,#67,#68,#69,#70,
#71,#72,#73,#74,#75,#76,#77,#78,#79,#80,#81,#82,#83,#84,#85,#86,#87,#88,
#89,#90,#91,#92,#93,#94,#95,#96,#97,#98,#99,#100,#101,#102,#103,#104,#105,
#106,#107,#108,#109,#110,#111,#112,#113,#114,#115,#116,#117,#118,#119,#120,
#121,#122,#123,#124,#125,#126,#127,#128,#129,#130,#131,#132,#133,#134,#135,
#136,#137,#138,#139,#140,#141,#142,#143,#144,#145,#146,#147,#148,#149));
#16=CLOSED_SHELL('',(#150,#151,#152,#153,#154,#155,#156,#157,#158,#159,
#160,#161,#162,#163,#164,#165,#166,#167,#168,#169,#170,#171,#172,#173,#174,
#175,#176,#177,#178,#179,#180,#181,#182,#183,#184,#185,#186,#187,#188,#189,
#190,#191,#192,#193,#194,#195,#196,#197,#198,#199,#200,#201,#202,#203,#204,
#205,#206,#207,#208,#209,#210,#211,#212,#213,#214,#215,#216,#217,#218,#219,
#220,#221,#222,#223,#224,#225,#226,#227));
#17=CLOSED_SHELL('',(#228,#229,#230,#231,#232,#233,#234,#235,#236,#237,
#238,#239,#240,#241,#242,#243,#244,#245,#246,#247,#248,#249,#250,#251,#252,
#253,#254,#255,#256,#257,#258,#259,#260,#261,#262,#263,#264,#265,#266,#267,
#268,#269,#270,#271));
#18=FACE_BOUND('',#615,.T.);
#19=FACE_BOUND('',#616,.T.);
#20=FACE_BOUND('',#617,.T.);
#21=FACE_BOUND('',#618,.T.);
#22=ADVANCED_FACE('',(#272),#4104,.T.);
#23=ADVANCED_FACE('',(#273),#4105,.T.);
#24=ADVANCED_FACE('',(#274),#4058,.T.);
#25=ADVANCED_FACE('',(#275),#4144,.T.);
#26=ADVANCED_FACE('',(#276),#4059,.T.);
#27=ADVANCED_FACE('',(#277),#4145,.T.);
#28=ADVANCED_FACE('',(#278),#4146,.T.);
#29=ADVANCED_FACE('',(#279),#4147,.T.);
#30=ADVANCED_FACE('',(#280),#4148,.T.);
#31=ADVANCED_FACE('',(#281),#4149,.T.);
#32=ADVANCED_FACE('',(#282),#4060,.T.);
#33=ADVANCED_FACE('',(#283),#4150,.T.);
#34=ADVANCED_FACE('',(#284),#4061,.T.);
#35=ADVANCED_FACE('',(#285),#4151,.T.);
#36=ADVANCED_FACE('',(#286),#4062,.T.);
#37=ADVANCED_FACE('',(#287),#4152,.T.);
#38=ADVANCED_FACE('',(#288),#4063,.T.);
#39=ADVANCED_FACE('',(#289),#4106,.T.);
#40=ADVANCED_FACE('',(#290),#4107,.T.);
#41=ADVANCED_FACE('',(#291),#4064,.T.);
#42=ADVANCED_FACE('',(#292),#4153,.T.);
#43=ADVANCED_FACE('',(#293),#4065,.T.);
#44=ADVANCED_FACE('',(#294),#4154,.T.);
#45=ADVANCED_FACE('',(#295),#4155,.T.);
#46=ADVANCED_FACE('',(#296),#4156,.T.);
#47=ADVANCED_FACE('',(#297),#4157,.T.);
#48=ADVANCED_FACE('',(#298),#4158,.T.);
#49=ADVANCED_FACE('',(#299),#4066,.T.);
#50=ADVANCED_FACE('',(#300),#4159,.T.);
#51=ADVANCED_FACE('',(#301),#4067,.T.);
#52=ADVANCED_FACE('',(#302),#4068,.T.);
#53=ADVANCED_FACE('',(#303),#4160,.T.);
#54=ADVANCED_FACE('',(#304),#4069,.T.);
#55=ADVANCED_FACE('',(#305),#4108,.F.);
#56=ADVANCED_FACE('',(#306),#4109,.F.);
#57=ADVANCED_FACE('',(#307),#4036,.T.);
#58=ADVANCED_FACE('',(#308),#4037,.T.);
#59=ADVANCED_FACE('',(#309),#4038,.T.);
#60=ADVANCED_FACE('',(#310),#4039,.T.);
#61=ADVANCED_FACE('',(#311),#4110,.F.);
#62=ADVANCED_FACE('',(#312),#4111,.F.);
#63=ADVANCED_FACE('',(#313),#4040,.T.);
#64=ADVANCED_FACE('',(#314),#4041,.T.);
#65=ADVANCED_FACE('',(#315),#4042,.T.);
#66=ADVANCED_FACE('',(#316),#4043,.T.);
#67=ADVANCED_FACE('',(#317),#4162,.T.);
#68=ADVANCED_FACE('',(#318),#4163,.T.);
#69=ADVANCED_FACE('',(#319),#4164,.T.);
#70=ADVANCED_FACE('',(#320),#4116,.F.);
#71=ADVANCED_FACE('',(#321),#4117,.F.);
#72=ADVANCED_FACE('',(#322),#4044,.T.);
#73=ADVANCED_FACE('',(#323),#4045,.T.);
#74=ADVANCED_FACE('',(#324),#4118,.F.);
#75=ADVANCED_FACE('',(#325),#4119,.F.);
#76=ADVANCED_FACE('',(#326),#4046,.T.);
#77=ADVANCED_FACE('',(#327),#4047,.T.);
#78=ADVANCED_FACE('',(#328),#4120,.F.);
#79=ADVANCED_FACE('',(#329),#4190,.T.);
#80=ADVANCED_FACE('',(#330),#4112,.F.);
#81=ADVANCED_FACE('',(#331),#4113,.F.);
#82=ADVANCED_FACE('',(#332),#4114,.F.);
#83=ADVANCED_FACE('',(#333),#4115,.F.);
#84=ADVANCED_FACE('',(#334),#4121,.F.);
#85=ADVANCED_FACE('',(#335),#4048,.T.);
#86=ADVANCED_FACE('',(#336),#4122,.F.);
#87=ADVANCED_FACE('',(#337),#4049,.T.);
#88=ADVANCED_FACE('',(#338),#4123,.F.);
#89=ADVANCED_FACE('',(#339),#4050,.T.);
#90=ADVANCED_FACE('',(#340),#4051,.T.);
#91=ADVANCED_FACE('',(#341),#4165,.T.);
#92=ADVANCED_FACE('',(#342),#4166,.T.);
#93=ADVANCED_FACE('',(#343),#4168,.T.);
#94=ADVANCED_FACE('',(#344),#4169,.T.);
#95=ADVANCED_FACE('',(#345),#4171,.T.);
#96=ADVANCED_FACE('',(#346),#4172,.T.);
#97=ADVANCED_FACE('',(#347),#4174,.T.);
#98=ADVANCED_FACE('',(#348),#4175,.T.);
#99=ADVANCED_FACE('',(#349),#4177,.T.);
#100=ADVANCED_FACE('',(#350),#4178,.T.);
#101=ADVANCED_FACE('',(#351),#4179,.T.);
#102=ADVANCED_FACE('',(#352),#4180,.T.);
#103=ADVANCED_FACE('',(#353),#4191,.T.);
#104=ADVANCED_FACE('',(#354),#4198,.T.);
#105=ADVANCED_FACE('',(#355),#4070,.T.);
#106=ADVANCED_FACE('',(#356),#4167,.T.);
#107=ADVANCED_FACE('',(#357),#4071,.T.);
#108=ADVANCED_FACE('',(#358),#4199,.T.);
#109=ADVANCED_FACE('',(#359),#4173,.T.);
#110=ADVANCED_FACE('',(#360),#4072,.T.);
#111=ADVANCED_FACE('',(#361),#4073,.T.);
#112=ADVANCED_FACE('',(#362),#4192,.T.);
#113=ADVANCED_FACE('',(#363),#4193,.T.);
#114=ADVANCED_FACE('',(#364,#18,#19,#20,#21),#4181,.T.);
#115=ADVANCED_FACE('',(#365),#4183,.T.);
#116=ADVANCED_FACE('',(#366),#4200,.T.);
#117=ADVANCED_FACE('',(#367),#4074,.T.);
#118=ADVANCED_FACE('',(#368),#4140,.T.);
#119=ADVANCED_FACE('',(#369),#4176,.T.);
#120=ADVANCED_FACE('',(#370),#4075,.T.);
#121=ADVANCED_FACE('',(#371),#4182,.T.);
#122=ADVANCED_FACE('',(#372),#4141,.T.);
#123=ADVANCED_FACE('',(#373),#4201,.T.);
#124=ADVANCED_FACE('',(#374),#4170,.T.);
#125=ADVANCED_FACE('',(#375),#4076,.T.);
#126=ADVANCED_FACE('',(#376),#4077,.T.);
#127=ADVANCED_FACE('',(#377),#4142,.T.);
#128=ADVANCED_FACE('',(#378),#4185,.T.);
#129=ADVANCED_FACE('',(#379),#4143,.T.);
#130=ADVANCED_FACE('',(#380),#4078,.T.);
#131=ADVANCED_FACE('',(#381),#4079,.T.);
#132=ADVANCED_FACE('',(#382),#4080,.T.);
#133=ADVANCED_FACE('',(#383),#4184,.T.);
#134=ADVANCED_FACE('',(#384),#4081,.T.);
#135=ADVANCED_FACE('',(#385),#4194,.T.);
#136=ADVANCED_FACE('',(#386),#4195,.T.);
#137=ADVANCED_FACE('',(#387),#4196,.T.);
#138=ADVANCED_FACE('',(#388),#4197,.T.);
#139=ADVANCED_FACE('',(#389),#4082,.T.);
#140=ADVANCED_FACE('',(#390),#4083,.T.);
#141=ADVANCED_FACE('',(#391),#4161,.T.);
#142=ADVANCED_FACE('',(#392),#4084,.T.);
#143=ADVANCED_FACE('',(#393),#4085,.T.);
#144=ADVANCED_FACE('',(#394),#4189,.T.);
#145=ADVANCED_FACE('',(#395),#4188,.T.);
#146=ADVANCED_FACE('',(#396),#4086,.T.);
#147=ADVANCED_FACE('',(#397),#4187,.T.);
#148=ADVANCED_FACE('',(#398),#4186,.T.);
#149=ADVANCED_FACE('',(#399),#4087,.T.);
#150=ADVANCED_FACE('',(#400),#4202,.T.);
#151=ADVANCED_FACE('',(#401),#4088,.T.);
#152=ADVANCED_FACE('',(#402),#4203,.T.);
#153=ADVANCED_FACE('',(#403),#4089,.T.);
#154=ADVANCED_FACE('',(#404),#4204,.T.);
#155=ADVANCED_FACE('',(#405),#4124,.T.);
#156=ADVANCED_FACE('',(#406),#4125,.T.);
#157=ADVANCED_FACE('',(#407),#4090,.T.);
#158=ADVANCED_FACE('',(#408),#4091,.T.);
#159=ADVANCED_FACE('',(#409),#4205,.T.);
#160=ADVANCED_FACE('',(#410),#4206,.T.);
#161=ADVANCED_FACE('',(#411),#4126,.T.);
#162=ADVANCED_FACE('',(#412),#4127,.T.);
#163=ADVANCED_FACE('',(#413),#4207,.T.);
#164=ADVANCED_FACE('',(#414),#4254,.T.);
#165=ADVANCED_FACE('',(#415),#4209,.T.);
#166=ADVANCED_FACE('',(#416),#4252,.T.);
#167=ADVANCED_FACE('',(#417),#4210,.T.);
#168=ADVANCED_FACE('',(#418),#4211,.T.);
#169=ADVANCED_FACE('',(#419),#4212,.T.);
#170=ADVANCED_FACE('',(#420),#4213,.T.);
#171=ADVANCED_FACE('',(#421),#4092,.T.);
#172=ADVANCED_FACE('',(#422),#4208,.T.);
#173=ADVANCED_FACE('',(#423),#4214,.T.);
#174=ADVANCED_FACE('',(#424),#4215,.T.);
#175=ADVANCED_FACE('',(#425),#4216,.T.);
#176=ADVANCED_FACE('',(#426),#4217,.T.);
#177=ADVANCED_FACE('',(#427),#4128,.T.);
#178=ADVANCED_FACE('',(#428),#4129,.T.);
#179=ADVANCED_FACE('',(#429),#4093,.T.);
#180=ADVANCED_FACE('',(#430),#4094,.T.);
#181=ADVANCED_FACE('',(#431),#4218,.T.);
#182=ADVANCED_FACE('',(#432),#4219,.T.);
#183=ADVANCED_FACE('',(#433),#4130,.T.);
#184=ADVANCED_FACE('',(#434),#4131,.T.);
#185=ADVANCED_FACE('',(#435),#4220,.T.);
#186=ADVANCED_FACE('',(#436),#4221,.T.);
#187=ADVANCED_FACE('',(#437),#4222,.T.);
#188=ADVANCED_FACE('',(#438),#4253,.T.);
#189=ADVANCED_FACE('',(#439),#4223,.T.);
#190=ADVANCED_FACE('',(#440),#4224,.T.);
#191=ADVANCED_FACE('',(#441),#4225,.T.);
#192=ADVANCED_FACE('',(#442),#4226,.T.);
#193=ADVANCED_FACE('',(#443),#4095,.T.);
#194=ADVANCED_FACE('',(#444),#4221,.T.);
#195=ADVANCED_FACE('',(#445),#4227,.T.);
#196=ADVANCED_FACE('',(#446),#4228,.T.);
#197=ADVANCED_FACE('',(#447),#4229,.T.);
#198=ADVANCED_FACE('',(#448),#4230,.T.);
#199=ADVANCED_FACE('',(#449),#4231,.T.);
#200=ADVANCED_FACE('',(#450),#4232,.T.);
#201=ADVANCED_FACE('',(#451),#4238,.T.);
#202=ADVANCED_FACE('',(#452),#4233,.T.);
#203=ADVANCED_FACE('',(#453),#4132,.F.);
#204=ADVANCED_FACE('',(#454),#4234,.T.);
#205=ADVANCED_FACE('',(#455),#4235,.T.);
#206=ADVANCED_FACE('',(#456),#4236,.T.);
#207=ADVANCED_FACE('',(#457),#4237,.T.);
#208=ADVANCED_FACE('',(#458),#4133,.F.);
#209=ADVANCED_FACE('',(#459),#4134,.F.);
#210=ADVANCED_FACE('',(#460),#4239,.T.);
#211=ADVANCED_FACE('',(#461),#4240,.T.);
#212=ADVANCED_FACE('',(#462),#4241,.T.);
#213=ADVANCED_FACE('',(#463),#4242,.T.);
#214=ADVANCED_FACE('',(#464),#4135,.F.);
#215=ADVANCED_FACE('',(#465),#4255,.T.);
#216=ADVANCED_FACE('',(#466),#4243,.T.);
#217=ADVANCED_FACE('',(#467),#4256,.T.);
#218=ADVANCED_FACE('',(#468),#4244,.T.);
#219=ADVANCED_FACE('',(#469),#4257,.T.);
#220=ADVANCED_FACE('',(#470),#4245,.T.);
#221=ADVANCED_FACE('',(#471),#4258,.T.);
#222=ADVANCED_FACE('',(#472),#4246,.T.);
#223=ADVANCED_FACE('',(#473),#4247,.T.);
#224=ADVANCED_FACE('',(#474),#4248,.T.);
#225=ADVANCED_FACE('',(#475),#4249,.T.);
#226=ADVANCED_FACE('',(#476),#4250,.T.);
#227=ADVANCED_FACE('',(#477),#4251,.T.);
#228=ADVANCED_FACE('',(#478),#4259,.T.);
#229=ADVANCED_FACE('',(#479),#4096,.T.);
#230=ADVANCED_FACE('',(#480),#4136,.T.);
#231=ADVANCED_FACE('',(#481),#4260,.T.);
#232=ADVANCED_FACE('',(#482),#4261,.T.);
#233=ADVANCED_FACE('',(#483),#4262,.T.);
#234=ADVANCED_FACE('',(#484),#4052,.T.);
#235=ADVANCED_FACE('',(#485),#4263,.T.);
#236=ADVANCED_FACE('',(#486),#4137,.F.);
#237=ADVANCED_FACE('',(#487),#4264,.T.);
#238=ADVANCED_FACE('',(#488),#4265,.T.);
#239=ADVANCED_FACE('',(#489),#4266,.T.);
#240=ADVANCED_FACE('',(#490),#4053,.T.);
#241=ADVANCED_FACE('',(#491),#4267,.T.);
#242=ADVANCED_FACE('',(#492),#4268,.T.);
#243=ADVANCED_FACE('',(#493),#4269,.T.);
#244=ADVANCED_FACE('',(#494),#4097,.T.);
#245=ADVANCED_FACE('',(#495),#4054,.T.);
#246=ADVANCED_FACE('',(#496),#4098,.T.);
#247=ADVANCED_FACE('',(#497),#4270,.T.);
#248=ADVANCED_FACE('',(#498),#4271,.T.);
#249=ADVANCED_FACE('',(#499),#4099,.T.);
#250=ADVANCED_FACE('',(#500),#4272,.T.);
#251=ADVANCED_FACE('',(#501),#4100,.T.);
#252=ADVANCED_FACE('',(#502),#4138,.T.);
#253=ADVANCED_FACE('',(#503),#4273,.T.);
#254=ADVANCED_FACE('',(#504),#4274,.T.);
#255=ADVANCED_FACE('',(#505),#4275,.T.);
#256=ADVANCED_FACE('',(#506),#4055,.T.);
#257=ADVANCED_FACE('',(#507),#4276,.T.);
#258=ADVANCED_FACE('',(#508),#4139,.F.);
#259=ADVANCED_FACE('',(#509),#4277,.T.);
#260=ADVANCED_FACE('',(#510),#4278,.T.);
#261=ADVANCED_FACE('',(#511),#4279,.T.);
#262=ADVANCED_FACE('',(#512),#4056,.T.);
#263=ADVANCED_FACE('',(#513),#4280,.T.);
#264=ADVANCED_FACE('',(#514),#4281,.T.);
#265=ADVANCED_FACE('',(#515),#4282,.T.);
#266=ADVANCED_FACE('',(#516),#4101,.T.);
#267=ADVANCED_FACE('',(#517),#4057,.T.);
#268=ADVANCED_FACE('',(#518),#4102,.T.);
#269=ADVANCED_FACE('',(#519),#4283,.T.);
#270=ADVANCED_FACE('',(#520),#4284,.T.);
#271=ADVANCED_FACE('',(#521),#4103,.T.);
#272=FACE_OUTER_BOUND('',#522,.T.);
#273=FACE_OUTER_BOUND('',#523,.T.);
#274=FACE_OUTER_BOUND('',#524,.T.);
#275=FACE_OUTER_BOUND('',#525,.T.);
#276=FACE_OUTER_BOUND('',#526,.T.);
#277=FACE_OUTER_BOUND('',#527,.T.);
#278=FACE_OUTER_BOUND('',#528,.T.);
#279=FACE_OUTER_BOUND('',#529,.T.);
#280=FACE_OUTER_BOUND('',#530,.T.);
#281=FACE_OUTER_BOUND('',#531,.T.);
#282=FACE_OUTER_BOUND('',#532,.T.);
#283=FACE_OUTER_BOUND('',#533,.T.);
#284=FACE_OUTER_BOUND('',#534,.T.);
#285=FACE_OUTER_BOUND('',#535,.T.);
#286=FACE_OUTER_BOUND('',#536,.T.);
#287=FACE_OUTER_BOUND('',#537,.T.);
#288=FACE_OUTER_BOUND('',#538,.T.);
#289=FACE_OUTER_BOUND('',#539,.T.);
#290=FACE_OUTER_BOUND('',#540,.T.);
#291=FACE_OUTER_BOUND('',#541,.T.);
#292=FACE_OUTER_BOUND('',#542,.T.);
#293=FACE_OUTER_BOUND('',#543,.T.);
#294=FACE_OUTER_BOUND('',#544,.T.);
#295=FACE_OUTER_BOUND('',#545,.T.);
#296=FACE_OUTER_BOUND('',#546,.T.);
#297=FACE_OUTER_BOUND('',#547,.T.);
#298=FACE_OUTER_BOUND('',#548,.T.);
#299=FACE_OUTER_BOUND('',#549,.T.);
#300=FACE_OUTER_BOUND('',#550,.T.);
#301=FACE_OUTER_BOUND('',#551,.T.);
#302=FACE_OUTER_BOUND('',#552,.T.);
#303=FACE_OUTER_BOUND('',#553,.T.);
#304=FACE_OUTER_BOUND('',#554,.T.);
#305=FACE_OUTER_BOUND('',#555,.T.);
#306=FACE_OUTER_BOUND('',#556,.T.);
#307=FACE_OUTER_BOUND('',#557,.T.);
#308=FACE_OUTER_BOUND('',#558,.T.);
#309=FACE_OUTER_BOUND('',#559,.T.);
#310=FACE_OUTER_BOUND('',#560,.T.);
#311=FACE_OUTER_BOUND('',#561,.T.);
#312=FACE_OUTER_BOUND('',#562,.T.);
#313=FACE_OUTER_BOUND('',#563,.T.);
#314=FACE_OUTER_BOUND('',#564,.T.);
#315=FACE_OUTER_BOUND('',#565,.T.);
#316=FACE_OUTER_BOUND('',#566,.T.);
#317=FACE_OUTER_BOUND('',#567,.T.);
#318=FACE_OUTER_BOUND('',#568,.T.);
#319=FACE_OUTER_BOUND('',#569,.T.);
#320=FACE_OUTER_BOUND('',#570,.T.);
#321=FACE_OUTER_BOUND('',#571,.T.);
#322=FACE_OUTER_BOUND('',#572,.T.);
#323=FACE_OUTER_BOUND('',#573,.T.);
#324=FACE_OUTER_BOUND('',#574,.T.);
#325=FACE_OUTER_BOUND('',#575,.T.);
#326=FACE_OUTER_BOUND('',#576,.T.);
#327=FACE_OUTER_BOUND('',#577,.T.);
#328=FACE_OUTER_BOUND('',#578,.T.);
#329=FACE_OUTER_BOUND('',#579,.T.);
#330=FACE_OUTER_BOUND('',#580,.T.);
#331=FACE_OUTER_BOUND('',#581,.T.);
#332=FACE_OUTER_BOUND('',#582,.T.);
#333=FACE_OUTER_BOUND('',#583,.T.);
#334=FACE_OUTER_BOUND('',#584,.T.);
#335=FACE_OUTER_BOUND('',#585,.T.);
#336=FACE_OUTER_BOUND('',#586,.T.);
#337=FACE_OUTER_BOUND('',#587,.T.);
#338=FACE_OUTER_BOUND('',#588,.T.);
#339=FACE_OUTER_BOUND('',#589,.T.);
#340=FACE_OUTER_BOUND('',#590,.T.);
#341=FACE_OUTER_BOUND('',#591,.T.);
#342=FACE_OUTER_BOUND('',#592,.T.);
#343=FACE_OUTER_BOUND('',#593,.T.);
#344=FACE_OUTER_BOUND('',#594,.T.);
#345=FACE_OUTER_BOUND('',#595,.T.);
#346=FACE_OUTER_BOUND('',#596,.T.);
#347=FACE_OUTER_BOUND('',#597,.T.);
#348=FACE_OUTER_BOUND('',#598,.T.);
#349=FACE_OUTER_BOUND('',#599,.T.);
#350=FACE_OUTER_BOUND('',#600,.T.);
#351=FACE_OUTER_BOUND('',#601,.T.);
#352=FACE_OUTER_BOUND('',#602,.T.);
#353=FACE_OUTER_BOUND('',#603,.T.);
#354=FACE_OUTER_BOUND('',#604,.T.);
#355=FACE_OUTER_BOUND('',#605,.T.);
#356=FACE_OUTER_BOUND('',#606,.T.);
#357=FACE_OUTER_BOUND('',#607,.T.);
#358=FACE_OUTER_BOUND('',#608,.T.);
#359=FACE_OUTER_BOUND('',#609,.T.);
#360=FACE_OUTER_BOUND('',#610,.T.);
#361=FACE_OUTER_BOUND('',#611,.T.);
#362=FACE_OUTER_BOUND('',#612,.T.);
#363=FACE_OUTER_BOUND('',#613,.T.);
#364=FACE_OUTER_BOUND('',#614,.T.);
#365=FACE_OUTER_BOUND('',#619,.T.);
#366=FACE_OUTER_BOUND('',#620,.T.);
#367=FACE_OUTER_BOUND('',#621,.T.);
#368=FACE_OUTER_BOUND('',#622,.T.);
#369=FACE_OUTER_BOUND('',#623,.T.);
#370=FACE_OUTER_BOUND('',#624,.T.);
#371=FACE_OUTER_BOUND('',#625,.T.);
#372=FACE_OUTER_BOUND('',#626,.T.);
#373=FACE_OUTER_BOUND('',#627,.T.);
#374=FACE_OUTER_BOUND('',#628,.T.);
#375=FACE_OUTER_BOUND('',#629,.T.);
#376=FACE_OUTER_BOUND('',#630,.T.);
#377=FACE_OUTER_BOUND('',#631,.T.);
#378=FACE_OUTER_BOUND('',#632,.T.);
#379=FACE_OUTER_BOUND('',#633,.T.);
#380=FACE_OUTER_BOUND('',#634,.T.);
#381=FACE_OUTER_BOUND('',#635,.T.);
#382=FACE_OUTER_BOUND('',#636,.T.);
#383=FACE_OUTER_BOUND('',#637,.T.);
#384=FACE_OUTER_BOUND('',#638,.T.);
#385=FACE_OUTER_BOUND('',#639,.T.);
#386=FACE_OUTER_BOUND('',#640,.T.);
#387=FACE_OUTER_BOUND('',#641,.T.);
#388=FACE_OUTER_BOUND('',#642,.T.);
#389=FACE_OUTER_BOUND('',#643,.T.);
#390=FACE_OUTER_BOUND('',#644,.T.);
#391=FACE_OUTER_BOUND('',#645,.T.);
#392=FACE_OUTER_BOUND('',#646,.T.);
#393=FACE_OUTER_BOUND('',#647,.T.);
#394=FACE_OUTER_BOUND('',#648,.T.);
#395=FACE_OUTER_BOUND('',#649,.T.);
#396=FACE_OUTER_BOUND('',#650,.T.);
#397=FACE_OUTER_BOUND('',#651,.T.);
#398=FACE_OUTER_BOUND('',#652,.T.);
#399=FACE_OUTER_BOUND('',#653,.T.);
#400=FACE_OUTER_BOUND('',#654,.T.);
#401=FACE_OUTER_BOUND('',#655,.T.);
#402=FACE_OUTER_BOUND('',#656,.T.);
#403=FACE_OUTER_BOUND('',#657,.T.);
#404=FACE_OUTER_BOUND('',#658,.T.);
#405=FACE_OUTER_BOUND('',#659,.T.);
#406=FACE_OUTER_BOUND('',#660,.T.);
#407=FACE_OUTER_BOUND('',#661,.T.);
#408=FACE_OUTER_BOUND('',#662,.T.);
#409=FACE_OUTER_BOUND('',#663,.T.);
#410=FACE_OUTER_BOUND('',#664,.T.);
#411=FACE_OUTER_BOUND('',#665,.T.);
#412=FACE_OUTER_BOUND('',#666,.T.);
#413=FACE_OUTER_BOUND('',#667,.T.);
#414=FACE_OUTER_BOUND('',#668,.T.);
#415=FACE_OUTER_BOUND('',#669,.T.);
#416=FACE_OUTER_BOUND('',#670,.T.);
#417=FACE_OUTER_BOUND('',#671,.T.);
#418=FACE_OUTER_BOUND('',#672,.T.);
#419=FACE_OUTER_BOUND('',#673,.T.);
#420=FACE_OUTER_BOUND('',#674,.T.);
#421=FACE_OUTER_BOUND('',#675,.T.);
#422=FACE_OUTER_BOUND('',#676,.T.);
#423=FACE_OUTER_BOUND('',#677,.T.);
#424=FACE_OUTER_BOUND('',#678,.T.);
#425=FACE_OUTER_BOUND('',#679,.T.);
#426=FACE_OUTER_BOUND('',#680,.T.);
#427=FACE_OUTER_BOUND('',#681,.T.);
#428=FACE_OUTER_BOUND('',#682,.T.);
#429=FACE_OUTER_BOUND('',#683,.T.);
#430=FACE_OUTER_BOUND('',#684,.T.);
#431=FACE_OUTER_BOUND('',#685,.T.);
#432=FACE_OUTER_BOUND('',#686,.T.);
#433=FACE_OUTER_BOUND('',#687,.T.);
#434=FACE_OUTER_BOUND('',#688,.T.);
#435=FACE_OUTER_BOUND('',#689,.T.);
#436=FACE_OUTER_BOUND('',#690,.T.);
#437=FACE_OUTER_BOUND('',#691,.T.);
#438=FACE_OUTER_BOUND('',#692,.T.);
#439=FACE_OUTER_BOUND('',#693,.T.);
#440=FACE_OUTER_BOUND('',#694,.T.);
#441=FACE_OUTER_BOUND('',#695,.T.);
#442=FACE_OUTER_BOUND('',#696,.T.);
#443=FACE_OUTER_BOUND('',#697,.T.);
#444=FACE_OUTER_BOUND('',#698,.T.);
#445=FACE_OUTER_BOUND('',#699,.T.);
#446=FACE_OUTER_BOUND('',#700,.T.);
#447=FACE_OUTER_BOUND('',#701,.T.);
#448=FACE_OUTER_BOUND('',#702,.T.);
#449=FACE_OUTER_BOUND('',#703,.T.);
#450=FACE_OUTER_BOUND('',#704,.T.);
#451=FACE_OUTER_BOUND('',#705,.T.);
#452=FACE_OUTER_BOUND('',#706,.T.);
#453=FACE_OUTER_BOUND('',#707,.T.);
#454=FACE_OUTER_BOUND('',#708,.T.);
#455=FACE_OUTER_BOUND('',#709,.T.);
#456=FACE_OUTER_BOUND('',#710,.T.);
#457=FACE_OUTER_BOUND('',#711,.T.);
#458=FACE_OUTER_BOUND('',#712,.T.);
#459=FACE_OUTER_BOUND('',#713,.T.);
#460=FACE_OUTER_BOUND('',#714,.T.);
#461=FACE_OUTER_BOUND('',#715,.T.);
#462=FACE_OUTER_BOUND('',#716,.T.);
#463=FACE_OUTER_BOUND('',#717,.T.);
#464=FACE_OUTER_BOUND('',#718,.T.);
#465=FACE_OUTER_BOUND('',#719,.T.);
#466=FACE_OUTER_BOUND('',#720,.T.);
#467=FACE_OUTER_BOUND('',#721,.T.);
#468=FACE_OUTER_BOUND('',#722,.T.);
#469=FACE_OUTER_BOUND('',#723,.T.);
#470=FACE_OUTER_BOUND('',#724,.T.);
#471=FACE_OUTER_BOUND('',#725,.T.);
#472=FACE_OUTER_BOUND('',#726,.T.);
#473=FACE_OUTER_BOUND('',#727,.T.);
#474=FACE_OUTER_BOUND('',#728,.T.);
#475=FACE_OUTER_BOUND('',#729,.T.);
#476=FACE_OUTER_BOUND('',#730,.T.);
#477=FACE_OUTER_BOUND('',#731,.T.);
#478=FACE_OUTER_BOUND('',#732,.T.);
#479=FACE_OUTER_BOUND('',#733,.T.);
#480=FACE_OUTER_BOUND('',#734,.T.);
#481=FACE_OUTER_BOUND('',#735,.T.);
#482=FACE_OUTER_BOUND('',#736,.T.);
#483=FACE_OUTER_BOUND('',#737,.T.);
#484=FACE_OUTER_BOUND('',#738,.T.);
#485=FACE_OUTER_BOUND('',#739,.T.);
#486=FACE_OUTER_BOUND('',#740,.T.);
#487=FACE_OUTER_BOUND('',#741,.T.);
#488=FACE_OUTER_BOUND('',#742,.T.);
#489=FACE_OUTER_BOUND('',#743,.T.);
#490=FACE_OUTER_BOUND('',#744,.T.);
#491=FACE_OUTER_BOUND('',#745,.T.);
#492=FACE_OUTER_BOUND('',#746,.T.);
#493=FACE_OUTER_BOUND('',#747,.T.);
#494=FACE_OUTER_BOUND('',#748,.T.);
#495=FACE_OUTER_BOUND('',#749,.T.);
#496=FACE_OUTER_BOUND('',#750,.T.);
#497=FACE_OUTER_BOUND('',#751,.T.);
#498=FACE_OUTER_BOUND('',#752,.T.);
#499=FACE_OUTER_BOUND('',#753,.T.);
#500=FACE_OUTER_BOUND('',#754,.T.);
#501=FACE_OUTER_BOUND('',#755,.T.);
#502=FACE_OUTER_BOUND('',#756,.T.);
#503=FACE_OUTER_BOUND('',#757,.T.);
#504=FACE_OUTER_BOUND('',#758,.T.);
#505=FACE_OUTER_BOUND('',#759,.T.);
#506=FACE_OUTER_BOUND('',#760,.T.);
#507=FACE_OUTER_BOUND('',#761,.T.);
#508=FACE_OUTER_BOUND('',#762,.T.);
#509=FACE_OUTER_BOUND('',#763,.T.);
#510=FACE_OUTER_BOUND('',#764,.T.);
#511=FACE_OUTER_BOUND('',#765,.T.);
#512=FACE_OUTER_BOUND('',#766,.T.);
#513=FACE_OUTER_BOUND('',#767,.T.);
#514=FACE_OUTER_BOUND('',#768,.T.);
#515=FACE_OUTER_BOUND('',#769,.T.);
#516=FACE_OUTER_BOUND('',#770,.T.);
#517=FACE_OUTER_BOUND('',#771,.T.);
#518=FACE_OUTER_BOUND('',#772,.T.);
#519=FACE_OUTER_BOUND('',#773,.T.);
#520=FACE_OUTER_BOUND('',#774,.T.);
#521=FACE_OUTER_BOUND('',#775,.T.);
#522=EDGE_LOOP('',(#776,#777,#778,#779));
#523=EDGE_LOOP('',(#780,#781,#782,#783));
#524=EDGE_LOOP('',(#784,#785,#786,#787));
#525=EDGE_LOOP('',(#788,#789,#790,#791));
#526=EDGE_LOOP('',(#792,#793,#794,#795));
#527=EDGE_LOOP('',(#796,#797,#798,#799));
#528=EDGE_LOOP('',(#800,#801,#802,#803,#804,#805));
#529=EDGE_LOOP('',(#806,#807,#808,#809,#810,#811,#812,#813,#814,#815,#816,
#817,#818,#819));
#530=EDGE_LOOP('',(#820,#821,#822,#823));
#531=EDGE_LOOP('',(#824,#825,#826,#827,#828,#829));
#532=EDGE_LOOP('',(#830,#831,#832,#833));
#533=EDGE_LOOP('',(#834,#835,#836,#837));
#534=EDGE_LOOP('',(#838,#839,#840,#841));
#535=EDGE_LOOP('',(#842,#843,#844,#845));
#536=EDGE_LOOP('',(#846,#847,#848,#849));
#537=EDGE_LOOP('',(#850,#851,#852,#853));
#538=EDGE_LOOP('',(#854,#855,#856,#857));
#539=EDGE_LOOP('',(#858,#859,#860,#861));
#540=EDGE_LOOP('',(#862,#863,#864,#865));
#541=EDGE_LOOP('',(#866,#867,#868,#869));
#542=EDGE_LOOP('',(#870,#871,#872,#873));
#543=EDGE_LOOP('',(#874,#875,#876,#877));
#544=EDGE_LOOP('',(#878,#879,#880,#881));
#545=EDGE_LOOP('',(#882,#883,#884,#885,#886,#887));
#546=EDGE_LOOP('',(#888,#889,#890,#891,#892,#893,#894,#895,#896,#897,#898,
#899,#900,#901,#902,#903));
#547=EDGE_LOOP('',(#904,#905,#906,#907));
#548=EDGE_LOOP('',(#908,#909,#910,#911,#912,#913));
#549=EDGE_LOOP('',(#914,#915,#916,#917));
#550=EDGE_LOOP('',(#918,#919,#920,#921));
#551=EDGE_LOOP('',(#922,#923,#924,#925));
#552=EDGE_LOOP('',(#926,#927,#928,#929));
#553=EDGE_LOOP('',(#930,#931,#932,#933));
#554=EDGE_LOOP('',(#934,#935,#936,#937));
#555=EDGE_LOOP('',(#938,#939,#940,#941));
#556=EDGE_LOOP('',(#942,#943,#944,#945));
#557=EDGE_LOOP('',(#946,#947,#948,#949));
#558=EDGE_LOOP('',(#950,#951,#952,#953));
#559=EDGE_LOOP('',(#954,#955,#956,#957));
#560=EDGE_LOOP('',(#958,#959,#960,#961));
#561=EDGE_LOOP('',(#962,#963,#964,#965));
#562=EDGE_LOOP('',(#966,#967,#968,#969));
#563=EDGE_LOOP('',(#970,#971,#972,#973));
#564=EDGE_LOOP('',(#974,#975,#976,#977));
#565=EDGE_LOOP('',(#978,#979,#980,#981));
#566=EDGE_LOOP('',(#982,#983,#984,#985));
#567=EDGE_LOOP('',(#986,#987,#988,#989));
#568=EDGE_LOOP('',(#990,#991,#992,#993));
#569=EDGE_LOOP('',(#994,#995,#996,#997));
#570=EDGE_LOOP('',(#998,#999,#1000,#1001));
#571=EDGE_LOOP('',(#1002,#1003,#1004,#1005));
#572=EDGE_LOOP('',(#1006,#1007,#1008,#1009));
#573=EDGE_LOOP('',(#1010,#1011,#1012,#1013));
#574=EDGE_LOOP('',(#1014,#1015,#1016,#1017));
#575=EDGE_LOOP('',(#1018,#1019,#1020,#1021));
#576=EDGE_LOOP('',(#1022,#1023,#1024,#1025));
#577=EDGE_LOOP('',(#1026,#1027,#1028,#1029));
#578=EDGE_LOOP('',(#1030,#1031,#1032,#1033));
#579=EDGE_LOOP('',(#1034,#1035,#1036,#1037,#1038,#1039,#1040,#1041,#1042,
#1043,#1044,#1045,#1046,#1047));
#580=EDGE_LOOP('',(#1048,#1049,#1050,#1051));
#581=EDGE_LOOP('',(#1052,#1053,#1054,#1055));
#582=EDGE_LOOP('',(#1056,#1057,#1058,#1059));
#583=EDGE_LOOP('',(#1060,#1061,#1062,#1063));
#584=EDGE_LOOP('',(#1064,#1065,#1066,#1067));
#585=EDGE_LOOP('',(#1068,#1069,#1070,#1071));
#586=EDGE_LOOP('',(#1072,#1073,#1074,#1075));
#587=EDGE_LOOP('',(#1076,#1077,#1078,#1079));
#588=EDGE_LOOP('',(#1080,#1081,#1082,#1083));
#589=EDGE_LOOP('',(#1084,#1085,#1086,#1087));
#590=EDGE_LOOP('',(#1088,#1089,#1090,#1091));
#591=EDGE_LOOP('',(#1092,#1093,#1094,#1095,#1096));
#592=EDGE_LOOP('',(#1097,#1098,#1099,#1100,#1101));
#593=EDGE_LOOP('',(#1102,#1103,#1104,#1105,#1106,#1107));
#594=EDGE_LOOP('',(#1108,#1109,#1110,#1111,#1112));
#595=EDGE_LOOP('',(#1113,#1114,#1115,#1116,#1117,#1118));
#596=EDGE_LOOP('',(#1119,#1120,#1121,#1122,#1123));
#597=EDGE_LOOP('',(#1124,#1125,#1126,#1127,#1128,#1129));
#598=EDGE_LOOP('',(#1130,#1131,#1132,#1133,#1134));
#599=EDGE_LOOP('',(#1135,#1136,#1137,#1138,#1139,#1140));
#600=EDGE_LOOP('',(#1141,#1142,#1143,#1144,#1145));
#601=EDGE_LOOP('',(#1146,#1147,#1148,#1149,#1150));
#602=EDGE_LOOP('',(#1151,#1152,#1153,#1154,#1155));
#603=EDGE_LOOP('',(#1156,#1157,#1158,#1159,#1160,#1161,#1162,#1163,#1164,
#1165,#1166,#1167,#1168,#1169));
#604=EDGE_LOOP('',(#1170,#1171,#1172,#1173,#1174));
#605=EDGE_LOOP('',(#1175,#1176,#1177,#1178));
#606=EDGE_LOOP('',(#1179,#1180,#1181,#1182,#1183));
#607=EDGE_LOOP('',(#1184,#1185,#1186,#1187));
#608=EDGE_LOOP('',(#1188,#1189,#1190,#1191,#1192));
#609=EDGE_LOOP('',(#1193,#1194,#1195,#1196,#1197));
#610=EDGE_LOOP('',(#1198,#1199,#1200,#1201));
#611=EDGE_LOOP('',(#1202,#1203,#1204,#1205));
#612=EDGE_LOOP('',(#1206,#1207,#1208,#1209,#1210,#1211,#1212,#1213,#1214,
#1215,#1216,#1217,#1218,#1219));
#613=EDGE_LOOP('',(#1220,#1221,#1222,#1223,#1224,#1225,#1226,#1227,#1228,
#1229,#1230,#1231,#1232,#1233));
#614=EDGE_LOOP('',(#1234,#1235,#1236,#1237,#1238,#1239,#1240,#1241,#1242,
#1243,#1244,#1245,#1246,#1247,#1248,#1249,#1250,#1251,#1252,#1253,#1254,
#1255,#1256,#1257));
#615=EDGE_LOOP('',(#1258,#1259,#1260,#1261,#1262,#1263,#1264,#1265,#1266,
#1267,#1268,#1269,#1270,#1271));
#616=EDGE_LOOP('',(#1272,#1273,#1274,#1275,#1276,#1277,#1278,#1279,#1280,
#1281,#1282,#1283,#1284,#1285));
#617=EDGE_LOOP('',(#1286,#1287,#1288,#1289,#1290,#1291,#1292,#1293,#1294,
#1295,#1296,#1297,#1298,#1299));
#618=EDGE_LOOP('',(#1300,#1301,#1302,#1303,#1304,#1305,#1306,#1307,#1308,
#1309,#1310,#1311,#1312,#1313));
#619=EDGE_LOOP('',(#1314,#1315,#1316,#1317));
#620=EDGE_LOOP('',(#1318,#1319,#1320,#1321,#1322));
#621=EDGE_LOOP('',(#1323,#1324,#1325,#1326));
#622=EDGE_LOOP('',(#1327,#1328,#1329,#1330));
#623=EDGE_LOOP('',(#1331,#1332,#1333,#1334,#1335));
#624=EDGE_LOOP('',(#1336,#1337,#1338,#1339));
#625=EDGE_LOOP('',(#1340,#1341,#1342,#1343));
#626=EDGE_LOOP('',(#1344,#1345,#1346,#1347));
#627=EDGE_LOOP('',(#1348,#1349,#1350,#1351,#1352));
#628=EDGE_LOOP('',(#1353,#1354,#1355,#1356,#1357));
#629=EDGE_LOOP('',(#1358,#1359,#1360,#1361));
#630=EDGE_LOOP('',(#1362,#1363,#1364,#1365));
#631=EDGE_LOOP('',(#1366,#1367,#1368,#1369));
#632=EDGE_LOOP('',(#1370,#1371,#1372,#1373));
#633=EDGE_LOOP('',(#1374,#1375,#1376,#1377));
#634=EDGE_LOOP('',(#1378,#1379,#1380,#1381));
#635=EDGE_LOOP('',(#1382,#1383,#1384,#1385));
#636=EDGE_LOOP('',(#1386,#1387,#1388,#1389));
#637=EDGE_LOOP('',(#1390,#1391,#1392,#1393));
#638=EDGE_LOOP('',(#1394,#1395,#1396,#1397));
#639=EDGE_LOOP('',(#1398,#1399,#1400,#1401,#1402));
#640=EDGE_LOOP('',(#1403,#1404,#1405,#1406,#1407));
#641=EDGE_LOOP('',(#1408,#1409,#1410,#1411,#1412));
#642=EDGE_LOOP('',(#1413,#1414,#1415,#1416,#1417));
#643=EDGE_LOOP('',(#1418,#1419,#1420,#1421));
#644=EDGE_LOOP('',(#1422,#1423,#1424,#1425));
#645=EDGE_LOOP('',(#1426,#1427,#1428,#1429,#1430,#1431,#1432,#1433,#1434,
#1435,#1436,#1437,#1438,#1439,#1440,#1441,#1442,#1443,#1444,#1445,#1446,
#1447,#1448,#1449,#1450,#1451,#1452,#1453,#1454,#1455,#1456,#1457,#1458,
#1459));
#646=EDGE_LOOP('',(#1460,#1461,#1462,#1463));
#647=EDGE_LOOP('',(#1464,#1465,#1466,#1467));
#648=EDGE_LOOP('',(#1468,#1469,#1470,#1471,#1472,#1473,#1474,#1475));
#649=EDGE_LOOP('',(#1476,#1477,#1478,#1479,#1480,#1481,#1482,#1483,#1484,
#1485,#1486,#1487));
#650=EDGE_LOOP('',(#1488,#1489,#1490,#1491));
#651=EDGE_LOOP('',(#1492,#1493,#1494,#1495,#1496,#1497,#1498,#1499));
#652=EDGE_LOOP('',(#1500,#1501,#1502,#1503,#1504,#1505,#1506,#1507,#1508,
#1509,#1510,#1511));
#653=EDGE_LOOP('',(#1512,#1513,#1514,#1515));
#654=EDGE_LOOP('',(#1516,#1517,#1518,#1519));
#655=EDGE_LOOP('',(#1520,#1521,#1522,#1523,#1524,#1525,#1526,#1527));
#656=EDGE_LOOP('',(#1528,#1529,#1530,#1531));
#657=EDGE_LOOP('',(#1532,#1533,#1534,#1535,#1536,#1537,#1538,#1539));
#658=EDGE_LOOP('',(#1540,#1541,#1542,#1543,#1544,#1545));
#659=EDGE_LOOP('',(#1546,#1547,#1548,#1549));
#660=EDGE_LOOP('',(#1550,#1551,#1552,#1553));
#661=EDGE_LOOP('',(#1554,#1555,#1556,#1557));
#662=EDGE_LOOP('',(#1558,#1559,#1560,#1561));
#663=EDGE_LOOP('',(#1562,#1563,#1564,#1565,#1566,#1567));
#664=EDGE_LOOP('',(#1568,#1569,#1570,#1571,#1572,#1573));
#665=EDGE_LOOP('',(#1574,#1575,#1576,#1577));
#666=EDGE_LOOP('',(#1578,#1579,#1580,#1581));
#667=EDGE_LOOP('',(#1582,#1583,#1584,#1585,#1586,#1587,#1588,#1589,#1590,
#1591,#1592,#1593));
#668=EDGE_LOOP('',(#1594,#1595,#1596,#1597,#1598));
#669=EDGE_LOOP('',(#1599,#1600,#1601,#1602));
#670=EDGE_LOOP('',(#1603,#1604,#1605,#1606));
#671=EDGE_LOOP('',(#1607,#1608,#1609,#1610,#1611,#1612,#1613));
#672=EDGE_LOOP('',(#1614,#1615,#1616,#1617,#1618,#1619,#1620));
#673=EDGE_LOOP('',(#1621,#1622,#1623,#1624,#1625,#1626,#1627,#1628,#1629,
#1630,#1631,#1632));
#674=EDGE_LOOP('',(#1633,#1634,#1635,#1636));
#675=EDGE_LOOP('',(#1637,#1638,#1639,#1640));
#676=EDGE_LOOP('',(#1641,#1642,#1643,#1644,#1645));
#677=EDGE_LOOP('',(#1646,#1647,#1648,#1649));
#678=EDGE_LOOP('',(#1650,#1651,#1652,#1653));
#679=EDGE_LOOP('',(#1654,#1655,#1656,#1657));
#680=EDGE_LOOP('',(#1658,#1659,#1660,#1661,#1662,#1663));
#681=EDGE_LOOP('',(#1664,#1665,#1666,#1667));
#682=EDGE_LOOP('',(#1668,#1669,#1670,#1671));
#683=EDGE_LOOP('',(#1672,#1673,#1674,#1675));
#684=EDGE_LOOP('',(#1676,#1677,#1678,#1679));
#685=EDGE_LOOP('',(#1680,#1681,#1682,#1683,#1684,#1685));
#686=EDGE_LOOP('',(#1686,#1687,#1688,#1689,#1690,#1691));
#687=EDGE_LOOP('',(#1692,#1693,#1694,#1695));
#688=EDGE_LOOP('',(#1696,#1697,#1698,#1699));
#689=EDGE_LOOP('',(#1700,#1701,#1702,#1703,#1704,#1705,#1706,#1707,#1708,
#1709,#1710,#1711));
#690=EDGE_LOOP('',(#1712,#1713,#1714,#1715,#1716));
#691=EDGE_LOOP('',(#1717,#1718,#1719,#1720));
#692=EDGE_LOOP('',(#1721,#1722,#1723,#1724));
#693=EDGE_LOOP('',(#1725,#1726,#1727,#1728,#1729,#1730,#1731));
#694=EDGE_LOOP('',(#1732,#1733,#1734,#1735,#1736,#1737,#1738));
#695=EDGE_LOOP('',(#1739,#1740,#1741,#1742,#1743,#1744,#1745,#1746,#1747,
#1748,#1749,#1750));
#696=EDGE_LOOP('',(#1751,#1752,#1753,#1754));
#697=EDGE_LOOP('',(#1755,#1756,#1757,#1758));
#698=EDGE_LOOP('',(#1759,#1760,#1761,#1762,#1763));
#699=EDGE_LOOP('',(#1764,#1765,#1766,#1767));
#700=EDGE_LOOP('',(#1768,#1769,#1770,#1771));
#701=EDGE_LOOP('',(#1772,#1773,#1774,#1775));
#702=EDGE_LOOP('',(#1776,#1777,#1778,#1779,#1780,#1781,#1782,#1783));
#703=EDGE_LOOP('',(#1784,#1785,#1786,#1787,#1788,#1789,#1790,#1791,#1792,
#1793));
#704=EDGE_LOOP('',(#1794,#1795,#1796,#1797,#1798,#1799,#1800,#1801,#1802,
#1803));
#705=EDGE_LOOP('',(#1804,#1805,#1806,#1807,#1808,#1809));
#706=EDGE_LOOP('',(#1810,#1811,#1812,#1813,#1814,#1815));
#707=EDGE_LOOP('',(#1816,#1817,#1818,#1819));
#708=EDGE_LOOP('',(#1820,#1821,#1822,#1823));
#709=EDGE_LOOP('',(#1824,#1825,#1826,#1827,#1828,#1829));
#710=EDGE_LOOP('',(#1830,#1831,#1832,#1833,#1834,#1835));
#711=EDGE_LOOP('',(#1836,#1837,#1838,#1839));
#712=EDGE_LOOP('',(#1840,#1841,#1842,#1843));
#713=EDGE_LOOP('',(#1844,#1845,#1846,#1847));
#714=EDGE_LOOP('',(#1848,#1849,#1850,#1851));
#715=EDGE_LOOP('',(#1852,#1853,#1854,#1855,#1856,#1857));
#716=EDGE_LOOP('',(#1858,#1859,#1860,#1861,#1862,#1863));
#717=EDGE_LOOP('',(#1864,#1865,#1866,#1867));
#718=EDGE_LOOP('',(#1868,#1869,#1870,#1871));
#719=EDGE_LOOP('',(#1872,#1873,#1874,#1875,#1876,#1877));
#720=EDGE_LOOP('',(#1878,#1879,#1880,#1881,#1882,#1883));
#721=EDGE_LOOP('',(#1884,#1885));
#722=EDGE_LOOP('',(#1886,#1887));
#723=EDGE_LOOP('',(#1888,#1889));
#724=EDGE_LOOP('',(#1890,#1891));
#725=EDGE_LOOP('',(#1892,#1893,#1894,#1895,#1896,#1897));
#726=EDGE_LOOP('',(#1898,#1899,#1900,#1901,#1902,#1903));
#727=EDGE_LOOP('',(#1904,#1905,#1906,#1907,#1908,#1909,#1910,#1911,#1912,
#1913));
#728=EDGE_LOOP('',(#1914,#1915,#1916,#1917,#1918,#1919,#1920,#1921,#1922,
#1923,#1924,#1925,#1926,#1927,#1928,#1929,#1930,#1931,#1932,#1933));
#729=EDGE_LOOP('',(#1934,#1935,#1936,#1937,#1938,#1939,#1940,#1941,#1942,
#1943));
#730=EDGE_LOOP('',(#1944,#1945,#1946,#1947,#1948,#1949,#1950,#1951,#1952,
#1953));
#731=EDGE_LOOP('',(#1954,#1955,#1956,#1957,#1958,#1959,#1960,#1961,#1962,
#1963));
#732=EDGE_LOOP('',(#1964,#1965,#1966,#1967,#1968,#1969,#1970,#1971,#1972,
#1973,#1974,#1975,#1976,#1977,#1978,#1979,#1980,#1981,#1982,#1983));
#733=EDGE_LOOP('',(#1984,#1985,#1986,#1987));
#734=EDGE_LOOP('',(#1988,#1989,#1990,#1991));
#735=EDGE_LOOP('',(#1992,#1993,#1994,#1995));
#736=EDGE_LOOP('',(#1996,#1997,#1998,#1999));
#737=EDGE_LOOP('',(#2000,#2001,#2002,#2003));
#738=EDGE_LOOP('',(#2004,#2005,#2006,#2007));
#739=EDGE_LOOP('',(#2008,#2009,#2010,#2011));
#740=EDGE_LOOP('',(#2012,#2013,#2014,#2015));
#741=EDGE_LOOP('',(#2016,#2017,#2018,#2019,#2020));
#742=EDGE_LOOP('',(#2021,#2022,#2023,#2024,#2025));
#743=EDGE_LOOP('',(#2026,#2027,#2028,#2029));
#744=EDGE_LOOP('',(#2030,#2031,#2032,#2033));
#745=EDGE_LOOP('',(#2034,#2035,#2036,#2037));
#746=EDGE_LOOP('',(#2038,#2039,#2040,#2041));
#747=EDGE_LOOP('',(#2042,#2043,#2044,#2045));
#748=EDGE_LOOP('',(#2046,#2047,#2048,#2049));
#749=EDGE_LOOP('',(#2050,#2051,#2052,#2053));
#750=EDGE_LOOP('',(#2054,#2055,#2056,#2057));
#751=EDGE_LOOP('',(#2058,#2059,#2060,#2061));
#752=EDGE_LOOP('',(#2062,#2063,#2064,#2065));
#753=EDGE_LOOP('',(#2066,#2067,#2068,#2069));
#754=EDGE_LOOP('',(#2070,#2071,#2072,#2073,#2074,#2075,#2076,#2077,#2078,
#2079,#2080,#2081,#2082,#2083,#2084,#2085,#2086,#2087,#2088,#2089));
#755=EDGE_LOOP('',(#2090,#2091,#2092,#2093));
#756=EDGE_LOOP('',(#2094,#2095,#2096,#2097));
#757=EDGE_LOOP('',(#2098,#2099,#2100,#2101));
#758=EDGE_LOOP('',(#2102,#2103,#2104,#2105));
#759=EDGE_LOOP('',(#2106,#2107,#2108,#2109));
#760=EDGE_LOOP('',(#2110,#2111,#2112,#2113));
#761=EDGE_LOOP('',(#2114,#2115,#2116,#2117));
#762=EDGE_LOOP('',(#2118,#2119,#2120,#2121));
#763=EDGE_LOOP('',(#2122,#2123,#2124,#2125,#2126));
#764=EDGE_LOOP('',(#2127,#2128,#2129,#2130,#2131));
#765=EDGE_LOOP('',(#2132,#2133,#2134,#2135));
#766=EDGE_LOOP('',(#2136,#2137,#2138,#2139));
#767=EDGE_LOOP('',(#2140,#2141,#2142,#2143));
#768=EDGE_LOOP('',(#2144,#2145,#2146,#2147));
#769=EDGE_LOOP('',(#2148,#2149,#2150,#2151));
#770=EDGE_LOOP('',(#2152,#2153,#2154,#2155));
#771=EDGE_LOOP('',(#2156,#2157,#2158,#2159));
#772=EDGE_LOOP('',(#2160,#2161,#2162,#2163));
#773=EDGE_LOOP('',(#2164,#2165,#2166,#2167));
#774=EDGE_LOOP('',(#2168,#2169,#2170,#2171));
#775=EDGE_LOOP('',(#2172,#2173,#2174,#2175));
#776=ORIENTED_EDGE('',*,*,#2181,.F.);
#777=ORIENTED_EDGE('',*,*,#2180,.F.);
#778=ORIENTED_EDGE('',*,*,#2182,.T.);
#779=ORIENTED_EDGE('',*,*,#2186,.F.);
#780=ORIENTED_EDGE('',*,*,#2185,.F.);
#781=ORIENTED_EDGE('',*,*,#2184,.F.);
#782=ORIENTED_EDGE('',*,*,#2183,.T.);
#783=ORIENTED_EDGE('',*,*,#2187,.F.);
#784=ORIENTED_EDGE('',*,*,#2190,.T.);
#785=ORIENTED_EDGE('',*,*,#2192,.T.);
#786=ORIENTED_EDGE('',*,*,#2191,.F.);
#787=ORIENTED_EDGE('',*,*,#2193,.F.);
#788=ORIENTED_EDGE('',*,*,#2194,.T.);
#789=ORIENTED_EDGE('',*,*,#2190,.F.);
#790=ORIENTED_EDGE('',*,*,#2189,.T.);
#791=ORIENTED_EDGE('',*,*,#2197,.F.);
#792=ORIENTED_EDGE('',*,*,#2197,.T.);
#793=ORIENTED_EDGE('',*,*,#2199,.F.);
#794=ORIENTED_EDGE('',*,*,#2196,.F.);
#795=ORIENTED_EDGE('',*,*,#2198,.T.);
#796=ORIENTED_EDGE('',*,*,#2200,.F.);
#797=ORIENTED_EDGE('',*,*,#2179,.T.);
#798=ORIENTED_EDGE('',*,*,#2201,.T.);
#799=ORIENTED_EDGE('',*,*,#2176,.F.);
#800=ORIENTED_EDGE('',*,*,#2227,.T.);
#801=ORIENTED_EDGE('',*,*,#2212,.T.);
#802=ORIENTED_EDGE('',*,*,#2188,.F.);
#803=ORIENTED_EDGE('',*,*,#2183,.F.);
#804=ORIENTED_EDGE('',*,*,#2221,.F.);
#805=ORIENTED_EDGE('',*,*,#2223,.F.);
#806=ORIENTED_EDGE('',*,*,#2225,.F.);
#807=ORIENTED_EDGE('',*,*,#2178,.F.);
#808=ORIENTED_EDGE('',*,*,#2201,.F.);
#809=ORIENTED_EDGE('',*,*,#2216,.F.);
#810=ORIENTED_EDGE('',*,*,#2220,.F.);
#811=ORIENTED_EDGE('',*,*,#2226,.F.);
#812=ORIENTED_EDGE('',*,*,#2208,.F.);
#813=ORIENTED_EDGE('',*,*,#2203,.F.);
#814=ORIENTED_EDGE('',*,*,#2192,.F.);
#815=ORIENTED_EDGE('',*,*,#2194,.F.);
#816=ORIENTED_EDGE('',*,*,#2198,.F.);
#817=ORIENTED_EDGE('',*,*,#2210,.F.);
#818=ORIENTED_EDGE('',*,*,#2213,.F.);
#819=ORIENTED_EDGE('',*,*,#2227,.F.);
#820=ORIENTED_EDGE('',*,*,#2205,.T.);
#821=ORIENTED_EDGE('',*,*,#2191,.T.);
#822=ORIENTED_EDGE('',*,*,#2203,.T.);
#823=ORIENTED_EDGE('',*,*,#2206,.F.);
#824=ORIENTED_EDGE('',*,*,#2202,.F.);
#825=ORIENTED_EDGE('',*,*,#2181,.T.);
#826=ORIENTED_EDGE('',*,*,#2204,.F.);
#827=ORIENTED_EDGE('',*,*,#2207,.T.);
#828=ORIENTED_EDGE('',*,*,#2226,.T.);
#829=ORIENTED_EDGE('',*,*,#2218,.F.);
#830=ORIENTED_EDGE('',*,*,#2206,.T.);
#831=ORIENTED_EDGE('',*,*,#2208,.T.);
#832=ORIENTED_EDGE('',*,*,#2207,.F.);
#833=ORIENTED_EDGE('',*,*,#2209,.F.);
#834=ORIENTED_EDGE('',*,*,#2210,.T.);
#835=ORIENTED_EDGE('',*,*,#2196,.T.);
#836=ORIENTED_EDGE('',*,*,#2195,.T.);
#837=ORIENTED_EDGE('',*,*,#2211,.F.);
#838=ORIENTED_EDGE('',*,*,#2211,.T.);
#839=ORIENTED_EDGE('',*,*,#2214,.F.);
#840=ORIENTED_EDGE('',*,*,#2212,.F.);
#841=ORIENTED_EDGE('',*,*,#2213,.T.);
#842=ORIENTED_EDGE('',*,*,#2217,.T.);
#843=ORIENTED_EDGE('',*,*,#2216,.T.);
#844=ORIENTED_EDGE('',*,*,#2179,.F.);
#845=ORIENTED_EDGE('',*,*,#2215,.F.);
#846=ORIENTED_EDGE('',*,*,#2219,.F.);
#847=ORIENTED_EDGE('',*,*,#2218,.T.);
#848=ORIENTED_EDGE('',*,*,#2220,.T.);
#849=ORIENTED_EDGE('',*,*,#2217,.F.);
#850=ORIENTED_EDGE('',*,*,#2222,.T.);
#851=ORIENTED_EDGE('',*,*,#2177,.F.);
#852=ORIENTED_EDGE('',*,*,#2176,.T.);
#853=ORIENTED_EDGE('',*,*,#2178,.T.);
#854=ORIENTED_EDGE('',*,*,#2225,.T.);
#855=ORIENTED_EDGE('',*,*,#2223,.T.);
#856=ORIENTED_EDGE('',*,*,#2224,.F.);
#857=ORIENTED_EDGE('',*,*,#2222,.F.);
#858=ORIENTED_EDGE('',*,*,#2237,.T.);
#859=ORIENTED_EDGE('',*,*,#2233,.F.);
#860=ORIENTED_EDGE('',*,*,#2231,.T.);
#861=ORIENTED_EDGE('',*,*,#2232,.T.);
#862=ORIENTED_EDGE('',*,*,#2238,.T.);
#863=ORIENTED_EDGE('',*,*,#2234,.F.);
#864=ORIENTED_EDGE('',*,*,#2235,.T.);
#865=ORIENTED_EDGE('',*,*,#2236,.T.);
#866=ORIENTED_EDGE('',*,*,#2244,.T.);
#867=ORIENTED_EDGE('',*,*,#2242,.T.);
#868=ORIENTED_EDGE('',*,*,#2243,.F.);
#869=ORIENTED_EDGE('',*,*,#2241,.F.);
#870=ORIENTED_EDGE('',*,*,#2248,.T.);
#871=ORIENTED_EDGE('',*,*,#2240,.F.);
#872=ORIENTED_EDGE('',*,*,#2241,.T.);
#873=ORIENTED_EDGE('',*,*,#2245,.F.);
#874=ORIENTED_EDGE('',*,*,#2249,.F.);
#875=ORIENTED_EDGE('',*,*,#2247,.T.);
#876=ORIENTED_EDGE('',*,*,#2250,.T.);
#877=ORIENTED_EDGE('',*,*,#2248,.F.);
#878=ORIENTED_EDGE('',*,*,#2342,.T.);
#879=ORIENTED_EDGE('',*,*,#2228,.T.);
#880=ORIENTED_EDGE('',*,*,#2343,.F.);
#881=ORIENTED_EDGE('',*,*,#2337,.F.);
#882=ORIENTED_EDGE('',*,*,#2270,.T.);
#883=ORIENTED_EDGE('',*,*,#2268,.T.);
#884=ORIENTED_EDGE('',*,*,#2234,.T.);
#885=ORIENTED_EDGE('',*,*,#2239,.T.);
#886=ORIENTED_EDGE('',*,*,#2261,.F.);
#887=ORIENTED_EDGE('',*,*,#2274,.F.);
#888=ORIENTED_EDGE('',*,*,#2338,.T.);
#889=ORIENTED_EDGE('',*,*,#2339,.T.);
#890=ORIENTED_EDGE('',*,*,#2343,.T.);
#891=ORIENTED_EDGE('',*,*,#2230,.T.);
#892=ORIENTED_EDGE('',*,*,#2272,.T.);
#893=ORIENTED_EDGE('',*,*,#2274,.T.);
#894=ORIENTED_EDGE('',*,*,#2262,.T.);
#895=ORIENTED_EDGE('',*,*,#2259,.T.);
#896=ORIENTED_EDGE('',*,*,#2249,.T.);
#897=ORIENTED_EDGE('',*,*,#2245,.T.);
#898=ORIENTED_EDGE('',*,*,#2243,.T.);
#899=ORIENTED_EDGE('',*,*,#2252,.T.);
#900=ORIENTED_EDGE('',*,*,#2257,.T.);
#901=ORIENTED_EDGE('',*,*,#2273,.T.);
#902=ORIENTED_EDGE('',*,*,#2267,.T.);
#903=ORIENTED_EDGE('',*,*,#2346,.T.);
#904=ORIENTED_EDGE('',*,*,#2255,.T.);
#905=ORIENTED_EDGE('',*,*,#2252,.F.);
#906=ORIENTED_EDGE('',*,*,#2242,.F.);
#907=ORIENTED_EDGE('',*,*,#2254,.F.);
#908=ORIENTED_EDGE('',*,*,#2265,.T.);
#909=ORIENTED_EDGE('',*,*,#2273,.F.);
#910=ORIENTED_EDGE('',*,*,#2256,.F.);
#911=ORIENTED_EDGE('',*,*,#2253,.T.);
#912=ORIENTED_EDGE('',*,*,#2232,.F.);
#913=ORIENTED_EDGE('',*,*,#2251,.T.);
#914=ORIENTED_EDGE('',*,*,#2258,.T.);
#915=ORIENTED_EDGE('',*,*,#2256,.T.);
#916=ORIENTED_EDGE('',*,*,#2257,.F.);
#917=ORIENTED_EDGE('',*,*,#2255,.F.);
#918=ORIENTED_EDGE('',*,*,#2260,.T.);
#919=ORIENTED_EDGE('',*,*,#2246,.F.);
#920=ORIENTED_EDGE('',*,*,#2247,.F.);
#921=ORIENTED_EDGE('',*,*,#2259,.F.);
#922=ORIENTED_EDGE('',*,*,#2262,.F.);
#923=ORIENTED_EDGE('',*,*,#2261,.T.);
#924=ORIENTED_EDGE('',*,*,#2263,.T.);
#925=ORIENTED_EDGE('',*,*,#2260,.F.);
#926=ORIENTED_EDGE('',*,*,#2264,.T.);
#927=ORIENTED_EDGE('',*,*,#2267,.F.);
#928=ORIENTED_EDGE('',*,*,#2265,.F.);
#929=ORIENTED_EDGE('',*,*,#2266,.T.);
#930=ORIENTED_EDGE('',*,*,#2230,.F.);
#931=ORIENTED_EDGE('',*,*,#2228,.F.);
#932=ORIENTED_EDGE('',*,*,#2229,.T.);
#933=ORIENTED_EDGE('',*,*,#2269,.F.);
#934=ORIENTED_EDGE('',*,*,#2269,.T.);
#935=ORIENTED_EDGE('',*,*,#2271,.T.);
#936=ORIENTED_EDGE('',*,*,#2270,.F.);
#937=ORIENTED_EDGE('',*,*,#2272,.F.);
#938=ORIENTED_EDGE('',*,*,#2317,.T.);
#939=ORIENTED_EDGE('',*,*,#2279,.T.);
#940=ORIENTED_EDGE('',*,*,#2318,.F.);
#941=ORIENTED_EDGE('',*,*,#2293,.F.);
#942=ORIENTED_EDGE('',*,*,#2319,.T.);
#943=ORIENTED_EDGE('',*,*,#2280,.T.);
#944=ORIENTED_EDGE('',*,*,#2320,.F.);
#945=ORIENTED_EDGE('',*,*,#2295,.F.);
#946=ORIENTED_EDGE('',*,*,#2297,.F.);
#947=ORIENTED_EDGE('',*,*,#2321,.T.);
#948=ORIENTED_EDGE('',*,*,#2281,.T.);
#949=ORIENTED_EDGE('',*,*,#2394,.F.);
#950=ORIENTED_EDGE('',*,*,#2322,.T.);
#951=ORIENTED_EDGE('',*,*,#2282,.T.);
#952=ORIENTED_EDGE('',*,*,#2323,.F.);
#953=ORIENTED_EDGE('',*,*,#2299,.F.);
#954=ORIENTED_EDGE('',*,*,#2324,.T.);
#955=ORIENTED_EDGE('',*,*,#2283,.T.);
#956=ORIENTED_EDGE('',*,*,#2325,.F.);
#957=ORIENTED_EDGE('',*,*,#2301,.F.);
#958=ORIENTED_EDGE('',*,*,#2303,.F.);
#959=ORIENTED_EDGE('',*,*,#2326,.T.);
#960=ORIENTED_EDGE('',*,*,#2284,.T.);
#961=ORIENTED_EDGE('',*,*,#2399,.F.);
#962=ORIENTED_EDGE('',*,*,#2327,.T.);
#963=ORIENTED_EDGE('',*,*,#2285,.T.);
#964=ORIENTED_EDGE('',*,*,#2328,.F.);
#965=ORIENTED_EDGE('',*,*,#2305,.F.);
#966=ORIENTED_EDGE('',*,*,#2329,.T.);
#967=ORIENTED_EDGE('',*,*,#2286,.T.);
#968=ORIENTED_EDGE('',*,*,#2330,.F.);
#969=ORIENTED_EDGE('',*,*,#2307,.F.);
#970=ORIENTED_EDGE('',*,*,#2309,.F.);
#971=ORIENTED_EDGE('',*,*,#2331,.T.);
#972=ORIENTED_EDGE('',*,*,#2287,.T.);
#973=ORIENTED_EDGE('',*,*,#2404,.F.);
#974=ORIENTED_EDGE('',*,*,#2332,.T.);
#975=ORIENTED_EDGE('',*,*,#2288,.T.);
#976=ORIENTED_EDGE('',*,*,#2333,.F.);
#977=ORIENTED_EDGE('',*,*,#2311,.F.);
#978=ORIENTED_EDGE('',*,*,#2334,.T.);
#979=ORIENTED_EDGE('',*,*,#2289,.T.);
#980=ORIENTED_EDGE('',*,*,#2335,.F.);
#981=ORIENTED_EDGE('',*,*,#2313,.F.);
#982=ORIENTED_EDGE('',*,*,#2315,.F.);
#983=ORIENTED_EDGE('',*,*,#2336,.T.);
#984=ORIENTED_EDGE('',*,*,#2290,.T.);
#985=ORIENTED_EDGE('',*,*,#2409,.F.);
#986=ORIENTED_EDGE('',*,*,#2345,.T.);
#987=ORIENTED_EDGE('',*,*,#2338,.F.);
#988=ORIENTED_EDGE('',*,*,#2344,.F.);
#989=ORIENTED_EDGE('',*,*,#2340,.F.);
#990=ORIENTED_EDGE('',*,*,#2337,.T.);
#991=ORIENTED_EDGE('',*,*,#2339,.F.);
#992=ORIENTED_EDGE('',*,*,#2345,.F.);
#993=ORIENTED_EDGE('',*,*,#2341,.F.);
#994=ORIENTED_EDGE('',*,*,#2346,.F.);
#995=ORIENTED_EDGE('',*,*,#2264,.F.);
#996=ORIENTED_EDGE('',*,*,#2347,.T.);
#997=ORIENTED_EDGE('',*,*,#2344,.T.);
#998=ORIENTED_EDGE('',*,*,#2279,.F.);
#999=ORIENTED_EDGE('',*,*,#2351,.F.);
#1000=ORIENTED_EDGE('',*,*,#2352,.T.);
#1001=ORIENTED_EDGE('',*,*,#2353,.T.);
#1002=ORIENTED_EDGE('',*,*,#2280,.F.);
#1003=ORIENTED_EDGE('',*,*,#2355,.F.);
#1004=ORIENTED_EDGE('',*,*,#2356,.T.);
#1005=ORIENTED_EDGE('',*,*,#2357,.T.);
#1006=ORIENTED_EDGE('',*,*,#2282,.F.);
#1007=ORIENTED_EDGE('',*,*,#2362,.F.);
#1008=ORIENTED_EDGE('',*,*,#2363,.T.);
#1009=ORIENTED_EDGE('',*,*,#2364,.T.);
#1010=ORIENTED_EDGE('',*,*,#2283,.F.);
#1011=ORIENTED_EDGE('',*,*,#2366,.F.);
#1012=ORIENTED_EDGE('',*,*,#2367,.T.);
#1013=ORIENTED_EDGE('',*,*,#2368,.T.);
#1014=ORIENTED_EDGE('',*,*,#2285,.F.);
#1015=ORIENTED_EDGE('',*,*,#2373,.F.);
#1016=ORIENTED_EDGE('',*,*,#2374,.T.);
#1017=ORIENTED_EDGE('',*,*,#2375,.T.);
#1018=ORIENTED_EDGE('',*,*,#2286,.F.);
#1019=ORIENTED_EDGE('',*,*,#2377,.F.);
#1020=ORIENTED_EDGE('',*,*,#2378,.T.);
#1021=ORIENTED_EDGE('',*,*,#2379,.T.);
#1022=ORIENTED_EDGE('',*,*,#2288,.F.);
#1023=ORIENTED_EDGE('',*,*,#2384,.F.);
#1024=ORIENTED_EDGE('',*,*,#2385,.T.);
#1025=ORIENTED_EDGE('',*,*,#2386,.T.);
#1026=ORIENTED_EDGE('',*,*,#2289,.F.);
#1027=ORIENTED_EDGE('',*,*,#2388,.F.);
#1028=ORIENTED_EDGE('',*,*,#2389,.T.);
#1029=ORIENTED_EDGE('',*,*,#2390,.T.);
#1030=ORIENTED_EDGE('',*,*,#2424,.T.);
#1031=ORIENTED_EDGE('',*,*,#2425,.T.);
#1032=ORIENTED_EDGE('',*,*,#2348,.F.);
#1033=ORIENTED_EDGE('',*,*,#2410,.F.);
#1034=ORIENTED_EDGE('',*,*,#2490,.F.);
#1035=ORIENTED_EDGE('',*,*,#2466,.F.);
#1036=ORIENTED_EDGE('',*,*,#2474,.F.);
#1037=ORIENTED_EDGE('',*,*,#2365,.F.);
#1038=ORIENTED_EDGE('',*,*,#2363,.F.);
#1039=ORIENTED_EDGE('',*,*,#2361,.F.);
#1040=ORIENTED_EDGE('',*,*,#2413,.F.);
#1041=ORIENTED_EDGE('',*,*,#2415,.F.);
#1042=ORIENTED_EDGE('',*,*,#2360,.F.);
#1043=ORIENTED_EDGE('',*,*,#2358,.F.);
#1044=ORIENTED_EDGE('',*,*,#2356,.F.);
#1045=ORIENTED_EDGE('',*,*,#2431,.F.);
#1046=ORIENTED_EDGE('',*,*,#2435,.F.);
#1047=ORIENTED_EDGE('',*,*,#2482,.F.);
#1048=ORIENTED_EDGE('',*,*,#2396,.F.);
#1049=ORIENTED_EDGE('',*,*,#2394,.T.);
#1050=ORIENTED_EDGE('',*,*,#2395,.T.);
#1051=ORIENTED_EDGE('',*,*,#2397,.F.);
#1052=ORIENTED_EDGE('',*,*,#2401,.F.);
#1053=ORIENTED_EDGE('',*,*,#2399,.T.);
#1054=ORIENTED_EDGE('',*,*,#2400,.T.);
#1055=ORIENTED_EDGE('',*,*,#2402,.F.);
#1056=ORIENTED_EDGE('',*,*,#2406,.F.);
#1057=ORIENTED_EDGE('',*,*,#2404,.T.);
#1058=ORIENTED_EDGE('',*,*,#2405,.T.);
#1059=ORIENTED_EDGE('',*,*,#2407,.F.);
#1060=ORIENTED_EDGE('',*,*,#2409,.T.);
#1061=ORIENTED_EDGE('',*,*,#2410,.T.);
#1062=ORIENTED_EDGE('',*,*,#2316,.F.);
#1063=ORIENTED_EDGE('',*,*,#2411,.F.);
#1064=ORIENTED_EDGE('',*,*,#2414,.T.);
#1065=ORIENTED_EDGE('',*,*,#2415,.T.);
#1066=ORIENTED_EDGE('',*,*,#2412,.F.);
#1067=ORIENTED_EDGE('',*,*,#2395,.F.);
#1068=ORIENTED_EDGE('',*,*,#2281,.F.);
#1069=ORIENTED_EDGE('',*,*,#2359,.F.);
#1070=ORIENTED_EDGE('',*,*,#2360,.T.);
#1071=ORIENTED_EDGE('',*,*,#2414,.F.);
#1072=ORIENTED_EDGE('',*,*,#2418,.T.);
#1073=ORIENTED_EDGE('',*,*,#2419,.T.);
#1074=ORIENTED_EDGE('',*,*,#2416,.F.);
#1075=ORIENTED_EDGE('',*,*,#2400,.F.);
#1076=ORIENTED_EDGE('',*,*,#2284,.F.);
#1077=ORIENTED_EDGE('',*,*,#2370,.F.);
#1078=ORIENTED_EDGE('',*,*,#2371,.T.);
#1079=ORIENTED_EDGE('',*,*,#2418,.F.);
#1080=ORIENTED_EDGE('',*,*,#2422,.T.);
#1081=ORIENTED_EDGE('',*,*,#2423,.T.);
#1082=ORIENTED_EDGE('',*,*,#2420,.F.);
#1083=ORIENTED_EDGE('',*,*,#2405,.F.);
#1084=ORIENTED_EDGE('',*,*,#2287,.F.);
#1085=ORIENTED_EDGE('',*,*,#2381,.F.);
#1086=ORIENTED_EDGE('',*,*,#2382,.T.);
#1087=ORIENTED_EDGE('',*,*,#2422,.F.);
#1088=ORIENTED_EDGE('',*,*,#2290,.F.);
#1089=ORIENTED_EDGE('',*,*,#2392,.F.);
#1090=ORIENTED_EDGE('',*,*,#2393,.T.);
#1091=ORIENTED_EDGE('',*,*,#2424,.F.);
#1092=ORIENTED_EDGE('',*,*,#2316,.T.);
#1093=ORIENTED_EDGE('',*,*,#2348,.T.);
#1094=ORIENTED_EDGE('',*,*,#2349,.T.);
#1095=ORIENTED_EDGE('',*,*,#2426,.T.);
#1096=ORIENTED_EDGE('',*,*,#2291,.F.);
#1097=ORIENTED_EDGE('',*,*,#2426,.F.);
#1098=ORIENTED_EDGE('',*,*,#2350,.T.);
#1099=ORIENTED_EDGE('',*,*,#2351,.T.);
#1100=ORIENTED_EDGE('',*,*,#2317,.F.);
#1101=ORIENTED_EDGE('',*,*,#2292,.F.);
#1102=ORIENTED_EDGE('',*,*,#2320,.T.);
#1103=ORIENTED_EDGE('',*,*,#2357,.F.);
#1104=ORIENTED_EDGE('',*,*,#2358,.T.);
#1105=ORIENTED_EDGE('',*,*,#2359,.T.);
#1106=ORIENTED_EDGE('',*,*,#2321,.F.);
#1107=ORIENTED_EDGE('',*,*,#2296,.F.);
#1108=ORIENTED_EDGE('',*,*,#2427,.F.);
#1109=ORIENTED_EDGE('',*,*,#2361,.T.);
#1110=ORIENTED_EDGE('',*,*,#2362,.T.);
#1111=ORIENTED_EDGE('',*,*,#2322,.F.);
#1112=ORIENTED_EDGE('',*,*,#2298,.F.);
#1113=ORIENTED_EDGE('',*,*,#2325,.T.);
#1114=ORIENTED_EDGE('',*,*,#2368,.F.);
#1115=ORIENTED_EDGE('',*,*,#2369,.T.);
#1116=ORIENTED_EDGE('',*,*,#2370,.T.);
#1117=ORIENTED_EDGE('',*,*,#2326,.F.);
#1118=ORIENTED_EDGE('',*,*,#2302,.F.);
#1119=ORIENTED_EDGE('',*,*,#2428,.F.);
#1120=ORIENTED_EDGE('',*,*,#2372,.T.);
#1121=ORIENTED_EDGE('',*,*,#2373,.T.);
#1122=ORIENTED_EDGE('',*,*,#2327,.F.);
#1123=ORIENTED_EDGE('',*,*,#2304,.F.);
#1124=ORIENTED_EDGE('',*,*,#2330,.T.);
#1125=ORIENTED_EDGE('',*,*,#2379,.F.);
#1126=ORIENTED_EDGE('',*,*,#2380,.T.);
#1127=ORIENTED_EDGE('',*,*,#2381,.T.);
#1128=ORIENTED_EDGE('',*,*,#2331,.F.);
#1129=ORIENTED_EDGE('',*,*,#2308,.F.);
#1130=ORIENTED_EDGE('',*,*,#2429,.F.);
#1131=ORIENTED_EDGE('',*,*,#2383,.T.);
#1132=ORIENTED_EDGE('',*,*,#2384,.T.);
#1133=ORIENTED_EDGE('',*,*,#2332,.F.);
#1134=ORIENTED_EDGE('',*,*,#2310,.F.);
#1135=ORIENTED_EDGE('',*,*,#2335,.T.);
#1136=ORIENTED_EDGE('',*,*,#2390,.F.);
#1137=ORIENTED_EDGE('',*,*,#2391,.T.);
#1138=ORIENTED_EDGE('',*,*,#2392,.T.);
#1139=ORIENTED_EDGE('',*,*,#2336,.F.);
#1140=ORIENTED_EDGE('',*,*,#2314,.F.);
#1141=ORIENTED_EDGE('',*,*,#2412,.T.);
#1142=ORIENTED_EDGE('',*,*,#2413,.T.);
#1143=ORIENTED_EDGE('',*,*,#2427,.T.);
#1144=ORIENTED_EDGE('',*,*,#2398,.F.);
#1145=ORIENTED_EDGE('',*,*,#2397,.T.);
#1146=ORIENTED_EDGE('',*,*,#2416,.T.);
#1147=ORIENTED_EDGE('',*,*,#2417,.T.);
#1148=ORIENTED_EDGE('',*,*,#2428,.T.);
#1149=ORIENTED_EDGE('',*,*,#2403,.F.);
#1150=ORIENTED_EDGE('',*,*,#2402,.T.);
#1151=ORIENTED_EDGE('',*,*,#2420,.T.);
#1152=ORIENTED_EDGE('',*,*,#2421,.T.);
#1153=ORIENTED_EDGE('',*,*,#2429,.T.);
#1154=ORIENTED_EDGE('',*,*,#2408,.F.);
#1155=ORIENTED_EDGE('',*,*,#2407,.T.);
#1156=ORIENTED_EDGE('',*,*,#2494,.F.);
#1157=ORIENTED_EDGE('',*,*,#2454,.F.);
#1158=ORIENTED_EDGE('',*,*,#2458,.F.);
#1159=ORIENTED_EDGE('',*,*,#2387,.F.);
#1160=ORIENTED_EDGE('',*,*,#2385,.F.);
#1161=ORIENTED_EDGE('',*,*,#2383,.F.);
#1162=ORIENTED_EDGE('',*,*,#2421,.F.);
#1163=ORIENTED_EDGE('',*,*,#2423,.F.);
#1164=ORIENTED_EDGE('',*,*,#2382,.F.);
#1165=ORIENTED_EDGE('',*,*,#2380,.F.);
#1166=ORIENTED_EDGE('',*,*,#2378,.F.);
#1167=ORIENTED_EDGE('',*,*,#2445,.F.);
#1168=ORIENTED_EDGE('',*,*,#2453,.F.);
#1169=ORIENTED_EDGE('',*,*,#2480,.F.);
#1170=ORIENTED_EDGE('',*,*,#2433,.T.);
#1171=ORIENTED_EDGE('',*,*,#2431,.T.);
#1172=ORIENTED_EDGE('',*,*,#2355,.T.);
#1173=ORIENTED_EDGE('',*,*,#2319,.F.);
#1174=ORIENTED_EDGE('',*,*,#2430,.F.);
#1175=ORIENTED_EDGE('',*,*,#2432,.T.);
#1176=ORIENTED_EDGE('',*,*,#2435,.T.);
#1177=ORIENTED_EDGE('',*,*,#2433,.F.);
#1178=ORIENTED_EDGE('',*,*,#2434,.F.);
#1179=ORIENTED_EDGE('',*,*,#2439,.T.);
#1180=ORIENTED_EDGE('',*,*,#2294,.F.);
#1181=ORIENTED_EDGE('',*,*,#2318,.T.);
#1182=ORIENTED_EDGE('',*,*,#2353,.F.);
#1183=ORIENTED_EDGE('',*,*,#2354,.T.);
#1184=ORIENTED_EDGE('',*,*,#2438,.T.);
#1185=ORIENTED_EDGE('',*,*,#2440,.F.);
#1186=ORIENTED_EDGE('',*,*,#2439,.F.);
#1187=ORIENTED_EDGE('',*,*,#2441,.T.);
#1188=ORIENTED_EDGE('',*,*,#2446,.T.);
#1189=ORIENTED_EDGE('',*,*,#2445,.T.);
#1190=ORIENTED_EDGE('',*,*,#2377,.T.);
#1191=ORIENTED_EDGE('',*,*,#2329,.F.);
#1192=ORIENTED_EDGE('',*,*,#2444,.F.);
#1193=ORIENTED_EDGE('',*,*,#2447,.T.);
#1194=ORIENTED_EDGE('',*,*,#2306,.F.);
#1195=ORIENTED_EDGE('',*,*,#2328,.T.);
#1196=ORIENTED_EDGE('',*,*,#2375,.F.);
#1197=ORIENTED_EDGE('',*,*,#2376,.T.);
#1198=ORIENTED_EDGE('',*,*,#2448,.T.);
#1199=ORIENTED_EDGE('',*,*,#2450,.F.);
#1200=ORIENTED_EDGE('',*,*,#2447,.F.);
#1201=ORIENTED_EDGE('',*,*,#2451,.T.);
#1202=ORIENTED_EDGE('',*,*,#2449,.T.);
#1203=ORIENTED_EDGE('',*,*,#2453,.T.);
#1204=ORIENTED_EDGE('',*,*,#2446,.F.);
#1205=ORIENTED_EDGE('',*,*,#2452,.F.);
#1206=ORIENTED_EDGE('',*,*,#2500,.F.);
#1207=ORIENTED_EDGE('',*,*,#2442,.F.);
#1208=ORIENTED_EDGE('',*,*,#2451,.F.);
#1209=ORIENTED_EDGE('',*,*,#2376,.F.);
#1210=ORIENTED_EDGE('',*,*,#2374,.F.);
#1211=ORIENTED_EDGE('',*,*,#2372,.F.);
#1212=ORIENTED_EDGE('',*,*,#2417,.F.);
#1213=ORIENTED_EDGE('',*,*,#2419,.F.);
#1214=ORIENTED_EDGE('',*,*,#2371,.F.);
#1215=ORIENTED_EDGE('',*,*,#2369,.F.);
#1216=ORIENTED_EDGE('',*,*,#2367,.F.);
#1217=ORIENTED_EDGE('',*,*,#2469,.F.);
#1218=ORIENTED_EDGE('',*,*,#2476,.F.);
#1219=ORIENTED_EDGE('',*,*,#2496,.F.);
#1220=ORIENTED_EDGE('',*,*,#2492,.F.);
#1221=ORIENTED_EDGE('',*,*,#2436,.F.);
#1222=ORIENTED_EDGE('',*,*,#2441,.F.);
#1223=ORIENTED_EDGE('',*,*,#2354,.F.);
#1224=ORIENTED_EDGE('',*,*,#2352,.F.);
#1225=ORIENTED_EDGE('',*,*,#2350,.F.);
#1226=ORIENTED_EDGE('',*,*,#2349,.F.);
#1227=ORIENTED_EDGE('',*,*,#2425,.F.);
#1228=ORIENTED_EDGE('',*,*,#2393,.F.);
#1229=ORIENTED_EDGE('',*,*,#2391,.F.);
#1230=ORIENTED_EDGE('',*,*,#2389,.F.);
#1231=ORIENTED_EDGE('',*,*,#2461,.F.);
#1232=ORIENTED_EDGE('',*,*,#2465,.F.);
#1233=ORIENTED_EDGE('',*,*,#2478,.F.);
#1234=ORIENTED_EDGE('',*,*,#2275,.T.);
#1235=ORIENTED_EDGE('',*,*,#2187,.T.);
#1236=ORIENTED_EDGE('',*,*,#2188,.T.);
#1237=ORIENTED_EDGE('',*,*,#2214,.T.);
#1238=ORIENTED_EDGE('',*,*,#2195,.F.);
#1239=ORIENTED_EDGE('',*,*,#2199,.T.);
#1240=ORIENTED_EDGE('',*,*,#2189,.F.);
#1241=ORIENTED_EDGE('',*,*,#2193,.T.);
#1242=ORIENTED_EDGE('',*,*,#2205,.F.);
#1243=ORIENTED_EDGE('',*,*,#2209,.T.);
#1244=ORIENTED_EDGE('',*,*,#2204,.T.);
#1245=ORIENTED_EDGE('',*,*,#2186,.T.);
#1246=ORIENTED_EDGE('',*,*,#2276,.T.);
#1247=ORIENTED_EDGE('',*,*,#2237,.F.);
#1248=ORIENTED_EDGE('',*,*,#2253,.F.);
#1249=ORIENTED_EDGE('',*,*,#2258,.F.);
#1250=ORIENTED_EDGE('',*,*,#2254,.T.);
#1251=ORIENTED_EDGE('',*,*,#2244,.F.);
#1252=ORIENTED_EDGE('',*,*,#2240,.T.);
#1253=ORIENTED_EDGE('',*,*,#2250,.F.);
#1254=ORIENTED_EDGE('',*,*,#2246,.T.);
#1255=ORIENTED_EDGE('',*,*,#2263,.F.);
#1256=ORIENTED_EDGE('',*,*,#2239,.F.);
#1257=ORIENTED_EDGE('',*,*,#2238,.F.);
#1258=ORIENTED_EDGE('',*,*,#2497,.T.);
#1259=ORIENTED_EDGE('',*,*,#2477,.T.);
#1260=ORIENTED_EDGE('',*,*,#2468,.T.);
#1261=ORIENTED_EDGE('',*,*,#2301,.T.);
#1262=ORIENTED_EDGE('',*,*,#2302,.T.);
#1263=ORIENTED_EDGE('',*,*,#2303,.T.);
#1264=ORIENTED_EDGE('',*,*,#2401,.T.);
#1265=ORIENTED_EDGE('',*,*,#2403,.T.);
#1266=ORIENTED_EDGE('',*,*,#2304,.T.);
#1267=ORIENTED_EDGE('',*,*,#2305,.T.);
#1268=ORIENTED_EDGE('',*,*,#2306,.T.);
#1269=ORIENTED_EDGE('',*,*,#2450,.T.);
#1270=ORIENTED_EDGE('',*,*,#2443,.T.);
#1271=ORIENTED_EDGE('',*,*,#2501,.T.);
#1272=ORIENTED_EDGE('',*,*,#2481,.T.);
#1273=ORIENTED_EDGE('',*,*,#2452,.T.);
#1274=ORIENTED_EDGE('',*,*,#2444,.T.);
#1275=ORIENTED_EDGE('',*,*,#2307,.T.);
#1276=ORIENTED_EDGE('',*,*,#2308,.T.);
#1277=ORIENTED_EDGE('',*,*,#2309,.T.);
#1278=ORIENTED_EDGE('',*,*,#2406,.T.);
#1279=ORIENTED_EDGE('',*,*,#2408,.T.);
#1280=ORIENTED_EDGE('',*,*,#2310,.T.);
#1281=ORIENTED_EDGE('',*,*,#2311,.T.);
#1282=ORIENTED_EDGE('',*,*,#2312,.T.);
#1283=ORIENTED_EDGE('',*,*,#2459,.T.);
#1284=ORIENTED_EDGE('',*,*,#2455,.T.);
#1285=ORIENTED_EDGE('',*,*,#2495,.T.);
#1286=ORIENTED_EDGE('',*,*,#2479,.T.);
#1287=ORIENTED_EDGE('',*,*,#2464,.T.);
#1288=ORIENTED_EDGE('',*,*,#2460,.T.);
#1289=ORIENTED_EDGE('',*,*,#2313,.T.);
#1290=ORIENTED_EDGE('',*,*,#2314,.T.);
#1291=ORIENTED_EDGE('',*,*,#2315,.T.);
#1292=ORIENTED_EDGE('',*,*,#2411,.T.);
#1293=ORIENTED_EDGE('',*,*,#2291,.T.);
#1294=ORIENTED_EDGE('',*,*,#2292,.T.);
#1295=ORIENTED_EDGE('',*,*,#2293,.T.);
#1296=ORIENTED_EDGE('',*,*,#2294,.T.);
#1297=ORIENTED_EDGE('',*,*,#2440,.T.);
#1298=ORIENTED_EDGE('',*,*,#2437,.T.);
#1299=ORIENTED_EDGE('',*,*,#2493,.T.);
#1300=ORIENTED_EDGE('',*,*,#2483,.T.);
#1301=ORIENTED_EDGE('',*,*,#2434,.T.);
#1302=ORIENTED_EDGE('',*,*,#2430,.T.);
#1303=ORIENTED_EDGE('',*,*,#2295,.T.);
#1304=ORIENTED_EDGE('',*,*,#2296,.T.);
#1305=ORIENTED_EDGE('',*,*,#2297,.T.);
#1306=ORIENTED_EDGE('',*,*,#2396,.T.);
#1307=ORIENTED_EDGE('',*,*,#2398,.T.);
#1308=ORIENTED_EDGE('',*,*,#2298,.T.);
#1309=ORIENTED_EDGE('',*,*,#2299,.T.);
#1310=ORIENTED_EDGE('',*,*,#2300,.T.);
#1311=ORIENTED_EDGE('',*,*,#2475,.T.);
#1312=ORIENTED_EDGE('',*,*,#2467,.T.);
#1313=ORIENTED_EDGE('',*,*,#2491,.T.);
#1314=ORIENTED_EDGE('',*,*,#2487,.T.);
#1315=ORIENTED_EDGE('',*,*,#2455,.F.);
#1316=ORIENTED_EDGE('',*,*,#2456,.F.);
#1317=ORIENTED_EDGE('',*,*,#2454,.T.);
#1318=ORIENTED_EDGE('',*,*,#2457,.T.);
#1319=ORIENTED_EDGE('',*,*,#2312,.F.);
#1320=ORIENTED_EDGE('',*,*,#2333,.T.);
#1321=ORIENTED_EDGE('',*,*,#2386,.F.);
#1322=ORIENTED_EDGE('',*,*,#2387,.T.);
#1323=ORIENTED_EDGE('',*,*,#2456,.T.);
#1324=ORIENTED_EDGE('',*,*,#2459,.F.);
#1325=ORIENTED_EDGE('',*,*,#2457,.F.);
#1326=ORIENTED_EDGE('',*,*,#2458,.T.);
#1327=ORIENTED_EDGE('',*,*,#2488,.T.);
#1328=ORIENTED_EDGE('',*,*,#2478,.T.);
#1329=ORIENTED_EDGE('',*,*,#2462,.F.);
#1330=ORIENTED_EDGE('',*,*,#2479,.F.);
#1331=ORIENTED_EDGE('',*,*,#2463,.T.);
#1332=ORIENTED_EDGE('',*,*,#2461,.T.);
#1333=ORIENTED_EDGE('',*,*,#2388,.T.);
#1334=ORIENTED_EDGE('',*,*,#2334,.F.);
#1335=ORIENTED_EDGE('',*,*,#2460,.F.);
#1336=ORIENTED_EDGE('',*,*,#2462,.T.);
#1337=ORIENTED_EDGE('',*,*,#2465,.T.);
#1338=ORIENTED_EDGE('',*,*,#2463,.F.);
#1339=ORIENTED_EDGE('',*,*,#2464,.F.);
#1340=ORIENTED_EDGE('',*,*,#2489,.T.);
#1341=ORIENTED_EDGE('',*,*,#2467,.F.);
#1342=ORIENTED_EDGE('',*,*,#2470,.F.);
#1343=ORIENTED_EDGE('',*,*,#2466,.T.);
#1344=ORIENTED_EDGE('',*,*,#2499,.T.);
#1345=ORIENTED_EDGE('',*,*,#2496,.T.);
#1346=ORIENTED_EDGE('',*,*,#2471,.F.);
#1347=ORIENTED_EDGE('',*,*,#2497,.F.);
#1348=ORIENTED_EDGE('',*,*,#2472,.T.);
#1349=ORIENTED_EDGE('',*,*,#2469,.T.);
#1350=ORIENTED_EDGE('',*,*,#2366,.T.);
#1351=ORIENTED_EDGE('',*,*,#2324,.F.);
#1352=ORIENTED_EDGE('',*,*,#2468,.F.);
#1353=ORIENTED_EDGE('',*,*,#2473,.T.);
#1354=ORIENTED_EDGE('',*,*,#2300,.F.);
#1355=ORIENTED_EDGE('',*,*,#2323,.T.);
#1356=ORIENTED_EDGE('',*,*,#2364,.F.);
#1357=ORIENTED_EDGE('',*,*,#2365,.T.);
#1358=ORIENTED_EDGE('',*,*,#2470,.T.);
#1359=ORIENTED_EDGE('',*,*,#2475,.F.);
#1360=ORIENTED_EDGE('',*,*,#2473,.F.);
#1361=ORIENTED_EDGE('',*,*,#2474,.T.);
#1362=ORIENTED_EDGE('',*,*,#2471,.T.);
#1363=ORIENTED_EDGE('',*,*,#2476,.T.);
#1364=ORIENTED_EDGE('',*,*,#2472,.F.);
#1365=ORIENTED_EDGE('',*,*,#2477,.F.);
#1366=ORIENTED_EDGE('',*,*,#2482,.T.);
#1367=ORIENTED_EDGE('',*,*,#2432,.F.);
#1368=ORIENTED_EDGE('',*,*,#2483,.F.);
#1369=ORIENTED_EDGE('',*,*,#2484,.F.);
#1370=ORIENTED_EDGE('',*,*,#2480,.T.);
#1371=ORIENTED_EDGE('',*,*,#2449,.F.);
#1372=ORIENTED_EDGE('',*,*,#2481,.F.);
#1373=ORIENTED_EDGE('',*,*,#2485,.F.);
#1374=ORIENTED_EDGE('',*,*,#2437,.F.);
#1375=ORIENTED_EDGE('',*,*,#2438,.F.);
#1376=ORIENTED_EDGE('',*,*,#2436,.T.);
#1377=ORIENTED_EDGE('',*,*,#2486,.F.);
#1378=ORIENTED_EDGE('',*,*,#2490,.T.);
#1379=ORIENTED_EDGE('',*,*,#2484,.T.);
#1380=ORIENTED_EDGE('',*,*,#2491,.F.);
#1381=ORIENTED_EDGE('',*,*,#2489,.F.);
#1382=ORIENTED_EDGE('',*,*,#2493,.F.);
#1383=ORIENTED_EDGE('',*,*,#2486,.T.);
#1384=ORIENTED_EDGE('',*,*,#2492,.T.);
#1385=ORIENTED_EDGE('',*,*,#2488,.F.);
#1386=ORIENTED_EDGE('',*,*,#2494,.T.);
#1387=ORIENTED_EDGE('',*,*,#2485,.T.);
#1388=ORIENTED_EDGE('',*,*,#2495,.F.);
#1389=ORIENTED_EDGE('',*,*,#2487,.F.);
#1390=ORIENTED_EDGE('',*,*,#2443,.F.);
#1391=ORIENTED_EDGE('',*,*,#2448,.F.);
#1392=ORIENTED_EDGE('',*,*,#2442,.T.);
#1393=ORIENTED_EDGE('',*,*,#2498,.F.);
#1394=ORIENTED_EDGE('',*,*,#2501,.F.);
#1395=ORIENTED_EDGE('',*,*,#2498,.T.);
#1396=ORIENTED_EDGE('',*,*,#2500,.T.);
#1397=ORIENTED_EDGE('',*,*,#2499,.F.);
#1398=ORIENTED_EDGE('',*,*,#2507,.F.);
#1399=ORIENTED_EDGE('',*,*,#2510,.T.);
#1400=ORIENTED_EDGE('',*,*,#2506,.T.);
#1401=ORIENTED_EDGE('',*,*,#2544,.T.);
#1402=ORIENTED_EDGE('',*,*,#2540,.T.);
#1403=ORIENTED_EDGE('',*,*,#2541,.F.);
#1404=ORIENTED_EDGE('',*,*,#2545,.F.);
#1405=ORIENTED_EDGE('',*,*,#2514,.F.);
#1406=ORIENTED_EDGE('',*,*,#2517,.F.);
#1407=ORIENTED_EDGE('',*,*,#2515,.T.);
#1408=ORIENTED_EDGE('',*,*,#2532,.T.);
#1409=ORIENTED_EDGE('',*,*,#2524,.T.);
#1410=ORIENTED_EDGE('',*,*,#2503,.F.);
#1411=ORIENTED_EDGE('',*,*,#2534,.T.);
#1412=ORIENTED_EDGE('',*,*,#2538,.T.);
#1413=ORIENTED_EDGE('',*,*,#2539,.F.);
#1414=ORIENTED_EDGE('',*,*,#2535,.F.);
#1415=ORIENTED_EDGE('',*,*,#2504,.T.);
#1416=ORIENTED_EDGE('',*,*,#2525,.F.);
#1417=ORIENTED_EDGE('',*,*,#2533,.F.);
#1418=ORIENTED_EDGE('',*,*,#2511,.T.);
#1419=ORIENTED_EDGE('',*,*,#2513,.T.);
#1420=ORIENTED_EDGE('',*,*,#2510,.F.);
#1421=ORIENTED_EDGE('',*,*,#2512,.T.);
#1422=ORIENTED_EDGE('',*,*,#2519,.T.);
#1423=ORIENTED_EDGE('',*,*,#2517,.T.);
#1424=ORIENTED_EDGE('',*,*,#2520,.T.);
#1425=ORIENTED_EDGE('',*,*,#2518,.F.);
#1426=ORIENTED_EDGE('',*,*,#2522,.T.);
#1427=ORIENTED_EDGE('',*,*,#2505,.T.);
#1428=ORIENTED_EDGE('',*,*,#2523,.T.);
#1429=ORIENTED_EDGE('',*,*,#2526,.T.);
#1430=ORIENTED_EDGE('',*,*,#2521,.T.);
#1431=ORIENTED_EDGE('',*,*,#2235,.F.);
#1432=ORIENTED_EDGE('',*,*,#2268,.F.);
#1433=ORIENTED_EDGE('',*,*,#2271,.F.);
#1434=ORIENTED_EDGE('',*,*,#2229,.F.);
#1435=ORIENTED_EDGE('',*,*,#2342,.F.);
#1436=ORIENTED_EDGE('',*,*,#2341,.T.);
#1437=ORIENTED_EDGE('',*,*,#2340,.T.);
#1438=ORIENTED_EDGE('',*,*,#2347,.F.);
#1439=ORIENTED_EDGE('',*,*,#2266,.F.);
#1440=ORIENTED_EDGE('',*,*,#2251,.F.);
#1441=ORIENTED_EDGE('',*,*,#2231,.F.);
#1442=ORIENTED_EDGE('',*,*,#2277,.T.);
#1443=ORIENTED_EDGE('',*,*,#2518,.T.);
#1444=ORIENTED_EDGE('',*,*,#2516,.T.);
#1445=ORIENTED_EDGE('',*,*,#2502,.F.);
#1446=ORIENTED_EDGE('',*,*,#2509,.T.);
#1447=ORIENTED_EDGE('',*,*,#2511,.F.);
#1448=ORIENTED_EDGE('',*,*,#2508,.T.);
#1449=ORIENTED_EDGE('',*,*,#2180,.T.);
#1450=ORIENTED_EDGE('',*,*,#2202,.T.);
#1451=ORIENTED_EDGE('',*,*,#2219,.T.);
#1452=ORIENTED_EDGE('',*,*,#2215,.T.);
#1453=ORIENTED_EDGE('',*,*,#2200,.T.);
#1454=ORIENTED_EDGE('',*,*,#2177,.T.);
#1455=ORIENTED_EDGE('',*,*,#2224,.T.);
#1456=ORIENTED_EDGE('',*,*,#2221,.T.);
#1457=ORIENTED_EDGE('',*,*,#2184,.T.);
#1458=ORIENTED_EDGE('',*,*,#2278,.T.);
#1459=ORIENTED_EDGE('',*,*,#2527,.F.);
#1460=ORIENTED_EDGE('',*,*,#2527,.T.);
#1461=ORIENTED_EDGE('',*,*,#2528,.T.);
#1462=ORIENTED_EDGE('',*,*,#2524,.F.);
#1463=ORIENTED_EDGE('',*,*,#2529,.T.);
#1464=ORIENTED_EDGE('',*,*,#2531,.T.);
#1465=ORIENTED_EDGE('',*,*,#2525,.T.);
#1466=ORIENTED_EDGE('',*,*,#2530,.T.);
#1467=ORIENTED_EDGE('',*,*,#2526,.F.);
#1468=ORIENTED_EDGE('',*,*,#2536,.T.);
#1469=ORIENTED_EDGE('',*,*,#2533,.T.);
#1470=ORIENTED_EDGE('',*,*,#2531,.F.);
#1471=ORIENTED_EDGE('',*,*,#2523,.F.);
#1472=ORIENTED_EDGE('',*,*,#2505,.F.);
#1473=ORIENTED_EDGE('',*,*,#2522,.F.);
#1474=ORIENTED_EDGE('',*,*,#2529,.F.);
#1475=ORIENTED_EDGE('',*,*,#2532,.F.);
#1476=ORIENTED_EDGE('',*,*,#2534,.F.);
#1477=ORIENTED_EDGE('',*,*,#2503,.T.);
#1478=ORIENTED_EDGE('',*,*,#2528,.F.);
#1479=ORIENTED_EDGE('',*,*,#2278,.F.);
#1480=ORIENTED_EDGE('',*,*,#2185,.T.);
#1481=ORIENTED_EDGE('',*,*,#2275,.F.);
#1482=ORIENTED_EDGE('',*,*,#2236,.F.);
#1483=ORIENTED_EDGE('',*,*,#2521,.F.);
#1484=ORIENTED_EDGE('',*,*,#2530,.F.);
#1485=ORIENTED_EDGE('',*,*,#2504,.F.);
#1486=ORIENTED_EDGE('',*,*,#2535,.T.);
#1487=ORIENTED_EDGE('',*,*,#2537,.F.);
#1488=ORIENTED_EDGE('',*,*,#2537,.T.);
#1489=ORIENTED_EDGE('',*,*,#2539,.T.);
#1490=ORIENTED_EDGE('',*,*,#2536,.F.);
#1491=ORIENTED_EDGE('',*,*,#2538,.F.);
#1492=ORIENTED_EDGE('',*,*,#2542,.T.);
#1493=ORIENTED_EDGE('',*,*,#2506,.F.);
#1494=ORIENTED_EDGE('',*,*,#2513,.F.);
#1495=ORIENTED_EDGE('',*,*,#2509,.F.);
#1496=ORIENTED_EDGE('',*,*,#2502,.T.);
#1497=ORIENTED_EDGE('',*,*,#2516,.F.);
#1498=ORIENTED_EDGE('',*,*,#2520,.F.);
#1499=ORIENTED_EDGE('',*,*,#2514,.T.);
#1500=ORIENTED_EDGE('',*,*,#2541,.T.);
#1501=ORIENTED_EDGE('',*,*,#2515,.F.);
#1502=ORIENTED_EDGE('',*,*,#2519,.F.);
#1503=ORIENTED_EDGE('',*,*,#2277,.F.);
#1504=ORIENTED_EDGE('',*,*,#2233,.T.);
#1505=ORIENTED_EDGE('',*,*,#2276,.F.);
#1506=ORIENTED_EDGE('',*,*,#2182,.F.);
#1507=ORIENTED_EDGE('',*,*,#2508,.F.);
#1508=ORIENTED_EDGE('',*,*,#2512,.F.);
#1509=ORIENTED_EDGE('',*,*,#2507,.T.);
#1510=ORIENTED_EDGE('',*,*,#2540,.F.);
#1511=ORIENTED_EDGE('',*,*,#2543,.F.);
#1512=ORIENTED_EDGE('',*,*,#2543,.T.);
#1513=ORIENTED_EDGE('',*,*,#2544,.F.);
#1514=ORIENTED_EDGE('',*,*,#2542,.F.);
#1515=ORIENTED_EDGE('',*,*,#2545,.T.);
#1516=ORIENTED_EDGE('',*,*,#2744,.T.);
#1517=ORIENTED_EDGE('',*,*,#2546,.F.);
#1518=ORIENTED_EDGE('',*,*,#2730,.T.);
#1519=ORIENTED_EDGE('',*,*,#2755,.F.);
#1520=ORIENTED_EDGE('',*,*,#2755,.T.);
#1521=ORIENTED_EDGE('',*,*,#2732,.F.);
#1522=ORIENTED_EDGE('',*,*,#2733,.F.);
#1523=ORIENTED_EDGE('',*,*,#2731,.F.);
#1524=ORIENTED_EDGE('',*,*,#2754,.F.);
#1525=ORIENTED_EDGE('',*,*,#2746,.F.);
#1526=ORIENTED_EDGE('',*,*,#2745,.F.);
#1527=ORIENTED_EDGE('',*,*,#2747,.F.);
#1528=ORIENTED_EDGE('',*,*,#2748,.T.);
#1529=ORIENTED_EDGE('',*,*,#2741,.F.);
#1530=ORIENTED_EDGE('',*,*,#2734,.T.);
#1531=ORIENTED_EDGE('',*,*,#2549,.T.);
#1532=ORIENTED_EDGE('',*,*,#2749,.F.);
#1533=ORIENTED_EDGE('',*,*,#2750,.F.);
#1534=ORIENTED_EDGE('',*,*,#2740,.F.);
#1535=ORIENTED_EDGE('',*,*,#2735,.F.);
#1536=ORIENTED_EDGE('',*,*,#2737,.F.);
#1537=ORIENTED_EDGE('',*,*,#2736,.F.);
#1538=ORIENTED_EDGE('',*,*,#2741,.T.);
#1539=ORIENTED_EDGE('',*,*,#2751,.F.);
#1540=ORIENTED_EDGE('',*,*,#2557,.F.);
#1541=ORIENTED_EDGE('',*,*,#2556,.F.);
#1542=ORIENTED_EDGE('',*,*,#2555,.F.);
#1543=ORIENTED_EDGE('',*,*,#2554,.F.);
#1544=ORIENTED_EDGE('',*,*,#2553,.F.);
#1545=ORIENTED_EDGE('',*,*,#2552,.F.);
#1546=ORIENTED_EDGE('',*,*,#2615,.F.);
#1547=ORIENTED_EDGE('',*,*,#2582,.T.);
#1548=ORIENTED_EDGE('',*,*,#2585,.F.);
#1549=ORIENTED_EDGE('',*,*,#2581,.F.);
#1550=ORIENTED_EDGE('',*,*,#2616,.F.);
#1551=ORIENTED_EDGE('',*,*,#2584,.T.);
#1552=ORIENTED_EDGE('',*,*,#2587,.F.);
#1553=ORIENTED_EDGE('',*,*,#2583,.F.);
#1554=ORIENTED_EDGE('',*,*,#2602,.F.);
#1555=ORIENTED_EDGE('',*,*,#2601,.T.);
#1556=ORIENTED_EDGE('',*,*,#2603,.T.);
#1557=ORIENTED_EDGE('',*,*,#2598,.F.);
#1558=ORIENTED_EDGE('',*,*,#2604,.T.);
#1559=ORIENTED_EDGE('',*,*,#2600,.T.);
#1560=ORIENTED_EDGE('',*,*,#2605,.F.);
#1561=ORIENTED_EDGE('',*,*,#2599,.F.);
#1562=ORIENTED_EDGE('',*,*,#2552,.T.);
#1563=ORIENTED_EDGE('',*,*,#2606,.F.);
#1564=ORIENTED_EDGE('',*,*,#2600,.F.);
#1565=ORIENTED_EDGE('',*,*,#2595,.T.);
#1566=ORIENTED_EDGE('',*,*,#2591,.F.);
#1567=ORIENTED_EDGE('',*,*,#2607,.T.);
#1568=ORIENTED_EDGE('',*,*,#2554,.T.);
#1569=ORIENTED_EDGE('',*,*,#2608,.F.);
#1570=ORIENTED_EDGE('',*,*,#2590,.F.);
#1571=ORIENTED_EDGE('',*,*,#2592,.T.);
#1572=ORIENTED_EDGE('',*,*,#2601,.F.);
#1573=ORIENTED_EDGE('',*,*,#2609,.F.);
#1574=ORIENTED_EDGE('',*,*,#2615,.T.);
#1575=ORIENTED_EDGE('',*,*,#2561,.F.);
#1576=ORIENTED_EDGE('',*,*,#2558,.T.);
#1577=ORIENTED_EDGE('',*,*,#2562,.T.);
#1578=ORIENTED_EDGE('',*,*,#2616,.T.);
#1579=ORIENTED_EDGE('',*,*,#2563,.F.);
#1580=ORIENTED_EDGE('',*,*,#2559,.T.);
#1581=ORIENTED_EDGE('',*,*,#2564,.T.);
#1582=ORIENTED_EDGE('',*,*,#2583,.T.);
#1583=ORIENTED_EDGE('',*,*,#2596,.F.);
#1584=ORIENTED_EDGE('',*,*,#2605,.T.);
#1585=ORIENTED_EDGE('',*,*,#2606,.T.);
#1586=ORIENTED_EDGE('',*,*,#2553,.T.);
#1587=ORIENTED_EDGE('',*,*,#2609,.T.);
#1588=ORIENTED_EDGE('',*,*,#2602,.T.);
#1589=ORIENTED_EDGE('',*,*,#2586,.F.);
#1590=ORIENTED_EDGE('',*,*,#2582,.F.);
#1591=ORIENTED_EDGE('',*,*,#2562,.F.);
#1592=ORIENTED_EDGE('',*,*,#2560,.T.);
#1593=ORIENTED_EDGE('',*,*,#2563,.T.);
#1594=ORIENTED_EDGE('',*,*,#2597,.F.);
#1595=ORIENTED_EDGE('',*,*,#2603,.F.);
#1596=ORIENTED_EDGE('',*,*,#2592,.F.);
#1597=ORIENTED_EDGE('',*,*,#2588,.F.);
#1598=ORIENTED_EDGE('',*,*,#2708,.F.);
#1599=ORIENTED_EDGE('',*,*,#2568,.T.);
#1600=ORIENTED_EDGE('',*,*,#2567,.F.);
#1601=ORIENTED_EDGE('',*,*,#2565,.F.);
#1602=ORIENTED_EDGE('',*,*,#2566,.F.);
#1603=ORIENTED_EDGE('',*,*,#2571,.T.);
#1604=ORIENTED_EDGE('',*,*,#2565,.T.);
#1605=ORIENTED_EDGE('',*,*,#2570,.T.);
#1606=ORIENTED_EDGE('',*,*,#2574,.F.);
#1607=ORIENTED_EDGE('',*,*,#2575,.F.);
#1608=ORIENTED_EDGE('',*,*,#2572,.T.);
#1609=ORIENTED_EDGE('',*,*,#2557,.T.);
#1610=ORIENTED_EDGE('',*,*,#2607,.F.);
#1611=ORIENTED_EDGE('',*,*,#2569,.F.);
#1612=ORIENTED_EDGE('',*,*,#2566,.T.);
#1613=ORIENTED_EDGE('',*,*,#2571,.F.);
#1614=ORIENTED_EDGE('',*,*,#2576,.F.);
#1615=ORIENTED_EDGE('',*,*,#2570,.F.);
#1616=ORIENTED_EDGE('',*,*,#2567,.T.);
#1617=ORIENTED_EDGE('',*,*,#2594,.F.);
#1618=ORIENTED_EDGE('',*,*,#2608,.T.);
#1619=ORIENTED_EDGE('',*,*,#2555,.T.);
#1620=ORIENTED_EDGE('',*,*,#2610,.T.);
#1621=ORIENTED_EDGE('',*,*,#2709,.F.);
#1622=ORIENTED_EDGE('',*,*,#2611,.T.);
#1623=ORIENTED_EDGE('',*,*,#2588,.T.);
#1624=ORIENTED_EDGE('',*,*,#2590,.T.);
#1625=ORIENTED_EDGE('',*,*,#2594,.T.);
#1626=ORIENTED_EDGE('',*,*,#2568,.F.);
#1627=ORIENTED_EDGE('',*,*,#2569,.T.);
#1628=ORIENTED_EDGE('',*,*,#2591,.T.);
#1629=ORIENTED_EDGE('',*,*,#2593,.T.);
#1630=ORIENTED_EDGE('',*,*,#2589,.T.);
#1631=ORIENTED_EDGE('',*,*,#2710,.F.);
#1632=ORIENTED_EDGE('',*,*,#2577,.T.);
#1633=ORIENTED_EDGE('',*,*,#2573,.T.);
#1634=ORIENTED_EDGE('',*,*,#2610,.F.);
#1635=ORIENTED_EDGE('',*,*,#2556,.T.);
#1636=ORIENTED_EDGE('',*,*,#2572,.F.);
#1637=ORIENTED_EDGE('',*,*,#2574,.T.);
#1638=ORIENTED_EDGE('',*,*,#2576,.T.);
#1639=ORIENTED_EDGE('',*,*,#2573,.F.);
#1640=ORIENTED_EDGE('',*,*,#2575,.T.);
#1641=ORIENTED_EDGE('',*,*,#2593,.F.);
#1642=ORIENTED_EDGE('',*,*,#2595,.F.);
#1643=ORIENTED_EDGE('',*,*,#2604,.F.);
#1644=ORIENTED_EDGE('',*,*,#2728,.F.);
#1645=ORIENTED_EDGE('',*,*,#2711,.F.);
#1646=ORIENTED_EDGE('',*,*,#2577,.F.);
#1647=ORIENTED_EDGE('',*,*,#2578,.T.);
#1648=ORIENTED_EDGE('',*,*,#2612,.F.);
#1649=ORIENTED_EDGE('',*,*,#2614,.F.);
#1650=ORIENTED_EDGE('',*,*,#2710,.T.);
#1651=ORIENTED_EDGE('',*,*,#2579,.T.);
#1652=ORIENTED_EDGE('',*,*,#2617,.T.);
#1653=ORIENTED_EDGE('',*,*,#2578,.F.);
#1654=ORIENTED_EDGE('',*,*,#2709,.T.);
#1655=ORIENTED_EDGE('',*,*,#2614,.T.);
#1656=ORIENTED_EDGE('',*,*,#2613,.T.);
#1657=ORIENTED_EDGE('',*,*,#2580,.F.);
#1658=ORIENTED_EDGE('',*,*,#2618,.T.);
#1659=ORIENTED_EDGE('',*,*,#2619,.T.);
#1660=ORIENTED_EDGE('',*,*,#2620,.T.);
#1661=ORIENTED_EDGE('',*,*,#2621,.T.);
#1662=ORIENTED_EDGE('',*,*,#2622,.T.);
#1663=ORIENTED_EDGE('',*,*,#2623,.T.);
#1664=ORIENTED_EDGE('',*,*,#2647,.T.);
#1665=ORIENTED_EDGE('',*,*,#2651,.T.);
#1666=ORIENTED_EDGE('',*,*,#2648,.F.);
#1667=ORIENTED_EDGE('',*,*,#2681,.T.);
#1668=ORIENTED_EDGE('',*,*,#2649,.T.);
#1669=ORIENTED_EDGE('',*,*,#2653,.T.);
#1670=ORIENTED_EDGE('',*,*,#2650,.F.);
#1671=ORIENTED_EDGE('',*,*,#2682,.T.);
#1672=ORIENTED_EDGE('',*,*,#2664,.T.);
#1673=ORIENTED_EDGE('',*,*,#2669,.F.);
#1674=ORIENTED_EDGE('',*,*,#2667,.F.);
#1675=ORIENTED_EDGE('',*,*,#2668,.T.);
#1676=ORIENTED_EDGE('',*,*,#2665,.T.);
#1677=ORIENTED_EDGE('',*,*,#2671,.T.);
#1678=ORIENTED_EDGE('',*,*,#2666,.F.);
#1679=ORIENTED_EDGE('',*,*,#2670,.F.);
#1680=ORIENTED_EDGE('',*,*,#2673,.F.);
#1681=ORIENTED_EDGE('',*,*,#2657,.T.);
#1682=ORIENTED_EDGE('',*,*,#2661,.F.);
#1683=ORIENTED_EDGE('',*,*,#2666,.T.);
#1684=ORIENTED_EDGE('',*,*,#2672,.T.);
#1685=ORIENTED_EDGE('',*,*,#2618,.F.);
#1686=ORIENTED_EDGE('',*,*,#2675,.T.);
#1687=ORIENTED_EDGE('',*,*,#2667,.T.);
#1688=ORIENTED_EDGE('',*,*,#2658,.F.);
#1689=ORIENTED_EDGE('',*,*,#2656,.T.);
#1690=ORIENTED_EDGE('',*,*,#2674,.T.);
#1691=ORIENTED_EDGE('',*,*,#2620,.F.);
#1692=ORIENTED_EDGE('',*,*,#2628,.F.);
#1693=ORIENTED_EDGE('',*,*,#2624,.F.);
#1694=ORIENTED_EDGE('',*,*,#2627,.T.);
#1695=ORIENTED_EDGE('',*,*,#2681,.F.);
#1696=ORIENTED_EDGE('',*,*,#2630,.F.);
#1697=ORIENTED_EDGE('',*,*,#2625,.F.);
#1698=ORIENTED_EDGE('',*,*,#2629,.T.);
#1699=ORIENTED_EDGE('',*,*,#2682,.F.);
#1700=ORIENTED_EDGE('',*,*,#2629,.F.);
#1701=ORIENTED_EDGE('',*,*,#2626,.F.);
#1702=ORIENTED_EDGE('',*,*,#2628,.T.);
#1703=ORIENTED_EDGE('',*,*,#2648,.T.);
#1704=ORIENTED_EDGE('',*,*,#2652,.T.);
#1705=ORIENTED_EDGE('',*,*,#2668,.F.);
#1706=ORIENTED_EDGE('',*,*,#2675,.F.);
#1707=ORIENTED_EDGE('',*,*,#2619,.F.);
#1708=ORIENTED_EDGE('',*,*,#2672,.F.);
#1709=ORIENTED_EDGE('',*,*,#2671,.F.);
#1710=ORIENTED_EDGE('',*,*,#2662,.T.);
#1711=ORIENTED_EDGE('',*,*,#2649,.F.);
#1712=ORIENTED_EDGE('',*,*,#2712,.T.);
#1713=ORIENTED_EDGE('',*,*,#2654,.T.);
#1714=ORIENTED_EDGE('',*,*,#2658,.T.);
#1715=ORIENTED_EDGE('',*,*,#2669,.T.);
#1716=ORIENTED_EDGE('',*,*,#2663,.T.);
#1717=ORIENTED_EDGE('',*,*,#2632,.T.);
#1718=ORIENTED_EDGE('',*,*,#2631,.T.);
#1719=ORIENTED_EDGE('',*,*,#2633,.T.);
#1720=ORIENTED_EDGE('',*,*,#2634,.F.);
#1721=ORIENTED_EDGE('',*,*,#2640,.T.);
#1722=ORIENTED_EDGE('',*,*,#2636,.F.);
#1723=ORIENTED_EDGE('',*,*,#2631,.F.);
#1724=ORIENTED_EDGE('',*,*,#2637,.F.);
#1725=ORIENTED_EDGE('',*,*,#2637,.T.);
#1726=ORIENTED_EDGE('',*,*,#2632,.F.);
#1727=ORIENTED_EDGE('',*,*,#2635,.T.);
#1728=ORIENTED_EDGE('',*,*,#2673,.T.);
#1729=ORIENTED_EDGE('',*,*,#2623,.F.);
#1730=ORIENTED_EDGE('',*,*,#2638,.F.);
#1731=ORIENTED_EDGE('',*,*,#2641,.T.);
#1732=ORIENTED_EDGE('',*,*,#2676,.F.);
#1733=ORIENTED_EDGE('',*,*,#2621,.F.);
#1734=ORIENTED_EDGE('',*,*,#2674,.F.);
#1735=ORIENTED_EDGE('',*,*,#2660,.T.);
#1736=ORIENTED_EDGE('',*,*,#2633,.F.);
#1737=ORIENTED_EDGE('',*,*,#2636,.T.);
#1738=ORIENTED_EDGE('',*,*,#2642,.T.);
#1739=ORIENTED_EDGE('',*,*,#2643,.F.);
#1740=ORIENTED_EDGE('',*,*,#2713,.T.);
#1741=ORIENTED_EDGE('',*,*,#2655,.F.);
#1742=ORIENTED_EDGE('',*,*,#2659,.F.);
#1743=ORIENTED_EDGE('',*,*,#2657,.F.);
#1744=ORIENTED_EDGE('',*,*,#2635,.F.);
#1745=ORIENTED_EDGE('',*,*,#2634,.T.);
#1746=ORIENTED_EDGE('',*,*,#2660,.F.);
#1747=ORIENTED_EDGE('',*,*,#2656,.F.);
#1748=ORIENTED_EDGE('',*,*,#2654,.F.);
#1749=ORIENTED_EDGE('',*,*,#2677,.F.);
#1750=ORIENTED_EDGE('',*,*,#2714,.T.);
#1751=ORIENTED_EDGE('',*,*,#2638,.T.);
#1752=ORIENTED_EDGE('',*,*,#2622,.F.);
#1753=ORIENTED_EDGE('',*,*,#2676,.T.);
#1754=ORIENTED_EDGE('',*,*,#2639,.F.);
#1755=ORIENTED_EDGE('',*,*,#2641,.F.);
#1756=ORIENTED_EDGE('',*,*,#2639,.T.);
#1757=ORIENTED_EDGE('',*,*,#2642,.F.);
#1758=ORIENTED_EDGE('',*,*,#2640,.F.);
#1759=ORIENTED_EDGE('',*,*,#2715,.T.);
#1760=ORIENTED_EDGE('',*,*,#2729,.T.);
#1761=ORIENTED_EDGE('',*,*,#2670,.T.);
#1762=ORIENTED_EDGE('',*,*,#2661,.T.);
#1763=ORIENTED_EDGE('',*,*,#2659,.T.);
#1764=ORIENTED_EDGE('',*,*,#2680,.T.);
#1765=ORIENTED_EDGE('',*,*,#2678,.T.);
#1766=ORIENTED_EDGE('',*,*,#2644,.F.);
#1767=ORIENTED_EDGE('',*,*,#2643,.T.);
#1768=ORIENTED_EDGE('',*,*,#2644,.T.);
#1769=ORIENTED_EDGE('',*,*,#2683,.F.);
#1770=ORIENTED_EDGE('',*,*,#2645,.F.);
#1771=ORIENTED_EDGE('',*,*,#2713,.F.);
#1772=ORIENTED_EDGE('',*,*,#2646,.T.);
#1773=ORIENTED_EDGE('',*,*,#2679,.F.);
#1774=ORIENTED_EDGE('',*,*,#2680,.F.);
#1775=ORIENTED_EDGE('',*,*,#2714,.F.);
#1776=ORIENTED_EDGE('',*,*,#2685,.T.);
#1777=ORIENTED_EDGE('',*,*,#2559,.F.);
#1778=ORIENTED_EDGE('',*,*,#2560,.F.);
#1779=ORIENTED_EDGE('',*,*,#2558,.F.);
#1780=ORIENTED_EDGE('',*,*,#2684,.T.);
#1781=ORIENTED_EDGE('',*,*,#2624,.T.);
#1782=ORIENTED_EDGE('',*,*,#2626,.T.);
#1783=ORIENTED_EDGE('',*,*,#2625,.T.);
#1784=ORIENTED_EDGE('',*,*,#2754,.T.);
#1785=ORIENTED_EDGE('',*,*,#2738,.F.);
#1786=ORIENTED_EDGE('',*,*,#2764,.T.);
#1787=ORIENTED_EDGE('',*,*,#2647,.F.);
#1788=ORIENTED_EDGE('',*,*,#2627,.F.);
#1789=ORIENTED_EDGE('',*,*,#2684,.F.);
#1790=ORIENTED_EDGE('',*,*,#2561,.T.);
#1791=ORIENTED_EDGE('',*,*,#2581,.T.);
#1792=ORIENTED_EDGE('',*,*,#2766,.T.);
#1793=ORIENTED_EDGE('',*,*,#2752,.F.);
#1794=ORIENTED_EDGE('',*,*,#2768,.T.);
#1795=ORIENTED_EDGE('',*,*,#2584,.F.);
#1796=ORIENTED_EDGE('',*,*,#2564,.F.);
#1797=ORIENTED_EDGE('',*,*,#2685,.F.);
#1798=ORIENTED_EDGE('',*,*,#2630,.T.);
#1799=ORIENTED_EDGE('',*,*,#2650,.T.);
#1800=ORIENTED_EDGE('',*,*,#2761,.T.);
#1801=ORIENTED_EDGE('',*,*,#2739,.F.);
#1802=ORIENTED_EDGE('',*,*,#2740,.T.);
#1803=ORIENTED_EDGE('',*,*,#2753,.F.);
#1804=ORIENTED_EDGE('',*,*,#2760,.T.);
#1805=ORIENTED_EDGE('',*,*,#2699,.F.);
#1806=ORIENTED_EDGE('',*,*,#2698,.F.);
#1807=ORIENTED_EDGE('',*,*,#2697,.T.);
#1808=ORIENTED_EDGE('',*,*,#2769,.T.);
#1809=ORIENTED_EDGE('',*,*,#2549,.F.);
#1810=ORIENTED_EDGE('',*,*,#2765,.T.);
#1811=ORIENTED_EDGE('',*,*,#2546,.T.);
#1812=ORIENTED_EDGE('',*,*,#2767,.T.);
#1813=ORIENTED_EDGE('',*,*,#2687,.F.);
#1814=ORIENTED_EDGE('',*,*,#2686,.F.);
#1815=ORIENTED_EDGE('',*,*,#2688,.T.);
#1816=ORIENTED_EDGE('',*,*,#2722,.T.);
#1817=ORIENTED_EDGE('',*,*,#2690,.F.);
#1818=ORIENTED_EDGE('',*,*,#2689,.F.);
#1819=ORIENTED_EDGE('',*,*,#2687,.T.);
#1820=ORIENTED_EDGE('',*,*,#2723,.T.);
#1821=ORIENTED_EDGE('',*,*,#2692,.F.);
#1822=ORIENTED_EDGE('',*,*,#2691,.F.);
#1823=ORIENTED_EDGE('',*,*,#2690,.T.);
#1824=ORIENTED_EDGE('',*,*,#2763,.F.);
#1825=ORIENTED_EDGE('',*,*,#2692,.T.);
#1826=ORIENTED_EDGE('',*,*,#2724,.T.);
#1827=ORIENTED_EDGE('',*,*,#2708,.T.);
#1828=ORIENTED_EDGE('',*,*,#2611,.F.);
#1829=ORIENTED_EDGE('',*,*,#2580,.T.);
#1830=ORIENTED_EDGE('',*,*,#2579,.F.);
#1831=ORIENTED_EDGE('',*,*,#2589,.F.);
#1832=ORIENTED_EDGE('',*,*,#2711,.T.);
#1833=ORIENTED_EDGE('',*,*,#2716,.T.);
#1834=ORIENTED_EDGE('',*,*,#2693,.F.);
#1835=ORIENTED_EDGE('',*,*,#2759,.F.);
#1836=ORIENTED_EDGE('',*,*,#2717,.T.);
#1837=ORIENTED_EDGE('',*,*,#2695,.F.);
#1838=ORIENTED_EDGE('',*,*,#2694,.F.);
#1839=ORIENTED_EDGE('',*,*,#2693,.T.);
#1840=ORIENTED_EDGE('',*,*,#2718,.T.);
#1841=ORIENTED_EDGE('',*,*,#2697,.F.);
#1842=ORIENTED_EDGE('',*,*,#2696,.F.);
#1843=ORIENTED_EDGE('',*,*,#2695,.T.);
#1844=ORIENTED_EDGE('',*,*,#2719,.T.);
#1845=ORIENTED_EDGE('',*,*,#2701,.F.);
#1846=ORIENTED_EDGE('',*,*,#2700,.F.);
#1847=ORIENTED_EDGE('',*,*,#2699,.T.);
#1848=ORIENTED_EDGE('',*,*,#2720,.T.);
#1849=ORIENTED_EDGE('',*,*,#2703,.F.);
#1850=ORIENTED_EDGE('',*,*,#2702,.F.);
#1851=ORIENTED_EDGE('',*,*,#2701,.T.);
#1852=ORIENTED_EDGE('',*,*,#2655,.T.);
#1853=ORIENTED_EDGE('',*,*,#2645,.T.);
#1854=ORIENTED_EDGE('',*,*,#2758,.F.);
#1855=ORIENTED_EDGE('',*,*,#2703,.T.);
#1856=ORIENTED_EDGE('',*,*,#2721,.T.);
#1857=ORIENTED_EDGE('',*,*,#2715,.F.);
#1858=ORIENTED_EDGE('',*,*,#2712,.F.);
#1859=ORIENTED_EDGE('',*,*,#2725,.T.);
#1860=ORIENTED_EDGE('',*,*,#2704,.F.);
#1861=ORIENTED_EDGE('',*,*,#2762,.F.);
#1862=ORIENTED_EDGE('',*,*,#2646,.F.);
#1863=ORIENTED_EDGE('',*,*,#2677,.T.);
#1864=ORIENTED_EDGE('',*,*,#2726,.T.);
#1865=ORIENTED_EDGE('',*,*,#2706,.F.);
#1866=ORIENTED_EDGE('',*,*,#2705,.F.);
#1867=ORIENTED_EDGE('',*,*,#2704,.T.);
#1868=ORIENTED_EDGE('',*,*,#2727,.T.);
#1869=ORIENTED_EDGE('',*,*,#2688,.F.);
#1870=ORIENTED_EDGE('',*,*,#2707,.F.);
#1871=ORIENTED_EDGE('',*,*,#2706,.T.);
#1872=ORIENTED_EDGE('',*,*,#2731,.T.);
#1873=ORIENTED_EDGE('',*,*,#2742,.F.);
#1874=ORIENTED_EDGE('',*,*,#2732,.T.);
#1875=ORIENTED_EDGE('',*,*,#2730,.F.);
#1876=ORIENTED_EDGE('',*,*,#2547,.T.);
#1877=ORIENTED_EDGE('',*,*,#2738,.T.);
#1878=ORIENTED_EDGE('',*,*,#2736,.T.);
#1879=ORIENTED_EDGE('',*,*,#2743,.F.);
#1880=ORIENTED_EDGE('',*,*,#2735,.T.);
#1881=ORIENTED_EDGE('',*,*,#2739,.T.);
#1882=ORIENTED_EDGE('',*,*,#2550,.T.);
#1883=ORIENTED_EDGE('',*,*,#2734,.F.);
#1884=ORIENTED_EDGE('',*,*,#2733,.T.);
#1885=ORIENTED_EDGE('',*,*,#2742,.T.);
#1886=ORIENTED_EDGE('',*,*,#2737,.T.);
#1887=ORIENTED_EDGE('',*,*,#2743,.T.);
#1888=ORIENTED_EDGE('',*,*,#2749,.T.);
#1889=ORIENTED_EDGE('',*,*,#2757,.F.);
#1890=ORIENTED_EDGE('',*,*,#2745,.T.);
#1891=ORIENTED_EDGE('',*,*,#2756,.F.);
#1892=ORIENTED_EDGE('',*,*,#2747,.T.);
#1893=ORIENTED_EDGE('',*,*,#2756,.T.);
#1894=ORIENTED_EDGE('',*,*,#2746,.T.);
#1895=ORIENTED_EDGE('',*,*,#2752,.T.);
#1896=ORIENTED_EDGE('',*,*,#2548,.F.);
#1897=ORIENTED_EDGE('',*,*,#2744,.F.);
#1898=ORIENTED_EDGE('',*,*,#2751,.T.);
#1899=ORIENTED_EDGE('',*,*,#2748,.F.);
#1900=ORIENTED_EDGE('',*,*,#2551,.F.);
#1901=ORIENTED_EDGE('',*,*,#2753,.T.);
#1902=ORIENTED_EDGE('',*,*,#2750,.T.);
#1903=ORIENTED_EDGE('',*,*,#2757,.T.);
#1904=ORIENTED_EDGE('',*,*,#2550,.F.);
#1905=ORIENTED_EDGE('',*,*,#2761,.F.);
#1906=ORIENTED_EDGE('',*,*,#2653,.F.);
#1907=ORIENTED_EDGE('',*,*,#2662,.F.);
#1908=ORIENTED_EDGE('',*,*,#2665,.F.);
#1909=ORIENTED_EDGE('',*,*,#2729,.F.);
#1910=ORIENTED_EDGE('',*,*,#2721,.F.);
#1911=ORIENTED_EDGE('',*,*,#2720,.F.);
#1912=ORIENTED_EDGE('',*,*,#2719,.F.);
#1913=ORIENTED_EDGE('',*,*,#2760,.F.);
#1914=ORIENTED_EDGE('',*,*,#2762,.T.);
#1915=ORIENTED_EDGE('',*,*,#2705,.T.);
#1916=ORIENTED_EDGE('',*,*,#2707,.T.);
#1917=ORIENTED_EDGE('',*,*,#2686,.T.);
#1918=ORIENTED_EDGE('',*,*,#2689,.T.);
#1919=ORIENTED_EDGE('',*,*,#2691,.T.);
#1920=ORIENTED_EDGE('',*,*,#2763,.T.);
#1921=ORIENTED_EDGE('',*,*,#2613,.F.);
#1922=ORIENTED_EDGE('',*,*,#2612,.T.);
#1923=ORIENTED_EDGE('',*,*,#2617,.F.);
#1924=ORIENTED_EDGE('',*,*,#2759,.T.);
#1925=ORIENTED_EDGE('',*,*,#2694,.T.);
#1926=ORIENTED_EDGE('',*,*,#2696,.T.);
#1927=ORIENTED_EDGE('',*,*,#2698,.T.);
#1928=ORIENTED_EDGE('',*,*,#2700,.T.);
#1929=ORIENTED_EDGE('',*,*,#2702,.T.);
#1930=ORIENTED_EDGE('',*,*,#2758,.T.);
#1931=ORIENTED_EDGE('',*,*,#2683,.T.);
#1932=ORIENTED_EDGE('',*,*,#2678,.F.);
#1933=ORIENTED_EDGE('',*,*,#2679,.T.);
#1934=ORIENTED_EDGE('',*,*,#2547,.F.);
#1935=ORIENTED_EDGE('',*,*,#2765,.F.);
#1936=ORIENTED_EDGE('',*,*,#2727,.F.);
#1937=ORIENTED_EDGE('',*,*,#2726,.F.);
#1938=ORIENTED_EDGE('',*,*,#2725,.F.);
#1939=ORIENTED_EDGE('',*,*,#2663,.F.);
#1940=ORIENTED_EDGE('',*,*,#2664,.F.);
#1941=ORIENTED_EDGE('',*,*,#2652,.F.);
#1942=ORIENTED_EDGE('',*,*,#2651,.F.);
#1943=ORIENTED_EDGE('',*,*,#2764,.F.);
#1944=ORIENTED_EDGE('',*,*,#2585,.T.);
#1945=ORIENTED_EDGE('',*,*,#2586,.T.);
#1946=ORIENTED_EDGE('',*,*,#2598,.T.);
#1947=ORIENTED_EDGE('',*,*,#2597,.T.);
#1948=ORIENTED_EDGE('',*,*,#2724,.F.);
#1949=ORIENTED_EDGE('',*,*,#2723,.F.);
#1950=ORIENTED_EDGE('',*,*,#2722,.F.);
#1951=ORIENTED_EDGE('',*,*,#2767,.F.);
#1952=ORIENTED_EDGE('',*,*,#2548,.T.);
#1953=ORIENTED_EDGE('',*,*,#2766,.F.);
#1954=ORIENTED_EDGE('',*,*,#2551,.T.);
#1955=ORIENTED_EDGE('',*,*,#2769,.F.);
#1956=ORIENTED_EDGE('',*,*,#2718,.F.);
#1957=ORIENTED_EDGE('',*,*,#2717,.F.);
#1958=ORIENTED_EDGE('',*,*,#2716,.F.);
#1959=ORIENTED_EDGE('',*,*,#2728,.T.);
#1960=ORIENTED_EDGE('',*,*,#2599,.T.);
#1961=ORIENTED_EDGE('',*,*,#2596,.T.);
#1962=ORIENTED_EDGE('',*,*,#2587,.T.);
#1963=ORIENTED_EDGE('',*,*,#2768,.F.);
#1964=ORIENTED_EDGE('',*,*,#2830,.T.);
#1965=ORIENTED_EDGE('',*,*,#2828,.T.);
#1966=ORIENTED_EDGE('',*,*,#2826,.T.);
#1967=ORIENTED_EDGE('',*,*,#2799,.T.);
#1968=ORIENTED_EDGE('',*,*,#2800,.T.);
#1969=ORIENTED_EDGE('',*,*,#2810,.T.);
#1970=ORIENTED_EDGE('',*,*,#2822,.T.);
#1971=ORIENTED_EDGE('',*,*,#2818,.T.);
#1972=ORIENTED_EDGE('',*,*,#2778,.T.);
#1973=ORIENTED_EDGE('',*,*,#2816,.T.);
#1974=ORIENTED_EDGE('',*,*,#2812,.T.);
#1975=ORIENTED_EDGE('',*,*,#2779,.T.);
#1976=ORIENTED_EDGE('',*,*,#2777,.T.);
#1977=ORIENTED_EDGE('',*,*,#2808,.T.);
#1978=ORIENTED_EDGE('',*,*,#2804,.T.);
#1979=ORIENTED_EDGE('',*,*,#2795,.T.);
#1980=ORIENTED_EDGE('',*,*,#2796,.T.);
#1981=ORIENTED_EDGE('',*,*,#2797,.T.);
#1982=ORIENTED_EDGE('',*,*,#2798,.T.);
#1983=ORIENTED_EDGE('',*,*,#2832,.T.);
#1984=ORIENTED_EDGE('',*,*,#2825,.F.);
#1985=ORIENTED_EDGE('',*,*,#2829,.T.);
#1986=ORIENTED_EDGE('',*,*,#2827,.F.);
#1987=ORIENTED_EDGE('',*,*,#2828,.F.);
#1988=ORIENTED_EDGE('',*,*,#2773,.T.);
#1989=ORIENTED_EDGE('',*,*,#2777,.F.);
#1990=ORIENTED_EDGE('',*,*,#2774,.F.);
#1991=ORIENTED_EDGE('',*,*,#2770,.F.);
#1992=ORIENTED_EDGE('',*,*,#2776,.T.);
#1993=ORIENTED_EDGE('',*,*,#2812,.F.);
#1994=ORIENTED_EDGE('',*,*,#2814,.T.);
#1995=ORIENTED_EDGE('',*,*,#2771,.F.);
#1996=ORIENTED_EDGE('',*,*,#2774,.T.);
#1997=ORIENTED_EDGE('',*,*,#2779,.F.);
#1998=ORIENTED_EDGE('',*,*,#2776,.F.);
#1999=ORIENTED_EDGE('',*,*,#2801,.F.);
#2000=ORIENTED_EDGE('',*,*,#2788,.T.);
#2001=ORIENTED_EDGE('',*,*,#2804,.F.);
#2002=ORIENTED_EDGE('',*,*,#2805,.T.);
#2003=ORIENTED_EDGE('',*,*,#2802,.F.);
#2004=ORIENTED_EDGE('',*,*,#2789,.T.);
#2005=ORIENTED_EDGE('',*,*,#2795,.F.);
#2006=ORIENTED_EDGE('',*,*,#2788,.F.);
#2007=ORIENTED_EDGE('',*,*,#2803,.F.);
#2008=ORIENTED_EDGE('',*,*,#2790,.T.);
#2009=ORIENTED_EDGE('',*,*,#2796,.F.);
#2010=ORIENTED_EDGE('',*,*,#2789,.F.);
#2011=ORIENTED_EDGE('',*,*,#2772,.F.);
#2012=ORIENTED_EDGE('',*,*,#2791,.T.);
#2013=ORIENTED_EDGE('',*,*,#2797,.F.);
#2014=ORIENTED_EDGE('',*,*,#2790,.F.);
#2015=ORIENTED_EDGE('',*,*,#2780,.F.);
#2016=ORIENTED_EDGE('',*,*,#2823,.T.);
#2017=ORIENTED_EDGE('',*,*,#2825,.T.);
#2018=ORIENTED_EDGE('',*,*,#2830,.F.);
#2019=ORIENTED_EDGE('',*,*,#2831,.T.);
#2020=ORIENTED_EDGE('',*,*,#2806,.F.);
#2021=ORIENTED_EDGE('',*,*,#2792,.T.);
#2022=ORIENTED_EDGE('',*,*,#2826,.F.);
#2023=ORIENTED_EDGE('',*,*,#2827,.T.);
#2024=ORIENTED_EDGE('',*,*,#2824,.T.);
#2025=ORIENTED_EDGE('',*,*,#2807,.F.);
#2026=ORIENTED_EDGE('',*,*,#2793,.T.);
#2027=ORIENTED_EDGE('',*,*,#2799,.F.);
#2028=ORIENTED_EDGE('',*,*,#2792,.F.);
#2029=ORIENTED_EDGE('',*,*,#2781,.F.);
#2030=ORIENTED_EDGE('',*,*,#2794,.T.);
#2031=ORIENTED_EDGE('',*,*,#2800,.F.);
#2032=ORIENTED_EDGE('',*,*,#2793,.F.);
#2033=ORIENTED_EDGE('',*,*,#2809,.F.);
#2034=ORIENTED_EDGE('',*,*,#2805,.F.);
#2035=ORIENTED_EDGE('',*,*,#2808,.F.);
#2036=ORIENTED_EDGE('',*,*,#2773,.F.);
#2037=ORIENTED_EDGE('',*,*,#2782,.F.);
#2038=ORIENTED_EDGE('',*,*,#2819,.T.);
#2039=ORIENTED_EDGE('',*,*,#2810,.F.);
#2040=ORIENTED_EDGE('',*,*,#2794,.F.);
#2041=ORIENTED_EDGE('',*,*,#2811,.F.);
#2042=ORIENTED_EDGE('',*,*,#2813,.F.);
#2043=ORIENTED_EDGE('',*,*,#2778,.F.);
#2044=ORIENTED_EDGE('',*,*,#2775,.F.);
#2045=ORIENTED_EDGE('',*,*,#2783,.F.);
#2046=ORIENTED_EDGE('',*,*,#2814,.F.);
#2047=ORIENTED_EDGE('',*,*,#2816,.F.);
#2048=ORIENTED_EDGE('',*,*,#2813,.T.);
#2049=ORIENTED_EDGE('',*,*,#2784,.F.);
#2050=ORIENTED_EDGE('',*,*,#2775,.T.);
#2051=ORIENTED_EDGE('',*,*,#2818,.F.);
#2052=ORIENTED_EDGE('',*,*,#2821,.F.);
#2053=ORIENTED_EDGE('',*,*,#2785,.F.);
#2054=ORIENTED_EDGE('',*,*,#2821,.T.);
#2055=ORIENTED_EDGE('',*,*,#2822,.F.);
#2056=ORIENTED_EDGE('',*,*,#2819,.F.);
#2057=ORIENTED_EDGE('',*,*,#2815,.F.);
#2058=ORIENTED_EDGE('',*,*,#2786,.T.);
#2059=ORIENTED_EDGE('',*,*,#2824,.F.);
#2060=ORIENTED_EDGE('',*,*,#2829,.F.);
#2061=ORIENTED_EDGE('',*,*,#2823,.F.);
#2062=ORIENTED_EDGE('',*,*,#2820,.F.);
#2063=ORIENTED_EDGE('',*,*,#2798,.F.);
#2064=ORIENTED_EDGE('',*,*,#2791,.F.);
#2065=ORIENTED_EDGE('',*,*,#2817,.F.);
#2066=ORIENTED_EDGE('',*,*,#2831,.F.);
#2067=ORIENTED_EDGE('',*,*,#2832,.F.);
#2068=ORIENTED_EDGE('',*,*,#2820,.T.);
#2069=ORIENTED_EDGE('',*,*,#2787,.F.);
#2070=ORIENTED_EDGE('',*,*,#2875,.F.);
#2071=ORIENTED_EDGE('',*,*,#2850,.F.);
#2072=ORIENTED_EDGE('',*,*,#2849,.F.);
#2073=ORIENTED_EDGE('',*,*,#2848,.F.);
#2074=ORIENTED_EDGE('',*,*,#2847,.F.);
#2075=ORIENTED_EDGE('',*,*,#2853,.F.);
#2076=ORIENTED_EDGE('',*,*,#2855,.F.);
#2077=ORIENTED_EDGE('',*,*,#2837,.F.);
#2078=ORIENTED_EDGE('',*,*,#2839,.F.);
#2079=ORIENTED_EDGE('',*,*,#2857,.F.);
#2080=ORIENTED_EDGE('',*,*,#2860,.F.);
#2081=ORIENTED_EDGE('',*,*,#2838,.F.);
#2082=ORIENTED_EDGE('',*,*,#2861,.F.);
#2083=ORIENTED_EDGE('',*,*,#2865,.F.);
#2084=ORIENTED_EDGE('',*,*,#2856,.F.);
#2085=ORIENTED_EDGE('',*,*,#2852,.F.);
#2086=ORIENTED_EDGE('',*,*,#2851,.F.);
#2087=ORIENTED_EDGE('',*,*,#2869,.F.);
#2088=ORIENTED_EDGE('',*,*,#2871,.F.);
#2089=ORIENTED_EDGE('',*,*,#2873,.F.);
#2090=ORIENTED_EDGE('',*,*,#2871,.T.);
#2091=ORIENTED_EDGE('',*,*,#2870,.T.);
#2092=ORIENTED_EDGE('',*,*,#2872,.F.);
#2093=ORIENTED_EDGE('',*,*,#2868,.T.);
#2094=ORIENTED_EDGE('',*,*,#2770,.T.);
#2095=ORIENTED_EDGE('',*,*,#2834,.T.);
#2096=ORIENTED_EDGE('',*,*,#2837,.T.);
#2097=ORIENTED_EDGE('',*,*,#2833,.F.);
#2098=ORIENTED_EDGE('',*,*,#2771,.T.);
#2099=ORIENTED_EDGE('',*,*,#2859,.F.);
#2100=ORIENTED_EDGE('',*,*,#2857,.T.);
#2101=ORIENTED_EDGE('',*,*,#2836,.F.);
#2102=ORIENTED_EDGE('',*,*,#2801,.T.);
#2103=ORIENTED_EDGE('',*,*,#2836,.T.);
#2104=ORIENTED_EDGE('',*,*,#2839,.T.);
#2105=ORIENTED_EDGE('',*,*,#2834,.F.);
#2106=ORIENTED_EDGE('',*,*,#2802,.T.);
#2107=ORIENTED_EDGE('',*,*,#2854,.F.);
#2108=ORIENTED_EDGE('',*,*,#2853,.T.);
#2109=ORIENTED_EDGE('',*,*,#2840,.F.);
#2110=ORIENTED_EDGE('',*,*,#2803,.T.);
#2111=ORIENTED_EDGE('',*,*,#2840,.T.);
#2112=ORIENTED_EDGE('',*,*,#2847,.T.);
#2113=ORIENTED_EDGE('',*,*,#2841,.F.);
#2114=ORIENTED_EDGE('',*,*,#2772,.T.);
#2115=ORIENTED_EDGE('',*,*,#2841,.T.);
#2116=ORIENTED_EDGE('',*,*,#2848,.T.);
#2117=ORIENTED_EDGE('',*,*,#2842,.F.);
#2118=ORIENTED_EDGE('',*,*,#2780,.T.);
#2119=ORIENTED_EDGE('',*,*,#2842,.T.);
#2120=ORIENTED_EDGE('',*,*,#2849,.T.);
#2121=ORIENTED_EDGE('',*,*,#2843,.F.);
#2122=ORIENTED_EDGE('',*,*,#2806,.T.);
#2123=ORIENTED_EDGE('',*,*,#2874,.F.);
#2124=ORIENTED_EDGE('',*,*,#2873,.T.);
#2125=ORIENTED_EDGE('',*,*,#2868,.F.);
#2126=ORIENTED_EDGE('',*,*,#2866,.F.);
#2127=ORIENTED_EDGE('',*,*,#2807,.T.);
#2128=ORIENTED_EDGE('',*,*,#2867,.F.);
#2129=ORIENTED_EDGE('',*,*,#2870,.F.);
#2130=ORIENTED_EDGE('',*,*,#2869,.T.);
#2131=ORIENTED_EDGE('',*,*,#2844,.F.);
#2132=ORIENTED_EDGE('',*,*,#2781,.T.);
#2133=ORIENTED_EDGE('',*,*,#2844,.T.);
#2134=ORIENTED_EDGE('',*,*,#2851,.T.);
#2135=ORIENTED_EDGE('',*,*,#2845,.F.);
#2136=ORIENTED_EDGE('',*,*,#2809,.T.);
#2137=ORIENTED_EDGE('',*,*,#2845,.T.);
#2138=ORIENTED_EDGE('',*,*,#2852,.T.);
#2139=ORIENTED_EDGE('',*,*,#2846,.F.);
#2140=ORIENTED_EDGE('',*,*,#2782,.T.);
#2141=ORIENTED_EDGE('',*,*,#2833,.T.);
#2142=ORIENTED_EDGE('',*,*,#2855,.T.);
#2143=ORIENTED_EDGE('',*,*,#2854,.T.);
#2144=ORIENTED_EDGE('',*,*,#2811,.T.);
#2145=ORIENTED_EDGE('',*,*,#2846,.T.);
#2146=ORIENTED_EDGE('',*,*,#2856,.T.);
#2147=ORIENTED_EDGE('',*,*,#2862,.F.);
#2148=ORIENTED_EDGE('',*,*,#2783,.T.);
#2149=ORIENTED_EDGE('',*,*,#2835,.T.);
#2150=ORIENTED_EDGE('',*,*,#2838,.T.);
#2151=ORIENTED_EDGE('',*,*,#2858,.T.);
#2152=ORIENTED_EDGE('',*,*,#2784,.T.);
#2153=ORIENTED_EDGE('',*,*,#2858,.F.);
#2154=ORIENTED_EDGE('',*,*,#2860,.T.);
#2155=ORIENTED_EDGE('',*,*,#2859,.T.);
#2156=ORIENTED_EDGE('',*,*,#2785,.T.);
#2157=ORIENTED_EDGE('',*,*,#2864,.T.);
#2158=ORIENTED_EDGE('',*,*,#2861,.T.);
#2159=ORIENTED_EDGE('',*,*,#2835,.F.);
#2160=ORIENTED_EDGE('',*,*,#2815,.T.);
#2161=ORIENTED_EDGE('',*,*,#2862,.T.);
#2162=ORIENTED_EDGE('',*,*,#2865,.T.);
#2163=ORIENTED_EDGE('',*,*,#2864,.F.);
#2164=ORIENTED_EDGE('',*,*,#2866,.T.);
#2165=ORIENTED_EDGE('',*,*,#2872,.T.);
#2166=ORIENTED_EDGE('',*,*,#2867,.T.);
#2167=ORIENTED_EDGE('',*,*,#2786,.F.);
#2168=ORIENTED_EDGE('',*,*,#2817,.T.);
#2169=ORIENTED_EDGE('',*,*,#2843,.T.);
#2170=ORIENTED_EDGE('',*,*,#2850,.T.);
#2171=ORIENTED_EDGE('',*,*,#2863,.T.);
#2172=ORIENTED_EDGE('',*,*,#2787,.T.);
#2173=ORIENTED_EDGE('',*,*,#2863,.F.);
#2174=ORIENTED_EDGE('',*,*,#2875,.T.);
#2175=ORIENTED_EDGE('',*,*,#2874,.T.);
#2176=EDGE_CURVE('',#3576,#3577,#3101,.T.);
#2177=EDGE_CURVE('',#3576,#3608,#3102,.T.);
#2178=EDGE_CURVE('',#3577,#3609,#3103,.T.);
#2179=EDGE_CURVE('',#3578,#3579,#3104,.T.);
#2180=EDGE_CURVE('',#3580,#3581,#2876,.T.);
#2181=EDGE_CURVE('',#3581,#3584,#2877,.T.);
#2182=EDGE_CURVE('',#3580,#3585,#2878,.T.);
#2183=EDGE_CURVE('',#3582,#3587,#2879,.T.);
#2184=EDGE_CURVE('',#3582,#3583,#2880,.T.);
#2185=EDGE_CURVE('',#3583,#3586,#2881,.T.);
#2186=EDGE_CURVE('',#3584,#3585,#2882,.T.);
#2187=EDGE_CURVE('',#3586,#3587,#2883,.T.);
#2188=EDGE_CURVE('',#3587,#3600,#2884,.T.);
#2189=EDGE_CURVE('',#3589,#3595,#3105,.T.);
#2190=EDGE_CURVE('',#3589,#3588,#3106,.T.);
#2191=EDGE_CURVE('',#3590,#3591,#3107,.T.);
#2192=EDGE_CURVE('',#3588,#3591,#3108,.T.);
#2193=EDGE_CURVE('',#3589,#3590,#3109,.T.);
#2194=EDGE_CURVE('',#3592,#3588,#3110,.T.);
#2195=EDGE_CURVE('',#3593,#3601,#3111,.T.);
#2196=EDGE_CURVE('',#3594,#3593,#3112,.T.);
#2197=EDGE_CURVE('',#3592,#3595,#3113,.T.);
#2198=EDGE_CURVE('',#3594,#3592,#3114,.T.);
#2199=EDGE_CURVE('',#3593,#3595,#3115,.T.);
#2200=EDGE_CURVE('',#3578,#3576,#3116,.T.);
#2201=EDGE_CURVE('',#3579,#3577,#3117,.T.);
#2202=EDGE_CURVE('',#3581,#3607,#3118,.T.);
#2203=EDGE_CURVE('',#3591,#3598,#3119,.T.);
#2204=EDGE_CURVE('',#3596,#3584,#2885,.T.);
#2205=EDGE_CURVE('',#3597,#3590,#3120,.T.);
#2206=EDGE_CURVE('',#3597,#3598,#3121,.T.);
#2207=EDGE_CURVE('',#3596,#3599,#3122,.T.);
#2208=EDGE_CURVE('',#3598,#3599,#3123,.T.);
#2209=EDGE_CURVE('',#3597,#3596,#3124,.T.);
#2210=EDGE_CURVE('',#3602,#3594,#3125,.T.);
#2211=EDGE_CURVE('',#3602,#3601,#3126,.T.);
#2212=EDGE_CURVE('',#3603,#3600,#3127,.T.);
#2213=EDGE_CURVE('',#3603,#3602,#3128,.T.);
#2214=EDGE_CURVE('',#3600,#3601,#3129,.T.);
#2215=EDGE_CURVE('',#3605,#3578,#3130,.T.);
#2216=EDGE_CURVE('',#3606,#3579,#3131,.T.);
#2217=EDGE_CURVE('',#3605,#3606,#3132,.T.);
#2218=EDGE_CURVE('',#3607,#3604,#3133,.T.);
#2219=EDGE_CURVE('',#3607,#3605,#3134,.T.);
#2220=EDGE_CURVE('',#3604,#3606,#3135,.T.);
#2221=EDGE_CURVE('',#3611,#3582,#3136,.T.);
#2222=EDGE_CURVE('',#3609,#3608,#3137,.T.);
#2223=EDGE_CURVE('',#3610,#3611,#3138,.T.);
#2224=EDGE_CURVE('',#3608,#3611,#3139,.T.);
#2225=EDGE_CURVE('',#3609,#3610,#3140,.T.);
#2226=EDGE_CURVE('',#3599,#3604,#3141,.T.);
#2227=EDGE_CURVE('',#3610,#3603,#3142,.T.);
#2228=EDGE_CURVE('',#3612,#3613,#3143,.T.);
#2229=EDGE_CURVE('',#3612,#3642,#3144,.T.);
#2230=EDGE_CURVE('',#3613,#3643,#3145,.T.);
#2231=EDGE_CURVE('',#3614,#3615,#2886,.T.);
#2232=EDGE_CURVE('',#3615,#3618,#2887,.T.);
#2233=EDGE_CURVE('',#3614,#3619,#2888,.T.);
#2234=EDGE_CURVE('',#3616,#3621,#2889,.T.);
#2235=EDGE_CURVE('',#3616,#3617,#2890,.T.);
#2236=EDGE_CURVE('',#3617,#3620,#2891,.T.);
#2237=EDGE_CURVE('',#3618,#3619,#2892,.T.);
#2238=EDGE_CURVE('',#3620,#3621,#2893,.T.);
#2239=EDGE_CURVE('',#3621,#3634,#2894,.T.);
#2240=EDGE_CURVE('',#3623,#3629,#3146,.T.);
#2241=EDGE_CURVE('',#3623,#3622,#3147,.T.);
#2242=EDGE_CURVE('',#3624,#3625,#3148,.T.);
#2243=EDGE_CURVE('',#3622,#3625,#3149,.T.);
#2244=EDGE_CURVE('',#3623,#3624,#3150,.T.);
#2245=EDGE_CURVE('',#3626,#3622,#3151,.T.);
#2246=EDGE_CURVE('',#3627,#3635,#3152,.T.);
#2247=EDGE_CURVE('',#3628,#3627,#3153,.T.);
#2248=EDGE_CURVE('',#3626,#3629,#3154,.T.);
#2249=EDGE_CURVE('',#3628,#3626,#3155,.T.);
#2250=EDGE_CURVE('',#3627,#3629,#3156,.T.);
#2251=EDGE_CURVE('',#3615,#3641,#3157,.T.);
#2252=EDGE_CURVE('',#3625,#3632,#3158,.T.);
#2253=EDGE_CURVE('',#3630,#3618,#2895,.T.);
#2254=EDGE_CURVE('',#3631,#3624,#3159,.T.);
#2255=EDGE_CURVE('',#3631,#3632,#3160,.T.);
#2256=EDGE_CURVE('',#3630,#3633,#3161,.T.);
#2257=EDGE_CURVE('',#3632,#3633,#3162,.T.);
#2258=EDGE_CURVE('',#3631,#3630,#3163,.T.);
#2259=EDGE_CURVE('',#3636,#3628,#3164,.T.);
#2260=EDGE_CURVE('',#3636,#3635,#3165,.T.);
#2261=EDGE_CURVE('',#3637,#3634,#3166,.T.);
#2262=EDGE_CURVE('',#3637,#3636,#3167,.T.);
#2263=EDGE_CURVE('',#3634,#3635,#3168,.T.);
#2264=EDGE_CURVE('',#3639,#3640,#3169,.T.);
#2265=EDGE_CURVE('',#3641,#3638,#3170,.T.);
#2266=EDGE_CURVE('',#3641,#3639,#3171,.T.);
#2267=EDGE_CURVE('',#3638,#3640,#3172,.T.);
#2268=EDGE_CURVE('',#3645,#3616,#3173,.T.);
#2269=EDGE_CURVE('',#3643,#3642,#3174,.T.);
#2270=EDGE_CURVE('',#3644,#3645,#3175,.T.);
#2271=EDGE_CURVE('',#3642,#3645,#3176,.T.);
#2272=EDGE_CURVE('',#3643,#3644,#3177,.T.);
#2273=EDGE_CURVE('',#3633,#3638,#3178,.T.);
#2274=EDGE_CURVE('',#3644,#3637,#3179,.T.);
#2275=EDGE_CURVE('',#3620,#3586,#3180,.T.);
#2276=EDGE_CURVE('',#3585,#3619,#3181,.T.);
#2277=EDGE_CURVE('',#3614,#3804,#3182,.T.);
#2278=EDGE_CURVE('',#3583,#3808,#3183,.T.);
#2279=EDGE_CURVE('',#3647,#3648,#2896,.T.);
#2280=EDGE_CURVE('',#3649,#3650,#2897,.T.);
#2281=EDGE_CURVE('',#3651,#3724,#2898,.T.);
#2282=EDGE_CURVE('',#3652,#3653,#2899,.T.);
#2283=EDGE_CURVE('',#3654,#3655,#2900,.T.);
#2284=EDGE_CURVE('',#3656,#3728,#2901,.T.);
#2285=EDGE_CURVE('',#3657,#3658,#2902,.T.);
#2286=EDGE_CURVE('',#3659,#3660,#2903,.T.);
#2287=EDGE_CURVE('',#3661,#3732,#2904,.T.);
#2288=EDGE_CURVE('',#3662,#3663,#2905,.T.);
#2289=EDGE_CURVE('',#3664,#3665,#2906,.T.);
#2290=EDGE_CURVE('',#3666,#3736,#2907,.T.);
#2291=EDGE_CURVE('',#3667,#3668,#2908,.T.);
#2292=EDGE_CURVE('',#3668,#3669,#2909,.T.);
#2293=EDGE_CURVE('',#3669,#3670,#2910,.T.);
#2294=EDGE_CURVE('',#3670,#3748,#2911,.T.);
#2295=EDGE_CURVE('',#3671,#3672,#2912,.T.);
#2296=EDGE_CURVE('',#3672,#3673,#2913,.T.);
#2297=EDGE_CURVE('',#3673,#3723,#2914,.T.);
#2298=EDGE_CURVE('',#3674,#3675,#2915,.T.);
#2299=EDGE_CURVE('',#3675,#3676,#2916,.T.);
#2300=EDGE_CURVE('',#3676,#3768,#2917,.T.);
#2301=EDGE_CURVE('',#3677,#3678,#2918,.T.);
#2302=EDGE_CURVE('',#3678,#3679,#2919,.T.);
#2303=EDGE_CURVE('',#3679,#3727,#2920,.T.);
#2304=EDGE_CURVE('',#3680,#3681,#2921,.T.);
#2305=EDGE_CURVE('',#3681,#3682,#2922,.T.);
#2306=EDGE_CURVE('',#3682,#3752,#2923,.T.);
#2307=EDGE_CURVE('',#3683,#3684,#2924,.T.);
#2308=EDGE_CURVE('',#3684,#3685,#2925,.T.);
#2309=EDGE_CURVE('',#3685,#3731,#2926,.T.);
#2310=EDGE_CURVE('',#3686,#3687,#2927,.T.);
#2311=EDGE_CURVE('',#3687,#3688,#2928,.T.);
#2312=EDGE_CURVE('',#3688,#3760,#2929,.T.);
#2313=EDGE_CURVE('',#3689,#3690,#2930,.T.);
#2314=EDGE_CURVE('',#3690,#3691,#2931,.T.);
#2315=EDGE_CURVE('',#3691,#3735,#2932,.T.);
#2316=EDGE_CURVE('',#3667,#3646,#2933,.T.);
#2317=EDGE_CURVE('',#3669,#3647,#2934,.T.);
#2318=EDGE_CURVE('',#3670,#3648,#2935,.T.);
#2319=EDGE_CURVE('',#3671,#3649,#2936,.T.);
#2320=EDGE_CURVE('',#3672,#3650,#2937,.T.);
#2321=EDGE_CURVE('',#3673,#3651,#2938,.T.);
#2322=EDGE_CURVE('',#3675,#3652,#2939,.T.);
#2323=EDGE_CURVE('',#3676,#3653,#2940,.T.);
#2324=EDGE_CURVE('',#3677,#3654,#2941,.T.);
#2325=EDGE_CURVE('',#3678,#3655,#2942,.T.);
#2326=EDGE_CURVE('',#3679,#3656,#2943,.T.);
#2327=EDGE_CURVE('',#3681,#3657,#2944,.T.);
#2328=EDGE_CURVE('',#3682,#3658,#2945,.T.);
#2329=EDGE_CURVE('',#3683,#3659,#2946,.T.);
#2330=EDGE_CURVE('',#3684,#3660,#2947,.T.);
#2331=EDGE_CURVE('',#3685,#3661,#2948,.T.);
#2332=EDGE_CURVE('',#3687,#3662,#2949,.T.);
#2333=EDGE_CURVE('',#3688,#3663,#2950,.T.);
#2334=EDGE_CURVE('',#3689,#3664,#2951,.T.);
#2335=EDGE_CURVE('',#3690,#3665,#2952,.T.);
#2336=EDGE_CURVE('',#3691,#3666,#2953,.T.);
#2337=EDGE_CURVE('',#3692,#3693,#3184,.T.);
#2338=EDGE_CURVE('',#3694,#3695,#3185,.T.);
#2339=EDGE_CURVE('',#3695,#3693,#3186,.T.);
#2340=EDGE_CURVE('',#3696,#3697,#3187,.T.);
#2341=EDGE_CURVE('',#3692,#3696,#3188,.T.);
#2342=EDGE_CURVE('',#3692,#3612,#3189,.T.);
#2343=EDGE_CURVE('',#3693,#3613,#3190,.T.);
#2344=EDGE_CURVE('',#3697,#3694,#3191,.T.);
#2345=EDGE_CURVE('',#3696,#3695,#3192,.T.);
#2346=EDGE_CURVE('',#3640,#3694,#3193,.T.);
#2347=EDGE_CURVE('',#3639,#3697,#3194,.T.);
#2348=EDGE_CURVE('',#3646,#3698,#3195,.T.);
#2349=EDGE_CURVE('',#3698,#3699,#2954,.T.);
#2350=EDGE_CURVE('',#3699,#3700,#2955,.T.);
#2351=EDGE_CURVE('',#3700,#3647,#3196,.T.);
#2352=EDGE_CURVE('',#3700,#3701,#2956,.T.);
#2353=EDGE_CURVE('',#3701,#3648,#3197,.T.);
#2354=EDGE_CURVE('',#3701,#3749,#2957,.T.);
#2355=EDGE_CURVE('',#3702,#3649,#3198,.T.);
#2356=EDGE_CURVE('',#3702,#3703,#2958,.T.);
#2357=EDGE_CURVE('',#3703,#3650,#3199,.T.);
#2358=EDGE_CURVE('',#3703,#3704,#2959,.T.);
#2359=EDGE_CURVE('',#3704,#3651,#3200,.T.);
#2360=EDGE_CURVE('',#3704,#3738,#2960,.T.);
#2361=EDGE_CURVE('',#3705,#3706,#2961,.T.);
#2362=EDGE_CURVE('',#3706,#3652,#3201,.T.);
#2363=EDGE_CURVE('',#3706,#3707,#2962,.T.);
#2364=EDGE_CURVE('',#3707,#3653,#3202,.T.);
#2365=EDGE_CURVE('',#3707,#3769,#2963,.T.);
#2366=EDGE_CURVE('',#3708,#3654,#3203,.T.);
#2367=EDGE_CURVE('',#3708,#3709,#2964,.T.);
#2368=EDGE_CURVE('',#3709,#3655,#3204,.T.);
#2369=EDGE_CURVE('',#3709,#3710,#2965,.T.);
#2370=EDGE_CURVE('',#3710,#3656,#3205,.T.);
#2371=EDGE_CURVE('',#3710,#3740,#2966,.T.);
#2372=EDGE_CURVE('',#3711,#3712,#2967,.T.);
#2373=EDGE_CURVE('',#3712,#3657,#3206,.T.);
#2374=EDGE_CURVE('',#3712,#3713,#2968,.T.);
#2375=EDGE_CURVE('',#3713,#3658,#3207,.T.);
#2376=EDGE_CURVE('',#3713,#3753,#2969,.T.);
#2377=EDGE_CURVE('',#3714,#3659,#3208,.T.);
#2378=EDGE_CURVE('',#3714,#3715,#2970,.T.);
#2379=EDGE_CURVE('',#3715,#3660,#3209,.T.);
#2380=EDGE_CURVE('',#3715,#3716,#2971,.T.);
#2381=EDGE_CURVE('',#3716,#3661,#3210,.T.);
#2382=EDGE_CURVE('',#3716,#3742,#2972,.T.);
#2383=EDGE_CURVE('',#3717,#3718,#2973,.T.);
#2384=EDGE_CURVE('',#3718,#3662,#3211,.T.);
#2385=EDGE_CURVE('',#3718,#3719,#2974,.T.);
#2386=EDGE_CURVE('',#3719,#3663,#3212,.T.);
#2387=EDGE_CURVE('',#3719,#3761,#2975,.T.);
#2388=EDGE_CURVE('',#3720,#3664,#3213,.T.);
#2389=EDGE_CURVE('',#3720,#3721,#2976,.T.);
#2390=EDGE_CURVE('',#3721,#3665,#3214,.T.);
#2391=EDGE_CURVE('',#3721,#3722,#2977,.T.);
#2392=EDGE_CURVE('',#3722,#3666,#3215,.T.);
#2393=EDGE_CURVE('',#3722,#3743,#2978,.T.);
#2394=EDGE_CURVE('',#3723,#3724,#2979,.T.);
#2395=EDGE_CURVE('',#3724,#3726,#2980,.T.);
#2396=EDGE_CURVE('',#3723,#3725,#2981,.T.);
#2397=EDGE_CURVE('',#3725,#3726,#2982,.T.);
#2398=EDGE_CURVE('',#3725,#3674,#2983,.T.);
#2399=EDGE_CURVE('',#3727,#3728,#2984,.T.);
#2400=EDGE_CURVE('',#3728,#3730,#2985,.T.);
#2401=EDGE_CURVE('',#3727,#3729,#2986,.T.);
#2402=EDGE_CURVE('',#3729,#3730,#2987,.T.);
#2403=EDGE_CURVE('',#3729,#3680,#2988,.T.);
#2404=EDGE_CURVE('',#3731,#3732,#2989,.T.);
#2405=EDGE_CURVE('',#3732,#3734,#2990,.T.);
#2406=EDGE_CURVE('',#3731,#3733,#2991,.T.);
#2407=EDGE_CURVE('',#3733,#3734,#2992,.T.);
#2408=EDGE_CURVE('',#3733,#3686,#2993,.T.);
#2409=EDGE_CURVE('',#3735,#3736,#2994,.T.);
#2410=EDGE_CURVE('',#3736,#3646,#2995,.T.);
#2411=EDGE_CURVE('',#3735,#3667,#2996,.T.);
#2412=EDGE_CURVE('',#3726,#3737,#3216,.T.);
#2413=EDGE_CURVE('',#3737,#3705,#2997,.T.);
#2414=EDGE_CURVE('',#3724,#3738,#3217,.T.);
#2415=EDGE_CURVE('',#3738,#3737,#2998,.T.);
#2416=EDGE_CURVE('',#3730,#3739,#3218,.T.);
#2417=EDGE_CURVE('',#3739,#3711,#2999,.T.);
#2418=EDGE_CURVE('',#3728,#3740,#3219,.T.);
#2419=EDGE_CURVE('',#3740,#3739,#3000,.T.);
#2420=EDGE_CURVE('',#3734,#3741,#3220,.T.);
#2421=EDGE_CURVE('',#3741,#3717,#3001,.T.);
#2422=EDGE_CURVE('',#3732,#3742,#3221,.T.);
#2423=EDGE_CURVE('',#3742,#3741,#3002,.T.);
#2424=EDGE_CURVE('',#3736,#3743,#3222,.T.);
#2425=EDGE_CURVE('',#3743,#3698,#3003,.T.);
#2426=EDGE_CURVE('',#3699,#3668,#3223,.T.);
#2427=EDGE_CURVE('',#3705,#3674,#3224,.T.);
#2428=EDGE_CURVE('',#3711,#3680,#3225,.T.);
#2429=EDGE_CURVE('',#3717,#3686,#3226,.T.);
#2430=EDGE_CURVE('',#3746,#3671,#3004,.T.);
#2431=EDGE_CURVE('',#3747,#3702,#3005,.T.);
#2432=EDGE_CURVE('',#3745,#3744,#3227,.T.);
#2433=EDGE_CURVE('',#3746,#3747,#3228,.T.);
#2434=EDGE_CURVE('',#3745,#3746,#3229,.T.);
#2435=EDGE_CURVE('',#3744,#3747,#3230,.T.);
#2436=EDGE_CURVE('',#3750,#3776,#3231,.T.);
#2437=EDGE_CURVE('',#3751,#3777,#3232,.T.);
#2438=EDGE_CURVE('',#3750,#3751,#3233,.T.);
#2439=EDGE_CURVE('',#3749,#3748,#3234,.T.);
#2440=EDGE_CURVE('',#3748,#3751,#3235,.T.);
#2441=EDGE_CURVE('',#3749,#3750,#3236,.T.);
#2442=EDGE_CURVE('',#3754,#3788,#3237,.T.);
#2443=EDGE_CURVE('',#3755,#3789,#3238,.T.);
#2444=EDGE_CURVE('',#3756,#3683,#3006,.T.);
#2445=EDGE_CURVE('',#3757,#3714,#3007,.T.);
#2446=EDGE_CURVE('',#3756,#3757,#3239,.T.);
#2447=EDGE_CURVE('',#3753,#3752,#3240,.T.);
#2448=EDGE_CURVE('',#3754,#3755,#3241,.T.);
#2449=EDGE_CURVE('',#3759,#3758,#3242,.T.);
#2450=EDGE_CURVE('',#3752,#3755,#3243,.T.);
#2451=EDGE_CURVE('',#3753,#3754,#3244,.T.);
#2452=EDGE_CURVE('',#3759,#3756,#3245,.T.);
#2453=EDGE_CURVE('',#3758,#3757,#3246,.T.);
#2454=EDGE_CURVE('',#3762,#3784,#3247,.T.);
#2455=EDGE_CURVE('',#3763,#3785,#3248,.T.);
#2456=EDGE_CURVE('',#3762,#3763,#3249,.T.);
#2457=EDGE_CURVE('',#3761,#3760,#3250,.T.);
#2458=EDGE_CURVE('',#3761,#3762,#3251,.T.);
#2459=EDGE_CURVE('',#3760,#3763,#3252,.T.);
#2460=EDGE_CURVE('',#3766,#3689,#3008,.T.);
#2461=EDGE_CURVE('',#3767,#3720,#3009,.T.);
#2462=EDGE_CURVE('',#3765,#3764,#3253,.T.);
#2463=EDGE_CURVE('',#3766,#3767,#3254,.T.);
#2464=EDGE_CURVE('',#3765,#3766,#3255,.T.);
#2465=EDGE_CURVE('',#3764,#3767,#3256,.T.);
#2466=EDGE_CURVE('',#3770,#3786,#3257,.T.);
#2467=EDGE_CURVE('',#3771,#3787,#3258,.T.);
#2468=EDGE_CURVE('',#3774,#3677,#3010,.T.);
#2469=EDGE_CURVE('',#3775,#3708,#3011,.T.);
#2470=EDGE_CURVE('',#3770,#3771,#3259,.T.);
#2471=EDGE_CURVE('',#3773,#3772,#3260,.T.);
#2472=EDGE_CURVE('',#3774,#3775,#3261,.T.);
#2473=EDGE_CURVE('',#3769,#3768,#3262,.T.);
#2474=EDGE_CURVE('',#3769,#3770,#3263,.T.);
#2475=EDGE_CURVE('',#3768,#3771,#3264,.T.);
#2476=EDGE_CURVE('',#3772,#3775,#3265,.T.);
#2477=EDGE_CURVE('',#3773,#3774,#3266,.T.);
#2478=EDGE_CURVE('',#3778,#3764,#3267,.T.);
#2479=EDGE_CURVE('',#3779,#3765,#3268,.T.);
#2480=EDGE_CURVE('',#3780,#3758,#3269,.T.);
#2481=EDGE_CURVE('',#3781,#3759,#3270,.T.);
#2482=EDGE_CURVE('',#3782,#3744,#3271,.T.);
#2483=EDGE_CURVE('',#3783,#3745,#3272,.T.);
#2484=EDGE_CURVE('',#3782,#3783,#3273,.T.);
#2485=EDGE_CURVE('',#3780,#3781,#3274,.T.);
#2486=EDGE_CURVE('',#3777,#3776,#3275,.T.);
#2487=EDGE_CURVE('',#3784,#3785,#3276,.T.);
#2488=EDGE_CURVE('',#3779,#3778,#3277,.T.);
#2489=EDGE_CURVE('',#3786,#3787,#3278,.T.);
#2490=EDGE_CURVE('',#3786,#3782,#3279,.T.);
#2491=EDGE_CURVE('',#3787,#3783,#3280,.T.);
#2492=EDGE_CURVE('',#3776,#3778,#3281,.T.);
#2493=EDGE_CURVE('',#3777,#3779,#3282,.T.);
#2494=EDGE_CURVE('',#3784,#3780,#3283,.T.);
#2495=EDGE_CURVE('',#3785,#3781,#3284,.T.);
#2496=EDGE_CURVE('',#3790,#3772,#3285,.T.);
#2497=EDGE_CURVE('',#3791,#3773,#3286,.T.);
#2498=EDGE_CURVE('',#3789,#3788,#3287,.T.);
#2499=EDGE_CURVE('',#3791,#3790,#3288,.T.);
#2500=EDGE_CURVE('',#3788,#3790,#3289,.T.);
#2501=EDGE_CURVE('',#3789,#3791,#3290,.T.);
#2502=EDGE_CURVE('',#3794,#3795,#3291,.T.);
#2503=EDGE_CURVE('',#3796,#3811,#3292,.T.);
#2504=EDGE_CURVE('',#3797,#3812,#3293,.T.);
#2505=EDGE_CURVE('',#3798,#3799,#3294,.T.);
#2506=EDGE_CURVE('',#3800,#3820,#3295,.T.);
#2507=EDGE_CURVE('',#3801,#3792,#3296,.T.);
#2508=EDGE_CURVE('',#3802,#3580,#3297,.T.);
#2509=EDGE_CURVE('',#3794,#3803,#3298,.T.);
#2510=EDGE_CURVE('',#3801,#3800,#3299,.T.);
#2511=EDGE_CURVE('',#3802,#3803,#3300,.T.);
#2512=EDGE_CURVE('',#3801,#3802,#3301,.T.);
#2513=EDGE_CURVE('',#3803,#3800,#3302,.T.);
#2514=EDGE_CURVE('',#3805,#3821,#3303,.T.);
#2515=EDGE_CURVE('',#3806,#3793,#3304,.T.);
#2516=EDGE_CURVE('',#3807,#3795,#3305,.T.);
#2517=EDGE_CURVE('',#3806,#3805,#3306,.T.);
#2518=EDGE_CURVE('',#3804,#3807,#3307,.T.);
#2519=EDGE_CURVE('',#3804,#3806,#3308,.T.);
#2520=EDGE_CURVE('',#3805,#3807,#3309,.T.);
#2521=EDGE_CURVE('',#3813,#3617,#3310,.T.);
#2522=EDGE_CURVE('',#3814,#3798,#3311,.T.);
#2523=EDGE_CURVE('',#3799,#3815,#3312,.T.);
#2524=EDGE_CURVE('',#3809,#3811,#3313,.T.);
#2525=EDGE_CURVE('',#3810,#3812,#3314,.T.);
#2526=EDGE_CURVE('',#3815,#3813,#3315,.T.);
#2527=EDGE_CURVE('',#3814,#3808,#3316,.T.);
#2528=EDGE_CURVE('',#3808,#3811,#3317,.T.);
#2529=EDGE_CURVE('',#3809,#3814,#3318,.T.);
#2530=EDGE_CURVE('',#3812,#3813,#3319,.T.);
#2531=EDGE_CURVE('',#3815,#3810,#3320,.T.);
#2532=EDGE_CURVE('',#3816,#3809,#3321,.T.);
#2533=EDGE_CURVE('',#3817,#3810,#3322,.T.);
#2534=EDGE_CURVE('',#3796,#3818,#3323,.T.);
#2535=EDGE_CURVE('',#3797,#3819,#3324,.T.);
#2536=EDGE_CURVE('',#3816,#3817,#3325,.T.);
#2537=EDGE_CURVE('',#3818,#3819,#3326,.T.);
#2538=EDGE_CURVE('',#3818,#3816,#3327,.T.);
#2539=EDGE_CURVE('',#3819,#3817,#3328,.T.);
#2540=EDGE_CURVE('',#3822,#3792,#3329,.T.);
#2541=EDGE_CURVE('',#3823,#3793,#3330,.T.);
#2542=EDGE_CURVE('',#3821,#3820,#3331,.T.);
#2543=EDGE_CURVE('',#3823,#3822,#3332,.T.);
#2544=EDGE_CURVE('',#3820,#3822,#3333,.T.);
#2545=EDGE_CURVE('',#3821,#3823,#3334,.T.);
#2546=EDGE_CURVE('',#3826,#3827,#3335,.T.);
#2547=EDGE_CURVE('',#3826,#3824,#3336,.T.);
#2548=EDGE_CURVE('',#3827,#3825,#3337,.T.);
#2549=EDGE_CURVE('',#3830,#3831,#3338,.T.);
#2550=EDGE_CURVE('',#3828,#3830,#3339,.T.);
#2551=EDGE_CURVE('',#3829,#3831,#3340,.T.);
#2552=EDGE_CURVE('',#3832,#3833,#3341,.T.);
#2553=EDGE_CURVE('',#3833,#3834,#3342,.T.);
#2554=EDGE_CURVE('',#3834,#3835,#3343,.T.);
#2555=EDGE_CURVE('',#3835,#3836,#3344,.T.);
#2556=EDGE_CURVE('',#3836,#3837,#3345,.T.);
#2557=EDGE_CURVE('',#3837,#3832,#3346,.T.);
#2558=EDGE_CURVE('',#3860,#3861,#3012,.T.);
#2559=EDGE_CURVE('',#3862,#3863,#3013,.T.);
#2560=EDGE_CURVE('',#3861,#3862,#3014,.T.);
#2561=EDGE_CURVE('',#3860,#3856,#3015,.T.);
#2562=EDGE_CURVE('',#3861,#3857,#3016,.T.);
#2563=EDGE_CURVE('',#3862,#3858,#3017,.T.);
#2564=EDGE_CURVE('',#3863,#3859,#3018,.T.);
#2565=EDGE_CURVE('',#3866,#3867,#3347,.T.);
#2566=EDGE_CURVE('',#3864,#3866,#3348,.T.);
#2567=EDGE_CURVE('',#3867,#3865,#3349,.T.);
#2568=EDGE_CURVE('',#3864,#3865,#3350,.T.);
#2569=EDGE_CURVE('',#3864,#3844,#3351,.T.);
#2570=EDGE_CURVE('',#3867,#3871,#3352,.T.);
#2571=EDGE_CURVE('',#3868,#3866,#3353,.T.);
#2572=EDGE_CURVE('',#3869,#3837,#3354,.T.);
#2573=EDGE_CURVE('',#3869,#3870,#3355,.T.);
#2574=EDGE_CURVE('',#3868,#3871,#3356,.T.);
#2575=EDGE_CURVE('',#3869,#3868,#3357,.T.);
#2576=EDGE_CURVE('',#3871,#3870,#3358,.T.);
#2577=EDGE_CURVE('',#3873,#3879,#3359,.T.);
#2578=EDGE_CURVE('',#3873,#3874,#3360,.T.);
#2579=EDGE_CURVE('',#3872,#3875,#3361,.T.);
#2580=EDGE_CURVE('',#3876,#3878,#3362,.T.);
#2581=EDGE_CURVE('',#3856,#3838,#3019,.T.);
#2582=EDGE_CURVE('',#3857,#3839,#3020,.T.);
#2583=EDGE_CURVE('',#3858,#3840,#3021,.T.);
#2584=EDGE_CURVE('',#3859,#3841,#3022,.T.);
#2585=EDGE_CURVE('',#3838,#3839,#3023,.T.);
#2586=EDGE_CURVE('',#3839,#3848,#3024,.T.);
#2587=EDGE_CURVE('',#3840,#3841,#3025,.T.);
#2588=EDGE_CURVE('',#3843,#3845,#3363,.T.);
#2589=EDGE_CURVE('',#3842,#3872,#3364,.T.);
#2590=EDGE_CURVE('',#3845,#3846,#3365,.T.);
#2591=EDGE_CURVE('',#3844,#3847,#3366,.T.);
#2592=EDGE_CURVE('',#3845,#3853,#3367,.T.);
#2593=EDGE_CURVE('',#3847,#3842,#3368,.T.);
#2594=EDGE_CURVE('',#3846,#3865,#3369,.T.);
#2595=EDGE_CURVE('',#3852,#3847,#3370,.T.);
#2596=EDGE_CURVE('',#3854,#3840,#3026,.T.);
#2597=EDGE_CURVE('',#3855,#3940,#3371,.T.);
#2598=EDGE_CURVE('',#3848,#3855,#3372,.T.);
#2599=EDGE_CURVE('',#3849,#3854,#3373,.T.);
#2600=EDGE_CURVE('',#3852,#3851,#3374,.T.);
#2601=EDGE_CURVE('',#3850,#3853,#3375,.T.);
#2602=EDGE_CURVE('',#3850,#3848,#3376,.T.);
#2603=EDGE_CURVE('',#3853,#3855,#3377,.T.);
#2604=EDGE_CURVE('',#3849,#3852,#3378,.T.);
#2605=EDGE_CURVE('',#3854,#3851,#3379,.T.);
#2606=EDGE_CURVE('',#3851,#3833,#3380,.T.);
#2607=EDGE_CURVE('',#3844,#3832,#3381,.T.);
#2608=EDGE_CURVE('',#3846,#3835,#3382,.T.);
#2609=EDGE_CURVE('',#3834,#3850,#3383,.T.);
#2610=EDGE_CURVE('',#3836,#3870,#3384,.T.);
#2611=EDGE_CURVE('',#3876,#3843,#3385,.T.);
#2612=EDGE_CURVE('',#3877,#3874,#3386,.T.);
#2613=EDGE_CURVE('',#3877,#3878,#3387,.T.);
#2614=EDGE_CURVE('',#3879,#3877,#3388,.T.);
#2615=EDGE_CURVE('',#3857,#3856,#3027,.T.);
#2616=EDGE_CURVE('',#3859,#3858,#3028,.T.);
#2617=EDGE_CURVE('',#3875,#3874,#3389,.T.);
#2618=EDGE_CURVE('',#3880,#3881,#3390,.T.);
#2619=EDGE_CURVE('',#3881,#3882,#3391,.T.);
#2620=EDGE_CURVE('',#3882,#3883,#3392,.T.);
#2621=EDGE_CURVE('',#3883,#3884,#3393,.T.);
#2622=EDGE_CURVE('',#3884,#3885,#3394,.T.);
#2623=EDGE_CURVE('',#3885,#3880,#3395,.T.);
#2624=EDGE_CURVE('',#3908,#3909,#3029,.T.);
#2625=EDGE_CURVE('',#3910,#3911,#3030,.T.);
#2626=EDGE_CURVE('',#3909,#3910,#3031,.T.);
#2627=EDGE_CURVE('',#3908,#3904,#3032,.T.);
#2628=EDGE_CURVE('',#3909,#3905,#3033,.T.);
#2629=EDGE_CURVE('',#3910,#3906,#3034,.T.);
#2630=EDGE_CURVE('',#3911,#3907,#3035,.T.);
#2631=EDGE_CURVE('',#3914,#3915,#3396,.T.);
#2632=EDGE_CURVE('',#3912,#3914,#3397,.T.);
#2633=EDGE_CURVE('',#3915,#3913,#3398,.T.);
#2634=EDGE_CURVE('',#3912,#3913,#3399,.T.);
#2635=EDGE_CURVE('',#3912,#3892,#3400,.T.);
#2636=EDGE_CURVE('',#3915,#3919,#3401,.T.);
#2637=EDGE_CURVE('',#3916,#3914,#3402,.T.);
#2638=EDGE_CURVE('',#3917,#3885,#3403,.T.);
#2639=EDGE_CURVE('',#3917,#3918,#3404,.T.);
#2640=EDGE_CURVE('',#3916,#3919,#3405,.T.);
#2641=EDGE_CURVE('',#3917,#3916,#3406,.T.);
#2642=EDGE_CURVE('',#3919,#3918,#3407,.T.);
#2643=EDGE_CURVE('',#3921,#3927,#3408,.T.);
#2644=EDGE_CURVE('',#3921,#3922,#3409,.T.);
#2645=EDGE_CURVE('',#3920,#3923,#3410,.T.);
#2646=EDGE_CURVE('',#3924,#3926,#3411,.T.);
#2647=EDGE_CURVE('',#3904,#3886,#3036,.T.);
#2648=EDGE_CURVE('',#3905,#3887,#3037,.T.);
#2649=EDGE_CURVE('',#3906,#3888,#3038,.T.);
#2650=EDGE_CURVE('',#3907,#3889,#3039,.T.);
#2651=EDGE_CURVE('',#3886,#3887,#3040,.T.);
#2652=EDGE_CURVE('',#3887,#3896,#3041,.T.);
#2653=EDGE_CURVE('',#3888,#3889,#3042,.T.);
#2654=EDGE_CURVE('',#3891,#3893,#3412,.T.);
#2655=EDGE_CURVE('',#3890,#3920,#3413,.T.);
#2656=EDGE_CURVE('',#3893,#3894,#3414,.T.);
#2657=EDGE_CURVE('',#3892,#3895,#3415,.T.);
#2658=EDGE_CURVE('',#3893,#3901,#3416,.T.);
#2659=EDGE_CURVE('',#3895,#3890,#3417,.T.);
#2660=EDGE_CURVE('',#3894,#3913,#3418,.T.);
#2661=EDGE_CURVE('',#3900,#3895,#3419,.T.);
#2662=EDGE_CURVE('',#3902,#3888,#3043,.T.);
#2663=EDGE_CURVE('',#3903,#3942,#3420,.T.);
#2664=EDGE_CURVE('',#3896,#3903,#3421,.T.);
#2665=EDGE_CURVE('',#3897,#3902,#3422,.T.);
#2666=EDGE_CURVE('',#3900,#3899,#3423,.T.);
#2667=EDGE_CURVE('',#3898,#3901,#3424,.T.);
#2668=EDGE_CURVE('',#3898,#3896,#3425,.T.);
#2669=EDGE_CURVE('',#3901,#3903,#3426,.T.);
#2670=EDGE_CURVE('',#3897,#3900,#3427,.T.);
#2671=EDGE_CURVE('',#3902,#3899,#3428,.T.);
#2672=EDGE_CURVE('',#3899,#3881,#3429,.T.);
#2673=EDGE_CURVE('',#3892,#3880,#3430,.T.);
#2674=EDGE_CURVE('',#3894,#3883,#3431,.T.);
#2675=EDGE_CURVE('',#3882,#3898,#3432,.T.);
#2676=EDGE_CURVE('',#3884,#3918,#3433,.T.);
#2677=EDGE_CURVE('',#3924,#3891,#3434,.T.);
#2678=EDGE_CURVE('',#3925,#3922,#3435,.T.);
#2679=EDGE_CURVE('',#3925,#3926,#3436,.T.);
#2680=EDGE_CURVE('',#3927,#3925,#3437,.T.);
#2681=EDGE_CURVE('',#3905,#3904,#3044,.T.);
#2682=EDGE_CURVE('',#3907,#3906,#3045,.T.);
#2683=EDGE_CURVE('',#3923,#3922,#3438,.T.);
#2684=EDGE_CURVE('',#3860,#3908,#3439,.T.);
#2685=EDGE_CURVE('',#3911,#3863,#3440,.T.);
#2686=EDGE_CURVE('',#3928,#3929,#3441,.T.);
#2687=EDGE_CURVE('',#3929,#3951,#3442,.T.);
#2688=EDGE_CURVE('',#3928,#3950,#3443,.T.);
#2689=EDGE_CURVE('',#3929,#3930,#3046,.T.);
#2690=EDGE_CURVE('',#3930,#3952,#3047,.T.);
#2691=EDGE_CURVE('',#3930,#3931,#3444,.T.);
#2692=EDGE_CURVE('',#3931,#3953,#3445,.T.);
#2693=EDGE_CURVE('',#3932,#3944,#3446,.T.);
#2694=EDGE_CURVE('',#3932,#3933,#3447,.T.);
#2695=EDGE_CURVE('',#3933,#3945,#3448,.T.);
#2696=EDGE_CURVE('',#3933,#3934,#3048,.T.);
#2697=EDGE_CURVE('',#3934,#3946,#3049,.T.);
#2698=EDGE_CURVE('',#3934,#3935,#3449,.T.);
#2699=EDGE_CURVE('',#3935,#3947,#3450,.T.);
#2700=EDGE_CURVE('',#3935,#3936,#3050,.T.);
#2701=EDGE_CURVE('',#3936,#3948,#3051,.T.);
#2702=EDGE_CURVE('',#3936,#3937,#3451,.T.);
#2703=EDGE_CURVE('',#3937,#3949,#3452,.T.);
#2704=EDGE_CURVE('',#3938,#3954,#3453,.T.);
#2705=EDGE_CURVE('',#3938,#3939,#3454,.T.);
#2706=EDGE_CURVE('',#3939,#3955,#3455,.T.);
#2707=EDGE_CURVE('',#3939,#3928,#3052,.T.);
#2708=EDGE_CURVE('',#3940,#3843,#3456,.T.);
#2709=EDGE_CURVE('',#3876,#3879,#3457,.T.);
#2710=EDGE_CURVE('',#3873,#3872,#3458,.T.);
#2711=EDGE_CURVE('',#3842,#3941,#3459,.T.);
#2712=EDGE_CURVE('',#3942,#3891,#3460,.T.);
#2713=EDGE_CURVE('',#3921,#3920,#3461,.T.);
#2714=EDGE_CURVE('',#3924,#3927,#3462,.T.);
#2715=EDGE_CURVE('',#3890,#3943,#3463,.T.);
#2716=EDGE_CURVE('',#3941,#3944,#3464,.T.);
#2717=EDGE_CURVE('',#3944,#3945,#3465,.T.);
#2718=EDGE_CURVE('',#3945,#3946,#3053,.T.);
#2719=EDGE_CURVE('',#3947,#3948,#3054,.T.);
#2720=EDGE_CURVE('',#3948,#3949,#3466,.T.);
#2721=EDGE_CURVE('',#3949,#3943,#3467,.T.);
#2722=EDGE_CURVE('',#3951,#3952,#3055,.T.);
#2723=EDGE_CURVE('',#3952,#3953,#3468,.T.);
#2724=EDGE_CURVE('',#3953,#3940,#3469,.T.);
#2725=EDGE_CURVE('',#3942,#3954,#3470,.T.);
#2726=EDGE_CURVE('',#3954,#3955,#3471,.T.);
#2727=EDGE_CURVE('',#3955,#3950,#3056,.T.);
#2728=EDGE_CURVE('',#3941,#3849,#3472,.T.);
#2729=EDGE_CURVE('',#3943,#3897,#3473,.T.);
#2730=EDGE_CURVE('',#3826,#3956,#3474,.T.);
#2731=EDGE_CURVE('',#3957,#3958,#3475,.T.);
#2732=EDGE_CURVE('',#3959,#3956,#3476,.T.);
#2733=EDGE_CURVE('',#3958,#3959,#3477,.T.);
#2734=EDGE_CURVE('',#3960,#3830,#3478,.T.);
#2735=EDGE_CURVE('',#3961,#3962,#3479,.T.);
#2736=EDGE_CURVE('',#3960,#3963,#3480,.T.);
#2737=EDGE_CURVE('',#3963,#3961,#3481,.T.);
#2738=EDGE_CURVE('',#3824,#3957,#3482,.T.);
#2739=EDGE_CURVE('',#3962,#3828,#3483,.T.);
#2740=EDGE_CURVE('',#3962,#3971,#3484,.T.);
#2741=EDGE_CURVE('',#3960,#3968,#3485,.T.);
#2742=EDGE_CURVE('',#3959,#3958,#3486,.T.);
#2743=EDGE_CURVE('',#3961,#3963,#3487,.T.);
#2744=EDGE_CURVE('',#3964,#3827,#3488,.T.);
#2745=EDGE_CURVE('',#3965,#3966,#3489,.T.);
#2746=EDGE_CURVE('',#3966,#3967,#3490,.T.);
#2747=EDGE_CURVE('',#3964,#3965,#3491,.T.);
#2748=EDGE_CURVE('',#3831,#3968,#3492,.T.);
#2749=EDGE_CURVE('',#3969,#3970,#3493,.T.);
#2750=EDGE_CURVE('',#3971,#3969,#3494,.T.);
#2751=EDGE_CURVE('',#3970,#3968,#3495,.T.);
#2752=EDGE_CURVE('',#3967,#3825,#3496,.T.);
#2753=EDGE_CURVE('',#3829,#3971,#3497,.T.);
#2754=EDGE_CURVE('',#3967,#3957,#3498,.T.);
#2755=EDGE_CURVE('',#3964,#3956,#3499,.T.);
#2756=EDGE_CURVE('',#3965,#3966,#3500,.T.);
#2757=EDGE_CURVE('',#3969,#3970,#3501,.T.);
#2758=EDGE_CURVE('',#3937,#3923,#3502,.T.);
#2759=EDGE_CURVE('',#3875,#3932,#3503,.T.);
#2760=EDGE_CURVE('',#3830,#3947,#3504,.T.);
#2761=EDGE_CURVE('',#3889,#3828,#3505,.T.);
#2762=EDGE_CURVE('',#3926,#3938,#3506,.T.);
#2763=EDGE_CURVE('',#3931,#3878,#3507,.T.);
#2764=EDGE_CURVE('',#3824,#3886,#3508,.T.);
#2765=EDGE_CURVE('',#3950,#3826,#3509,.T.);
#2766=EDGE_CURVE('',#3838,#3825,#3510,.T.);
#2767=EDGE_CURVE('',#3827,#3951,#3511,.T.);
#2768=EDGE_CURVE('',#3829,#3841,#3512,.T.);
#2769=EDGE_CURVE('',#3946,#3831,#3513,.T.);
#2770=EDGE_CURVE('',#3994,#3995,#3057,.T.);
#2771=EDGE_CURVE('',#3996,#3997,#3058,.T.);
#2772=EDGE_CURVE('',#4001,#4000,#3059,.T.);
#2773=EDGE_CURVE('',#3994,#3973,#3060,.T.);
#2774=EDGE_CURVE('',#3995,#3972,#3061,.T.);
#2775=EDGE_CURVE('',#4011,#3974,#3062,.T.);
#2776=EDGE_CURVE('',#3996,#3975,#3063,.T.);
#2777=EDGE_CURVE('',#3972,#3973,#3514,.T.);
#2778=EDGE_CURVE('',#3974,#3984,#3515,.T.);
#2779=EDGE_CURVE('',#3975,#3972,#3516,.T.);
#2780=EDGE_CURVE('',#4002,#4001,#3064,.T.);
#2781=EDGE_CURVE('',#4007,#4005,#3065,.T.);
#2782=EDGE_CURVE('',#3999,#3994,#3517,.T.);
#2783=EDGE_CURVE('',#4010,#4011,#3066,.T.);
#2784=EDGE_CURVE('',#3997,#4010,#3518,.T.);
#2785=EDGE_CURVE('',#4011,#4012,#3067,.T.);
#2786=EDGE_CURVE('',#4003,#4006,#3519,.T.);
#2787=EDGE_CURVE('',#4004,#4013,#3520,.T.);
#2788=EDGE_CURVE('',#3998,#3976,#3068,.T.);
#2789=EDGE_CURVE('',#4000,#3977,#3069,.T.);
#2790=EDGE_CURVE('',#4001,#3978,#3070,.T.);
#2791=EDGE_CURVE('',#4002,#3979,#3071,.T.);
#2792=EDGE_CURVE('',#4005,#3980,#3072,.T.);
#2793=EDGE_CURVE('',#4007,#3981,#3073,.T.);
#2794=EDGE_CURVE('',#4008,#3982,#3074,.T.);
#2795=EDGE_CURVE('',#3976,#3977,#3521,.T.);
#2796=EDGE_CURVE('',#3977,#3978,#3522,.T.);
#2797=EDGE_CURVE('',#3978,#3979,#3523,.T.);
#2798=EDGE_CURVE('',#3979,#3992,#3524,.T.);
#2799=EDGE_CURVE('',#3980,#3981,#3525,.T.);
#2800=EDGE_CURVE('',#3981,#3982,#3526,.T.);
#2801=EDGE_CURVE('',#3995,#3996,#3075,.T.);
#2802=EDGE_CURVE('',#3998,#3999,#3076,.T.);
#2803=EDGE_CURVE('',#4000,#3998,#3077,.T.);
#2804=EDGE_CURVE('',#3983,#3976,#3527,.T.);
#2805=EDGE_CURVE('',#3983,#3999,#3528,.T.);
#2806=EDGE_CURVE('',#4003,#4004,#3078,.T.);
#2807=EDGE_CURVE('',#4005,#4006,#3079,.T.);
#2808=EDGE_CURVE('',#3973,#3983,#3529,.T.);
#2809=EDGE_CURVE('',#4008,#4007,#3080,.T.);
#2810=EDGE_CURVE('',#3982,#3987,#3530,.T.);
#2811=EDGE_CURVE('',#4009,#4008,#3531,.T.);
#2812=EDGE_CURVE('',#3985,#3975,#3532,.T.);
#2813=EDGE_CURVE('',#3984,#4010,#3081,.T.);
#2814=EDGE_CURVE('',#3985,#3997,#3082,.T.);
#2815=EDGE_CURVE('',#4012,#4009,#3533,.T.);
#2816=EDGE_CURVE('',#3984,#3985,#3534,.T.);
#2817=EDGE_CURVE('',#4013,#4002,#3083,.T.);
#2818=EDGE_CURVE('',#3986,#3974,#3535,.T.);
#2819=EDGE_CURVE('',#4009,#3987,#3536,.T.);
#2820=EDGE_CURVE('',#3992,#4013,#3084,.T.);
#2821=EDGE_CURVE('',#4012,#3986,#3537,.T.);
#2822=EDGE_CURVE('',#3987,#3986,#3538,.T.);
#2823=EDGE_CURVE('',#4003,#3989,#3539,.T.);
#2824=EDGE_CURVE('',#3990,#4006,#3540,.T.);
#2825=EDGE_CURVE('',#3989,#3988,#3541,.T.);
#2826=EDGE_CURVE('',#3991,#3980,#3542,.T.);
#2827=EDGE_CURVE('',#3991,#3990,#3543,.T.);
#2828=EDGE_CURVE('',#3988,#3991,#3544,.T.);
#2829=EDGE_CURVE('',#3989,#3990,#3545,.T.);
#2830=EDGE_CURVE('',#3993,#3988,#3546,.T.);
#2831=EDGE_CURVE('',#3993,#4004,#3085,.T.);
#2832=EDGE_CURVE('',#3992,#3993,#3547,.T.);
#2833=EDGE_CURVE('',#3994,#4015,#3086,.T.);
#2834=EDGE_CURVE('',#3995,#4014,#3087,.T.);
#2835=EDGE_CURVE('',#4011,#4016,#3088,.T.);
#2836=EDGE_CURVE('',#3996,#4017,#3089,.T.);
#2837=EDGE_CURVE('',#4014,#4015,#3548,.T.);
#2838=EDGE_CURVE('',#4016,#4026,#3549,.T.);
#2839=EDGE_CURVE('',#4017,#4014,#3550,.T.);
#2840=EDGE_CURVE('',#3998,#4018,#3090,.T.);
#2841=EDGE_CURVE('',#4000,#4019,#3091,.T.);
#2842=EDGE_CURVE('',#4001,#4020,#3092,.T.);
#2843=EDGE_CURVE('',#4002,#4021,#3093,.T.);
#2844=EDGE_CURVE('',#4005,#4022,#3094,.T.);
#2845=EDGE_CURVE('',#4007,#4023,#3095,.T.);
#2846=EDGE_CURVE('',#4008,#4024,#3096,.T.);
#2847=EDGE_CURVE('',#4018,#4019,#3551,.T.);
#2848=EDGE_CURVE('',#4019,#4020,#3552,.T.);
#2849=EDGE_CURVE('',#4020,#4021,#3553,.T.);
#2850=EDGE_CURVE('',#4021,#4034,#3554,.T.);
#2851=EDGE_CURVE('',#4022,#4023,#3555,.T.);
#2852=EDGE_CURVE('',#4023,#4024,#3556,.T.);
#2853=EDGE_CURVE('',#4025,#4018,#3557,.T.);
#2854=EDGE_CURVE('',#4025,#3999,#3558,.T.);
#2855=EDGE_CURVE('',#4015,#4025,#3559,.T.);
#2856=EDGE_CURVE('',#4024,#4029,#3560,.T.);
#2857=EDGE_CURVE('',#4027,#4017,#3561,.T.);
#2858=EDGE_CURVE('',#4026,#4010,#3097,.T.);
#2859=EDGE_CURVE('',#4027,#3997,#3098,.T.);
#2860=EDGE_CURVE('',#4026,#4027,#3562,.T.);
#2861=EDGE_CURVE('',#4028,#4016,#3563,.T.);
#2862=EDGE_CURVE('',#4009,#4029,#3564,.T.);
#2863=EDGE_CURVE('',#4034,#4013,#3099,.T.);
#2864=EDGE_CURVE('',#4012,#4028,#3565,.T.);
#2865=EDGE_CURVE('',#4029,#4028,#3566,.T.);
#2866=EDGE_CURVE('',#4003,#4031,#3567,.T.);
#2867=EDGE_CURVE('',#4032,#4006,#3568,.T.);
#2868=EDGE_CURVE('',#4031,#4030,#3569,.T.);
#2869=EDGE_CURVE('',#4033,#4022,#3570,.T.);
#2870=EDGE_CURVE('',#4033,#4032,#3571,.T.);
#2871=EDGE_CURVE('',#4030,#4033,#3572,.T.);
#2872=EDGE_CURVE('',#4031,#4032,#3573,.T.);
#2873=EDGE_CURVE('',#4035,#4030,#3574,.T.);
#2874=EDGE_CURVE('',#4035,#4004,#3100,.T.);
#2875=EDGE_CURVE('',#4034,#4035,#3575,.T.);
#2876=(
BOUNDED_CURVE()
B_SPLINE_CURVE(2,(#6431,#6432,#6433),.UNSPECIFIED.,.F.,.F.)
B_SPLINE_CURVE_WITH_KNOTS((3,3),(133.561944901923,141.415926535898),
 .UNSPECIFIED.)
CURVE()
GEOMETRIC_REPRESENTATION_ITEM()
RATIONAL_B_SPLINE_CURVE((1.,0.707106781186548,1.))
REPRESENTATION_ITEM('')
);
#2877=(
BOUNDED_CURVE()
B_SPLINE_CURVE(1,(#6434,#6435),.UNSPECIFIED.,.F.,.F.)
B_SPLINE_CURVE_WITH_KNOTS((2,2),(0.,2.),.UNSPECIFIED.)
CURVE()
GEOMETRIC_REPRESENTATION_ITEM()
RATIONAL_B_SPLINE_CURVE((1.,1.))
REPRESENTATION_ITEM('')
);
#2878=(
BOUNDED_CURVE()
B_SPLINE_CURVE(1,(#6436,#6437),.UNSPECIFIED.,.F.,.F.)
B_SPLINE_CURVE_WITH_KNOTS((2,2),(0.,2.),.UNSPECIFIED.)
CURVE()
GEOMETRIC_REPRESENTATION_ITEM()
RATIONAL_B_SPLINE_CURVE((1.,1.))
REPRESENTATION_ITEM('')
);
#2879=(
BOUNDED_CURVE()
B_SPLINE_CURVE(1,(#6438,#6439),.UNSPECIFIED.,.F.,.F.)
B_SPLINE_CURVE_WITH_KNOTS((2,2),(0.,2.),.UNSPECIFIED.)
CURVE()
GEOMETRIC_REPRESENTATION_ITEM()
RATIONAL_B_SPLINE_CURVE((1.,1.))
REPRESENTATION_ITEM('')
);
#2880=(
BOUNDED_CURVE()
B_SPLINE_CURVE(2,(#6440,#6441,#6442),.UNSPECIFIED.,.F.,.F.)
B_SPLINE_CURVE_WITH_KNOTS((3,3),(161.415926535898,169.269908169872),
 .UNSPECIFIED.)
CURVE()
GEOMETRIC_REPRESENTATION_ITEM()
RATIONAL_B_SPLINE_CURVE((1.,0.707106781186548,1.))
REPRESENTATION_ITEM('')
);
#2881=(
BOUNDED_CURVE()
B_SPLINE_CURVE(1,(#6443,#6444),.UNSPECIFIED.,.F.,.F.)
B_SPLINE_CURVE_WITH_KNOTS((2,2),(0.,2.),.UNSPECIFIED.)
CURVE()
GEOMETRIC_REPRESENTATION_ITEM()
RATIONAL_B_SPLINE_CURVE((1.,1.))
REPRESENTATION_ITEM('')
);
#2882=(
BOUNDED_CURVE()
B_SPLINE_CURVE(2,(#6445,#6446,#6447),.UNSPECIFIED.,.F.,.F.)
B_SPLINE_CURVE_WITH_KNOTS((3,3),(-141.415926535898,-133.561944901923),
 .UNSPECIFIED.)
CURVE()
GEOMETRIC_REPRESENTATION_ITEM()
RATIONAL_B_SPLINE_CURVE((1.,0.707106781186549,1.))
REPRESENTATION_ITEM('')
);
#2883=(
BOUNDED_CURVE()
B_SPLINE_CURVE(2,(#6448,#6449,#6450),.UNSPECIFIED.,.F.,.F.)
B_SPLINE_CURVE_WITH_KNOTS((3,3),(-169.269908169872,-161.415926535898),
 .UNSPECIFIED.)
CURVE()
GEOMETRIC_REPRESENTATION_ITEM()
RATIONAL_B_SPLINE_CURVE((1.,0.707106781186548,1.))
REPRESENTATION_ITEM('')
);
#2884=(
BOUNDED_CURVE()
B_SPLINE_CURVE(2,(#6451,#6452,#6453),.UNSPECIFIED.,.F.,.F.)
B_SPLINE_CURVE_WITH_KNOTS((3,3),(-161.415926535898,-156.161124788222),
 .UNSPECIFIED.)
CURVE()
GEOMETRIC_REPRESENTATION_ITEM()
RATIONAL_B_SPLINE_CURVE((1.,1.,1.))
REPRESENTATION_ITEM('')
);
#2885=(
BOUNDED_CURVE()
B_SPLINE_CURVE(2,(#6500,#6501,#6502),.UNSPECIFIED.,.F.,.F.)
B_SPLINE_CURVE_WITH_KNOTS((3,3),(-146.670728283574,-141.415926535898),
 .UNSPECIFIED.)
CURVE()
GEOMETRIC_REPRESENTATION_ITEM()
RATIONAL_B_SPLINE_CURVE((1.,1.,1.))
REPRESENTATION_ITEM('')
);
#2886=(
BOUNDED_CURVE()
B_SPLINE_CURVE(2,(#6589,#6590,#6591),.UNSPECIFIED.,.F.,.F.)
B_SPLINE_CURVE_WITH_KNOTS((3,3),(133.561944901923,141.415926535898),
 .UNSPECIFIED.)
CURVE()
GEOMETRIC_REPRESENTATION_ITEM()
RATIONAL_B_SPLINE_CURVE((1.,0.707106781186548,1.))
REPRESENTATION_ITEM('')
);
#2887=(
BOUNDED_CURVE()
B_SPLINE_CURVE(1,(#6592,#6593),.UNSPECIFIED.,.F.,.F.)
B_SPLINE_CURVE_WITH_KNOTS((2,2),(0.,2.),.UNSPECIFIED.)
CURVE()
GEOMETRIC_REPRESENTATION_ITEM()
RATIONAL_B_SPLINE_CURVE((1.,1.))
REPRESENTATION_ITEM('')
);
#2888=(
BOUNDED_CURVE()
B_SPLINE_CURVE(1,(#6594,#6595),.UNSPECIFIED.,.F.,.F.)
B_SPLINE_CURVE_WITH_KNOTS((2,2),(0.,2.),.UNSPECIFIED.)
CURVE()
GEOMETRIC_REPRESENTATION_ITEM()
RATIONAL_B_SPLINE_CURVE((1.,1.))
REPRESENTATION_ITEM('')
);
#2889=(
BOUNDED_CURVE()
B_SPLINE_CURVE(1,(#6596,#6597),.UNSPECIFIED.,.F.,.F.)
B_SPLINE_CURVE_WITH_KNOTS((2,2),(0.,2.),.UNSPECIFIED.)
CURVE()
GEOMETRIC_REPRESENTATION_ITEM()
RATIONAL_B_SPLINE_CURVE((1.,1.))
REPRESENTATION_ITEM('')
);
#2890=(
BOUNDED_CURVE()
B_SPLINE_CURVE(2,(#6598,#6599,#6600),.UNSPECIFIED.,.F.,.F.)
B_SPLINE_CURVE_WITH_KNOTS((3,3),(161.415926535898,169.269908169872),
 .UNSPECIFIED.)
CURVE()
GEOMETRIC_REPRESENTATION_ITEM()
RATIONAL_B_SPLINE_CURVE((1.,0.707106781186548,1.))
REPRESENTATION_ITEM('')
);
#2891=(
BOUNDED_CURVE()
B_SPLINE_CURVE(1,(#6601,#6602),.UNSPECIFIED.,.F.,.F.)
B_SPLINE_CURVE_WITH_KNOTS((2,2),(0.,2.),.UNSPECIFIED.)
CURVE()
GEOMETRIC_REPRESENTATION_ITEM()
RATIONAL_B_SPLINE_CURVE((1.,1.))
REPRESENTATION_ITEM('')
);
#2892=(
BOUNDED_CURVE()
B_SPLINE_CURVE(2,(#6603,#6604,#6605),.UNSPECIFIED.,.F.,.F.)
B_SPLINE_CURVE_WITH_KNOTS((3,3),(-141.415926535898,-133.561944901923),
 .UNSPECIFIED.)
CURVE()
GEOMETRIC_REPRESENTATION_ITEM()
RATIONAL_B_SPLINE_CURVE((1.,0.707106781186549,1.))
REPRESENTATION_ITEM('')
);
#2893=(
BOUNDED_CURVE()
B_SPLINE_CURVE(2,(#6606,#6607,#6608),.UNSPECIFIED.,.F.,.F.)
B_SPLINE_CURVE_WITH_KNOTS((3,3),(-169.269908169872,-161.415926535898),
 .UNSPECIFIED.)
CURVE()
GEOMETRIC_REPRESENTATION_ITEM()
RATIONAL_B_SPLINE_CURVE((1.,0.707106781186548,1.))
REPRESENTATION_ITEM('')
);
#2894=(
BOUNDED_CURVE()
B_SPLINE_CURVE(2,(#6609,#6610,#6611),.UNSPECIFIED.,.F.,.F.)
B_SPLINE_CURVE_WITH_KNOTS((3,3),(-161.415926535898,-156.161124788222),
 .UNSPECIFIED.)
CURVE()
GEOMETRIC_REPRESENTATION_ITEM()
RATIONAL_B_SPLINE_CURVE((1.,1.,1.))
REPRESENTATION_ITEM('')
);
#2895=(
BOUNDED_CURVE()
B_SPLINE_CURVE(2,(#6654,#6655,#6656),.UNSPECIFIED.,.F.,.F.)
B_SPLINE_CURVE_WITH_KNOTS((3,3),(-146.670728283574,-141.415926535898),
 .UNSPECIFIED.)
CURVE()
GEOMETRIC_REPRESENTATION_ITEM()
RATIONAL_B_SPLINE_CURVE((1.,1.,1.))
REPRESENTATION_ITEM('')
);
#2896=(
BOUNDED_CURVE()
B_SPLINE_CURVE(3,(#6741,#6742,#6743,#6744),.UNSPECIFIED.,.F.,.F.)
B_SPLINE_CURVE_WITH_KNOTS((4,4),(-1071.68325561701,-1063.82927398304),
 .UNSPECIFIED.)
CURVE()
GEOMETRIC_REPRESENTATION_ITEM()
RATIONAL_B_SPLINE_CURVE((1.,0.804737854124367,0.804737854124367,1.))
REPRESENTATION_ITEM('')
);
#2897=(
BOUNDED_CURVE()
B_SPLINE_CURVE(3,(#6745,#6746,#6747,#6748),.UNSPECIFIED.,.F.,.F.)
B_SPLINE_CURVE_WITH_KNOTS((4,4),(-993.829273983038,-985.975292349064),
 .UNSPECIFIED.)
CURVE()
GEOMETRIC_REPRESENTATION_ITEM()
RATIONAL_B_SPLINE_CURVE((1.,0.804737854124367,0.804737854124367,1.))
REPRESENTATION_ITEM('')
);
#2898=(
BOUNDED_CURVE()
B_SPLINE_CURVE(3,(#6749,#6750,#6751,#6752,#6753,#6754,#6755),
 .UNSPECIFIED.,.F.,.F.)
B_SPLINE_CURVE_WITH_KNOTS((4,3,4),(-980.720490601388,-980.42428101472,-980.307337856597),
 .UNSPECIFIED.)
CURVE()
GEOMETRIC_REPRESENTATION_ITEM()
RATIONAL_B_SPLINE_CURVE((1.,1.,1.,1.,1.,1.,1.))
REPRESENTATION_ITEM('')
);
#2899=(
BOUNDED_CURVE()
B_SPLINE_CURVE(3,(#6756,#6757,#6758,#6759,#6760,#6761,#6762,#6763,#6764,
#6765,#6766,#6767,#6768,#6769,#6770,#6771,#6772,#6773,#6774,#6775,#6776,
#6777,#6778,#6779,#6780,#6781,#6782,#6783,#6784,#6785,#6786,#6787,#6788,
#6789,#6790,#6791,#6792,#6793,#6794,#6795,#6796,#6797,#6798,#6799,#6800,
#6801,#6802,#6803,#6804,#6805,#6806,#6807,#6808,#6809,#6810),
 .UNSPECIFIED.,.F.,.F.)
B_SPLINE_CURVE_WITH_KNOTS((4,3,3,3,3,3,3,3,3,3,3,3,3,3,3,3,3,3,4),(-970.462206205135,
-969.94382846967,-969.410782858526,-968.844591055067,-968.241258945113,
-967.92406677208,-967.669822380624,-967.332882606312,-966.98745634514,-966.638393775653,
-966.289331206165,-965.943904944993,-965.606965170681,-965.352720779225,
-965.035528606192,-964.432196496238,-963.866004692778,-963.332959081635,
-962.81458134617),.UNSPECIFIED.)
CURVE()
GEOMETRIC_REPRESENTATION_ITEM()
RATIONAL_B_SPLINE_CURVE((1.,1.,1.,1.,1.,1.,1.,1.,1.,1.,1.,1.,1.,1.,1.,1.,
1.,1.,1.,1.,1.,1.,1.,1.,1.,1.,1.,1.,1.,1.,1.,1.,1.,1.,1.,1.,1.,1.,1.,1.,
1.,1.,1.,1.,1.,1.,1.,1.,1.,1.,1.,1.,1.,1.,1.))
REPRESENTATION_ITEM('')
);
#2900=(
BOUNDED_CURVE()
B_SPLINE_CURVE(3,(#6811,#6812,#6813,#6814,#6815,#6816,#6817,#6818,#6819,
#6820,#6821,#6822,#6823,#6824,#6825,#6826,#6827,#6828,#6829,#6830,#6831,
#6832,#6833,#6834,#6835,#6836,#6837,#6838,#6839,#6840,#6841,#6842,#6843,
#6844,#6845,#6846,#6847,#6848,#6849,#6850,#6851,#6852,#6853,#6854,#6855,
#6856,#6857,#6858,#6859,#6860,#6861,#6862,#6863,#6864,#6865),
 .UNSPECIFIED.,.F.,.F.)
B_SPLINE_CURVE_WITH_KNOTS((4,3,3,3,3,3,3,3,3,3,3,3,3,3,3,3,3,3,4),(-955.833788336873,
-955.315410601408,-954.782364990264,-954.216173186805,-953.612841076851,
-953.295648903817,-953.041404512362,-952.70446473805,-952.359038476877,
-952.00997590739,-951.660913337903,-951.315487076731,-950.978547302419,
-950.724302910963,-950.40711073793,-949.803778627976,-949.237586824516,
-948.704541213373,-948.186163477908),.UNSPECIFIED.)
CURVE()
GEOMETRIC_REPRESENTATION_ITEM()
RATIONAL_B_SPLINE_CURVE((1.,1.,1.,1.,1.,1.,1.,1.,1.,1.,1.,1.,1.,1.,1.,1.,
1.,1.,1.,1.,1.,1.,1.,1.,1.,1.,1.,1.,1.,1.,1.,1.,1.,1.,1.,1.,1.,1.,1.,1.,
1.,1.,1.,1.,1.,1.,1.,1.,1.,1.,1.,1.,1.,1.,1.))
REPRESENTATION_ITEM('')
);
#2901=(
BOUNDED_CURVE()
B_SPLINE_CURVE(3,(#6866,#6867,#6868,#6869,#6870,#6871,#6872),
 .UNSPECIFIED.,.F.,.F.)
B_SPLINE_CURVE_WITH_KNOTS((4,3,4),(-940.294674458883,-939.998464872214,
-939.881521714092),.UNSPECIFIED.)
CURVE()
GEOMETRIC_REPRESENTATION_ITEM()
RATIONAL_B_SPLINE_CURVE((1.,1.,1.,1.,1.,1.,1.))
REPRESENTATION_ITEM('')
);
#2902=(
BOUNDED_CURVE()
B_SPLINE_CURVE(3,(#6873,#6874,#6875,#6876),.UNSPECIFIED.,.F.,.F.)
B_SPLINE_CURVE_WITH_KNOTS((4,4),(-932.673077333979,-924.819095700004),
 .UNSPECIFIED.)
CURVE()
GEOMETRIC_REPRESENTATION_ITEM()
RATIONAL_B_SPLINE_CURVE((1.,0.804737854124366,0.804737854124366,1.))
REPRESENTATION_ITEM('')
);
#2903=(
BOUNDED_CURVE()
B_SPLINE_CURVE(3,(#6877,#6878,#6879,#6880),.UNSPECIFIED.,.F.,.F.)
B_SPLINE_CURVE_WITH_KNOTS((4,4),(-854.819095700004,-846.96511406603),
 .UNSPECIFIED.)
CURVE()
GEOMETRIC_REPRESENTATION_ITEM()
RATIONAL_B_SPLINE_CURVE((1.,0.804737854124366,0.804737854124366,1.))
REPRESENTATION_ITEM('')
);
#2904=(
BOUNDED_CURVE()
B_SPLINE_CURVE(3,(#6881,#6882,#6883,#6884,#6885,#6886,#6887),
 .UNSPECIFIED.,.F.,.F.)
B_SPLINE_CURVE_WITH_KNOTS((4,3,4),(-841.710312318354,-841.414102731685,
-841.297159573562),.UNSPECIFIED.)
CURVE()
GEOMETRIC_REPRESENTATION_ITEM()
RATIONAL_B_SPLINE_CURVE((1.,1.,1.,1.,1.,1.,1.))
REPRESENTATION_ITEM('')
);
#2905=(
BOUNDED_CURVE()
B_SPLINE_CURVE(3,(#6888,#6889,#6890,#6891,#6892,#6893,#6894,#6895,#6896,
#6897,#6898,#6899,#6900,#6901,#6902,#6903,#6904,#6905,#6906,#6907,#6908,
#6909,#6910,#6911,#6912,#6913,#6914,#6915,#6916,#6917,#6918,#6919,#6920,
#6921,#6922,#6923,#6924,#6925,#6926,#6927,#6928,#6929,#6930,#6931,#6932,
#6933,#6934,#6935,#6936,#6937,#6938,#6939,#6940,#6941,#6942),
 .UNSPECIFIED.,.F.,.F.)
B_SPLINE_CURVE_WITH_KNOTS((4,3,3,3,3,3,3,3,3,3,3,3,3,3,3,3,3,3,4),(-831.452027922101,
-830.933650186635,-830.400604575492,-829.834412772032,-829.231080662079,
-828.913888489045,-828.659644097589,-828.322704323277,-827.977278062105,
-827.628215492618,-827.27915292313,-826.933726661958,-826.596786887647,
-826.342542496191,-826.025350323157,-825.422018213203,-824.855826409744,
-824.322780798601,-823.804403063135),.UNSPECIFIED.)
CURVE()
GEOMETRIC_REPRESENTATION_ITEM()
RATIONAL_B_SPLINE_CURVE((1.,1.,1.,1.,1.,1.,1.,1.,1.,1.,1.,1.,1.,1.,1.,1.,
1.,1.,1.,1.,1.,1.,1.,1.,1.,1.,1.,1.,1.,1.,1.,1.,1.,1.,1.,1.,1.,1.,1.,1.,
1.,1.,1.,1.,1.,1.,1.,1.,1.,1.,1.,1.,1.,1.,1.))
REPRESENTATION_ITEM('')
);
#2906=(
BOUNDED_CURVE()
B_SPLINE_CURVE(3,(#6943,#6944,#6945,#6946,#6947,#6948,#6949,#6950,#6951,
#6952,#6953,#6954,#6955,#6956,#6957,#6958,#6959,#6960,#6961,#6962,#6963,
#6964,#6965,#6966,#6967,#6968,#6969,#6970,#6971,#6972,#6973,#6974,#6975,
#6976,#6977,#6978,#6979,#6980,#6981,#6982,#6983,#6984,#6985,#6986,#6987,
#6988,#6989,#6990,#6991,#6992,#6993,#6994,#6995,#6996,#6997),
 .UNSPECIFIED.,.F.,.F.)
B_SPLINE_CURVE_WITH_KNOTS((4,3,3,3,3,3,3,3,3,3,3,3,3,3,3,3,3,3,4),(-816.823610053839,
-816.305232318373,-815.77218670723,-815.20599490377,-814.602662793816,-814.285470620783,
-814.031226229327,-813.694286455015,-813.348860193843,-812.999797624356,
-812.650735054868,-812.305308793696,-811.968369019384,-811.714124627929,
-811.396932454895,-810.793600344941,-810.227408541482,-809.694362930338,
-809.175985194873),.UNSPECIFIED.)
CURVE()
GEOMETRIC_REPRESENTATION_ITEM()
RATIONAL_B_SPLINE_CURVE((1.,1.,1.,1.,1.,1.,1.,1.,1.,1.,1.,1.,1.,1.,1.,1.,
1.,1.,1.,1.,1.,1.,1.,1.,1.,1.,1.,1.,1.,1.,1.,1.,1.,1.,1.,1.,1.,1.,1.,1.,
1.,1.,1.,1.,1.,1.,1.,1.,1.,1.,1.,1.,1.,1.,1.))
REPRESENTATION_ITEM('')
);
#2907=(
BOUNDED_CURVE()
B_SPLINE_CURVE(3,(#6998,#6999,#7000,#7001,#7002,#7003,#7004),
 .UNSPECIFIED.,.F.,.F.)
B_SPLINE_CURVE_WITH_KNOTS((4,3,4),(-801.284496175848,-800.988286589179,
-800.871343431057),.UNSPECIFIED.)
CURVE()
GEOMETRIC_REPRESENTATION_ITEM()
RATIONAL_B_SPLINE_CURVE((1.,1.,1.,1.,1.,1.,1.))
REPRESENTATION_ITEM('')
);
#2908=(
BOUNDED_CURVE()
B_SPLINE_CURVE(3,(#7005,#7006,#7007,#7008,#7009,#7010,#7011),
 .UNSPECIFIED.,.F.,.F.)
B_SPLINE_CURVE_WITH_KNOTS((4,3,4),(-1077.35121010948,-1077.23426695136,
-1076.93805736469),.UNSPECIFIED.)
CURVE()
GEOMETRIC_REPRESENTATION_ITEM()
RATIONAL_B_SPLINE_CURVE((1.,1.,1.,1.,1.,1.,1.))
REPRESENTATION_ITEM('')
);
#2909=(
BOUNDED_CURVE()
B_SPLINE_CURVE(3,(#7012,#7013,#7014,#7015),.UNSPECIFIED.,.F.,.F.)
B_SPLINE_CURVE_WITH_KNOTS((4,4),(-1076.93805736469,-1071.68325561701),
 .UNSPECIFIED.)
CURVE()
GEOMETRIC_REPRESENTATION_ITEM()
RATIONAL_B_SPLINE_CURVE((1.,1.,1.,1.))
REPRESENTATION_ITEM('')
);
#2910=(
BOUNDED_CURVE()
B_SPLINE_CURVE(2,(#7016,#7017,#7018),.UNSPECIFIED.,.F.,.F.)
B_SPLINE_CURVE_WITH_KNOTS((3,3),(-1071.68325561701,-1063.82927398304),
 .UNSPECIFIED.)
CURVE()
GEOMETRIC_REPRESENTATION_ITEM()
RATIONAL_B_SPLINE_CURVE((1.,0.707106781186549,1.))
REPRESENTATION_ITEM('')
);
#2911=(
BOUNDED_CURVE()
B_SPLINE_CURVE(3,(#7019,#7020,#7021,#7022),.UNSPECIFIED.,.F.,.F.)
B_SPLINE_CURVE_WITH_KNOTS((4,4),(-1063.82927398304,-1032.62927398304),
 .UNSPECIFIED.)
CURVE()
GEOMETRIC_REPRESENTATION_ITEM()
RATIONAL_B_SPLINE_CURVE((1.,1.,1.,1.))
REPRESENTATION_ITEM('')
);
#2912=(
BOUNDED_CURVE()
B_SPLINE_CURVE(2,(#7023,#7024,#7025),.UNSPECIFIED.,.F.,.F.)
B_SPLINE_CURVE_WITH_KNOTS((3,3),(-993.829273983038,-985.975292349064),
 .UNSPECIFIED.)
CURVE()
GEOMETRIC_REPRESENTATION_ITEM()
RATIONAL_B_SPLINE_CURVE((1.,0.707106781186555,1.))
REPRESENTATION_ITEM('')
);
#2913=(
BOUNDED_CURVE()
B_SPLINE_CURVE(3,(#7026,#7027,#7028,#7029),.UNSPECIFIED.,.F.,.F.)
B_SPLINE_CURVE_WITH_KNOTS((4,4),(-985.975292349064,-980.720490601388),
 .UNSPECIFIED.)
CURVE()
GEOMETRIC_REPRESENTATION_ITEM()
RATIONAL_B_SPLINE_CURVE((1.,1.,1.,1.))
REPRESENTATION_ITEM('')
);
#2914=(
BOUNDED_CURVE()
B_SPLINE_CURVE(3,(#7030,#7031,#7032,#7033,#7034,#7035,#7036),
 .UNSPECIFIED.,.F.,.F.)
B_SPLINE_CURVE_WITH_KNOTS((4,3,4),(-980.720490601388,-980.42428101472,-980.307337856597),
 .UNSPECIFIED.)
CURVE()
GEOMETRIC_REPRESENTATION_ITEM()
RATIONAL_B_SPLINE_CURVE((1.,1.,1.,1.,1.,1.,1.))
REPRESENTATION_ITEM('')
);
#2915=(
BOUNDED_CURVE()
B_SPLINE_CURVE(3,(#7037,#7038,#7039,#7040),.UNSPECIFIED.,.F.,.F.)
B_SPLINE_CURVE_WITH_KNOTS((4,4),(-978.35369522416,-970.462206205135),
 .UNSPECIFIED.)
CURVE()
GEOMETRIC_REPRESENTATION_ITEM()
RATIONAL_B_SPLINE_CURVE((1.,1.,1.,1.))
REPRESENTATION_ITEM('')
);
#2916=(
BOUNDED_CURVE()
B_SPLINE_CURVE(3,(#7041,#7042,#7043,#7044,#7045,#7046,#7047,#7048,#7049,
#7050,#7051,#7052,#7053,#7054,#7055,#7056,#7057,#7058,#7059,#7060,#7061,
#7062,#7063,#7064,#7065,#7066,#7067,#7068,#7069,#7070,#7071,#7072,#7073,
#7074,#7075,#7076,#7077,#7078,#7079,#7080,#7081,#7082,#7083,#7084,#7085,
#7086,#7087,#7088,#7089,#7090,#7091,#7092,#7093,#7094,#7095),
 .UNSPECIFIED.,.F.,.F.)
B_SPLINE_CURVE_WITH_KNOTS((4,3,3,3,3,3,3,3,3,3,3,3,3,3,3,3,3,3,4),(-970.462206205135,
-969.94382846967,-969.410782858526,-968.844591055067,-968.241258945113,
-967.92406677208,-967.669822380624,-967.332882606312,-966.98745634514,-966.638393775653,
-966.289331206165,-965.943904944993,-965.606965170681,-965.352720779225,
-965.035528606192,-964.432196496238,-963.866004692778,-963.332959081635,
-962.81458134617),.UNSPECIFIED.)
CURVE()
GEOMETRIC_REPRESENTATION_ITEM()
RATIONAL_B_SPLINE_CURVE((1.,1.,1.,1.,1.,1.,1.,1.,1.,1.,1.,1.,1.,1.,1.,1.,
1.,1.,1.,1.,1.,1.,1.,1.,1.,1.,1.,1.,1.,1.,1.,1.,1.,1.,1.,1.,1.,1.,1.,1.,
1.,1.,1.,1.,1.,1.,1.,1.,1.,1.,1.,1.,1.,1.,1.))
REPRESENTATION_ITEM('')
);
#2917=(
BOUNDED_CURVE()
B_SPLINE_CURVE(3,(#7096,#7097,#7098,#7099),.UNSPECIFIED.,.F.,.F.)
B_SPLINE_CURVE_WITH_KNOTS((4,4),(-962.81458134617,-962.124184841522),
 .UNSPECIFIED.)
CURVE()
GEOMETRIC_REPRESENTATION_ITEM()
RATIONAL_B_SPLINE_CURVE((1.,1.,1.,1.))
REPRESENTATION_ITEM('')
);
#2918=(
BOUNDED_CURVE()
B_SPLINE_CURVE(3,(#7100,#7101,#7102,#7103,#7104,#7105,#7106,#7107,#7108,
#7109,#7110,#7111,#7112,#7113,#7114,#7115,#7116,#7117,#7118,#7119,#7120,
#7121,#7122,#7123,#7124,#7125,#7126,#7127,#7128,#7129,#7130,#7131,#7132,
#7133,#7134,#7135,#7136,#7137,#7138,#7139,#7140,#7141,#7142,#7143,#7144,
#7145,#7146,#7147,#7148,#7149,#7150,#7151,#7152,#7153,#7154),
 .UNSPECIFIED.,.F.,.F.)
B_SPLINE_CURVE_WITH_KNOTS((4,3,3,3,3,3,3,3,3,3,3,3,3,3,3,3,3,3,4),(-955.833788336873,
-955.315410601408,-954.782364990264,-954.216173186805,-953.612841076851,
-953.295648903817,-953.041404512362,-952.70446473805,-952.359038476877,
-952.00997590739,-951.660913337903,-951.315487076731,-950.978547302419,
-950.724302910963,-950.40711073793,-949.803778627976,-949.237586824516,
-948.704541213373,-948.186163477908),.UNSPECIFIED.)
CURVE()
GEOMETRIC_REPRESENTATION_ITEM()
RATIONAL_B_SPLINE_CURVE((1.,1.,1.,1.,1.,1.,1.,1.,1.,1.,1.,1.,1.,1.,1.,1.,
1.,1.,1.,1.,1.,1.,1.,1.,1.,1.,1.,1.,1.,1.,1.,1.,1.,1.,1.,1.,1.,1.,1.,1.,
1.,1.,1.,1.,1.,1.,1.,1.,1.,1.,1.,1.,1.,1.,1.))
REPRESENTATION_ITEM('')
);
#2919=(
BOUNDED_CURVE()
B_SPLINE_CURVE(3,(#7155,#7156,#7157,#7158),.UNSPECIFIED.,.F.,.F.)
B_SPLINE_CURVE_WITH_KNOTS((4,4),(-948.186163477908,-940.294674458883),
 .UNSPECIFIED.)
CURVE()
GEOMETRIC_REPRESENTATION_ITEM()
RATIONAL_B_SPLINE_CURVE((1.,1.,1.,1.))
REPRESENTATION_ITEM('')
);
#2920=(
BOUNDED_CURVE()
B_SPLINE_CURVE(3,(#7159,#7160,#7161,#7162,#7163,#7164,#7165),
 .UNSPECIFIED.,.F.,.F.)
B_SPLINE_CURVE_WITH_KNOTS((4,3,4),(-940.294674458883,-939.998464872214,
-939.881521714092),.UNSPECIFIED.)
CURVE()
GEOMETRIC_REPRESENTATION_ITEM()
RATIONAL_B_SPLINE_CURVE((1.,1.,1.,1.,1.,1.,1.))
REPRESENTATION_ITEM('')
);
#2921=(
BOUNDED_CURVE()
B_SPLINE_CURVE(3,(#7166,#7167,#7168,#7169),.UNSPECIFIED.,.F.,.F.)
B_SPLINE_CURVE_WITH_KNOTS((4,4),(-937.927879081655,-932.673077333979),
 .UNSPECIFIED.)
CURVE()
GEOMETRIC_REPRESENTATION_ITEM()
RATIONAL_B_SPLINE_CURVE((1.,1.,1.,1.))
REPRESENTATION_ITEM('')
);
#2922=(
BOUNDED_CURVE()
B_SPLINE_CURVE(2,(#7170,#7171,#7172),.UNSPECIFIED.,.F.,.F.)
B_SPLINE_CURVE_WITH_KNOTS((3,3),(-932.673077333979,-924.819095700004),
 .UNSPECIFIED.)
CURVE()
GEOMETRIC_REPRESENTATION_ITEM()
RATIONAL_B_SPLINE_CURVE((1.,0.707106781186545,1.))
REPRESENTATION_ITEM('')
);
#2923=(
BOUNDED_CURVE()
B_SPLINE_CURVE(3,(#7173,#7174,#7175,#7176),.UNSPECIFIED.,.F.,.F.)
B_SPLINE_CURVE_WITH_KNOTS((4,4),(-924.819095700004,-893.619095700004),
 .UNSPECIFIED.)
CURVE()
GEOMETRIC_REPRESENTATION_ITEM()
RATIONAL_B_SPLINE_CURVE((1.,1.,1.,1.))
REPRESENTATION_ITEM('')
);
#2924=(
BOUNDED_CURVE()
B_SPLINE_CURVE(2,(#7177,#7178,#7179),.UNSPECIFIED.,.F.,.F.)
B_SPLINE_CURVE_WITH_KNOTS((3,3),(-854.819095700004,-846.96511406603),
 .UNSPECIFIED.)
CURVE()
GEOMETRIC_REPRESENTATION_ITEM()
RATIONAL_B_SPLINE_CURVE((1.,0.70710678118655,1.))
REPRESENTATION_ITEM('')
);
#2925=(
BOUNDED_CURVE()
B_SPLINE_CURVE(3,(#7180,#7181,#7182,#7183),.UNSPECIFIED.,.F.,.F.)
B_SPLINE_CURVE_WITH_KNOTS((4,4),(-846.96511406603,-841.710312318354),
 .UNSPECIFIED.)
CURVE()
GEOMETRIC_REPRESENTATION_ITEM()
RATIONAL_B_SPLINE_CURVE((1.,1.,1.,1.))
REPRESENTATION_ITEM('')
);
#2926=(
BOUNDED_CURVE()
B_SPLINE_CURVE(3,(#7184,#7185,#7186,#7187,#7188,#7189,#7190),
 .UNSPECIFIED.,.F.,.F.)
B_SPLINE_CURVE_WITH_KNOTS((4,3,4),(-841.710312318354,-841.414102731685,
-841.297159573562),.UNSPECIFIED.)
CURVE()
GEOMETRIC_REPRESENTATION_ITEM()
RATIONAL_B_SPLINE_CURVE((1.,1.,1.,1.,1.,1.,1.))
REPRESENTATION_ITEM('')
);
#2927=(
BOUNDED_CURVE()
B_SPLINE_CURVE(3,(#7191,#7192,#7193,#7194),.UNSPECIFIED.,.F.,.F.)
B_SPLINE_CURVE_WITH_KNOTS((4,4),(-839.343516941125,-831.452027922101),
 .UNSPECIFIED.)
CURVE()
GEOMETRIC_REPRESENTATION_ITEM()
RATIONAL_B_SPLINE_CURVE((1.,1.,1.,1.))
REPRESENTATION_ITEM('')
);
#2928=(
BOUNDED_CURVE()
B_SPLINE_CURVE(3,(#7195,#7196,#7197,#7198,#7199,#7200,#7201,#7202,#7203,
#7204,#7205,#7206,#7207,#7208,#7209,#7210,#7211,#7212,#7213,#7214,#7215,
#7216,#7217,#7218,#7219,#7220,#7221,#7222,#7223,#7224,#7225,#7226,#7227,
#7228,#7229,#7230,#7231,#7232,#7233,#7234,#7235,#7236,#7237,#7238,#7239,
#7240,#7241,#7242,#7243,#7244,#7245,#7246,#7247,#7248,#7249),
 .UNSPECIFIED.,.F.,.F.)
B_SPLINE_CURVE_WITH_KNOTS((4,3,3,3,3,3,3,3,3,3,3,3,3,3,3,3,3,3,4),(-831.452027922101,
-830.933650186635,-830.400604575492,-829.834412772032,-829.231080662079,
-828.913888489045,-828.659644097589,-828.322704323277,-827.977278062105,
-827.628215492618,-827.27915292313,-826.933726661958,-826.596786887647,
-826.342542496191,-826.025350323157,-825.422018213203,-824.855826409744,
-824.322780798601,-823.804403063135),.UNSPECIFIED.)
CURVE()
GEOMETRIC_REPRESENTATION_ITEM()
RATIONAL_B_SPLINE_CURVE((1.,1.,1.,1.,1.,1.,1.,1.,1.,1.,1.,1.,1.,1.,1.,1.,
1.,1.,1.,1.,1.,1.,1.,1.,1.,1.,1.,1.,1.,1.,1.,1.,1.,1.,1.,1.,1.,1.,1.,1.,
1.,1.,1.,1.,1.,1.,1.,1.,1.,1.,1.,1.,1.,1.,1.))
REPRESENTATION_ITEM('')
);
#2929=(
BOUNDED_CURVE()
B_SPLINE_CURVE(3,(#7250,#7251,#7252,#7253),.UNSPECIFIED.,.F.,.F.)
B_SPLINE_CURVE_WITH_KNOTS((4,4),(-823.804403063135,-823.114006558487),
 .UNSPECIFIED.)
CURVE()
GEOMETRIC_REPRESENTATION_ITEM()
RATIONAL_B_SPLINE_CURVE((1.,1.,1.,1.))
REPRESENTATION_ITEM('')
);
#2930=(
BOUNDED_CURVE()
B_SPLINE_CURVE(3,(#7254,#7255,#7256,#7257,#7258,#7259,#7260,#7261,#7262,
#7263,#7264,#7265,#7266,#7267,#7268,#7269,#7270,#7271,#7272,#7273,#7274,
#7275,#7276,#7277,#7278,#7279,#7280,#7281,#7282,#7283,#7284,#7285,#7286,
#7287,#7288,#7289,#7290,#7291,#7292,#7293,#7294,#7295,#7296,#7297,#7298,
#7299,#7300,#7301,#7302,#7303,#7304,#7305,#7306,#7307,#7308),
 .UNSPECIFIED.,.F.,.F.)
B_SPLINE_CURVE_WITH_KNOTS((4,3,3,3,3,3,3,3,3,3,3,3,3,3,3,3,3,3,4),(-816.823610053839,
-816.305232318373,-815.77218670723,-815.20599490377,-814.602662793816,-814.285470620783,
-814.031226229327,-813.694286455015,-813.348860193843,-812.999797624356,
-812.650735054868,-812.305308793696,-811.968369019384,-811.714124627929,
-811.396932454895,-810.793600344941,-810.227408541482,-809.694362930338,
-809.175985194873),.UNSPECIFIED.)
CURVE()
GEOMETRIC_REPRESENTATION_ITEM()
RATIONAL_B_SPLINE_CURVE((1.,1.,1.,1.,1.,1.,1.,1.,1.,1.,1.,1.,1.,1.,1.,1.,
1.,1.,1.,1.,1.,1.,1.,1.,1.,1.,1.,1.,1.,1.,1.,1.,1.,1.,1.,1.,1.,1.,1.,1.,
1.,1.,1.,1.,1.,1.,1.,1.,1.,1.,1.,1.,1.,1.,1.))
REPRESENTATION_ITEM('')
);
#2931=(
BOUNDED_CURVE()
B_SPLINE_CURVE(3,(#7309,#7310,#7311,#7312),.UNSPECIFIED.,.F.,.F.)
B_SPLINE_CURVE_WITH_KNOTS((4,4),(-809.175985194873,-801.284496175848),
 .UNSPECIFIED.)
CURVE()
GEOMETRIC_REPRESENTATION_ITEM()
RATIONAL_B_SPLINE_CURVE((1.,1.,1.,1.))
REPRESENTATION_ITEM('')
);
#2932=(
BOUNDED_CURVE()
B_SPLINE_CURVE(3,(#7313,#7314,#7315,#7316,#7317,#7318,#7319),
 .UNSPECIFIED.,.F.,.F.)
B_SPLINE_CURVE_WITH_KNOTS((4,3,4),(-801.284496175848,-800.988286589179,
-800.871343431057),.UNSPECIFIED.)
CURVE()
GEOMETRIC_REPRESENTATION_ITEM()
RATIONAL_B_SPLINE_CURVE((1.,1.,1.,1.,1.,1.,1.))
REPRESENTATION_ITEM('')
);
#2933=(
BOUNDED_CURVE()
B_SPLINE_CURVE(1,(#7320,#7321),.UNSPECIFIED.,.F.,.F.)
B_SPLINE_CURVE_WITH_KNOTS((2,2),(4.00000000000047,6.0000000000008),
 .UNSPECIFIED.)
CURVE()
GEOMETRIC_REPRESENTATION_ITEM()
RATIONAL_B_SPLINE_CURVE((1.,1.))
REPRESENTATION_ITEM('')
);
#2934=(
BOUNDED_CURVE()
B_SPLINE_CURVE(1,(#7322,#7323),.UNSPECIFIED.,.F.,.F.)
B_SPLINE_CURVE_WITH_KNOTS((2,2),(3.99999999999799,6.0000000000008),
 .UNSPECIFIED.)
CURVE()
GEOMETRIC_REPRESENTATION_ITEM()
RATIONAL_B_SPLINE_CURVE((1.,1.))
REPRESENTATION_ITEM('')
);
#2935=(
BOUNDED_CURVE()
B_SPLINE_CURVE(1,(#7324,#7325),.UNSPECIFIED.,.F.,.F.)
B_SPLINE_CURVE_WITH_KNOTS((2,2),(3.99999999999608,6.0000000000008),
 .UNSPECIFIED.)
CURVE()
GEOMETRIC_REPRESENTATION_ITEM()
RATIONAL_B_SPLINE_CURVE((1.,1.))
REPRESENTATION_ITEM('')
);
#2936=(
BOUNDED_CURVE()
B_SPLINE_CURVE(1,(#7326,#7327),.UNSPECIFIED.,.F.,.F.)
B_SPLINE_CURVE_WITH_KNOTS((2,2),(3.99999999999608,6.0000000000008),
 .UNSPECIFIED.)
CURVE()
GEOMETRIC_REPRESENTATION_ITEM()
RATIONAL_B_SPLINE_CURVE((1.,1.))
REPRESENTATION_ITEM('')
);
#2937=(
BOUNDED_CURVE()
B_SPLINE_CURVE(1,(#7328,#7329),.UNSPECIFIED.,.F.,.F.)
B_SPLINE_CURVE_WITH_KNOTS((2,2),(3.99999999999799,6.0000000000008),
 .UNSPECIFIED.)
CURVE()
GEOMETRIC_REPRESENTATION_ITEM()
RATIONAL_B_SPLINE_CURVE((1.,1.))
REPRESENTATION_ITEM('')
);
#2938=(
BOUNDED_CURVE()
B_SPLINE_CURVE(1,(#7330,#7331),.UNSPECIFIED.,.F.,.F.)
B_SPLINE_CURVE_WITH_KNOTS((2,2),(4.00000000000038,6.0000000000008),
 .UNSPECIFIED.)
CURVE()
GEOMETRIC_REPRESENTATION_ITEM()
RATIONAL_B_SPLINE_CURVE((1.,1.))
REPRESENTATION_ITEM('')
);
#2939=(
BOUNDED_CURVE()
B_SPLINE_CURVE(1,(#7332,#7333),.UNSPECIFIED.,.F.,.F.)
B_SPLINE_CURVE_WITH_KNOTS((2,2),(4.0000000000007,6.0000000000008),
 .UNSPECIFIED.)
CURVE()
GEOMETRIC_REPRESENTATION_ITEM()
RATIONAL_B_SPLINE_CURVE((1.,1.))
REPRESENTATION_ITEM('')
);
#2940=(
BOUNDED_CURVE()
B_SPLINE_CURVE(1,(#7334,#7335),.UNSPECIFIED.,.F.,.F.)
B_SPLINE_CURVE_WITH_KNOTS((2,2),(4.00000000000175,6.0000000000008),
 .UNSPECIFIED.)
CURVE()
GEOMETRIC_REPRESENTATION_ITEM()
RATIONAL_B_SPLINE_CURVE((1.,1.))
REPRESENTATION_ITEM('')
);
#2941=(
BOUNDED_CURVE()
B_SPLINE_CURVE(1,(#7336,#7337),.UNSPECIFIED.,.F.,.F.)
B_SPLINE_CURVE_WITH_KNOTS((2,2),(4.00000000000333,6.0000000000008),
 .UNSPECIFIED.)
CURVE()
GEOMETRIC_REPRESENTATION_ITEM()
RATIONAL_B_SPLINE_CURVE((1.,1.))
REPRESENTATION_ITEM('')
);
#2942=(
BOUNDED_CURVE()
B_SPLINE_CURVE(1,(#7338,#7339),.UNSPECIFIED.,.F.,.F.)
B_SPLINE_CURVE_WITH_KNOTS((2,2),(4.00000000000437,6.0000000000008),
 .UNSPECIFIED.)
CURVE()
GEOMETRIC_REPRESENTATION_ITEM()
RATIONAL_B_SPLINE_CURVE((1.,1.))
REPRESENTATION_ITEM('')
);
#2943=(
BOUNDED_CURVE()
B_SPLINE_CURVE(1,(#7340,#7341),.UNSPECIFIED.,.F.,.F.)
B_SPLINE_CURVE_WITH_KNOTS((2,2),(4.00000000000437,6.0000000000008),
 .UNSPECIFIED.)
CURVE()
GEOMETRIC_REPRESENTATION_ITEM()
RATIONAL_B_SPLINE_CURVE((1.,1.))
REPRESENTATION_ITEM('')
);
#2944=(
BOUNDED_CURVE()
B_SPLINE_CURVE(1,(#7342,#7343),.UNSPECIFIED.,.F.,.F.)
B_SPLINE_CURVE_WITH_KNOTS((2,2),(4.00000000000708,6.0000000000008),
 .UNSPECIFIED.)
CURVE()
GEOMETRIC_REPRESENTATION_ITEM()
RATIONAL_B_SPLINE_CURVE((1.,1.))
REPRESENTATION_ITEM('')
);
#2945=(
BOUNDED_CURVE()
B_SPLINE_CURVE(1,(#7344,#7345),.UNSPECIFIED.,.F.,.F.)
B_SPLINE_CURVE_WITH_KNOTS((2,2),(4.00000000000899,6.0000000000008),
 .UNSPECIFIED.)
CURVE()
GEOMETRIC_REPRESENTATION_ITEM()
RATIONAL_B_SPLINE_CURVE((1.,1.))
REPRESENTATION_ITEM('')
);
#2946=(
BOUNDED_CURVE()
B_SPLINE_CURVE(1,(#7346,#7347),.UNSPECIFIED.,.F.,.F.)
B_SPLINE_CURVE_WITH_KNOTS((2,2),(4.00000000000899,6.0000000000008),
 .UNSPECIFIED.)
CURVE()
GEOMETRIC_REPRESENTATION_ITEM()
RATIONAL_B_SPLINE_CURVE((1.,1.))
REPRESENTATION_ITEM('')
);
#2947=(
BOUNDED_CURVE()
B_SPLINE_CURVE(1,(#7348,#7349),.UNSPECIFIED.,.F.,.F.)
B_SPLINE_CURVE_WITH_KNOTS((2,2),(4.00000000000708,6.0000000000008),
 .UNSPECIFIED.)
CURVE()
GEOMETRIC_REPRESENTATION_ITEM()
RATIONAL_B_SPLINE_CURVE((1.,1.))
REPRESENTATION_ITEM('')
);
#2948=(
BOUNDED_CURVE()
B_SPLINE_CURVE(1,(#7350,#7351),.UNSPECIFIED.,.F.,.F.)
B_SPLINE_CURVE_WITH_KNOTS((2,2),(4.0000000000047,6.0000000000008),
 .UNSPECIFIED.)
CURVE()
GEOMETRIC_REPRESENTATION_ITEM()
RATIONAL_B_SPLINE_CURVE((1.,1.))
REPRESENTATION_ITEM('')
);
#2949=(
BOUNDED_CURVE()
B_SPLINE_CURVE(1,(#7352,#7353),.UNSPECIFIED.,.F.,.F.)
B_SPLINE_CURVE_WITH_KNOTS((2,2),(4.00000000000437,6.0000000000008),
 .UNSPECIFIED.)
CURVE()
GEOMETRIC_REPRESENTATION_ITEM()
RATIONAL_B_SPLINE_CURVE((1.,1.))
REPRESENTATION_ITEM('')
);
#2950=(
BOUNDED_CURVE()
B_SPLINE_CURVE(1,(#7354,#7355),.UNSPECIFIED.,.F.,.F.)
B_SPLINE_CURVE_WITH_KNOTS((2,2),(4.00000000000333,6.0000000000008),
 .UNSPECIFIED.)
CURVE()
GEOMETRIC_REPRESENTATION_ITEM()
RATIONAL_B_SPLINE_CURVE((1.,1.))
REPRESENTATION_ITEM('')
);
#2951=(
BOUNDED_CURVE()
B_SPLINE_CURVE(1,(#7356,#7357),.UNSPECIFIED.,.F.,.F.)
B_SPLINE_CURVE_WITH_KNOTS((2,2),(4.00000000000175,6.0000000000008),
 .UNSPECIFIED.)
CURVE()
GEOMETRIC_REPRESENTATION_ITEM()
RATIONAL_B_SPLINE_CURVE((1.,1.))
REPRESENTATION_ITEM('')
);
#2952=(
BOUNDED_CURVE()
B_SPLINE_CURVE(1,(#7358,#7359),.UNSPECIFIED.,.F.,.F.)
B_SPLINE_CURVE_WITH_KNOTS((2,2),(4.0000000000007,6.0000000000008),
 .UNSPECIFIED.)
CURVE()
GEOMETRIC_REPRESENTATION_ITEM()
RATIONAL_B_SPLINE_CURVE((1.,1.))
REPRESENTATION_ITEM('')
);
#2953=(
BOUNDED_CURVE()
B_SPLINE_CURVE(1,(#7360,#7361),.UNSPECIFIED.,.F.,.F.)
B_SPLINE_CURVE_WITH_KNOTS((2,2),(4.0000000000007,6.0000000000008),
 .UNSPECIFIED.)
CURVE()
GEOMETRIC_REPRESENTATION_ITEM()
RATIONAL_B_SPLINE_CURVE((1.,1.))
REPRESENTATION_ITEM('')
);
#2954=(
BOUNDED_CURVE()
B_SPLINE_CURVE(3,(#7386,#7387,#7388,#7389,#7390,#7391,#7392),
 .UNSPECIFIED.,.F.,.F.)
B_SPLINE_CURVE_WITH_KNOTS((4,3,4),(-1077.35121010948,-1077.23426695136,
-1076.93805736469),.UNSPECIFIED.)
CURVE()
GEOMETRIC_REPRESENTATION_ITEM()
RATIONAL_B_SPLINE_CURVE((1.,1.,1.,1.,1.,1.,1.))
REPRESENTATION_ITEM('')
);
#2955=(
BOUNDED_CURVE()
B_SPLINE_CURVE(3,(#7393,#7394,#7395,#7396),.UNSPECIFIED.,.F.,.F.)
B_SPLINE_CURVE_WITH_KNOTS((4,4),(-1076.93805736469,-1071.68325561701),
 .UNSPECIFIED.)
CURVE()
GEOMETRIC_REPRESENTATION_ITEM()
RATIONAL_B_SPLINE_CURVE((1.,1.,1.,1.))
REPRESENTATION_ITEM('')
);
#2956=(
BOUNDED_CURVE()
B_SPLINE_CURVE(3,(#7399,#7400,#7401,#7402),.UNSPECIFIED.,.F.,.F.)
B_SPLINE_CURVE_WITH_KNOTS((4,4),(-1071.68325561701,-1063.82927398304),
 .UNSPECIFIED.)
CURVE()
GEOMETRIC_REPRESENTATION_ITEM()
RATIONAL_B_SPLINE_CURVE((1.,0.804737854124367,0.804737854124367,1.))
REPRESENTATION_ITEM('')
);
#2957=(
BOUNDED_CURVE()
B_SPLINE_CURVE(3,(#7405,#7406,#7407,#7408),.UNSPECIFIED.,.F.,.F.)
B_SPLINE_CURVE_WITH_KNOTS((4,4),(-1063.82927398304,-1032.62927398304),
 .UNSPECIFIED.)
CURVE()
GEOMETRIC_REPRESENTATION_ITEM()
RATIONAL_B_SPLINE_CURVE((1.,1.,1.,1.))
REPRESENTATION_ITEM('')
);
#2958=(
BOUNDED_CURVE()
B_SPLINE_CURVE(3,(#7411,#7412,#7413,#7414),.UNSPECIFIED.,.F.,.F.)
B_SPLINE_CURVE_WITH_KNOTS((4,4),(-993.829273983038,-985.975292349064),
 .UNSPECIFIED.)
CURVE()
GEOMETRIC_REPRESENTATION_ITEM()
RATIONAL_B_SPLINE_CURVE((1.,0.804737854124367,0.804737854124367,1.))
REPRESENTATION_ITEM('')
);
#2959=(
BOUNDED_CURVE()
B_SPLINE_CURVE(3,(#7417,#7418,#7419,#7420),.UNSPECIFIED.,.F.,.F.)
B_SPLINE_CURVE_WITH_KNOTS((4,4),(-985.975292349064,-980.720490601388),
 .UNSPECIFIED.)
CURVE()
GEOMETRIC_REPRESENTATION_ITEM()
RATIONAL_B_SPLINE_CURVE((1.,1.,1.,1.))
REPRESENTATION_ITEM('')
);
#2960=(
BOUNDED_CURVE()
B_SPLINE_CURVE(3,(#7423,#7424,#7425,#7426,#7427,#7428,#7429),
 .UNSPECIFIED.,.F.,.F.)
B_SPLINE_CURVE_WITH_KNOTS((4,3,4),(-980.720490601388,-980.42428101472,-980.307337856596),
 .UNSPECIFIED.)
CURVE()
GEOMETRIC_REPRESENTATION_ITEM()
RATIONAL_B_SPLINE_CURVE((1.,1.,1.,1.,1.,1.,1.))
REPRESENTATION_ITEM('')
);
#2961=(
BOUNDED_CURVE()
B_SPLINE_CURVE(3,(#7430,#7431,#7432,#7433),.UNSPECIFIED.,.F.,.F.)
B_SPLINE_CURVE_WITH_KNOTS((4,4),(-978.35369522416,-970.462206205135),
 .UNSPECIFIED.)
CURVE()
GEOMETRIC_REPRESENTATION_ITEM()
RATIONAL_B_SPLINE_CURVE((1.,1.,1.,1.))
REPRESENTATION_ITEM('')
);
#2962=(
BOUNDED_CURVE()
B_SPLINE_CURVE(3,(#7436,#7437,#7438,#7439,#7440,#7441,#7442,#7443,#7444,
#7445,#7446,#7447,#7448,#7449,#7450,#7451,#7452,#7453,#7454,#7455,#7456,
#7457,#7458,#7459,#7460,#7461,#7462,#7463,#7464,#7465,#7466,#7467,#7468,
#7469,#7470,#7471,#7472,#7473,#7474,#7475,#7476,#7477,#7478,#7479,#7480,
#7481,#7482,#7483,#7484,#7485,#7486,#7487,#7488,#7489,#7490),
 .UNSPECIFIED.,.F.,.F.)
B_SPLINE_CURVE_WITH_KNOTS((4,3,3,3,3,3,3,3,3,3,3,3,3,3,3,3,3,3,4),(-970.462206205135,
-969.94382846967,-969.410782858526,-968.844591055067,-968.241258945113,
-967.92406677208,-967.669822380624,-967.332882606312,-966.98745634514,-966.638393775653,
-966.289331206165,-965.943904944993,-965.606965170681,-965.352720779225,
-965.035528606192,-964.432196496238,-963.866004692778,-963.332959081635,
-962.81458134617),.UNSPECIFIED.)
CURVE()
GEOMETRIC_REPRESENTATION_ITEM()
RATIONAL_B_SPLINE_CURVE((1.,1.,1.,1.,1.,1.,1.,1.,1.,1.,1.,1.,1.,1.,1.,1.,
1.,1.,1.,1.,1.,1.,1.,1.,1.,1.,1.,1.,1.,1.,1.,1.,1.,1.,1.,1.,1.,1.,1.,1.,
1.,1.,1.,1.,1.,1.,1.,1.,1.,1.,1.,1.,1.,1.,1.))
REPRESENTATION_ITEM('')
);
#2963=(
BOUNDED_CURVE()
B_SPLINE_CURVE(3,(#7493,#7494,#7495,#7496),.UNSPECIFIED.,.F.,.F.)
B_SPLINE_CURVE_WITH_KNOTS((4,4),(-962.81458134617,-962.124184841522),
 .UNSPECIFIED.)
CURVE()
GEOMETRIC_REPRESENTATION_ITEM()
RATIONAL_B_SPLINE_CURVE((1.,1.,1.,1.))
REPRESENTATION_ITEM('')
);
#2964=(
BOUNDED_CURVE()
B_SPLINE_CURVE(3,(#7499,#7500,#7501,#7502,#7503,#7504,#7505,#7506,#7507,
#7508,#7509,#7510,#7511,#7512,#7513,#7514,#7515,#7516,#7517,#7518,#7519,
#7520,#7521,#7522,#7523,#7524,#7525,#7526,#7527,#7528,#7529,#7530,#7531,
#7532,#7533,#7534,#7535,#7536,#7537,#7538,#7539,#7540,#7541,#7542,#7543,
#7544,#7545,#7546,#7547,#7548,#7549,#7550,#7551,#7552,#7553),
 .UNSPECIFIED.,.F.,.F.)
B_SPLINE_CURVE_WITH_KNOTS((4,3,3,3,3,3,3,3,3,3,3,3,3,3,3,3,3,3,4),(-955.833788336873,
-955.315410601408,-954.782364990264,-954.216173186805,-953.612841076851,
-953.295648903817,-953.041404512362,-952.70446473805,-952.359038476877,
-952.00997590739,-951.660913337903,-951.315487076731,-950.978547302419,
-950.724302910963,-950.40711073793,-949.803778627976,-949.237586824516,
-948.704541213373,-948.186163477908),.UNSPECIFIED.)
CURVE()
GEOMETRIC_REPRESENTATION_ITEM()
RATIONAL_B_SPLINE_CURVE((1.,1.,1.,1.,1.,1.,1.,1.,1.,1.,1.,1.,1.,1.,1.,1.,
1.,1.,1.,1.,1.,1.,1.,1.,1.,1.,1.,1.,1.,1.,1.,1.,1.,1.,1.,1.,1.,1.,1.,1.,
1.,1.,1.,1.,1.,1.,1.,1.,1.,1.,1.,1.,1.,1.,1.))
REPRESENTATION_ITEM('')
);
#2965=(
BOUNDED_CURVE()
B_SPLINE_CURVE(3,(#7556,#7557,#7558,#7559),.UNSPECIFIED.,.F.,.F.)
B_SPLINE_CURVE_WITH_KNOTS((4,4),(-948.186163477908,-940.294674458883),
 .UNSPECIFIED.)
CURVE()
GEOMETRIC_REPRESENTATION_ITEM()
RATIONAL_B_SPLINE_CURVE((1.,1.,1.,1.))
REPRESENTATION_ITEM('')
);
#2966=(
BOUNDED_CURVE()
B_SPLINE_CURVE(3,(#7562,#7563,#7564,#7565,#7566,#7567,#7568),
 .UNSPECIFIED.,.F.,.F.)
B_SPLINE_CURVE_WITH_KNOTS((4,3,4),(-940.294674458883,-939.998464872214,
-939.881521714092),.UNSPECIFIED.)
CURVE()
GEOMETRIC_REPRESENTATION_ITEM()
RATIONAL_B_SPLINE_CURVE((1.,1.,1.,1.,1.,1.,1.))
REPRESENTATION_ITEM('')
);
#2967=(
BOUNDED_CURVE()
B_SPLINE_CURVE(3,(#7569,#7570,#7571,#7572),.UNSPECIFIED.,.F.,.F.)
B_SPLINE_CURVE_WITH_KNOTS((4,4),(-937.927879081655,-932.673077333979),
 .UNSPECIFIED.)
CURVE()
GEOMETRIC_REPRESENTATION_ITEM()
RATIONAL_B_SPLINE_CURVE((1.,1.,1.,1.))
REPRESENTATION_ITEM('')
);
#2968=(
BOUNDED_CURVE()
B_SPLINE_CURVE(3,(#7575,#7576,#7577,#7578),.UNSPECIFIED.,.F.,.F.)
B_SPLINE_CURVE_WITH_KNOTS((4,4),(-932.673077333979,-924.819095700004),
 .UNSPECIFIED.)
CURVE()
GEOMETRIC_REPRESENTATION_ITEM()
RATIONAL_B_SPLINE_CURVE((1.,0.804737854124366,0.804737854124366,1.))
REPRESENTATION_ITEM('')
);
#2969=(
BOUNDED_CURVE()
B_SPLINE_CURVE(3,(#7581,#7582,#7583,#7584),.UNSPECIFIED.,.F.,.F.)
B_SPLINE_CURVE_WITH_KNOTS((4,4),(-924.819095700004,-893.619095700004),
 .UNSPECIFIED.)
CURVE()
GEOMETRIC_REPRESENTATION_ITEM()
RATIONAL_B_SPLINE_CURVE((1.,1.,1.,1.))
REPRESENTATION_ITEM('')
);
#2970=(
BOUNDED_CURVE()
B_SPLINE_CURVE(3,(#7587,#7588,#7589,#7590),.UNSPECIFIED.,.F.,.F.)
B_SPLINE_CURVE_WITH_KNOTS((4,4),(-854.819095700004,-846.96511406603),
 .UNSPECIFIED.)
CURVE()
GEOMETRIC_REPRESENTATION_ITEM()
RATIONAL_B_SPLINE_CURVE((1.,0.804737854124366,0.804737854124366,1.))
REPRESENTATION_ITEM('')
);
#2971=(
BOUNDED_CURVE()
B_SPLINE_CURVE(3,(#7593,#7594,#7595,#7596),.UNSPECIFIED.,.F.,.F.)
B_SPLINE_CURVE_WITH_KNOTS((4,4),(-846.96511406603,-841.710312318354),
 .UNSPECIFIED.)
CURVE()
GEOMETRIC_REPRESENTATION_ITEM()
RATIONAL_B_SPLINE_CURVE((1.,1.,1.,1.))
REPRESENTATION_ITEM('')
);
#2972=(
BOUNDED_CURVE()
B_SPLINE_CURVE(3,(#7599,#7600,#7601,#7602,#7603,#7604,#7605),
 .UNSPECIFIED.,.F.,.F.)
B_SPLINE_CURVE_WITH_KNOTS((4,3,4),(-841.710312318354,-841.414102731685,
-841.297159573562),.UNSPECIFIED.)
CURVE()
GEOMETRIC_REPRESENTATION_ITEM()
RATIONAL_B_SPLINE_CURVE((1.,1.,1.,1.,1.,1.,1.))
REPRESENTATION_ITEM('')
);
#2973=(
BOUNDED_CURVE()
B_SPLINE_CURVE(3,(#7606,#7607,#7608,#7609),.UNSPECIFIED.,.F.,.F.)
B_SPLINE_CURVE_WITH_KNOTS((4,4),(-839.343516941125,-831.452027922101),
 .UNSPECIFIED.)
CURVE()
GEOMETRIC_REPRESENTATION_ITEM()
RATIONAL_B_SPLINE_CURVE((1.,1.,1.,1.))
REPRESENTATION_ITEM('')
);
#2974=(
BOUNDED_CURVE()
B_SPLINE_CURVE(3,(#7612,#7613,#7614,#7615,#7616,#7617,#7618,#7619,#7620,
#7621,#7622,#7623,#7624,#7625,#7626,#7627,#7628,#7629,#7630,#7631,#7632,
#7633,#7634,#7635,#7636,#7637,#7638,#7639,#7640,#7641,#7642,#7643,#7644,
#7645,#7646,#7647,#7648,#7649,#7650,#7651,#7652,#7653,#7654,#7655,#7656,
#7657,#7658,#7659,#7660,#7661,#7662,#7663,#7664,#7665,#7666),
 .UNSPECIFIED.,.F.,.F.)
B_SPLINE_CURVE_WITH_KNOTS((4,3,3,3,3,3,3,3,3,3,3,3,3,3,3,3,3,3,4),(-831.452027922101,
-830.933650186635,-830.400604575492,-829.834412772032,-829.231080662079,
-828.913888489045,-828.659644097589,-828.322704323277,-827.977278062105,
-827.628215492618,-827.27915292313,-826.933726661958,-826.596786887647,
-826.342542496191,-826.025350323157,-825.422018213203,-824.855826409744,
-824.322780798601,-823.804403063135),.UNSPECIFIED.)
CURVE()
GEOMETRIC_REPRESENTATION_ITEM()
RATIONAL_B_SPLINE_CURVE((1.,1.,1.,1.,1.,1.,1.,1.,1.,1.,1.,1.,1.,1.,1.,1.,
1.,1.,1.,1.,1.,1.,1.,1.,1.,1.,1.,1.,1.,1.,1.,1.,1.,1.,1.,1.,1.,1.,1.,1.,
1.,1.,1.,1.,1.,1.,1.,1.,1.,1.,1.,1.,1.,1.,1.))
REPRESENTATION_ITEM('')
);
#2975=(
BOUNDED_CURVE()
B_SPLINE_CURVE(3,(#7669,#7670,#7671,#7672),.UNSPECIFIED.,.F.,.F.)
B_SPLINE_CURVE_WITH_KNOTS((4,4),(-823.804403063135,-823.114006558486),
 .UNSPECIFIED.)
CURVE()
GEOMETRIC_REPRESENTATION_ITEM()
RATIONAL_B_SPLINE_CURVE((1.,1.,1.,1.))
REPRESENTATION_ITEM('')
);
#2976=(
BOUNDED_CURVE()
B_SPLINE_CURVE(3,(#7675,#7676,#7677,#7678,#7679,#7680,#7681,#7682,#7683,
#7684,#7685,#7686,#7687,#7688,#7689,#7690,#7691,#7692,#7693,#7694,#7695,
#7696,#7697,#7698,#7699,#7700,#7701,#7702,#7703,#7704,#7705,#7706,#7707,
#7708,#7709,#7710,#7711,#7712,#7713,#7714,#7715,#7716,#7717,#7718,#7719,
#7720,#7721,#7722,#7723,#7724,#7725,#7726,#7727,#7728,#7729),
 .UNSPECIFIED.,.F.,.F.)
B_SPLINE_CURVE_WITH_KNOTS((4,3,3,3,3,3,3,3,3,3,3,3,3,3,3,3,3,3,4),(-816.823610053839,
-816.305232318373,-815.77218670723,-815.20599490377,-814.602662793816,-814.285470620783,
-814.031226229327,-813.694286455015,-813.348860193843,-812.999797624356,
-812.650735054868,-812.305308793696,-811.968369019384,-811.714124627929,
-811.396932454895,-810.793600344941,-810.227408541482,-809.694362930338,
-809.175985194873),.UNSPECIFIED.)
CURVE()
GEOMETRIC_REPRESENTATION_ITEM()
RATIONAL_B_SPLINE_CURVE((1.,1.,1.,1.,1.,1.,1.,1.,1.,1.,1.,1.,1.,1.,1.,1.,
1.,1.,1.,1.,1.,1.,1.,1.,1.,1.,1.,1.,1.,1.,1.,1.,1.,1.,1.,1.,1.,1.,1.,1.,
1.,1.,1.,1.,1.,1.,1.,1.,1.,1.,1.,1.,1.,1.,1.))
REPRESENTATION_ITEM('')
);
#2977=(
BOUNDED_CURVE()
B_SPLINE_CURVE(3,(#7732,#7733,#7734,#7735),.UNSPECIFIED.,.F.,.F.)
B_SPLINE_CURVE_WITH_KNOTS((4,4),(-809.175985194873,-801.284496175848),
 .UNSPECIFIED.)
CURVE()
GEOMETRIC_REPRESENTATION_ITEM()
RATIONAL_B_SPLINE_CURVE((1.,1.,1.,1.))
REPRESENTATION_ITEM('')
);
#2978=(
BOUNDED_CURVE()
B_SPLINE_CURVE(3,(#7738,#7739,#7740,#7741,#7742,#7743,#7744),
 .UNSPECIFIED.,.F.,.F.)
B_SPLINE_CURVE_WITH_KNOTS((4,3,4),(-801.284496175848,-800.988286589179,
-800.871343431057),.UNSPECIFIED.)
CURVE()
GEOMETRIC_REPRESENTATION_ITEM()
RATIONAL_B_SPLINE_CURVE((1.,1.,1.,1.,1.,1.,1.))
REPRESENTATION_ITEM('')
);
#2979=(
BOUNDED_CURVE()
B_SPLINE_CURVE(1,(#7745,#7746),.UNSPECIFIED.,.F.,.F.)
B_SPLINE_CURVE_WITH_KNOTS((2,2),(4.00000000000044,6.0000000000008),
 .UNSPECIFIED.)
CURVE()
GEOMETRIC_REPRESENTATION_ITEM()
RATIONAL_B_SPLINE_CURVE((1.,1.))
REPRESENTATION_ITEM('')
);
#2980=(
BOUNDED_CURVE()
B_SPLINE_CURVE(3,(#7747,#7748,#7749,#7750),.UNSPECIFIED.,.F.,.F.)
B_SPLINE_CURVE_WITH_KNOTS((4,4),(-980.307337856597,-978.76684796895),
 .UNSPECIFIED.)
CURVE()
GEOMETRIC_REPRESENTATION_ITEM()
RATIONAL_B_SPLINE_CURVE((1.,0.811826756032858,0.811826756032858,1.))
REPRESENTATION_ITEM('')
);
#2981=(
BOUNDED_CURVE()
B_SPLINE_CURVE(3,(#7751,#7752,#7753,#7754),.UNSPECIFIED.,.F.,.F.)
B_SPLINE_CURVE_WITH_KNOTS((4,4),(-980.307337856597,-978.76684796895),
 .UNSPECIFIED.)
CURVE()
GEOMETRIC_REPRESENTATION_ITEM()
RATIONAL_B_SPLINE_CURVE((1.,0.811826756032858,0.811826756032858,1.))
REPRESENTATION_ITEM('')
);
#2982=(
BOUNDED_CURVE()
B_SPLINE_CURVE(1,(#7755,#7756),.UNSPECIFIED.,.F.,.F.)
B_SPLINE_CURVE_WITH_KNOTS((2,2),(4.00000000000064,6.0000000000008),
 .UNSPECIFIED.)
CURVE()
GEOMETRIC_REPRESENTATION_ITEM()
RATIONAL_B_SPLINE_CURVE((1.,1.))
REPRESENTATION_ITEM('')
);
#2983=(
BOUNDED_CURVE()
B_SPLINE_CURVE(3,(#7757,#7758,#7759,#7760,#7761,#7762,#7763),
 .UNSPECIFIED.,.F.,.F.)
B_SPLINE_CURVE_WITH_KNOTS((4,3,4),(-978.76684796895,-978.649904810829,-978.35369522416),
 .UNSPECIFIED.)
CURVE()
GEOMETRIC_REPRESENTATION_ITEM()
RATIONAL_B_SPLINE_CURVE((1.,1.,1.,1.,1.,1.,1.))
REPRESENTATION_ITEM('')
);
#2984=(
BOUNDED_CURVE()
B_SPLINE_CURVE(1,(#7764,#7765),.UNSPECIFIED.,.F.,.F.)
B_SPLINE_CURVE_WITH_KNOTS((2,2),(4.00000000000443,6.0000000000008),
 .UNSPECIFIED.)
CURVE()
GEOMETRIC_REPRESENTATION_ITEM()
RATIONAL_B_SPLINE_CURVE((1.,1.))
REPRESENTATION_ITEM('')
);
#2985=(
BOUNDED_CURVE()
B_SPLINE_CURVE(3,(#7766,#7767,#7768,#7769),.UNSPECIFIED.,.F.,.F.)
B_SPLINE_CURVE_WITH_KNOTS((4,4),(-939.881521714092,-938.341031826446),
 .UNSPECIFIED.)
CURVE()
GEOMETRIC_REPRESENTATION_ITEM()
RATIONAL_B_SPLINE_CURVE((1.,0.811826756032979,0.811826756032976,1.))
REPRESENTATION_ITEM('')
);
#2986=(
BOUNDED_CURVE()
B_SPLINE_CURVE(3,(#7770,#7771,#7772,#7773),.UNSPECIFIED.,.F.,.F.)
B_SPLINE_CURVE_WITH_KNOTS((4,4),(-939.881521714092,-938.341031826446),
 .UNSPECIFIED.)
CURVE()
GEOMETRIC_REPRESENTATION_ITEM()
RATIONAL_B_SPLINE_CURVE((1.,0.811826756032979,0.811826756032976,1.))
REPRESENTATION_ITEM('')
);
#2987=(
BOUNDED_CURVE()
B_SPLINE_CURVE(1,(#7774,#7775),.UNSPECIFIED.,.F.,.F.)
B_SPLINE_CURVE_WITH_KNOTS((2,2),(4.00000000000464,6.0000000000008),
 .UNSPECIFIED.)
CURVE()
GEOMETRIC_REPRESENTATION_ITEM()
RATIONAL_B_SPLINE_CURVE((1.,1.))
REPRESENTATION_ITEM('')
);
#2988=(
BOUNDED_CURVE()
B_SPLINE_CURVE(3,(#7776,#7777,#7778,#7779,#7780,#7781,#7782),
 .UNSPECIFIED.,.F.,.F.)
B_SPLINE_CURVE_WITH_KNOTS((4,3,4),(-938.341031826446,-938.224088668323,
-937.927879081655),.UNSPECIFIED.)
CURVE()
GEOMETRIC_REPRESENTATION_ITEM()
RATIONAL_B_SPLINE_CURVE((1.,1.,1.,1.,1.,1.,1.))
REPRESENTATION_ITEM('')
);
#2989=(
BOUNDED_CURVE()
B_SPLINE_CURVE(1,(#7783,#7784),.UNSPECIFIED.,.F.,.F.)
B_SPLINE_CURVE_WITH_KNOTS((2,2),(4.00000000000464,6.0000000000008),
 .UNSPECIFIED.)
CURVE()
GEOMETRIC_REPRESENTATION_ITEM()
RATIONAL_B_SPLINE_CURVE((1.,1.))
REPRESENTATION_ITEM('')
);
#2990=(
BOUNDED_CURVE()
B_SPLINE_CURVE(3,(#7785,#7786,#7787,#7788),.UNSPECIFIED.,.F.,.F.)
B_SPLINE_CURVE_WITH_KNOTS((4,4),(-841.297159573562,-839.756669685918),
 .UNSPECIFIED.)
CURVE()
GEOMETRIC_REPRESENTATION_ITEM()
RATIONAL_B_SPLINE_CURVE((1.,0.811826756033407,0.811826756033407,1.))
REPRESENTATION_ITEM('')
);
#2991=(
BOUNDED_CURVE()
B_SPLINE_CURVE(3,(#7789,#7790,#7791,#7792),.UNSPECIFIED.,.F.,.F.)
B_SPLINE_CURVE_WITH_KNOTS((4,4),(-841.297159573562,-839.756669685918),
 .UNSPECIFIED.)
CURVE()
GEOMETRIC_REPRESENTATION_ITEM()
RATIONAL_B_SPLINE_CURVE((1.,0.811826756033407,0.811826756033407,1.))
REPRESENTATION_ITEM('')
);
#2992=(
BOUNDED_CURVE()
B_SPLINE_CURVE(1,(#7793,#7794),.UNSPECIFIED.,.F.,.F.)
B_SPLINE_CURVE_WITH_KNOTS((2,2),(4.00000000000443,6.0000000000008),
 .UNSPECIFIED.)
CURVE()
GEOMETRIC_REPRESENTATION_ITEM()
RATIONAL_B_SPLINE_CURVE((1.,1.))
REPRESENTATION_ITEM('')
);
#2993=(
BOUNDED_CURVE()
B_SPLINE_CURVE(3,(#7795,#7796,#7797,#7798,#7799,#7800,#7801),
 .UNSPECIFIED.,.F.,.F.)
B_SPLINE_CURVE_WITH_KNOTS((4,3,4),(-839.756669685918,-839.639726527794,
-839.343516941125),.UNSPECIFIED.)
CURVE()
GEOMETRIC_REPRESENTATION_ITEM()
RATIONAL_B_SPLINE_CURVE((1.,1.,1.,1.,1.,1.,1.))
REPRESENTATION_ITEM('')
);
#2994=(
BOUNDED_CURVE()
B_SPLINE_CURVE(1,(#7802,#7803),.UNSPECIFIED.,.F.,.F.)
B_SPLINE_CURVE_WITH_KNOTS((2,2),(4.00000000000065,6.0000000000008),
 .UNSPECIFIED.)
CURVE()
GEOMETRIC_REPRESENTATION_ITEM()
RATIONAL_B_SPLINE_CURVE((1.,1.))
REPRESENTATION_ITEM('')
);
#2995=(
BOUNDED_CURVE()
B_SPLINE_CURVE(3,(#7804,#7805,#7806,#7807),.UNSPECIFIED.,.F.,.F.)
B_SPLINE_CURVE_WITH_KNOTS((4,4),(-800.871343431057,-799.33085354341),
 .UNSPECIFIED.)
CURVE()
GEOMETRIC_REPRESENTATION_ITEM()
RATIONAL_B_SPLINE_CURVE((1.,0.811826756032965,0.811826756032965,1.))
REPRESENTATION_ITEM('')
);
#2996=(
BOUNDED_CURVE()
B_SPLINE_CURVE(3,(#7808,#7809,#7810,#7811),.UNSPECIFIED.,.F.,.F.)
B_SPLINE_CURVE_WITH_KNOTS((4,4),(-800.871343431057,-799.33085354341),
 .UNSPECIFIED.)
CURVE()
GEOMETRIC_REPRESENTATION_ITEM()
RATIONAL_B_SPLINE_CURVE((1.,0.811826756032965,0.811826756032965,1.))
REPRESENTATION_ITEM('')
);
#2997=(
BOUNDED_CURVE()
B_SPLINE_CURVE(3,(#7814,#7815,#7816,#7817,#7818,#7819,#7820),
 .UNSPECIFIED.,.F.,.F.)
B_SPLINE_CURVE_WITH_KNOTS((4,3,4),(-978.76684796895,-978.649904810829,-978.35369522416),
 .UNSPECIFIED.)
CURVE()
GEOMETRIC_REPRESENTATION_ITEM()
RATIONAL_B_SPLINE_CURVE((1.,1.,1.,1.,1.,1.,1.))
REPRESENTATION_ITEM('')
);
#2998=(
BOUNDED_CURVE()
B_SPLINE_CURVE(3,(#7823,#7824,#7825,#7826),.UNSPECIFIED.,.F.,.F.)
B_SPLINE_CURVE_WITH_KNOTS((4,4),(-980.307337856596,-978.76684796895),
 .UNSPECIFIED.)
CURVE()
GEOMETRIC_REPRESENTATION_ITEM()
RATIONAL_B_SPLINE_CURVE((1.,0.811826756032881,0.811826756032883,1.))
REPRESENTATION_ITEM('')
);
#2999=(
BOUNDED_CURVE()
B_SPLINE_CURVE(3,(#7829,#7830,#7831,#7832,#7833,#7834,#7835),
 .UNSPECIFIED.,.F.,.F.)
B_SPLINE_CURVE_WITH_KNOTS((4,3,4),(-938.341031826446,-938.224088668323,
-937.927879081655),.UNSPECIFIED.)
CURVE()
GEOMETRIC_REPRESENTATION_ITEM()
RATIONAL_B_SPLINE_CURVE((1.,1.,1.,1.,1.,1.,1.))
REPRESENTATION_ITEM('')
);
#3000=(
BOUNDED_CURVE()
B_SPLINE_CURVE(3,(#7838,#7839,#7840,#7841),.UNSPECIFIED.,.F.,.F.)
B_SPLINE_CURVE_WITH_KNOTS((4,4),(-939.881521714092,-938.341031826446),
 .UNSPECIFIED.)
CURVE()
GEOMETRIC_REPRESENTATION_ITEM()
RATIONAL_B_SPLINE_CURVE((1.,0.811826756033001,0.811826756033001,1.))
REPRESENTATION_ITEM('')
);
#3001=(
BOUNDED_CURVE()
B_SPLINE_CURVE(3,(#7844,#7845,#7846,#7847,#7848,#7849,#7850),
 .UNSPECIFIED.,.F.,.F.)
B_SPLINE_CURVE_WITH_KNOTS((4,3,4),(-839.756669685918,-839.639726527794,
-839.343516941125),.UNSPECIFIED.)
CURVE()
GEOMETRIC_REPRESENTATION_ITEM()
RATIONAL_B_SPLINE_CURVE((1.,1.,1.,1.,1.,1.,1.))
REPRESENTATION_ITEM('')
);
#3002=(
BOUNDED_CURVE()
B_SPLINE_CURVE(3,(#7853,#7854,#7855,#7856),.UNSPECIFIED.,.F.,.F.)
B_SPLINE_CURVE_WITH_KNOTS((4,4),(-841.297159573562,-839.756669685918),
 .UNSPECIFIED.)
CURVE()
GEOMETRIC_REPRESENTATION_ITEM()
RATIONAL_B_SPLINE_CURVE((1.,0.811826756033407,0.811826756033407,1.))
REPRESENTATION_ITEM('')
);
#3003=(
BOUNDED_CURVE()
B_SPLINE_CURVE(3,(#7859,#7860,#7861,#7862),.UNSPECIFIED.,.F.,.F.)
B_SPLINE_CURVE_WITH_KNOTS((4,4),(-800.871343431057,-799.33085354341),
 .UNSPECIFIED.)
CURVE()
GEOMETRIC_REPRESENTATION_ITEM()
RATIONAL_B_SPLINE_CURVE((1.,0.811826756032965,0.811826756032965,1.))
REPRESENTATION_ITEM('')
);
#3004=(
BOUNDED_CURVE()
B_SPLINE_CURVE(3,(#7871,#7872,#7873,#7874),.UNSPECIFIED.,.F.,.F.)
B_SPLINE_CURVE_WITH_KNOTS((4,4),(-1025.02927398304,-993.829273983038),
 .UNSPECIFIED.)
CURVE()
GEOMETRIC_REPRESENTATION_ITEM()
RATIONAL_B_SPLINE_CURVE((1.,1.,1.,1.))
REPRESENTATION_ITEM('')
);
#3005=(
BOUNDED_CURVE()
B_SPLINE_CURVE(3,(#7875,#7876,#7877,#7878),.UNSPECIFIED.,.F.,.F.)
B_SPLINE_CURVE_WITH_KNOTS((4,4),(-1025.02927398304,-993.829273983038),
 .UNSPECIFIED.)
CURVE()
GEOMETRIC_REPRESENTATION_ITEM()
RATIONAL_B_SPLINE_CURVE((1.,1.,1.,1.))
REPRESENTATION_ITEM('')
);
#3006=(
BOUNDED_CURVE()
B_SPLINE_CURVE(3,(#7919,#7920,#7921,#7922),.UNSPECIFIED.,.F.,.F.)
B_SPLINE_CURVE_WITH_KNOTS((4,4),(-886.019095700004,-854.819095700004),
 .UNSPECIFIED.)
CURVE()
GEOMETRIC_REPRESENTATION_ITEM()
RATIONAL_B_SPLINE_CURVE((1.,1.,1.,1.))
REPRESENTATION_ITEM('')
);
#3007=(
BOUNDED_CURVE()
B_SPLINE_CURVE(3,(#7923,#7924,#7925,#7926),.UNSPECIFIED.,.F.,.F.)
B_SPLINE_CURVE_WITH_KNOTS((4,4),(-886.019095700004,-854.819095700004),
 .UNSPECIFIED.)
CURVE()
GEOMETRIC_REPRESENTATION_ITEM()
RATIONAL_B_SPLINE_CURVE((1.,1.,1.,1.))
REPRESENTATION_ITEM('')
);
#3008=(
BOUNDED_CURVE()
B_SPLINE_CURVE(3,(#7979,#7980,#7981,#7982),.UNSPECIFIED.,.F.,.F.)
B_SPLINE_CURVE_WITH_KNOTS((4,4),(-817.514006558487,-816.823610053839),
 .UNSPECIFIED.)
CURVE()
GEOMETRIC_REPRESENTATION_ITEM()
RATIONAL_B_SPLINE_CURVE((1.,1.,1.,1.))
REPRESENTATION_ITEM('')
);
#3009=(
BOUNDED_CURVE()
B_SPLINE_CURVE(3,(#7983,#7984,#7985,#7986),.UNSPECIFIED.,.F.,.F.)
B_SPLINE_CURVE_WITH_KNOTS((4,4),(-817.514006558486,-816.823610053839),
 .UNSPECIFIED.)
CURVE()
GEOMETRIC_REPRESENTATION_ITEM()
RATIONAL_B_SPLINE_CURVE((1.,1.,1.,1.))
REPRESENTATION_ITEM('')
);
#3010=(
BOUNDED_CURVE()
B_SPLINE_CURVE(3,(#8007,#8008,#8009,#8010),.UNSPECIFIED.,.F.,.F.)
B_SPLINE_CURVE_WITH_KNOTS((4,4),(-956.524184841521,-955.833788336873),
 .UNSPECIFIED.)
CURVE()
GEOMETRIC_REPRESENTATION_ITEM()
RATIONAL_B_SPLINE_CURVE((1.,1.,1.,1.))
REPRESENTATION_ITEM('')
);
#3011=(
BOUNDED_CURVE()
B_SPLINE_CURVE(3,(#8011,#8012,#8013,#8014),.UNSPECIFIED.,.F.,.F.)
B_SPLINE_CURVE_WITH_KNOTS((4,4),(-956.524184841522,-955.833788336873),
 .UNSPECIFIED.)
CURVE()
GEOMETRIC_REPRESENTATION_ITEM()
RATIONAL_B_SPLINE_CURVE((1.,1.,1.,1.))
REPRESENTATION_ITEM('')
);
#3012=(
BOUNDED_CURVE()
B_SPLINE_CURVE(2,(#8626,#8627,#8628),.UNSPECIFIED.,.F.,.F.)
B_SPLINE_CURVE_WITH_KNOTS((3,3),(62.8539816339745,70.707963267949),
 .UNSPECIFIED.)
CURVE()
GEOMETRIC_REPRESENTATION_ITEM()
RATIONAL_B_SPLINE_CURVE((1.,0.707106781186553,1.))
REPRESENTATION_ITEM('')
);
#3013=(
BOUNDED_CURVE()
B_SPLINE_CURVE(2,(#8629,#8630,#8631),.UNSPECIFIED.,.F.,.F.)
B_SPLINE_CURVE_WITH_KNOTS((3,3),(90.707963267949,98.5619449019235),
 .UNSPECIFIED.)
CURVE()
GEOMETRIC_REPRESENTATION_ITEM()
RATIONAL_B_SPLINE_CURVE((1.,0.707106781186544,1.))
REPRESENTATION_ITEM('')
);
#3014=(
BOUNDED_CURVE()
B_SPLINE_CURVE(2,(#8632,#8633,#8634),.UNSPECIFIED.,.F.,.F.)
B_SPLINE_CURVE_WITH_KNOTS((3,3),(70.707963267949,90.707963267949),
 .UNSPECIFIED.)
CURVE()
GEOMETRIC_REPRESENTATION_ITEM()
RATIONAL_B_SPLINE_CURVE((1.,1.,1.))
REPRESENTATION_ITEM('')
);
#3015=(
BOUNDED_CURVE()
B_SPLINE_CURVE(1,(#8635,#8636),.UNSPECIFIED.,.F.,.F.)
B_SPLINE_CURVE_WITH_KNOTS((2,2),(1.4,3.),.UNSPECIFIED.)
CURVE()
GEOMETRIC_REPRESENTATION_ITEM()
RATIONAL_B_SPLINE_CURVE((1.,1.))
REPRESENTATION_ITEM('')
);
#3016=(
BOUNDED_CURVE()
B_SPLINE_CURVE(1,(#8637,#8638),.UNSPECIFIED.,.F.,.F.)
B_SPLINE_CURVE_WITH_KNOTS((2,2),(1.4,3.),.UNSPECIFIED.)
CURVE()
GEOMETRIC_REPRESENTATION_ITEM()
RATIONAL_B_SPLINE_CURVE((1.,1.))
REPRESENTATION_ITEM('')
);
#3017=(
BOUNDED_CURVE()
B_SPLINE_CURVE(1,(#8639,#8640),.UNSPECIFIED.,.F.,.F.)
B_SPLINE_CURVE_WITH_KNOTS((2,2),(1.4,3.),.UNSPECIFIED.)
CURVE()
GEOMETRIC_REPRESENTATION_ITEM()
RATIONAL_B_SPLINE_CURVE((1.,1.))
REPRESENTATION_ITEM('')
);
#3018=(
BOUNDED_CURVE()
B_SPLINE_CURVE(1,(#8641,#8642),.UNSPECIFIED.,.F.,.F.)
B_SPLINE_CURVE_WITH_KNOTS((2,2),(1.4,3.),.UNSPECIFIED.)
CURVE()
GEOMETRIC_REPRESENTATION_ITEM()
RATIONAL_B_SPLINE_CURVE((1.,1.))
REPRESENTATION_ITEM('')
);
#3019=(
BOUNDED_CURVE()
B_SPLINE_CURVE(1,(#8711,#8712),.UNSPECIFIED.,.F.,.F.)
B_SPLINE_CURVE_WITH_KNOTS((2,2),(7.,16.),.UNSPECIFIED.)
CURVE()
GEOMETRIC_REPRESENTATION_ITEM()
RATIONAL_B_SPLINE_CURVE((1.,1.))
REPRESENTATION_ITEM('')
);
#3020=(
BOUNDED_CURVE()
B_SPLINE_CURVE(1,(#8713,#8714),.UNSPECIFIED.,.F.,.F.)
B_SPLINE_CURVE_WITH_KNOTS((2,2),(7.,16.),.UNSPECIFIED.)
CURVE()
GEOMETRIC_REPRESENTATION_ITEM()
RATIONAL_B_SPLINE_CURVE((1.,1.))
REPRESENTATION_ITEM('')
);
#3021=(
BOUNDED_CURVE()
B_SPLINE_CURVE(1,(#8715,#8716),.UNSPECIFIED.,.F.,.F.)
B_SPLINE_CURVE_WITH_KNOTS((2,2),(7.,16.),.UNSPECIFIED.)
CURVE()
GEOMETRIC_REPRESENTATION_ITEM()
RATIONAL_B_SPLINE_CURVE((1.,1.))
REPRESENTATION_ITEM('')
);
#3022=(
BOUNDED_CURVE()
B_SPLINE_CURVE(1,(#8717,#8718),.UNSPECIFIED.,.F.,.F.)
B_SPLINE_CURVE_WITH_KNOTS((2,2),(7.,16.),.UNSPECIFIED.)
CURVE()
GEOMETRIC_REPRESENTATION_ITEM()
RATIONAL_B_SPLINE_CURVE((1.,1.))
REPRESENTATION_ITEM('')
);
#3023=(
BOUNDED_CURVE()
B_SPLINE_CURVE(2,(#8719,#8720,#8721),.UNSPECIFIED.,.F.,.F.)
B_SPLINE_CURVE_WITH_KNOTS((3,3),(62.8539816339745,70.707963267949),
 .UNSPECIFIED.)
CURVE()
GEOMETRIC_REPRESENTATION_ITEM()
RATIONAL_B_SPLINE_CURVE((1.,0.707106781186548,1.))
REPRESENTATION_ITEM('')
);
#3024=(
BOUNDED_CURVE()
B_SPLINE_CURVE(2,(#8722,#8723,#8724),.UNSPECIFIED.,.F.,.F.)
B_SPLINE_CURVE_WITH_KNOTS((3,3),(70.707963267949,78.1766122777749),
 .UNSPECIFIED.)
CURVE()
GEOMETRIC_REPRESENTATION_ITEM()
RATIONAL_B_SPLINE_CURVE((1.,1.,1.))
REPRESENTATION_ITEM('')
);
#3025=(
BOUNDED_CURVE()
B_SPLINE_CURVE(2,(#8725,#8726,#8727),.UNSPECIFIED.,.F.,.F.)
B_SPLINE_CURVE_WITH_KNOTS((3,3),(90.707963267949,98.5619449019235),
 .UNSPECIFIED.)
CURVE()
GEOMETRIC_REPRESENTATION_ITEM()
RATIONAL_B_SPLINE_CURVE((1.,0.707106781186548,1.))
REPRESENTATION_ITEM('')
);
#3026=(
BOUNDED_CURVE()
B_SPLINE_CURVE(2,(#8744,#8745,#8746),.UNSPECIFIED.,.F.,.F.)
B_SPLINE_CURVE_WITH_KNOTS((3,3),(83.2393142581232,90.707963267949),
 .UNSPECIFIED.)
CURVE()
GEOMETRIC_REPRESENTATION_ITEM()
RATIONAL_B_SPLINE_CURVE((1.,1.,1.))
REPRESENTATION_ITEM('')
);
#3027=(
BOUNDED_CURVE()
B_SPLINE_CURVE(2,(#8817,#8818,#8819),.UNSPECIFIED.,.F.,.F.)
B_SPLINE_CURVE_WITH_KNOTS((3,3),(-70.707963267949,-62.8539816339745),
 .UNSPECIFIED.)
CURVE()
GEOMETRIC_REPRESENTATION_ITEM()
RATIONAL_B_SPLINE_CURVE((1.,0.707106781186553,1.))
REPRESENTATION_ITEM('')
);
#3028=(
BOUNDED_CURVE()
B_SPLINE_CURVE(2,(#8820,#8821,#8822),.UNSPECIFIED.,.F.,.F.)
B_SPLINE_CURVE_WITH_KNOTS((3,3),(-98.5619449019235,-90.707963267949),
 .UNSPECIFIED.)
CURVE()
GEOMETRIC_REPRESENTATION_ITEM()
RATIONAL_B_SPLINE_CURVE((1.,0.707106781186544,1.))
REPRESENTATION_ITEM('')
);
#3029=(
BOUNDED_CURVE()
B_SPLINE_CURVE(2,(#8857,#8858,#8859),.UNSPECIFIED.,.F.,.F.)
B_SPLINE_CURVE_WITH_KNOTS((3,3),(62.8539816339745,70.707963267949),
 .UNSPECIFIED.)
CURVE()
GEOMETRIC_REPRESENTATION_ITEM()
RATIONAL_B_SPLINE_CURVE((1.,0.707106781186553,1.))
REPRESENTATION_ITEM('')
);
#3030=(
BOUNDED_CURVE()
B_SPLINE_CURVE(2,(#8860,#8861,#8862),.UNSPECIFIED.,.F.,.F.)
B_SPLINE_CURVE_WITH_KNOTS((3,3),(90.707963267949,98.5619449019235),
 .UNSPECIFIED.)
CURVE()
GEOMETRIC_REPRESENTATION_ITEM()
RATIONAL_B_SPLINE_CURVE((1.,0.707106781186544,1.))
REPRESENTATION_ITEM('')
);
#3031=(
BOUNDED_CURVE()
B_SPLINE_CURVE(2,(#8863,#8864,#8865),.UNSPECIFIED.,.F.,.F.)
B_SPLINE_CURVE_WITH_KNOTS((3,3),(70.707963267949,90.707963267949),
 .UNSPECIFIED.)
CURVE()
GEOMETRIC_REPRESENTATION_ITEM()
RATIONAL_B_SPLINE_CURVE((1.,1.,1.))
REPRESENTATION_ITEM('')
);
#3032=(
BOUNDED_CURVE()
B_SPLINE_CURVE(1,(#8866,#8867),.UNSPECIFIED.,.F.,.F.)
B_SPLINE_CURVE_WITH_KNOTS((2,2),(1.4,3.),.UNSPECIFIED.)
CURVE()
GEOMETRIC_REPRESENTATION_ITEM()
RATIONAL_B_SPLINE_CURVE((1.,1.))
REPRESENTATION_ITEM('')
);
#3033=(
BOUNDED_CURVE()
B_SPLINE_CURVE(1,(#8868,#8869),.UNSPECIFIED.,.F.,.F.)
B_SPLINE_CURVE_WITH_KNOTS((2,2),(1.4,3.),.UNSPECIFIED.)
CURVE()
GEOMETRIC_REPRESENTATION_ITEM()
RATIONAL_B_SPLINE_CURVE((1.,1.))
REPRESENTATION_ITEM('')
);
#3034=(
BOUNDED_CURVE()
B_SPLINE_CURVE(1,(#8870,#8871),.UNSPECIFIED.,.F.,.F.)
B_SPLINE_CURVE_WITH_KNOTS((2,2),(1.4,3.),.UNSPECIFIED.)
CURVE()
GEOMETRIC_REPRESENTATION_ITEM()
RATIONAL_B_SPLINE_CURVE((1.,1.))
REPRESENTATION_ITEM('')
);
#3035=(
BOUNDED_CURVE()
B_SPLINE_CURVE(1,(#8872,#8873),.UNSPECIFIED.,.F.,.F.)
B_SPLINE_CURVE_WITH_KNOTS((2,2),(1.4,3.),.UNSPECIFIED.)
CURVE()
GEOMETRIC_REPRESENTATION_ITEM()
RATIONAL_B_SPLINE_CURVE((1.,1.))
REPRESENTATION_ITEM('')
);
#3036=(
BOUNDED_CURVE()
B_SPLINE_CURVE(1,(#8942,#8943),.UNSPECIFIED.,.F.,.F.)
B_SPLINE_CURVE_WITH_KNOTS((2,2),(7.,16.),.UNSPECIFIED.)
CURVE()
GEOMETRIC_REPRESENTATION_ITEM()
RATIONAL_B_SPLINE_CURVE((1.,1.))
REPRESENTATION_ITEM('')
);
#3037=(
BOUNDED_CURVE()
B_SPLINE_CURVE(1,(#8944,#8945),.UNSPECIFIED.,.F.,.F.)
B_SPLINE_CURVE_WITH_KNOTS((2,2),(7.,16.),.UNSPECIFIED.)
CURVE()
GEOMETRIC_REPRESENTATION_ITEM()
RATIONAL_B_SPLINE_CURVE((1.,1.))
REPRESENTATION_ITEM('')
);
#3038=(
BOUNDED_CURVE()
B_SPLINE_CURVE(1,(#8946,#8947),.UNSPECIFIED.,.F.,.F.)
B_SPLINE_CURVE_WITH_KNOTS((2,2),(7.,16.),.UNSPECIFIED.)
CURVE()
GEOMETRIC_REPRESENTATION_ITEM()
RATIONAL_B_SPLINE_CURVE((1.,1.))
REPRESENTATION_ITEM('')
);
#3039=(
BOUNDED_CURVE()
B_SPLINE_CURVE(1,(#8948,#8949),.UNSPECIFIED.,.F.,.F.)
B_SPLINE_CURVE_WITH_KNOTS((2,2),(7.,16.),.UNSPECIFIED.)
CURVE()
GEOMETRIC_REPRESENTATION_ITEM()
RATIONAL_B_SPLINE_CURVE((1.,1.))
REPRESENTATION_ITEM('')
);
#3040=(
BOUNDED_CURVE()
B_SPLINE_CURVE(2,(#8950,#8951,#8952),.UNSPECIFIED.,.F.,.F.)
B_SPLINE_CURVE_WITH_KNOTS((3,3),(62.8539816339745,70.707963267949),
 .UNSPECIFIED.)
CURVE()
GEOMETRIC_REPRESENTATION_ITEM()
RATIONAL_B_SPLINE_CURVE((1.,0.707106781186548,1.))
REPRESENTATION_ITEM('')
);
#3041=(
BOUNDED_CURVE()
B_SPLINE_CURVE(2,(#8953,#8954,#8955),.UNSPECIFIED.,.F.,.F.)
B_SPLINE_CURVE_WITH_KNOTS((3,3),(70.707963267949,78.1766122777749),
 .UNSPECIFIED.)
CURVE()
GEOMETRIC_REPRESENTATION_ITEM()
RATIONAL_B_SPLINE_CURVE((1.,1.,1.))
REPRESENTATION_ITEM('')
);
#3042=(
BOUNDED_CURVE()
B_SPLINE_CURVE(2,(#8956,#8957,#8958),.UNSPECIFIED.,.F.,.F.)
B_SPLINE_CURVE_WITH_KNOTS((3,3),(90.707963267949,98.5619449019235),
 .UNSPECIFIED.)
CURVE()
GEOMETRIC_REPRESENTATION_ITEM()
RATIONAL_B_SPLINE_CURVE((1.,0.707106781186548,1.))
REPRESENTATION_ITEM('')
);
#3043=(
BOUNDED_CURVE()
B_SPLINE_CURVE(2,(#8975,#8976,#8977),.UNSPECIFIED.,.F.,.F.)
B_SPLINE_CURVE_WITH_KNOTS((3,3),(83.2393142581232,90.707963267949),
 .UNSPECIFIED.)
CURVE()
GEOMETRIC_REPRESENTATION_ITEM()
RATIONAL_B_SPLINE_CURVE((1.,1.,1.))
REPRESENTATION_ITEM('')
);
#3044=(
BOUNDED_CURVE()
B_SPLINE_CURVE(2,(#9048,#9049,#9050),.UNSPECIFIED.,.F.,.F.)
B_SPLINE_CURVE_WITH_KNOTS((3,3),(-70.707963267949,-62.8539816339745),
 .UNSPECIFIED.)
CURVE()
GEOMETRIC_REPRESENTATION_ITEM()
RATIONAL_B_SPLINE_CURVE((1.,0.707106781186553,1.))
REPRESENTATION_ITEM('')
);
#3045=(
BOUNDED_CURVE()
B_SPLINE_CURVE(2,(#9051,#9052,#9053),.UNSPECIFIED.,.F.,.F.)
B_SPLINE_CURVE_WITH_KNOTS((3,3),(-98.5619449019235,-90.707963267949),
 .UNSPECIFIED.)
CURVE()
GEOMETRIC_REPRESENTATION_ITEM()
RATIONAL_B_SPLINE_CURVE((1.,0.707106781186544,1.))
REPRESENTATION_ITEM('')
);
#3046=(
BOUNDED_CURVE()
B_SPLINE_CURVE(2,(#9084,#9085,#9086),.UNSPECIFIED.,.F.,.F.)
B_SPLINE_CURVE_WITH_KNOTS((3,3),(122.963482378146,137.342285022978),
 .UNSPECIFIED.)
CURVE()
GEOMETRIC_REPRESENTATION_ITEM()
RATIONAL_B_SPLINE_CURVE((1.,0.707106781186548,1.))
REPRESENTATION_ITEM('')
);
#3047=(
BOUNDED_CURVE()
B_SPLINE_CURVE(1,(#9087,#9088),.UNSPECIFIED.,.F.,.F.)
B_SPLINE_CURVE_WITH_KNOTS((2,2),(0.,20.),.UNSPECIFIED.)
CURVE()
GEOMETRIC_REPRESENTATION_ITEM()
RATIONAL_B_SPLINE_CURVE((1.,1.))
REPRESENTATION_ITEM('')
);
#3048=(
BOUNDED_CURVE()
B_SPLINE_CURVE(2,(#9099,#9100,#9101),.UNSPECIFIED.,.F.,.F.)
B_SPLINE_CURVE_WITH_KNOTS((3,3),(181.035203682,195.414006326832),
 .UNSPECIFIED.)
CURVE()
GEOMETRIC_REPRESENTATION_ITEM()
RATIONAL_B_SPLINE_CURVE((1.,0.707106781186547,1.))
REPRESENTATION_ITEM('')
);
#3049=(
BOUNDED_CURVE()
B_SPLINE_CURVE(1,(#9102,#9103),.UNSPECIFIED.,.F.,.F.)
B_SPLINE_CURVE_WITH_KNOTS((2,2),(0.,20.),.UNSPECIFIED.)
CURVE()
GEOMETRIC_REPRESENTATION_ITEM()
RATIONAL_B_SPLINE_CURVE((1.,1.))
REPRESENTATION_ITEM('')
);
#3050=(
BOUNDED_CURVE()
B_SPLINE_CURVE(2,(#9108,#9109,#9110),.UNSPECIFIED.,.F.,.F.)
B_SPLINE_CURVE_WITH_KNOTS((3,3),(264.706346193489,279.085148838322),
 .UNSPECIFIED.)
CURVE()
GEOMETRIC_REPRESENTATION_ITEM()
RATIONAL_B_SPLINE_CURVE((1.,0.707106781186547,1.))
REPRESENTATION_ITEM('')
);
#3051=(
BOUNDED_CURVE()
B_SPLINE_CURVE(1,(#9111,#9112),.UNSPECIFIED.,.F.,.F.)
B_SPLINE_CURVE_WITH_KNOTS((2,2),(0.,20.),.UNSPECIFIED.)
CURVE()
GEOMETRIC_REPRESENTATION_ITEM()
RATIONAL_B_SPLINE_CURVE((1.,1.))
REPRESENTATION_ITEM('')
);
#3052=(
BOUNDED_CURVE()
B_SPLINE_CURVE(2,(#9123,#9124,#9125),.UNSPECIFIED.,.F.,.F.)
B_SPLINE_CURVE_WITH_KNOTS((3,3),(323.415281094833,337.794083739665),
 .UNSPECIFIED.)
CURVE()
GEOMETRIC_REPRESENTATION_ITEM()
RATIONAL_B_SPLINE_CURVE((1.,0.707106781186548,1.))
REPRESENTATION_ITEM('')
);
#3053=(
BOUNDED_CURVE()
B_SPLINE_CURVE(2,(#9218,#9219,#9220),.UNSPECIFIED.,.F.,.F.)
B_SPLINE_CURVE_WITH_KNOTS((3,3),(181.035203682,195.414006326832),
 .UNSPECIFIED.)
CURVE()
GEOMETRIC_REPRESENTATION_ITEM()
RATIONAL_B_SPLINE_CURVE((1.,0.707106781186548,1.))
REPRESENTATION_ITEM('')
);
#3054=(
BOUNDED_CURVE()
B_SPLINE_CURVE(2,(#9221,#9222,#9223),.UNSPECIFIED.,.F.,.F.)
B_SPLINE_CURVE_WITH_KNOTS((3,3),(264.706346193489,279.085148838322),
 .UNSPECIFIED.)
CURVE()
GEOMETRIC_REPRESENTATION_ITEM()
RATIONAL_B_SPLINE_CURVE((1.,0.707106781186548,1.))
REPRESENTATION_ITEM('')
);
#3055=(
BOUNDED_CURVE()
B_SPLINE_CURVE(2,(#9228,#9229,#9230),.UNSPECIFIED.,.F.,.F.)
B_SPLINE_CURVE_WITH_KNOTS((3,3),(122.963482378146,137.342285022978),
 .UNSPECIFIED.)
CURVE()
GEOMETRIC_REPRESENTATION_ITEM()
RATIONAL_B_SPLINE_CURVE((1.,0.707106781186552,1.))
REPRESENTATION_ITEM('')
);
#3056=(
BOUNDED_CURVE()
B_SPLINE_CURVE(2,(#9239,#9240,#9241),.UNSPECIFIED.,.F.,.F.)
B_SPLINE_CURVE_WITH_KNOTS((3,3),(323.415281094833,337.794083739665),
 .UNSPECIFIED.)
CURVE()
GEOMETRIC_REPRESENTATION_ITEM()
RATIONAL_B_SPLINE_CURVE((1.,0.707106781186548,1.))
REPRESENTATION_ITEM('')
);
#3057=(
BOUNDED_CURVE()
B_SPLINE_CURVE(2,(#9632,#9633,#9634,#9635,#9636),.UNSPECIFIED.,.F.,.F.)
B_SPLINE_CURVE_WITH_KNOTS((3,2,3),(-40.792815244393,-40.4142134342659,-40.0356116241388),
 .UNSPECIFIED.)
CURVE()
GEOMETRIC_REPRESENTATION_ITEM()
RATIONAL_B_SPLINE_CURVE((1.,0.807436179820024,1.,0.807436179820024,1.))
REPRESENTATION_ITEM('')
);
#3058=(
BOUNDED_CURVE()
B_SPLINE_CURVE(2,(#9637,#9638,#9639),.UNSPECIFIED.,.F.,.F.)
B_SPLINE_CURVE_WITH_KNOTS((3,3),(-79.2126413490489,-74.6866576929188),
 .UNSPECIFIED.)
CURVE()
GEOMETRIC_REPRESENTATION_ITEM()
RATIONAL_B_SPLINE_CURVE((1.,1.,1.))
REPRESENTATION_ITEM('')
);
#3059=(
BOUNDED_CURVE()
B_SPLINE_CURVE(2,(#9640,#9641,#9642),.UNSPECIFIED.,.F.,.F.)
B_SPLINE_CURVE_WITH_KNOTS((3,3),(-42.2386945894269,-42.1439198415344),
 .UNSPECIFIED.)
CURVE()
GEOMETRIC_REPRESENTATION_ITEM()
RATIONAL_B_SPLINE_CURVE((1.,1.,1.))
REPRESENTATION_ITEM('')
);
#3060=(
BOUNDED_CURVE()
B_SPLINE_CURVE(1,(#9643,#9644),.UNSPECIFIED.,.F.,.F.)
B_SPLINE_CURVE_WITH_KNOTS((2,2),(1.9999999999999,3.48253394283689),
 .UNSPECIFIED.)
CURVE()
GEOMETRIC_REPRESENTATION_ITEM()
RATIONAL_B_SPLINE_CURVE((1.,1.))
REPRESENTATION_ITEM('')
);
#3061=(
BOUNDED_CURVE()
B_SPLINE_CURVE(1,(#9645,#9646),.UNSPECIFIED.,.F.,.F.)
B_SPLINE_CURVE_WITH_KNOTS((2,2),(1.99999999999991,3.51217903602459),
 .UNSPECIFIED.)
CURVE()
GEOMETRIC_REPRESENTATION_ITEM()
RATIONAL_B_SPLINE_CURVE((1.,1.))
REPRESENTATION_ITEM('')
);
#3062=(
BOUNDED_CURVE()
B_SPLINE_CURVE(1,(#9647,#9648),.UNSPECIFIED.,.F.,.F.)
B_SPLINE_CURVE_WITH_KNOTS((2,2),(1.99999999999985,3.24048150618716),
 .UNSPECIFIED.)
CURVE()
GEOMETRIC_REPRESENTATION_ITEM()
RATIONAL_B_SPLINE_CURVE((1.,1.))
REPRESENTATION_ITEM('')
);
#3063=(
BOUNDED_CURVE()
B_SPLINE_CURVE(1,(#9649,#9650),.UNSPECIFIED.,.F.,.F.)
B_SPLINE_CURVE_WITH_KNOTS((2,2),(1.99999999999987,3.3240644991375),
 .UNSPECIFIED.)
CURVE()
GEOMETRIC_REPRESENTATION_ITEM()
RATIONAL_B_SPLINE_CURVE((1.,1.))
REPRESENTATION_ITEM('')
);
#3064=(
BOUNDED_CURVE()
B_SPLINE_CURVE(2,(#9668,#9669,#9670),.UNSPECIFIED.,.F.,.F.)
B_SPLINE_CURVE_WITH_KNOTS((3,3),(-42.5392233448364,-42.2386945894269),
 .UNSPECIFIED.)
CURVE()
GEOMETRIC_REPRESENTATION_ITEM()
RATIONAL_B_SPLINE_CURVE((1.,0.730787179409456,1.))
REPRESENTATION_ITEM('')
);
#3065=(
BOUNDED_CURVE()
B_SPLINE_CURVE(2,(#9671,#9672,#9673),.UNSPECIFIED.,.F.,.F.)
B_SPLINE_CURVE_WITH_KNOTS((3,3),(-52.2297819229697,-49.5550893072667),
 .UNSPECIFIED.)
CURVE()
GEOMETRIC_REPRESENTATION_ITEM()
RATIONAL_B_SPLINE_CURVE((1.,1.,1.))
REPRESENTATION_ITEM('')
);
#3066=(
BOUNDED_CURVE()
B_SPLINE_CURVE(2,(#9676,#9677,#9678),.UNSPECIFIED.,.F.,.F.)
B_SPLINE_CURVE_WITH_KNOTS((3,3),(-73.411964182299,-72.9950300530689),
 .UNSPECIFIED.)
CURVE()
GEOMETRIC_REPRESENTATION_ITEM()
RATIONAL_B_SPLINE_CURVE((1.,1.,1.))
REPRESENTATION_ITEM('')
);
#3067=(
BOUNDED_CURVE()
B_SPLINE_CURVE(2,(#9685,#9686,#9687,#9688,#9689),.UNSPECIFIED.,.F.,.F.)
B_SPLINE_CURVE_WITH_KNOTS((3,2,3),(-72.9950300530689,-72.8611000037116,
-72.7337257576927),.UNSPECIFIED.)
CURVE()
GEOMETRIC_REPRESENTATION_ITEM()
RATIONAL_B_SPLINE_CURVE((1.,0.901992677763746,0.901992677763746,0.906243861213829,
1.))
REPRESENTATION_ITEM('')
);
#3068=(
BOUNDED_CURVE()
B_SPLINE_CURVE(1,(#9698,#9699),.UNSPECIFIED.,.F.,.F.)
B_SPLINE_CURVE_WITH_KNOTS((2,2),(2.00318256377288,3.32376748935795),
 .UNSPECIFIED.)
CURVE()
GEOMETRIC_REPRESENTATION_ITEM()
RATIONAL_B_SPLINE_CURVE((1.,1.))
REPRESENTATION_ITEM('')
);
#3069=(
BOUNDED_CURVE()
B_SPLINE_CURVE(1,(#9700,#9701),.UNSPECIFIED.,.F.,.F.)
B_SPLINE_CURVE_WITH_KNOTS((2,2),(2.00318256377289,3.38301564064247),
 .UNSPECIFIED.)
CURVE()
GEOMETRIC_REPRESENTATION_ITEM()
RATIONAL_B_SPLINE_CURVE((1.,1.))
REPRESENTATION_ITEM('')
);
#3070=(
BOUNDED_CURVE()
B_SPLINE_CURVE(1,(#9702,#9703),.UNSPECIFIED.,.F.,.F.)
B_SPLINE_CURVE_WITH_KNOTS((2,2),(2.0031825637729,3.41457810698459),
 .UNSPECIFIED.)
CURVE()
GEOMETRIC_REPRESENTATION_ITEM()
RATIONAL_B_SPLINE_CURVE((1.,1.))
REPRESENTATION_ITEM('')
);
#3071=(
BOUNDED_CURVE()
B_SPLINE_CURVE(1,(#9704,#9705),.UNSPECIFIED.,.F.,.F.)
B_SPLINE_CURVE_WITH_KNOTS((2,2),(2.00318256377291,3.47137548639053),
 .UNSPECIFIED.)
CURVE()
GEOMETRIC_REPRESENTATION_ITEM()
RATIONAL_B_SPLINE_CURVE((1.,1.))
REPRESENTATION_ITEM('')
);
#3072=(
BOUNDED_CURVE()
B_SPLINE_CURVE(1,(#9706,#9707),.UNSPECIFIED.,.F.,.F.)
B_SPLINE_CURVE_WITH_KNOTS((2,2),(2.00318256377297,3.76044805386634),
 .UNSPECIFIED.)
CURVE()
GEOMETRIC_REPRESENTATION_ITEM()
RATIONAL_B_SPLINE_CURVE((1.,1.))
REPRESENTATION_ITEM('')
);
#3073=(
BOUNDED_CURVE()
B_SPLINE_CURVE(1,(#9708,#9709),.UNSPECIFIED.,.F.,.F.)
B_SPLINE_CURVE_WITH_KNOTS((2,2),(2.00318256377296,3.70058520117353),
 .UNSPECIFIED.)
CURVE()
GEOMETRIC_REPRESENTATION_ITEM()
RATIONAL_B_SPLINE_CURVE((1.,1.))
REPRESENTATION_ITEM('')
);
#3074=(
BOUNDED_CURVE()
B_SPLINE_CURVE(1,(#9710,#9711),.UNSPECIFIED.,.F.,.F.)
B_SPLINE_CURVE_WITH_KNOTS((2,2),(2.00318256377283,3.03347770169858),
 .UNSPECIFIED.)
CURVE()
GEOMETRIC_REPRESENTATION_ITEM()
RATIONAL_B_SPLINE_CURVE((1.,1.))
REPRESENTATION_ITEM('')
);
#3075=(
BOUNDED_CURVE()
B_SPLINE_CURVE(2,(#9753,#9754,#9755),.UNSPECIFIED.,.F.,.F.)
B_SPLINE_CURVE_WITH_KNOTS((3,3),(-82.8526962936891,-79.2126413490489),
 .UNSPECIFIED.)
CURVE()
GEOMETRIC_REPRESENTATION_ITEM()
RATIONAL_B_SPLINE_CURVE((1.,1.,1.))
REPRESENTATION_ITEM('')
);
#3076=(
BOUNDED_CURVE()
B_SPLINE_CURVE(2,(#9756,#9757,#9758),.UNSPECIFIED.,.F.,.F.)
B_SPLINE_CURVE_WITH_KNOTS((3,3),(-41.8309187843788,-41.4500798212229),
 .UNSPECIFIED.)
CURVE()
GEOMETRIC_REPRESENTATION_ITEM()
RATIONAL_B_SPLINE_CURVE((1.,1.,1.))
REPRESENTATION_ITEM('')
);
#3077=(
BOUNDED_CURVE()
B_SPLINE_CURVE(2,(#9759,#9760,#9761),.UNSPECIFIED.,.F.,.F.)
B_SPLINE_CURVE_WITH_KNOTS((3,3),(-42.1439198415344,-41.8309187843788),
 .UNSPECIFIED.)
CURVE()
GEOMETRIC_REPRESENTATION_ITEM()
RATIONAL_B_SPLINE_CURVE((1.,0.709151256308917,1.))
REPRESENTATION_ITEM('')
);
#3078=(
BOUNDED_CURVE()
B_SPLINE_CURVE(2,(#9768,#9769,#9770),.UNSPECIFIED.,.F.,.F.)
B_SPLINE_CURVE_WITH_KNOTS((3,3),(-47.2667179468903,-46.6928075023796),
 .UNSPECIFIED.)
CURVE()
GEOMETRIC_REPRESENTATION_ITEM()
RATIONAL_B_SPLINE_CURVE((1.,1.,1.))
REPRESENTATION_ITEM('')
);
#3079=(
BOUNDED_CURVE()
B_SPLINE_CURVE(2,(#9771,#9772,#9773),.UNSPECIFIED.,.F.,.F.)
B_SPLINE_CURVE_WITH_KNOTS((3,3),(-49.5550893072667,-48.8585158681913),
 .UNSPECIFIED.)
CURVE()
GEOMETRIC_REPRESENTATION_ITEM()
RATIONAL_B_SPLINE_CURVE((1.,1.,1.))
REPRESENTATION_ITEM('')
);
#3080=(
BOUNDED_CURVE()
B_SPLINE_CURVE(2,(#9776,#9777,#9778,#9779,#9780),.UNSPECIFIED.,.F.,.F.)
B_SPLINE_CURVE_WITH_KNOTS((3,2,3),(-55.7690041725997,-53.9993930477847,
-52.2297819229697),.UNSPECIFIED.)
CURVE()
GEOMETRIC_REPRESENTATION_ITEM()
RATIONAL_B_SPLINE_CURVE((1.,0.707106781186547,1.,0.707106781186547,1.))
REPRESENTATION_ITEM('')
);
#3081=(
BOUNDED_CURVE()
B_SPLINE_CURVE(1,(#9789,#9790),.UNSPECIFIED.,.F.,.F.)
B_SPLINE_CURVE_WITH_KNOTS((2,2),(0.115275160486597,2.82455408513405),
 .UNSPECIFIED.)
CURVE()
GEOMETRIC_REPRESENTATION_ITEM()
RATIONAL_B_SPLINE_CURVE((1.,1.))
REPRESENTATION_ITEM('')
);
#3082=(
BOUNDED_CURVE()
B_SPLINE_CURVE(1,(#9791,#9792),.UNSPECIFIED.,.F.,.F.)
B_SPLINE_CURVE_WITH_KNOTS((2,2),(0.0335855904411605,2.82455408513404),
 .UNSPECIFIED.)
CURVE()
GEOMETRIC_REPRESENTATION_ITEM()
RATIONAL_B_SPLINE_CURVE((1.,1.))
REPRESENTATION_ITEM('')
);
#3083=(
BOUNDED_CURVE()
B_SPLINE_CURVE(2,(#9819,#9820,#9821),.UNSPECIFIED.,.F.,.F.)
B_SPLINE_CURVE_WITH_KNOTS((3,3),(-44.6986044620201,-42.5392233448364),
 .UNSPECIFIED.)
CURVE()
GEOMETRIC_REPRESENTATION_ITEM()
RATIONAL_B_SPLINE_CURVE((1.,1.,1.))
REPRESENTATION_ITEM('')
);
#3084=(
BOUNDED_CURVE()
B_SPLINE_CURVE(1,(#9831,#9832),.UNSPECIFIED.,.F.,.F.)
B_SPLINE_CURVE_WITH_KNOTS((2,2),(0.0396615579269104,3.05633685280228),
 .UNSPECIFIED.)
CURVE()
GEOMETRIC_REPRESENTATION_ITEM()
RATIONAL_B_SPLINE_CURVE((1.,1.))
REPRESENTATION_ITEM('')
);
#3085=(
BOUNDED_CURVE()
B_SPLINE_CURVE(1,(#9879,#9880),.UNSPECIFIED.,.F.,.F.)
B_SPLINE_CURVE_WITH_KNOTS((2,2),(-0.528025606616619,3.05633685280217),
 .UNSPECIFIED.)
CURVE()
GEOMETRIC_REPRESENTATION_ITEM()
RATIONAL_B_SPLINE_CURVE((1.,1.))
REPRESENTATION_ITEM('')
);
#3086=(
BOUNDED_CURVE()
B_SPLINE_CURVE(1,(#9901,#9902),.UNSPECIFIED.,.F.,.F.)
B_SPLINE_CURVE_WITH_KNOTS((2,2),(1.9999999999999,3.48253394283689),
 .UNSPECIFIED.)
CURVE()
GEOMETRIC_REPRESENTATION_ITEM()
RATIONAL_B_SPLINE_CURVE((1.,1.))
REPRESENTATION_ITEM('')
);
#3087=(
BOUNDED_CURVE()
B_SPLINE_CURVE(1,(#9903,#9904),.UNSPECIFIED.,.F.,.F.)
B_SPLINE_CURVE_WITH_KNOTS((2,2),(1.99999999999991,3.51217903602459),
 .UNSPECIFIED.)
CURVE()
GEOMETRIC_REPRESENTATION_ITEM()
RATIONAL_B_SPLINE_CURVE((1.,1.))
REPRESENTATION_ITEM('')
);
#3088=(
BOUNDED_CURVE()
B_SPLINE_CURVE(1,(#9905,#9906),.UNSPECIFIED.,.F.,.F.)
B_SPLINE_CURVE_WITH_KNOTS((2,2),(1.99999999999985,3.24048150618716),
 .UNSPECIFIED.)
CURVE()
GEOMETRIC_REPRESENTATION_ITEM()
RATIONAL_B_SPLINE_CURVE((1.,1.))
REPRESENTATION_ITEM('')
);
#3089=(
BOUNDED_CURVE()
B_SPLINE_CURVE(1,(#9907,#9908),.UNSPECIFIED.,.F.,.F.)
B_SPLINE_CURVE_WITH_KNOTS((2,2),(1.99999999999987,3.3240644991375),
 .UNSPECIFIED.)
CURVE()
GEOMETRIC_REPRESENTATION_ITEM()
RATIONAL_B_SPLINE_CURVE((1.,1.))
REPRESENTATION_ITEM('')
);
#3090=(
BOUNDED_CURVE()
B_SPLINE_CURVE(1,(#9926,#9927),.UNSPECIFIED.,.F.,.F.)
B_SPLINE_CURVE_WITH_KNOTS((2,2),(2.00318256377288,3.32376748935795),
 .UNSPECIFIED.)
CURVE()
GEOMETRIC_REPRESENTATION_ITEM()
RATIONAL_B_SPLINE_CURVE((1.,1.))
REPRESENTATION_ITEM('')
);
#3091=(
BOUNDED_CURVE()
B_SPLINE_CURVE(1,(#9928,#9929),.UNSPECIFIED.,.F.,.F.)
B_SPLINE_CURVE_WITH_KNOTS((2,2),(2.00318256377289,3.38301564064247),
 .UNSPECIFIED.)
CURVE()
GEOMETRIC_REPRESENTATION_ITEM()
RATIONAL_B_SPLINE_CURVE((1.,1.))
REPRESENTATION_ITEM('')
);
#3092=(
BOUNDED_CURVE()
B_SPLINE_CURVE(1,(#9930,#9931),.UNSPECIFIED.,.F.,.F.)
B_SPLINE_CURVE_WITH_KNOTS((2,2),(2.0031825637729,3.41457810698459),
 .UNSPECIFIED.)
CURVE()
GEOMETRIC_REPRESENTATION_ITEM()
RATIONAL_B_SPLINE_CURVE((1.,1.))
REPRESENTATION_ITEM('')
);
#3093=(
BOUNDED_CURVE()
B_SPLINE_CURVE(1,(#9932,#9933),.UNSPECIFIED.,.F.,.F.)
B_SPLINE_CURVE_WITH_KNOTS((2,2),(2.00318256377291,3.47137548639053),
 .UNSPECIFIED.)
CURVE()
GEOMETRIC_REPRESENTATION_ITEM()
RATIONAL_B_SPLINE_CURVE((1.,1.))
REPRESENTATION_ITEM('')
);
#3094=(
BOUNDED_CURVE()
B_SPLINE_CURVE(1,(#9934,#9935),.UNSPECIFIED.,.F.,.F.)
B_SPLINE_CURVE_WITH_KNOTS((2,2),(2.00318256377297,3.76044805386634),
 .UNSPECIFIED.)
CURVE()
GEOMETRIC_REPRESENTATION_ITEM()
RATIONAL_B_SPLINE_CURVE((1.,1.))
REPRESENTATION_ITEM('')
);
#3095=(
BOUNDED_CURVE()
B_SPLINE_CURVE(1,(#9936,#9937),.UNSPECIFIED.,.F.,.F.)
B_SPLINE_CURVE_WITH_KNOTS((2,2),(2.00318256377296,3.70058520117353),
 .UNSPECIFIED.)
CURVE()
GEOMETRIC_REPRESENTATION_ITEM()
RATIONAL_B_SPLINE_CURVE((1.,1.))
REPRESENTATION_ITEM('')
);
#3096=(
BOUNDED_CURVE()
B_SPLINE_CURVE(1,(#9938,#9939),.UNSPECIFIED.,.F.,.F.)
B_SPLINE_CURVE_WITH_KNOTS((2,2),(2.00318256377283,3.03347770169858),
 .UNSPECIFIED.)
CURVE()
GEOMETRIC_REPRESENTATION_ITEM()
RATIONAL_B_SPLINE_CURVE((1.,1.))
REPRESENTATION_ITEM('')
);
#3097=(
BOUNDED_CURVE()
B_SPLINE_CURVE(1,(#9995,#9996),.UNSPECIFIED.,.F.,.F.)
B_SPLINE_CURVE_WITH_KNOTS((2,2),(0.115275160486597,2.82455408513405),
 .UNSPECIFIED.)
CURVE()
GEOMETRIC_REPRESENTATION_ITEM()
RATIONAL_B_SPLINE_CURVE((1.,1.))
REPRESENTATION_ITEM('')
);
#3098=(
BOUNDED_CURVE()
B_SPLINE_CURVE(1,(#9997,#9998),.UNSPECIFIED.,.F.,.F.)
B_SPLINE_CURVE_WITH_KNOTS((2,2),(0.0335855904411605,2.82455408513404),
 .UNSPECIFIED.)
CURVE()
GEOMETRIC_REPRESENTATION_ITEM()
RATIONAL_B_SPLINE_CURVE((1.,1.))
REPRESENTATION_ITEM('')
);
#3099=(
BOUNDED_CURVE()
B_SPLINE_CURVE(1,(#10028,#10029),.UNSPECIFIED.,.F.,.F.)
B_SPLINE_CURVE_WITH_KNOTS((2,2),(0.0396615579269104,3.05633685280228),
 .UNSPECIFIED.)
CURVE()
GEOMETRIC_REPRESENTATION_ITEM()
RATIONAL_B_SPLINE_CURVE((1.,1.))
REPRESENTATION_ITEM('')
);
#3100=(
BOUNDED_CURVE()
B_SPLINE_CURVE(1,(#10076,#10077),.UNSPECIFIED.,.F.,.F.)
B_SPLINE_CURVE_WITH_KNOTS((2,2),(-0.528025606616619,3.05633685280217),
 .UNSPECIFIED.)
CURVE()
GEOMETRIC_REPRESENTATION_ITEM()
RATIONAL_B_SPLINE_CURVE((1.,1.))
REPRESENTATION_ITEM('')
);
#3101=B_SPLINE_CURVE_WITH_KNOTS('',1,(#6423,#6424),.UNSPECIFIED.,.F.,.F.,
(2,2),(0.,1.),.UNSPECIFIED.);
#3102=B_SPLINE_CURVE_WITH_KNOTS('',1,(#6425,#6426),.UNSPECIFIED.,.F.,.F.,
(2,2),(3.42769452430015,4.74619281223006),.UNSPECIFIED.);
#3103=B_SPLINE_CURVE_WITH_KNOTS('',1,(#6427,#6428),.UNSPECIFIED.,.F.,.F.,
(2,2),(3.42769452430015,4.74619281223005),.UNSPECIFIED.);
#3104=B_SPLINE_CURVE_WITH_KNOTS('',1,(#6429,#6430),.UNSPECIFIED.,.F.,.F.,
(2,2),(0.,1.),.UNSPECIFIED.);
#3105=B_SPLINE_CURVE_WITH_KNOTS('',1,(#6454,#6455),.UNSPECIFIED.,.F.,.F.,
(2,2),(-9.98079300929619,-3.),.UNSPECIFIED.);
#3106=B_SPLINE_CURVE_WITH_KNOTS('',1,(#6456,#6457),.UNSPECIFIED.,.F.,.F.,
(2,2),(-1.83186799063151E-15,3.),.UNSPECIFIED.);
#3107=B_SPLINE_CURVE_WITH_KNOTS('',1,(#6458,#6459),.UNSPECIFIED.,.F.,.F.,
(2,2),(5.55111512312578E-17,3.),.UNSPECIFIED.);
#3108=B_SPLINE_CURVE_WITH_KNOTS('',5,(#6460,#6461,#6462,#6463,#6464,#6465),
 .UNSPECIFIED.,.F.,.F.,(6,6),(0.,5.64852813742423),.UNSPECIFIED.);
#3109=B_SPLINE_CURVE_WITH_KNOTS('',5,(#6466,#6467,#6468,#6469,#6470,#6471),
 .UNSPECIFIED.,.F.,.F.,(6,6),(0.,5.64852813742423),.UNSPECIFIED.);
#3110=B_SPLINE_CURVE_WITH_KNOTS('',1,(#6472,#6473),.UNSPECIFIED.,.F.,.F.,
(2,2),(1.49999999999999,4.9903965046481),.UNSPECIFIED.);
#3111=B_SPLINE_CURVE_WITH_KNOTS('',1,(#6474,#6475),.UNSPECIFIED.,.F.,.F.,
(2,2),(3.,10.891489019025),.UNSPECIFIED.);
#3112=B_SPLINE_CURVE_WITH_KNOTS('',1,(#6476,#6477),.UNSPECIFIED.,.F.,.F.,
(2,2),(7.32747196252602E-15,3.),.UNSPECIFIED.);
#3113=B_SPLINE_CURVE_WITH_KNOTS('',1,(#6478,#6479),.UNSPECIFIED.,.F.,.F.,
(2,2),(0.,3.),.UNSPECIFIED.);
#3114=B_SPLINE_CURVE_WITH_KNOTS('',5,(#6480,#6481,#6482,#6483,#6484,#6485),
 .UNSPECIFIED.,.F.,.F.,(6,6),(-5.64852813742378,0.),.UNSPECIFIED.);
#3115=B_SPLINE_CURVE_WITH_KNOTS('',5,(#6486,#6487,#6488,#6489,#6490,#6491),
 .UNSPECIFIED.,.F.,.F.,(6,6),(-5.64852813742378,0.),.UNSPECIFIED.);
#3116=B_SPLINE_CURVE_WITH_KNOTS('',1,(#6492,#6493),.UNSPECIFIED.,.F.,.F.,
(2,2),(-3.547523765214,-2.01617277504002),.UNSPECIFIED.);
#3117=B_SPLINE_CURVE_WITH_KNOTS('',1,(#6494,#6495),.UNSPECIFIED.,.F.,.F.,
(2,2),(-3.547523765214,-2.01617277504002),.UNSPECIFIED.);
#3118=B_SPLINE_CURVE_WITH_KNOTS('',1,(#6496,#6497),.UNSPECIFIED.,.F.,.F.,
(2,2),(0.,15.937298019652),.UNSPECIFIED.);
#3119=B_SPLINE_CURVE_WITH_KNOTS('',1,(#6498,#6499),.UNSPECIFIED.,.F.,.F.,
(2,2),(0.,7.89148901902496),.UNSPECIFIED.);
#3120=B_SPLINE_CURVE_WITH_KNOTS('',1,(#6503,#6504),.UNSPECIFIED.,.F.,.F.,
(2,2),(3.00000000000003,10.891489019025),.UNSPECIFIED.);
#3121=B_SPLINE_CURVE_WITH_KNOTS('',1,(#6505,#6506),.UNSPECIFIED.,.F.,.F.,
(2,2),(-5.55111512312578E-16,2.99999999999999),.UNSPECIFIED.);
#3122=B_SPLINE_CURVE_WITH_KNOTS('',1,(#6507,#6508),.UNSPECIFIED.,.F.,.F.,
(2,2),(-6.16173778666962E-15,3.00000000000002),.UNSPECIFIED.);
#3123=B_SPLINE_CURVE_WITH_KNOTS('',5,(#6509,#6510,#6511,#6512,#6513,#6514),
 .UNSPECIFIED.,.F.,.F.,(6,6),(0.,5.64852813742385),.UNSPECIFIED.);
#3124=B_SPLINE_CURVE_WITH_KNOTS('',5,(#6515,#6516,#6517,#6518,#6519,#6520),
 .UNSPECIFIED.,.F.,.F.,(6,6),(0.,5.64852813742385),.UNSPECIFIED.);
#3125=B_SPLINE_CURVE_WITH_KNOTS('',1,(#6521,#6522),.UNSPECIFIED.,.F.,.F.,
(2,2),(3.,10.891489019025),.UNSPECIFIED.);
#3126=B_SPLINE_CURVE_WITH_KNOTS('',1,(#6523,#6524),.UNSPECIFIED.,.F.,.F.,
(2,2),(3.33066907387547E-16,3.),.UNSPECIFIED.);
#3127=B_SPLINE_CURVE_WITH_KNOTS('',1,(#6525,#6526),.UNSPECIFIED.,.F.,.F.,
(2,2),(-2.55043127929233E-14,3.00000000000001),.UNSPECIFIED.);
#3128=B_SPLINE_CURVE_WITH_KNOTS('',5,(#6527,#6528,#6529,#6530,#6531,#6532),
 .UNSPECIFIED.,.F.,.F.,(6,6),(-5.6485281374244,0.),.UNSPECIFIED.);
#3129=B_SPLINE_CURVE_WITH_KNOTS('',5,(#6533,#6534,#6535,#6536,#6537,#6538),
 .UNSPECIFIED.,.F.,.F.,(6,6),(-5.6485281374244,0.),.UNSPECIFIED.);
#3130=B_SPLINE_CURVE_WITH_KNOTS('',1,(#6539,#6540),.UNSPECIFIED.,.F.,.F.,
(2,2),(10.1738873365302,11.4923856244602),.UNSPECIFIED.);
#3131=B_SPLINE_CURVE_WITH_KNOTS('',1,(#6541,#6542),.UNSPECIFIED.,.F.,.F.,
(2,2),(10.1738873365303,11.4923856244602),.UNSPECIFIED.);
#3132=B_SPLINE_CURVE_WITH_KNOTS('',1,(#6543,#6544),.UNSPECIFIED.,.F.,.F.,
(2,2),(0.,1.),.UNSPECIFIED.);
#3133=B_SPLINE_CURVE_WITH_KNOTS('',1,(#6545,#6546),.UNSPECIFIED.,.F.,.F.,
(2,2),(0.,0.999999999999999),.UNSPECIFIED.);
#3134=B_SPLINE_CURVE_WITH_KNOTS('',5,(#6547,#6548,#6549,#6550,#6551,#6552),
 .UNSPECIFIED.,.F.,.F.,(6,6),(-1.88284271247463,0.),.UNSPECIFIED.);
#3135=B_SPLINE_CURVE_WITH_KNOTS('',5,(#6553,#6554,#6555,#6556,#6557,#6558),
 .UNSPECIFIED.,.F.,.F.,(6,6),(-1.88284271247463,0.),.UNSPECIFIED.);
#3136=B_SPLINE_CURVE_WITH_KNOTS('',1,(#6559,#6560),.UNSPECIFIED.,.F.,.F.,
(2,2),(1.00000000000003,16.937298019652),.UNSPECIFIED.);
#3137=B_SPLINE_CURVE_WITH_KNOTS('',1,(#6561,#6562),.UNSPECIFIED.,.F.,.F.,
(2,2),(0.,1.),.UNSPECIFIED.);
#3138=B_SPLINE_CURVE_WITH_KNOTS('',1,(#6563,#6564),.UNSPECIFIED.,.F.,.F.,
(2,2),(1.99840144432528E-15,1.),.UNSPECIFIED.);
#3139=B_SPLINE_CURVE_WITH_KNOTS('',5,(#6565,#6566,#6567,#6568,#6569,#6570),
 .UNSPECIFIED.,.F.,.F.,(6,6),(0.,1.88284271247469),.UNSPECIFIED.);
#3140=B_SPLINE_CURVE_WITH_KNOTS('',5,(#6571,#6572,#6573,#6574,#6575,#6576),
 .UNSPECIFIED.,.F.,.F.,(6,6),(0.,1.88284271247469),.UNSPECIFIED.);
#3141=B_SPLINE_CURVE_WITH_KNOTS('',1,(#6577,#6578,#6579),.UNSPECIFIED.,
 .F.,.F.,(2,1,2),(10.5096034953519,13.5096034953519,15.937298019652),
 .UNSPECIFIED.);
#3142=B_SPLINE_CURVE_WITH_KNOTS('',1,(#6580,#6581,#6582),.UNSPECIFIED.,
 .F.,.F.,(2,1,2),(6.74619281223007,9.17388733653024,12.1738873365303),
 .UNSPECIFIED.);
#3143=B_SPLINE_CURVE_WITH_KNOTS('',1,(#6583,#6584),.UNSPECIFIED.,.F.,.F.,
(2,2),(0.,1.),.UNSPECIFIED.);
#3144=B_SPLINE_CURVE_WITH_KNOTS('',1,(#6585,#6586),.UNSPECIFIED.,.F.,.F.,
(2,2),(3.42769452430015,4.74619281223006),.UNSPECIFIED.);
#3145=B_SPLINE_CURVE_WITH_KNOTS('',1,(#6587,#6588),.UNSPECIFIED.,.F.,.F.,
(2,2),(3.42769452430015,4.74619281223005),.UNSPECIFIED.);
#3146=B_SPLINE_CURVE_WITH_KNOTS('',1,(#6612,#6613),.UNSPECIFIED.,.F.,.F.,
(2,2),(-9.98079300929619,-3.),.UNSPECIFIED.);
#3147=B_SPLINE_CURVE_WITH_KNOTS('',1,(#6614,#6615),.UNSPECIFIED.,.F.,.F.,
(2,2),(-1.83186799063151E-15,3.),.UNSPECIFIED.);
#3148=B_SPLINE_CURVE_WITH_KNOTS('',1,(#6616,#6617),.UNSPECIFIED.,.F.,.F.,
(2,2),(5.55111512312578E-17,3.),.UNSPECIFIED.);
#3149=B_SPLINE_CURVE_WITH_KNOTS('',5,(#6618,#6619,#6620,#6621,#6622,#6623),
 .UNSPECIFIED.,.F.,.F.,(6,6),(0.,5.64852813742423),.UNSPECIFIED.);
#3150=B_SPLINE_CURVE_WITH_KNOTS('',5,(#6624,#6625,#6626,#6627,#6628,#6629),
 .UNSPECIFIED.,.F.,.F.,(6,6),(0.,5.64852813742423),.UNSPECIFIED.);
#3151=B_SPLINE_CURVE_WITH_KNOTS('',1,(#6630,#6631),.UNSPECIFIED.,.F.,.F.,
(2,2),(1.49999999999999,4.9903965046481),.UNSPECIFIED.);
#3152=B_SPLINE_CURVE_WITH_KNOTS('',1,(#6632,#6633),.UNSPECIFIED.,.F.,.F.,
(2,2),(3.,10.891489019025),.UNSPECIFIED.);
#3153=B_SPLINE_CURVE_WITH_KNOTS('',1,(#6634,#6635),.UNSPECIFIED.,.F.,.F.,
(2,2),(7.32747196252602E-15,3.),.UNSPECIFIED.);
#3154=B_SPLINE_CURVE_WITH_KNOTS('',1,(#6636,#6637),.UNSPECIFIED.,.F.,.F.,
(2,2),(0.,3.),.UNSPECIFIED.);
#3155=B_SPLINE_CURVE_WITH_KNOTS('',5,(#6638,#6639,#6640,#6641,#6642,#6643),
 .UNSPECIFIED.,.F.,.F.,(6,6),(-5.64852813742378,0.),.UNSPECIFIED.);
#3156=B_SPLINE_CURVE_WITH_KNOTS('',5,(#6644,#6645,#6646,#6647,#6648,#6649),
 .UNSPECIFIED.,.F.,.F.,(6,6),(-5.64852813742378,0.),.UNSPECIFIED.);
#3157=B_SPLINE_CURVE_WITH_KNOTS('',1,(#6650,#6651),.UNSPECIFIED.,.F.,.F.,
(2,2),(0.,15.937298019652),.UNSPECIFIED.);
#3158=B_SPLINE_CURVE_WITH_KNOTS('',1,(#6652,#6653),.UNSPECIFIED.,.F.,.F.,
(2,2),(0.,7.89148901902496),.UNSPECIFIED.);
#3159=B_SPLINE_CURVE_WITH_KNOTS('',1,(#6657,#6658),.UNSPECIFIED.,.F.,.F.,
(2,2),(3.00000000000003,10.891489019025),.UNSPECIFIED.);
#3160=B_SPLINE_CURVE_WITH_KNOTS('',1,(#6659,#6660),.UNSPECIFIED.,.F.,.F.,
(2,2),(-5.55111512312578E-16,2.99999999999999),.UNSPECIFIED.);
#3161=B_SPLINE_CURVE_WITH_KNOTS('',1,(#6661,#6662),.UNSPECIFIED.,.F.,.F.,
(2,2),(-6.16173778666962E-15,3.00000000000002),.UNSPECIFIED.);
#3162=B_SPLINE_CURVE_WITH_KNOTS('',5,(#6663,#6664,#6665,#6666,#6667,#6668),
 .UNSPECIFIED.,.F.,.F.,(6,6),(0.,5.64852813742385),.UNSPECIFIED.);
#3163=B_SPLINE_CURVE_WITH_KNOTS('',5,(#6669,#6670,#6671,#6672,#6673,#6674),
 .UNSPECIFIED.,.F.,.F.,(6,6),(0.,5.64852813742385),.UNSPECIFIED.);
#3164=B_SPLINE_CURVE_WITH_KNOTS('',1,(#6675,#6676),.UNSPECIFIED.,.F.,.F.,
(2,2),(3.,10.891489019025),.UNSPECIFIED.);
#3165=B_SPLINE_CURVE_WITH_KNOTS('',1,(#6677,#6678),.UNSPECIFIED.,.F.,.F.,
(2,2),(3.33066907387547E-16,3.),.UNSPECIFIED.);
#3166=B_SPLINE_CURVE_WITH_KNOTS('',1,(#6679,#6680),.UNSPECIFIED.,.F.,.F.,
(2,2),(-2.55043127929233E-14,3.00000000000001),.UNSPECIFIED.);
#3167=B_SPLINE_CURVE_WITH_KNOTS('',5,(#6681,#6682,#6683,#6684,#6685,#6686),
 .UNSPECIFIED.,.F.,.F.,(6,6),(-5.6485281374244,0.),.UNSPECIFIED.);
#3168=B_SPLINE_CURVE_WITH_KNOTS('',5,(#6687,#6688,#6689,#6690,#6691,#6692),
 .UNSPECIFIED.,.F.,.F.,(6,6),(-5.6485281374244,0.),.UNSPECIFIED.);
#3169=B_SPLINE_CURVE_WITH_KNOTS('',1,(#6693,#6694),.UNSPECIFIED.,.F.,.F.,
(2,2),(0.,1.),.UNSPECIFIED.);
#3170=B_SPLINE_CURVE_WITH_KNOTS('',1,(#6695,#6696),.UNSPECIFIED.,.F.,.F.,
(2,2),(0.,0.999999999999999),.UNSPECIFIED.);
#3171=B_SPLINE_CURVE_WITH_KNOTS('',5,(#6697,#6698,#6699,#6700,#6701,#6702),
 .UNSPECIFIED.,.F.,.F.,(6,6),(-1.88284271247463,0.),.UNSPECIFIED.);
#3172=B_SPLINE_CURVE_WITH_KNOTS('',5,(#6703,#6704,#6705,#6706,#6707,#6708),
 .UNSPECIFIED.,.F.,.F.,(6,6),(-1.88284271247463,0.),.UNSPECIFIED.);
#3173=B_SPLINE_CURVE_WITH_KNOTS('',1,(#6709,#6710),.UNSPECIFIED.,.F.,.F.,
(2,2),(1.00000000000003,16.937298019652),.UNSPECIFIED.);
#3174=B_SPLINE_CURVE_WITH_KNOTS('',1,(#6711,#6712),.UNSPECIFIED.,.F.,.F.,
(2,2),(0.,1.),.UNSPECIFIED.);
#3175=B_SPLINE_CURVE_WITH_KNOTS('',1,(#6713,#6714),.UNSPECIFIED.,.F.,.F.,
(2,2),(1.99840144432528E-15,1.),.UNSPECIFIED.);
#3176=B_SPLINE_CURVE_WITH_KNOTS('',5,(#6715,#6716,#6717,#6718,#6719,#6720),
 .UNSPECIFIED.,.F.,.F.,(6,6),(0.,1.88284271247469),.UNSPECIFIED.);
#3177=B_SPLINE_CURVE_WITH_KNOTS('',5,(#6721,#6722,#6723,#6724,#6725,#6726),
 .UNSPECIFIED.,.F.,.F.,(6,6),(0.,1.88284271247469),.UNSPECIFIED.);
#3178=B_SPLINE_CURVE_WITH_KNOTS('',1,(#6727,#6728,#6729),.UNSPECIFIED.,
 .F.,.F.,(2,1,2),(10.5096034953519,13.5096034953519,15.937298019652),
 .UNSPECIFIED.);
#3179=B_SPLINE_CURVE_WITH_KNOTS('',1,(#6730,#6731,#6732),.UNSPECIFIED.,
 .F.,.F.,(2,1,2),(6.74619281223007,9.17388733653024,12.1738873365303),
 .UNSPECIFIED.);
#3180=B_SPLINE_CURVE_WITH_KNOTS('',1,(#6733,#6734),.UNSPECIFIED.,.F.,.F.,
(2,2),(0.,70.),.UNSPECIFIED.);
#3181=B_SPLINE_CURVE_WITH_KNOTS('',1,(#6735,#6736),.UNSPECIFIED.,.F.,.F.,
(2,2),(0.,69.9999999999998),.UNSPECIFIED.);
#3182=B_SPLINE_CURVE_WITH_KNOTS('',1,(#6737,#6738),.UNSPECIFIED.,.F.,.F.,
(2,2),(0.,14.7999999999999),.UNSPECIFIED.);
#3183=B_SPLINE_CURVE_WITH_KNOTS('',1,(#6739,#6740),.UNSPECIFIED.,.F.,.F.,
(2,2),(0.,14.8),.UNSPECIFIED.);
#3184=B_SPLINE_CURVE_WITH_KNOTS('',1,(#7362,#7363),.UNSPECIFIED.,.F.,.F.,
(2,2),(0.307023355381052,0.807023355381054),.UNSPECIFIED.);
#3185=B_SPLINE_CURVE_WITH_KNOTS('',1,(#7364,#7365),.UNSPECIFIED.,.F.,.F.,
(2,2),(-6.11862222485844,0.),.UNSPECIFIED.);
#3186=B_SPLINE_CURVE_WITH_KNOTS('',1,(#7366,#7367),.UNSPECIFIED.,.F.,.F.,
(2,2),(-15.1822753444094,-14.2097598970631),.UNSPECIFIED.);
#3187=B_SPLINE_CURVE_WITH_KNOTS('',1,(#7368,#7369),.UNSPECIFIED.,.F.,.F.,
(2,2),(0.,6.11862222485844),.UNSPECIFIED.);
#3188=B_SPLINE_CURVE_WITH_KNOTS('',1,(#7370,#7371),.UNSPECIFIED.,.F.,.F.,
(2,2),(14.2097598970631,15.1822753444094),.UNSPECIFIED.);
#3189=B_SPLINE_CURVE_WITH_KNOTS('',1,(#7372,#7373),.UNSPECIFIED.,.F.,.F.,
(2,2),(-2.01786820899939,-2.01617277504002),.UNSPECIFIED.);
#3190=B_SPLINE_CURVE_WITH_KNOTS('',1,(#7374,#7375),.UNSPECIFIED.,.F.,.F.,
(2,2),(-2.01786820899939,-2.01617277504002),.UNSPECIFIED.);
#3191=B_SPLINE_CURVE_WITH_KNOTS('',1,(#7376,#7377),.UNSPECIFIED.,.F.,.F.,
(2,2),(2.,3.),.UNSPECIFIED.);
#3192=B_SPLINE_CURVE_WITH_KNOTS('',1,(#7378,#7379),.UNSPECIFIED.,.F.,.F.,
(2,2),(2.,3.),.UNSPECIFIED.);
#3193=B_SPLINE_CURVE_WITH_KNOTS('',1,(#7380,#7381),.UNSPECIFIED.,.F.,.F.,
(2,2),(0.,2.29101373527622),.UNSPECIFIED.);
#3194=B_SPLINE_CURVE_WITH_KNOTS('',1,(#7382,#7383),.UNSPECIFIED.,.F.,.F.,
(2,2),(0.,2.2910137352762),.UNSPECIFIED.);
#3195=B_SPLINE_CURVE_WITH_KNOTS('',1,(#7384,#7385),.UNSPECIFIED.,.F.,.F.,
(2,2),(0.,1.),.UNSPECIFIED.);
#3196=B_SPLINE_CURVE_WITH_KNOTS('',1,(#7397,#7398),.UNSPECIFIED.,.F.,.F.,
(2,2),(-1.,0.),.UNSPECIFIED.);
#3197=B_SPLINE_CURVE_WITH_KNOTS('',1,(#7403,#7404),.UNSPECIFIED.,.F.,.F.,
(2,2),(-1.,0.),.UNSPECIFIED.);
#3198=B_SPLINE_CURVE_WITH_KNOTS('',1,(#7409,#7410),.UNSPECIFIED.,.F.,.F.,
(2,2),(-1.,0.),.UNSPECIFIED.);
#3199=B_SPLINE_CURVE_WITH_KNOTS('',1,(#7415,#7416),.UNSPECIFIED.,.F.,.F.,
(2,2),(-1.,0.),.UNSPECIFIED.);
#3200=B_SPLINE_CURVE_WITH_KNOTS('',1,(#7421,#7422),.UNSPECIFIED.,.F.,.F.,
(2,2),(-1.,0.),.UNSPECIFIED.);
#3201=B_SPLINE_CURVE_WITH_KNOTS('',1,(#7434,#7435),.UNSPECIFIED.,.F.,.F.,
(2,2),(-1.,0.),.UNSPECIFIED.);
#3202=B_SPLINE_CURVE_WITH_KNOTS('',1,(#7491,#7492),.UNSPECIFIED.,.F.,.F.,
(2,2),(-1.,0.),.UNSPECIFIED.);
#3203=B_SPLINE_CURVE_WITH_KNOTS('',1,(#7497,#7498),.UNSPECIFIED.,.F.,.F.,
(2,2),(-1.,0.),.UNSPECIFIED.);
#3204=B_SPLINE_CURVE_WITH_KNOTS('',1,(#7554,#7555),.UNSPECIFIED.,.F.,.F.,
(2,2),(-1.,0.),.UNSPECIFIED.);
#3205=B_SPLINE_CURVE_WITH_KNOTS('',1,(#7560,#7561),.UNSPECIFIED.,.F.,.F.,
(2,2),(-1.,0.),.UNSPECIFIED.);
#3206=B_SPLINE_CURVE_WITH_KNOTS('',1,(#7573,#7574),.UNSPECIFIED.,.F.,.F.,
(2,2),(-1.,0.),.UNSPECIFIED.);
#3207=B_SPLINE_CURVE_WITH_KNOTS('',1,(#7579,#7580),.UNSPECIFIED.,.F.,.F.,
(2,2),(-1.,0.),.UNSPECIFIED.);
#3208=B_SPLINE_CURVE_WITH_KNOTS('',1,(#7585,#7586),.UNSPECIFIED.,.F.,.F.,
(2,2),(-1.,0.),.UNSPECIFIED.);
#3209=B_SPLINE_CURVE_WITH_KNOTS('',1,(#7591,#7592),.UNSPECIFIED.,.F.,.F.,
(2,2),(-1.,0.),.UNSPECIFIED.);
#3210=B_SPLINE_CURVE_WITH_KNOTS('',1,(#7597,#7598),.UNSPECIFIED.,.F.,.F.,
(2,2),(-1.,0.),.UNSPECIFIED.);
#3211=B_SPLINE_CURVE_WITH_KNOTS('',1,(#7610,#7611),.UNSPECIFIED.,.F.,.F.,
(2,2),(-1.,0.),.UNSPECIFIED.);
#3212=B_SPLINE_CURVE_WITH_KNOTS('',1,(#7667,#7668),.UNSPECIFIED.,.F.,.F.,
(2,2),(-1.,0.),.UNSPECIFIED.);
#3213=B_SPLINE_CURVE_WITH_KNOTS('',1,(#7673,#7674),.UNSPECIFIED.,.F.,.F.,
(2,2),(-1.,0.),.UNSPECIFIED.);
#3214=B_SPLINE_CURVE_WITH_KNOTS('',1,(#7730,#7731),.UNSPECIFIED.,.F.,.F.,
(2,2),(-1.,0.),.UNSPECIFIED.);
#3215=B_SPLINE_CURVE_WITH_KNOTS('',1,(#7736,#7737),.UNSPECIFIED.,.F.,.F.,
(2,2),(-1.,0.),.UNSPECIFIED.);
#3216=B_SPLINE_CURVE_WITH_KNOTS('',1,(#7812,#7813),.UNSPECIFIED.,.F.,.F.,
(2,2),(0.,1.),.UNSPECIFIED.);
#3217=B_SPLINE_CURVE_WITH_KNOTS('',1,(#7821,#7822),.UNSPECIFIED.,.F.,.F.,
(2,2),(0.,1.),.UNSPECIFIED.);
#3218=B_SPLINE_CURVE_WITH_KNOTS('',1,(#7827,#7828),.UNSPECIFIED.,.F.,.F.,
(2,2),(0.,1.),.UNSPECIFIED.);
#3219=B_SPLINE_CURVE_WITH_KNOTS('',1,(#7836,#7837),.UNSPECIFIED.,.F.,.F.,
(2,2),(0.,1.),.UNSPECIFIED.);
#3220=B_SPLINE_CURVE_WITH_KNOTS('',1,(#7842,#7843),.UNSPECIFIED.,.F.,.F.,
(2,2),(0.,1.),.UNSPECIFIED.);
#3221=B_SPLINE_CURVE_WITH_KNOTS('',1,(#7851,#7852),.UNSPECIFIED.,.F.,.F.,
(2,2),(0.,1.),.UNSPECIFIED.);
#3222=B_SPLINE_CURVE_WITH_KNOTS('',1,(#7857,#7858),.UNSPECIFIED.,.F.,.F.,
(2,2),(0.,1.),.UNSPECIFIED.);
#3223=B_SPLINE_CURVE_WITH_KNOTS('',1,(#7863,#7864),.UNSPECIFIED.,.F.,.F.,
(2,2),(0.,3.00000000000041),.UNSPECIFIED.);
#3224=B_SPLINE_CURVE_WITH_KNOTS('',1,(#7865,#7866),.UNSPECIFIED.,.F.,.F.,
(2,2),(0.,3.00000000000009),.UNSPECIFIED.);
#3225=B_SPLINE_CURVE_WITH_KNOTS('',1,(#7867,#7868),.UNSPECIFIED.,.F.,.F.,
(2,2),(0.,2.99999999999609),.UNSPECIFIED.);
#3226=B_SPLINE_CURVE_WITH_KNOTS('',1,(#7869,#7870),.UNSPECIFIED.,.F.,.F.,
(2,2),(0.,2.99999999999642),.UNSPECIFIED.);
#3227=B_SPLINE_CURVE_WITH_KNOTS('',1,(#7879,#7880),.UNSPECIFIED.,.F.,.F.,
(2,2),(0.,3.00000000000148),.UNSPECIFIED.);
#3228=B_SPLINE_CURVE_WITH_KNOTS('',1,(#7881,#7882),.UNSPECIFIED.,.F.,.F.,
(2,2),(0.,3.00000000000148),.UNSPECIFIED.);
#3229=B_SPLINE_CURVE_WITH_KNOTS('',5,(#7883,#7884,#7885,#7886,#7887,#7888),
 .UNSPECIFIED.,.F.,.F.,(6,6),(0.,5.64852813742387),.UNSPECIFIED.);
#3230=B_SPLINE_CURVE_WITH_KNOTS('',5,(#7889,#7890,#7891,#7892,#7893,#7894),
 .UNSPECIFIED.,.F.,.F.,(6,6),(0.,5.64852813742387),.UNSPECIFIED.);
#3231=B_SPLINE_CURVE_WITH_KNOTS('',1,(#7895,#7896),.UNSPECIFIED.,.F.,.F.,
(2,2),(3.29931034482759,3.92275862068966),.UNSPECIFIED.);
#3232=B_SPLINE_CURVE_WITH_KNOTS('',1,(#7897,#7898),.UNSPECIFIED.,.F.,.F.,
(2,2),(3.29931034482759,3.92275862068966),.UNSPECIFIED.);
#3233=B_SPLINE_CURVE_WITH_KNOTS('',1,(#7899,#7900),.UNSPECIFIED.,.F.,.F.,
(2,2),(0.,3.00000000000127),.UNSPECIFIED.);
#3234=B_SPLINE_CURVE_WITH_KNOTS('',1,(#7901,#7902),.UNSPECIFIED.,.F.,.F.,
(2,2),(0.,3.00000000000168),.UNSPECIFIED.);
#3235=B_SPLINE_CURVE_WITH_KNOTS('',5,(#7903,#7904,#7905,#7906,#7907,#7908),
 .UNSPECIFIED.,.F.,.F.,(6,6),(-5.64852813742398,0.),.UNSPECIFIED.);
#3236=B_SPLINE_CURVE_WITH_KNOTS('',5,(#7909,#7910,#7911,#7912,#7913,#7914),
 .UNSPECIFIED.,.F.,.F.,(6,6),(-5.64852813742398,0.),.UNSPECIFIED.);
#3237=B_SPLINE_CURVE_WITH_KNOTS('',1,(#7915,#7916),.UNSPECIFIED.,.F.,.F.,
(2,2),(0.0993103448275864,0.722758620689656),.UNSPECIFIED.);
#3238=B_SPLINE_CURVE_WITH_KNOTS('',1,(#7917,#7918),.UNSPECIFIED.,.F.,.F.,
(2,2),(0.0993103448275863,0.722758620689655),.UNSPECIFIED.);
#3239=B_SPLINE_CURVE_WITH_KNOTS('',1,(#7927,#7928),.UNSPECIFIED.,.F.,.F.,
(2,2),(0.,2.99999999999503),.UNSPECIFIED.);
#3240=B_SPLINE_CURVE_WITH_KNOTS('',1,(#7929,#7930),.UNSPECIFIED.,.F.,.F.,
(2,2),(0.,2.99999999999482),.UNSPECIFIED.);
#3241=B_SPLINE_CURVE_WITH_KNOTS('',1,(#7931,#7932),.UNSPECIFIED.,.F.,.F.,
(2,2),(0.,2.99999999999523),.UNSPECIFIED.);
#3242=B_SPLINE_CURVE_WITH_KNOTS('',1,(#7933,#7934),.UNSPECIFIED.,.F.,.F.,
(2,2),(0.,2.99999999999503),.UNSPECIFIED.);
#3243=B_SPLINE_CURVE_WITH_KNOTS('',5,(#7935,#7936,#7937,#7938,#7939,#7940),
 .UNSPECIFIED.,.F.,.F.,(6,6),(-5.64852813742417,0.),.UNSPECIFIED.);
#3244=B_SPLINE_CURVE_WITH_KNOTS('',5,(#7941,#7942,#7943,#7944,#7945,#7946),
 .UNSPECIFIED.,.F.,.F.,(6,6),(-5.64852813742417,0.),.UNSPECIFIED.);
#3245=B_SPLINE_CURVE_WITH_KNOTS('',5,(#7947,#7948,#7949,#7950,#7951,#7952),
 .UNSPECIFIED.,.F.,.F.,(6,6),(0.,5.64852813742398),.UNSPECIFIED.);
#3246=B_SPLINE_CURVE_WITH_KNOTS('',5,(#7953,#7954,#7955,#7956,#7957,#7958),
 .UNSPECIFIED.,.F.,.F.,(6,6),(0.,5.64852813742398),.UNSPECIFIED.);
#3247=B_SPLINE_CURVE_WITH_KNOTS('',1,(#7959,#7960),.UNSPECIFIED.,.F.,.F.,
(2,2),(3.266439707174,3.92533333333334),.UNSPECIFIED.);
#3248=B_SPLINE_CURVE_WITH_KNOTS('',1,(#7961,#7962),.UNSPECIFIED.,.F.,.F.,
(2,2),(3.266439707174,3.92533333333334),.UNSPECIFIED.);
#3249=B_SPLINE_CURVE_WITH_KNOTS('',1,(#7963,#7964),.UNSPECIFIED.,.F.,.F.,
(2,2),(0.,2.9999999999987),.UNSPECIFIED.);
#3250=B_SPLINE_CURVE_WITH_KNOTS('',1,(#7965,#7966),.UNSPECIFIED.,.F.,.F.,
(2,2),(1.59561253099111E-12,2.99999999999877),.UNSPECIFIED.);
#3251=B_SPLINE_CURVE_WITH_KNOTS('',5,(#7967,#7968,#7969,#7970,#7971,#7972),
 .UNSPECIFIED.,.F.,.F.,(6,6),(-3.7656854249493,0.),.UNSPECIFIED.);
#3252=B_SPLINE_CURVE_WITH_KNOTS('',5,(#7973,#7974,#7975,#7976,#7977,#7978),
 .UNSPECIFIED.,.F.,.F.,(6,6),(-3.7656854249493,0.),.UNSPECIFIED.);
#3253=B_SPLINE_CURVE_WITH_KNOTS('',1,(#7987,#7988),.UNSPECIFIED.,.F.,.F.,
(2,2),(0.,2.99999999999936),.UNSPECIFIED.);
#3254=B_SPLINE_CURVE_WITH_KNOTS('',1,(#7989,#7990),.UNSPECIFIED.,.F.,.F.,
(2,2),(3.23852056283006E-14,2.99999999999777),.UNSPECIFIED.);
#3255=B_SPLINE_CURVE_WITH_KNOTS('',5,(#7991,#7992,#7993,#7994,#7995,#7996),
 .UNSPECIFIED.,.F.,.F.,(6,6),(0.,3.76568542494924),.UNSPECIFIED.);
#3256=B_SPLINE_CURVE_WITH_KNOTS('',5,(#7997,#7998,#7999,#8000,#8001,#8002),
 .UNSPECIFIED.,.F.,.F.,(6,6),(0.,3.76568542494924),.UNSPECIFIED.);
#3257=B_SPLINE_CURVE_WITH_KNOTS('',1,(#8003,#8004),.UNSPECIFIED.,.F.,.F.,
(2,2),(0.0664397071740017,0.725333333333334),.UNSPECIFIED.);
#3258=B_SPLINE_CURVE_WITH_KNOTS('',1,(#8005,#8006),.UNSPECIFIED.,.F.,.F.,
(2,2),(0.0664397071740018,0.725333333333334),.UNSPECIFIED.);
#3259=B_SPLINE_CURVE_WITH_KNOTS('',1,(#8015,#8016),.UNSPECIFIED.,.F.,.F.,
(2,2),(0.,2.99999999999929),.UNSPECIFIED.);
#3260=B_SPLINE_CURVE_WITH_KNOTS('',1,(#8017,#8018),.UNSPECIFIED.,.F.,.F.,
(2,2),(0.,2.99999999999874),.UNSPECIFIED.);
#3261=B_SPLINE_CURVE_WITH_KNOTS('',1,(#8019,#8020),.UNSPECIFIED.,.F.,.F.,
(2,2),(0.,2.99999999999715),.UNSPECIFIED.);
#3262=B_SPLINE_CURVE_WITH_KNOTS('',1,(#8021,#8022),.UNSPECIFIED.,.F.,.F.,
(2,2),(1.591837772707E-12,2.99999999999944),.UNSPECIFIED.);
#3263=B_SPLINE_CURVE_WITH_KNOTS('',5,(#8023,#8024,#8025,#8026,#8027,#8028),
 .UNSPECIFIED.,.F.,.F.,(6,6),(-3.76568542494935,0.),.UNSPECIFIED.);
#3264=B_SPLINE_CURVE_WITH_KNOTS('',5,(#8029,#8030,#8031,#8032,#8033,#8034),
 .UNSPECIFIED.,.F.,.F.,(6,6),(-3.76568542494935,0.),.UNSPECIFIED.);
#3265=B_SPLINE_CURVE_WITH_KNOTS('',5,(#8035,#8036,#8037,#8038,#8039,#8040),
 .UNSPECIFIED.,.F.,.F.,(6,6),(0.,3.76568542494919),.UNSPECIFIED.);
#3266=B_SPLINE_CURVE_WITH_KNOTS('',5,(#8041,#8042,#8043,#8044,#8045,#8046),
 .UNSPECIFIED.,.F.,.F.,(6,6),(0.,3.76568542494919),.UNSPECIFIED.);
#3267=B_SPLINE_CURVE_WITH_KNOTS('',1,(#8047,#8048),.UNSPECIFIED.,.F.,.F.,
(2,2),(0.874666666666667,1.533560292826),.UNSPECIFIED.);
#3268=B_SPLINE_CURVE_WITH_KNOTS('',1,(#8049,#8050),.UNSPECIFIED.,.F.,.F.,
(2,2),(0.874666666666667,1.533560292826),.UNSPECIFIED.);
#3269=B_SPLINE_CURVE_WITH_KNOTS('',1,(#8051,#8052),.UNSPECIFIED.,.F.,.F.,
(2,2),(4.07724137931035,4.70068965517241),.UNSPECIFIED.);
#3270=B_SPLINE_CURVE_WITH_KNOTS('',1,(#8053,#8054),.UNSPECIFIED.,.F.,.F.,
(2,2),(4.07724137931035,4.70068965517242),.UNSPECIFIED.);
#3271=B_SPLINE_CURVE_WITH_KNOTS('',1,(#8055,#8056),.UNSPECIFIED.,.F.,.F.,
(2,2),(0.877241379310345,1.50068965517242),.UNSPECIFIED.);
#3272=B_SPLINE_CURVE_WITH_KNOTS('',1,(#8057,#8058),.UNSPECIFIED.,.F.,.F.,
(2,2),(0.877241379310345,1.50068965517242),.UNSPECIFIED.);
#3273=B_SPLINE_CURVE_WITH_KNOTS('',1,(#8059,#8060),.UNSPECIFIED.,.F.,.F.,
(2,2),(0.,2.99999999999825),.UNSPECIFIED.);
#3274=B_SPLINE_CURVE_WITH_KNOTS('',1,(#8061,#8062),.UNSPECIFIED.,.F.,.F.,
(2,2),(0.,2.99999999999825),.UNSPECIFIED.);
#3275=B_SPLINE_CURVE_WITH_KNOTS('',1,(#8063,#8064),.UNSPECIFIED.,.F.,.F.,
(2,2),(0.,2.99999999999825),.UNSPECIFIED.);
#3276=B_SPLINE_CURVE_WITH_KNOTS('',1,(#8065,#8066),.UNSPECIFIED.,.F.,.F.,
(2,2),(0.,2.99999999999825),.UNSPECIFIED.);
#3277=B_SPLINE_CURVE_WITH_KNOTS('',1,(#8067,#8068),.UNSPECIFIED.,.F.,.F.,
(2,2),(0.,2.99999999999825),.UNSPECIFIED.);
#3278=B_SPLINE_CURVE_WITH_KNOTS('',1,(#8069,#8070),.UNSPECIFIED.,.F.,.F.,
(2,2),(0.,2.99999999999825),.UNSPECIFIED.);
#3279=B_SPLINE_CURVE_WITH_KNOTS('',5,(#8071,#8072,#8073,#8074,#8075,#8076),
 .UNSPECIFIED.,.F.,.F.,(6,6),(0.,3.76568542494923),.UNSPECIFIED.);
#3280=B_SPLINE_CURVE_WITH_KNOTS('',5,(#8077,#8078,#8079,#8080,#8081,#8082),
 .UNSPECIFIED.,.F.,.F.,(6,6),(0.,3.76568542494923),.UNSPECIFIED.);
#3281=B_SPLINE_CURVE_WITH_KNOTS('',5,(#8083,#8084,#8085,#8086,#8087,#8088),
 .UNSPECIFIED.,.F.,.F.,(6,6),(-3.76568542494926,0.),.UNSPECIFIED.);
#3282=B_SPLINE_CURVE_WITH_KNOTS('',5,(#8089,#8090,#8091,#8092,#8093,#8094),
 .UNSPECIFIED.,.F.,.F.,(6,6),(-3.76568542494926,0.),.UNSPECIFIED.);
#3283=B_SPLINE_CURVE_WITH_KNOTS('',5,(#8095,#8096,#8097,#8098,#8099,#8100),
 .UNSPECIFIED.,.F.,.F.,(6,6),(0.,3.76568542494923),.UNSPECIFIED.);
#3284=B_SPLINE_CURVE_WITH_KNOTS('',5,(#8101,#8102,#8103,#8104,#8105,#8106),
 .UNSPECIFIED.,.F.,.F.,(6,6),(0.,3.76568542494923),.UNSPECIFIED.);
#3285=B_SPLINE_CURVE_WITH_KNOTS('',1,(#8107,#8108),.UNSPECIFIED.,.F.,.F.,
(2,2),(4.07466666666667,4.733560292826),.UNSPECIFIED.);
#3286=B_SPLINE_CURVE_WITH_KNOTS('',1,(#8109,#8110),.UNSPECIFIED.,.F.,.F.,
(2,2),(4.07466666666667,4.733560292826),.UNSPECIFIED.);
#3287=B_SPLINE_CURVE_WITH_KNOTS('',1,(#8111,#8112),.UNSPECIFIED.,.F.,.F.,
(2,2),(0.,2.99999999999825),.UNSPECIFIED.);
#3288=B_SPLINE_CURVE_WITH_KNOTS('',1,(#8113,#8114),.UNSPECIFIED.,.F.,.F.,
(2,2),(0.,2.99999999999825),.UNSPECIFIED.);
#3289=B_SPLINE_CURVE_WITH_KNOTS('',5,(#8115,#8116,#8117,#8118,#8119,#8120),
 .UNSPECIFIED.,.F.,.F.,(6,6),(-3.76568542494929,0.),.UNSPECIFIED.);
#3290=B_SPLINE_CURVE_WITH_KNOTS('',5,(#8121,#8122,#8123,#8124,#8125,#8126),
 .UNSPECIFIED.,.F.,.F.,(6,6),(-3.76568542494929,0.),.UNSPECIFIED.);
#3291=B_SPLINE_CURVE_WITH_KNOTS('',1,(#8127,#8128),.UNSPECIFIED.,.F.,.F.,
(2,2),(0.,40.),.UNSPECIFIED.);
#3292=B_SPLINE_CURVE_WITH_KNOTS('',1,(#8129,#8130),.UNSPECIFIED.,.F.,.F.,
(2,2),(-2.77555756156289E-17,1.),.UNSPECIFIED.);
#3293=B_SPLINE_CURVE_WITH_KNOTS('',1,(#8131,#8132),.UNSPECIFIED.,.F.,.F.,
(2,2),(-1.16573417585641E-15,0.999999999999999),.UNSPECIFIED.);
#3294=B_SPLINE_CURVE_WITH_KNOTS('',1,(#8133,#8134),.UNSPECIFIED.,.F.,.F.,
(2,2),(0.,40.),.UNSPECIFIED.);
#3295=B_SPLINE_CURVE_WITH_KNOTS('',1,(#8135,#8136),.UNSPECIFIED.,.F.,.F.,
(2,2),(5.23570226039551,6.34517796864419),.UNSPECIFIED.);
#3296=B_SPLINE_CURVE_WITH_KNOTS('',1,(#8137,#8138),.UNSPECIFIED.,.F.,.F.,
(2,2),(-1.00000000000001,-5.04318808935977E-14),.UNSPECIFIED.);
#3297=B_SPLINE_CURVE_WITH_KNOTS('',1,(#8139,#8140),.UNSPECIFIED.,.F.,.F.,
(2,2),(55.1999999999999,69.9999999999998),.UNSPECIFIED.);
#3298=B_SPLINE_CURVE_WITH_KNOTS('',1,(#8141,#8142),.UNSPECIFIED.,.F.,.F.,
(2,2),(69.5001282020838,69.7001282020838),.UNSPECIFIED.);
#3299=B_SPLINE_CURVE_WITH_KNOTS('',1,(#8143,#8144),.UNSPECIFIED.,.F.,.F.,
(2,2),(-6.88338275267597E-15,0.999999999999972),.UNSPECIFIED.);
#3300=B_SPLINE_CURVE_WITH_KNOTS('',1,(#8145,#8146),.UNSPECIFIED.,.F.,.F.,
(2,2),(-1.0991207943789E-14,1.19999999999997),.UNSPECIFIED.);
#3301=B_SPLINE_CURVE_WITH_KNOTS('',5,(#8147,#8148,#8149,#8150,#8151,#8152),
 .UNSPECIFIED.,.F.,.F.,(6,6),(-0.37656854249493,0.),.UNSPECIFIED.);
#3302=B_SPLINE_CURVE_WITH_KNOTS('',3,(#8153,#8154,#8155,#8156,#8157,#8158,
#8159,#8160,#8161,#8162,#8163,#8164),.UNSPECIFIED.,.F.,.F.,(4,1,1,1,1,1,
1,1,1,4),(-0.414171225485936,-0.370238881598856,-0.328900178795375,-0.290970762931863,
-0.254681065775467,-0.216191047829492,-0.171898494691885,-0.120290490099072,
-0.0621232327116508,0.),.UNSPECIFIED.);
#3303=B_SPLINE_CURVE_WITH_KNOTS('',1,(#8165,#8166),.UNSPECIFIED.,.F.,.F.,
(2,2),(5.2357022603955,6.34517796864421),.UNSPECIFIED.);
#3304=B_SPLINE_CURVE_WITH_KNOTS('',1,(#8167,#8168),.UNSPECIFIED.,.F.,.F.,
(2,2),(-1.00000000000003,-4.92106355665101E-14),.UNSPECIFIED.);
#3305=B_SPLINE_CURVE_WITH_KNOTS('',1,(#8169,#8170),.UNSPECIFIED.,.F.,.F.,
(2,2),(29.3001282020838,29.5001282020838),.UNSPECIFIED.);
#3306=B_SPLINE_CURVE_WITH_KNOTS('',1,(#8171,#8172),.UNSPECIFIED.,.F.,.F.,
(2,2),(1.66533453693773E-14,1.00000000000001),.UNSPECIFIED.);
#3307=B_SPLINE_CURVE_WITH_KNOTS('',1,(#8173,#8174),.UNSPECIFIED.,.F.,.F.,
(2,2),(1.43662859386493E-14,1.2),.UNSPECIFIED.);
#3308=B_SPLINE_CURVE_WITH_KNOTS('',5,(#8175,#8176,#8177,#8178,#8179,#8180),
 .UNSPECIFIED.,.F.,.F.,(6,6),(0.,0.376568542494925),.UNSPECIFIED.);
#3309=B_SPLINE_CURVE_WITH_KNOTS('',3,(#8181,#8182,#8183,#8184,#8185,#8186,
#8187,#8188,#8189,#8190,#8191,#8192),.UNSPECIFIED.,.F.,.F.,(4,1,1,1,1,1,
1,1,1,4),(0.,0.0621232327116633,0.120290490099057,0.171898494691881,0.216191047829491,
0.254681065775464,0.290970762931867,0.328900178795354,0.370238881598849,
0.414171225485928),.UNSPECIFIED.);
#3310=B_SPLINE_CURVE_WITH_KNOTS('',1,(#8193,#8194),.UNSPECIFIED.,.F.,.F.,
(2,2),(55.2,70.),.UNSPECIFIED.);
#3311=B_SPLINE_CURVE_WITH_KNOTS('',1,(#8195,#8196),.UNSPECIFIED.,.F.,.F.,
(2,2),(-69.7001282020839,-69.5001282020839),.UNSPECIFIED.);
#3312=B_SPLINE_CURVE_WITH_KNOTS('',1,(#8197,#8198),.UNSPECIFIED.,.F.,.F.,
(2,2),(-29.5001282020839,-29.3001282020839),.UNSPECIFIED.);
#3313=B_SPLINE_CURVE_WITH_KNOTS('',1,(#8199,#8200),.UNSPECIFIED.,.F.,.F.,
(2,2),(0.200000000000026,1.20000000000002),.UNSPECIFIED.);
#3314=B_SPLINE_CURVE_WITH_KNOTS('',1,(#8201,#8202),.UNSPECIFIED.,.F.,.F.,
(2,2),(0.199999999999995,1.19999999999997),.UNSPECIFIED.);
#3315=B_SPLINE_CURVE_WITH_KNOTS('',1,(#8203,#8204),.UNSPECIFIED.,.F.,.F.,
(2,2),(-3.51385587293862E-14,1.19999999999998),.UNSPECIFIED.);
#3316=B_SPLINE_CURVE_WITH_KNOTS('',1,(#8205,#8206),.UNSPECIFIED.,.F.,.F.,
(2,2),(9.04831765069503E-15,1.20000000000002),.UNSPECIFIED.);
#3317=B_SPLINE_CURVE_WITH_KNOTS('',5,(#8207,#8208,#8209,#8210,#8211,#8212),
 .UNSPECIFIED.,.F.,.F.,(6,6),(0.,0.37656854249493),.UNSPECIFIED.);
#3318=B_SPLINE_CURVE_WITH_KNOTS('',3,(#8213,#8214,#8215,#8216,#8217,#8218,
#8219,#8220,#8221,#8222,#8223,#8224),.UNSPECIFIED.,.F.,.F.,(4,1,1,1,1,1,
1,1,1,4),(0.,0.0621232327116709,0.120290490099075,0.171898494691905,0.216191047829517,
0.254681065775482,0.290970762931892,0.328900178795386,0.37023888159888,
0.414171225485956),.UNSPECIFIED.);
#3319=B_SPLINE_CURVE_WITH_KNOTS('',5,(#8225,#8226,#8227,#8228,#8229,#8230),
 .UNSPECIFIED.,.F.,.F.,(6,6),(-0.376568542494928,0.),.UNSPECIFIED.);
#3320=B_SPLINE_CURVE_WITH_KNOTS('',3,(#8231,#8232,#8233,#8234,#8235,#8236,
#8237,#8238,#8239,#8240,#8241,#8242),.UNSPECIFIED.,.F.,.F.,(4,1,1,1,1,1,
1,1,1,4),(-0.414171225485935,-0.370238881598858,-0.328900178795365,-0.290970762931861,
-0.25468106577546,-0.216191047829501,-0.171898494691882,-0.120290490099072,
-0.0621232327116708,0.),.UNSPECIFIED.);
#3321=B_SPLINE_CURVE_WITH_KNOTS('',1,(#8243,#8244),.UNSPECIFIED.,.F.,.F.,
(2,2),(1.06903559372886,2.17851130197758),.UNSPECIFIED.);
#3322=B_SPLINE_CURVE_WITH_KNOTS('',1,(#8245,#8246),.UNSPECIFIED.,.F.,.F.,
(2,2),(1.06903559372884,2.17851130197758),.UNSPECIFIED.);
#3323=B_SPLINE_CURVE_WITH_KNOTS('',1,(#8247,#8248),.UNSPECIFIED.,.F.,.F.,
(2,2),(1.2,1.28284271247463),.UNSPECIFIED.);
#3324=B_SPLINE_CURVE_WITH_KNOTS('',1,(#8249,#8250),.UNSPECIFIED.,.F.,.F.,
(2,2),(0.,0.0828427124746465),.UNSPECIFIED.);
#3325=B_SPLINE_CURVE_WITH_KNOTS('',1,(#8251,#8252),.UNSPECIFIED.,.F.,.F.,
(2,2),(2.74780198594726E-15,40.),.UNSPECIFIED.);
#3326=B_SPLINE_CURVE_WITH_KNOTS('',1,(#8253,#8254),.UNSPECIFIED.,.F.,.F.,
(2,2),(-3.28350817584239E-15,40.),.UNSPECIFIED.);
#3327=B_SPLINE_CURVE_WITH_KNOTS('',5,(#8255,#8256,#8257,#8258,#8259,#8260),
 .UNSPECIFIED.,.F.,.F.,(6,6),(0.,0.163163014548599),.UNSPECIFIED.);
#3328=B_SPLINE_CURVE_WITH_KNOTS('',5,(#8261,#8262,#8263,#8264,#8265,#8266),
 .UNSPECIFIED.,.F.,.F.,(6,6),(0.,0.163163014548599),.UNSPECIFIED.);
#3329=B_SPLINE_CURVE_WITH_KNOTS('',1,(#8267,#8268),.UNSPECIFIED.,.F.,.F.,
(2,2),(-1.28284271247457,-1.2),.UNSPECIFIED.);
#3330=B_SPLINE_CURVE_WITH_KNOTS('',1,(#8269,#8270),.UNSPECIFIED.,.F.,.F.,
(2,2),(-0.0828427124745768,2.4870264545551E-14),.UNSPECIFIED.);
#3331=B_SPLINE_CURVE_WITH_KNOTS('',1,(#8271,#8272),.UNSPECIFIED.,.F.,.F.,
(2,2),(-7.07767178198537E-15,40.),.UNSPECIFIED.);
#3332=B_SPLINE_CURVE_WITH_KNOTS('',1,(#8273,#8274),.UNSPECIFIED.,.F.,.F.,
(2,2),(7.04991620636974E-15,40.),.UNSPECIFIED.);
#3333=B_SPLINE_CURVE_WITH_KNOTS('',5,(#8275,#8276,#8277,#8278,#8279,#8280),
 .UNSPECIFIED.,.F.,.F.,(6,6),(-0.163163014548608,0.),.UNSPECIFIED.);
#3334=B_SPLINE_CURVE_WITH_KNOTS('',5,(#8281,#8282,#8283,#8284,#8285,#8286),
 .UNSPECIFIED.,.F.,.F.,(6,6),(-0.163163014548608,0.),.UNSPECIFIED.);
#3335=B_SPLINE_CURVE_WITH_KNOTS('',1,(#8600,#8601),.UNSPECIFIED.,.F.,.F.,
(2,2),(0.,40.),.UNSPECIFIED.);
#3336=B_SPLINE_CURVE_WITH_KNOTS('',1,(#8602,#8603),.UNSPECIFIED.,.F.,.F.,
(2,2),(-2.2,-1.),.UNSPECIFIED.);
#3337=B_SPLINE_CURVE_WITH_KNOTS('',1,(#8604,#8605),.UNSPECIFIED.,.F.,.F.,
(2,2),(-2.2,-0.999999999999975),.UNSPECIFIED.);
#3338=B_SPLINE_CURVE_WITH_KNOTS('',1,(#8606,#8607),.UNSPECIFIED.,.F.,.F.,
(2,2),(0.,40.),.UNSPECIFIED.);
#3339=B_SPLINE_CURVE_WITH_KNOTS('',1,(#8608,#8609),.UNSPECIFIED.,.F.,.F.,
(2,2),(1.00000000000001,2.2),.UNSPECIFIED.);
#3340=B_SPLINE_CURVE_WITH_KNOTS('',1,(#8610,#8611),.UNSPECIFIED.,.F.,.F.,
(2,2),(1.00000000000001,2.2),.UNSPECIFIED.);
#3341=B_SPLINE_CURVE_WITH_KNOTS('',1,(#8612,#8613),.UNSPECIFIED.,.F.,.F.,
(2,2),(10.0104619134192,11.8955198661419),.UNSPECIFIED.);
#3342=B_SPLINE_CURVE_WITH_KNOTS('',1,(#8614,#8615,#8616,#8617),
 .UNSPECIFIED.,.F.,.F.,(2,1,1,2),(3.10862446895044E-15,0.531350990174306,
2.53135099017392,3.06270198034827),.UNSPECIFIED.);
#3343=B_SPLINE_CURVE_WITH_KNOTS('',1,(#8618,#8619),.UNSPECIFIED.,.F.,.F.,
(2,2),(5.06270198034826,6.94775993307096),.UNSPECIFIED.);
#3344=B_SPLINE_CURVE_WITH_KNOTS('',1,(#8620,#8621),.UNSPECIFIED.,.F.,.F.,
(2,2),(-9.36448536461146,-8.53132871801076),.UNSPECIFIED.);
#3345=B_SPLINE_CURVE_WITH_KNOTS('',1,(#8622,#8623),.UNSPECIFIED.,.F.,.F.,
(2,2),(-3.46094685200107,-0.341285922107201),.UNSPECIFIED.);
#3346=B_SPLINE_CURVE_WITH_KNOTS('',1,(#8624,#8625),.UNSPECIFIED.,.F.,.F.,
(2,2),(-2.77400472615621,-1.94084807955549),.UNSPECIFIED.);
#3347=B_SPLINE_CURVE_WITH_KNOTS('',1,(#8643,#8644),.UNSPECIFIED.,.F.,.F.,
(2,2),(0.18568161243023,4.10313377863074),.UNSPECIFIED.);
#3348=B_SPLINE_CURVE_WITH_KNOTS('',1,(#8645,#8646),.UNSPECIFIED.,.F.,.F.,
(2,2),(0.,2.58954568785756),.UNSPECIFIED.);
#3349=B_SPLINE_CURVE_WITH_KNOTS('',1,(#8647,#8648),.UNSPECIFIED.,.F.,.F.,
(2,2),(3.90001943232928,4.99856114590807),.UNSPECIFIED.);
#3350=B_SPLINE_CURVE_WITH_KNOTS('',1,(#8649,#8650),.UNSPECIFIED.,.F.,.F.,
(2,2),(0.249671856505582,7.5904386635637),.UNSPECIFIED.);
#3351=B_SPLINE_CURVE_WITH_KNOTS('',1,(#8651,#8652),.UNSPECIFIED.,.F.,.F.,
(2,2),(-3.50190685933388,-1.94084807955549),.UNSPECIFIED.);
#3352=B_SPLINE_CURVE_WITH_KNOTS('',1,(#8653,#8654),.UNSPECIFIED.,.F.,.F.,
(2,2),(7.80342658483309,8.3753702393044),.UNSPECIFIED.);
#3353=B_SPLINE_CURVE_WITH_KNOTS('',1,(#8655,#8656),.UNSPECIFIED.,.F.,.F.,
(2,2),(2.92996320486253,3.50190685933369),.UNSPECIFIED.);
#3354=B_SPLINE_CURVE_WITH_KNOTS('',1,(#8657,#8658),.UNSPECIFIED.,.F.,.F.,
(2,2),(0.149999999999995,3.40001943232928),.UNSPECIFIED.);
#3355=B_SPLINE_CURVE_WITH_KNOTS('',1,(#8659,#8660),.UNSPECIFIED.,.F.,.F.,
(2,2),(2.88657986402541E-15,7.03778574638065),.UNSPECIFIED.);
#3356=B_SPLINE_CURVE_WITH_KNOTS('',1,(#8661,#8662),.UNSPECIFIED.,.F.,.F.,
(2,2),(-0.0853943108269117,7.12318005720759),.UNSPECIFIED.);
#3357=B_SPLINE_CURVE_WITH_KNOTS('',3,(#8663,#8664,#8665,#8666,#8667,#8668,
#8669,#8670,#8671,#8672,#8673,#8674,#8675,#8676,#8677,#8678,#8679,#8680,
#8681,#8682),.UNSPECIFIED.,.F.,.F.,(4,1,1,1,1,1,1,1,1,1,1,1,1,1,1,1,1,4),
(-0.523428886828805,-0.488253086350668,-0.453749912441923,-0.420471882000801,
-0.388808423292096,-0.3589516245447,-0.33086319595393,-0.304251139102076,
-0.278576918027273,-0.253119701844349,-0.227102898104444,-0.199842571156519,
-0.17085786834332,-0.13991708941053,-0.107034631939768,-0.0724453053919463,
-0.0365730631446344,0.),.UNSPECIFIED.);
#3358=B_SPLINE_CURVE_WITH_KNOTS('',3,(#8683,#8684,#8685,#8686,#8687,#8688,
#8689,#8690,#8691,#8692,#8693,#8694,#8695,#8696,#8697,#8698,#8699,#8700,
#8701,#8702),.UNSPECIFIED.,.F.,.F.,(4,1,1,1,1,1,1,1,1,1,1,1,1,1,1,1,1,4),
(0.,0.036573063144637,0.0724453053919573,0.107034631939779,0.139917089410548,
0.170857868343329,0.199842571156515,0.227102898104451,0.253119701844358,
0.278576918027276,0.304251139102087,0.330863195953938,0.35895162454471,
0.38880842329211,0.42047188200081,0.453749912441934,0.488253086350683,0.523428886828824),
 .UNSPECIFIED.);
#3359=B_SPLINE_CURVE_WITH_KNOTS('',1,(#8703,#8704),.UNSPECIFIED.,.F.,.F.,
(2,2),(0.6666666666667,3.3333333333335),.UNSPECIFIED.);
#3360=B_SPLINE_CURVE_WITH_KNOTS('',1,(#8705,#8706),.UNSPECIFIED.,.F.,.F.,
(2,2),(0.,18.4236616416441),.UNSPECIFIED.);
#3361=B_SPLINE_CURVE_WITH_KNOTS('',1,(#8707,#8708),.UNSPECIFIED.,.F.,.F.,
(2,2),(0.438007073367753,18.8616687150118),.UNSPECIFIED.);
#3362=B_SPLINE_CURVE_WITH_KNOTS('',1,(#8709,#8710),.UNSPECIFIED.,.F.,.F.,
(2,2),(0.438007073367771,18.8616687150119),.UNSPECIFIED.);
#3363=B_SPLINE_CURVE_WITH_KNOTS('',1,(#8728,#8729),.UNSPECIFIED.,.F.,.F.,
(2,2),(-4.0000000000002,-3.02090066011619),.UNSPECIFIED.);
#3364=B_SPLINE_CURVE_WITH_KNOTS('',1,(#8730,#8731),.UNSPECIFIED.,.F.,.F.,
(2,2),(0.355372706309149,2.15236424185791),.UNSPECIFIED.);
#3365=B_SPLINE_CURVE_WITH_KNOTS('',1,(#8732,#8733),.UNSPECIFIED.,.F.,.F.,
(2,2),(-3.15774189225103,-2.45904502930389),.UNSPECIFIED.);
#3366=B_SPLINE_CURVE_WITH_KNOTS('',1,(#8734,#8735),.UNSPECIFIED.,.F.,.F.,
(2,2),(2.45904502930395,3.15774189225104),.UNSPECIFIED.);
#3367=B_SPLINE_CURVE_WITH_KNOTS('',1,(#8736,#8737),.UNSPECIFIED.,.F.,.F.,
(2,2),(3.99856114590807,4.),.UNSPECIFIED.);
#3368=B_SPLINE_CURVE_WITH_KNOTS('',1,(#8738,#8739),.UNSPECIFIED.,.F.,.F.,
(2,2),(-0.979099339883911,0.),.UNSPECIFIED.);
#3369=B_SPLINE_CURVE_WITH_KNOTS('',1,(#8740,#8741),.UNSPECIFIED.,.F.,.F.,
(2,2),(-9.36448536461143,-7.80342658483307),.UNSPECIFIED.);
#3370=B_SPLINE_CURVE_WITH_KNOTS('',1,(#8742,#8743),.UNSPECIFIED.,.F.,.F.,
(2,2),(-13.,-12.9985611459081),.UNSPECIFIED.);
#3371=B_SPLINE_CURVE_WITH_KNOTS('',1,(#8747,#8748),.UNSPECIFIED.,.F.,.F.,
(2,2),(-78.058875022418,-77.568428384228),.UNSPECIFIED.);
#3372=B_SPLINE_CURVE_WITH_KNOTS('',1,(#8749,#8750),.UNSPECIFIED.,.F.,.F.,
(2,2),(6.77236045021345E-15,1.),.UNSPECIFIED.);
#3373=B_SPLINE_CURVE_WITH_KNOTS('',1,(#8751,#8752),.UNSPECIFIED.,.F.,.F.,
(2,2),(6.66133814775094E-16,1.),.UNSPECIFIED.);
#3374=B_SPLINE_CURVE_WITH_KNOTS('',1,(#8753,#8754),.UNSPECIFIED.,.F.,.F.,
(2,2),(1.11022302462516E-16,1.00000000000001),.UNSPECIFIED.);
#3375=B_SPLINE_CURVE_WITH_KNOTS('',1,(#8755,#8756),.UNSPECIFIED.,.F.,.F.,
(2,2),(-9.99200722162641E-16,1.),.UNSPECIFIED.);
#3376=B_SPLINE_CURVE_WITH_KNOTS('',5,(#8757,#8758,#8759,#8760,#8761,#8762),
 .UNSPECIFIED.,.F.,.F.,(6,6),(-1.88284271247464,0.),.UNSPECIFIED.);
#3377=B_SPLINE_CURVE_WITH_KNOTS('',5,(#8763,#8764,#8765,#8766,#8767,#8768),
 .UNSPECIFIED.,.F.,.F.,(6,6),(-1.88284271247464,0.),.UNSPECIFIED.);
#3378=B_SPLINE_CURVE_WITH_KNOTS('',5,(#8769,#8770,#8771,#8772,#8773,#8774),
 .UNSPECIFIED.,.F.,.F.,(6,6),(0.,1.88284271247462),.UNSPECIFIED.);
#3379=B_SPLINE_CURVE_WITH_KNOTS('',5,(#8775,#8776,#8777,#8778,#8779,#8780),
 .UNSPECIFIED.,.F.,.F.,(6,6),(0.,1.88284271247462),.UNSPECIFIED.);
#3380=B_SPLINE_CURVE_WITH_KNOTS('',1,(#8781,#8782),.UNSPECIFIED.,.F.,.F.,
(2,2),(0.,4.5),.UNSPECIFIED.);
#3381=B_SPLINE_CURVE_WITH_KNOTS('',1,(#8783,#8784),.UNSPECIFIED.,.F.,.F.,
(2,2),(0.,4.49856114590807),.UNSPECIFIED.);
#3382=B_SPLINE_CURVE_WITH_KNOTS('',1,(#8785,#8786),.UNSPECIFIED.,.F.,.F.,
(2,2),(0.,4.49856114590807),.UNSPECIFIED.);
#3383=B_SPLINE_CURVE_WITH_KNOTS('',1,(#8787,#8788),.UNSPECIFIED.,.F.,.F.,
(2,2),(0.499999999999998,4.99999999999999),.UNSPECIFIED.);
#3384=B_SPLINE_CURVE_WITH_KNOTS('',1,(#8789,#8790),.UNSPECIFIED.,.F.,.F.,
(2,2),(0.499999999999998,3.75001943232928),.UNSPECIFIED.);
#3385=B_SPLINE_CURVE_WITH_KNOTS('',1,(#8791,#8792),.UNSPECIFIED.,.F.,.F.,
(2,2),(1.36075035670226,3.15774189225102),.UNSPECIFIED.);
#3386=B_SPLINE_CURVE_WITH_KNOTS('',1,(#8793,#8794),.UNSPECIFIED.,.F.,.F.,
(2,2),(-33.2400000000001,-25.2400000000001),.UNSPECIFIED.);
#3387=B_SPLINE_CURVE_WITH_KNOTS('',3,(#8795,#8796,#8797,#8798,#8799,#8800,
#8801,#8802,#8803,#8804,#8805,#8806,#8807,#8808,#8809,#8810,#8811,#8812,
#8813,#8814),.UNSPECIFIED.,.F.,.F.,(4,1,1,1,1,1,1,1,1,1,1,1,1,1,1,1,1,4),
(-2.86214084145421,-2.69377961548631,-2.52541838951842,-2.35705716355052,
-2.18869593758263,-2.02033471161473,-1.85197348564684,-1.68361225967895,
-1.51525103371105,-1.34688980774315,-1.17852858177526,-1.01016735580737,
-0.841806129839464,-0.673444903871577,-0.50508367790368,-0.336722451935783,
-0.168361225967896,0.),.UNSPECIFIED.);
#3388=B_SPLINE_CURVE_WITH_KNOTS('',1,(#8815,#8816),.UNSPECIFIED.,.F.,.F.,
(2,2),(0.,18.4236616416441),.UNSPECIFIED.);
#3389=B_SPLINE_CURVE_WITH_KNOTS('',3,(#8823,#8824,#8825,#8826,#8827,#8828,
#8829,#8830,#8831,#8832,#8833,#8834,#8835,#8836,#8837,#8838,#8839,#8840,
#8841,#8842),.UNSPECIFIED.,.F.,.F.,(4,1,1,1,1,1,1,1,1,1,1,1,1,1,1,1,1,4),
(-2.8621408414542,-2.69377961548631,-2.52541838951842,-2.35705716355052,
-2.18869593758262,-2.02033471161473,-1.85197348564684,-1.68361225967895,
-1.51525103371105,-1.34688980774315,-1.17852858177526,-1.01016735580736,
-0.841806129839473,-0.673444903871581,-0.505083677903684,-0.336722451935792,
-0.168361225967894,0.),.UNSPECIFIED.);
#3390=B_SPLINE_CURVE_WITH_KNOTS('',1,(#8843,#8844),.UNSPECIFIED.,.F.,.F.,
(2,2),(10.0104619134192,11.8955198661419),.UNSPECIFIED.);
#3391=B_SPLINE_CURVE_WITH_KNOTS('',1,(#8845,#8846,#8847,#8848),
 .UNSPECIFIED.,.F.,.F.,(2,1,1,2),(3.10862446895044E-15,0.531350990174306,
2.53135099017392,3.06270198034827),.UNSPECIFIED.);
#3392=B_SPLINE_CURVE_WITH_KNOTS('',1,(#8849,#8850),.UNSPECIFIED.,.F.,.F.,
(2,2),(5.06270198034826,6.94775993307096),.UNSPECIFIED.);
#3393=B_SPLINE_CURVE_WITH_KNOTS('',1,(#8851,#8852),.UNSPECIFIED.,.F.,.F.,
(2,2),(-9.36448536461146,-8.53132871801076),.UNSPECIFIED.);
#3394=B_SPLINE_CURVE_WITH_KNOTS('',1,(#8853,#8854),.UNSPECIFIED.,.F.,.F.,
(2,2),(-3.46094685200107,-0.341285922107201),.UNSPECIFIED.);
#3395=B_SPLINE_CURVE_WITH_KNOTS('',1,(#8855,#8856),.UNSPECIFIED.,.F.,.F.,
(2,2),(-2.77400472615621,-1.94084807955549),.UNSPECIFIED.);
#3396=B_SPLINE_CURVE_WITH_KNOTS('',1,(#8874,#8875),.UNSPECIFIED.,.F.,.F.,
(2,2),(0.18568161243023,4.10313377863074),.UNSPECIFIED.);
#3397=B_SPLINE_CURVE_WITH_KNOTS('',1,(#8876,#8877),.UNSPECIFIED.,.F.,.F.,
(2,2),(0.,2.58954568785756),.UNSPECIFIED.);
#3398=B_SPLINE_CURVE_WITH_KNOTS('',1,(#8878,#8879),.UNSPECIFIED.,.F.,.F.,
(2,2),(3.90001943232928,4.99856114590807),.UNSPECIFIED.);
#3399=B_SPLINE_CURVE_WITH_KNOTS('',1,(#8880,#8881),.UNSPECIFIED.,.F.,.F.,
(2,2),(0.249671856505582,7.5904386635637),.UNSPECIFIED.);
#3400=B_SPLINE_CURVE_WITH_KNOTS('',1,(#8882,#8883),.UNSPECIFIED.,.F.,.F.,
(2,2),(-3.50190685933388,-1.94084807955549),.UNSPECIFIED.);
#3401=B_SPLINE_CURVE_WITH_KNOTS('',1,(#8884,#8885),.UNSPECIFIED.,.F.,.F.,
(2,2),(7.80342658483309,8.3753702393044),.UNSPECIFIED.);
#3402=B_SPLINE_CURVE_WITH_KNOTS('',1,(#8886,#8887),.UNSPECIFIED.,.F.,.F.,
(2,2),(2.92996320486253,3.50190685933369),.UNSPECIFIED.);
#3403=B_SPLINE_CURVE_WITH_KNOTS('',1,(#8888,#8889),.UNSPECIFIED.,.F.,.F.,
(2,2),(0.149999999999995,3.40001943232928),.UNSPECIFIED.);
#3404=B_SPLINE_CURVE_WITH_KNOTS('',1,(#8890,#8891),.UNSPECIFIED.,.F.,.F.,
(2,2),(2.88657986402541E-15,7.03778574638065),.UNSPECIFIED.);
#3405=B_SPLINE_CURVE_WITH_KNOTS('',1,(#8892,#8893),.UNSPECIFIED.,.F.,.F.,
(2,2),(-0.0853943108269117,7.12318005720759),.UNSPECIFIED.);
#3406=B_SPLINE_CURVE_WITH_KNOTS('',3,(#8894,#8895,#8896,#8897,#8898,#8899,
#8900,#8901,#8902,#8903,#8904,#8905,#8906,#8907,#8908,#8909,#8910,#8911,
#8912,#8913),.UNSPECIFIED.,.F.,.F.,(4,1,1,1,1,1,1,1,1,1,1,1,1,1,1,1,1,4),
(-0.523428886828805,-0.488253086350668,-0.453749912441923,-0.420471882000801,
-0.388808423292096,-0.3589516245447,-0.33086319595393,-0.304251139102076,
-0.278576918027273,-0.253119701844349,-0.227102898104444,-0.199842571156519,
-0.17085786834332,-0.13991708941053,-0.107034631939768,-0.0724453053919463,
-0.0365730631446344,0.),.UNSPECIFIED.);
#3407=B_SPLINE_CURVE_WITH_KNOTS('',3,(#8914,#8915,#8916,#8917,#8918,#8919,
#8920,#8921,#8922,#8923,#8924,#8925,#8926,#8927,#8928,#8929,#8930,#8931,
#8932,#8933),.UNSPECIFIED.,.F.,.F.,(4,1,1,1,1,1,1,1,1,1,1,1,1,1,1,1,1,4),
(0.,0.036573063144637,0.0724453053919573,0.107034631939779,0.139917089410548,
0.170857868343329,0.199842571156515,0.227102898104451,0.253119701844358,
0.278576918027276,0.304251139102087,0.330863195953938,0.35895162454471,
0.38880842329211,0.42047188200081,0.453749912441934,0.488253086350683,0.523428886828824),
 .UNSPECIFIED.);
#3408=B_SPLINE_CURVE_WITH_KNOTS('',1,(#8934,#8935),.UNSPECIFIED.,.F.,.F.,
(2,2),(0.6666666666667,3.3333333333335),.UNSPECIFIED.);
#3409=B_SPLINE_CURVE_WITH_KNOTS('',1,(#8936,#8937),.UNSPECIFIED.,.F.,.F.,
(2,2),(0.,18.4236616416441),.UNSPECIFIED.);
#3410=B_SPLINE_CURVE_WITH_KNOTS('',1,(#8938,#8939),.UNSPECIFIED.,.F.,.F.,
(2,2),(0.438007073367753,18.8616687150118),.UNSPECIFIED.);
#3411=B_SPLINE_CURVE_WITH_KNOTS('',1,(#8940,#8941),.UNSPECIFIED.,.F.,.F.,
(2,2),(0.438007073367771,18.8616687150119),.UNSPECIFIED.);
#3412=B_SPLINE_CURVE_WITH_KNOTS('',1,(#8959,#8960),.UNSPECIFIED.,.F.,.F.,
(2,2),(-4.0000000000002,-3.02090066011619),.UNSPECIFIED.);
#3413=B_SPLINE_CURVE_WITH_KNOTS('',1,(#8961,#8962),.UNSPECIFIED.,.F.,.F.,
(2,2),(0.355372706309149,2.15236424185791),.UNSPECIFIED.);
#3414=B_SPLINE_CURVE_WITH_KNOTS('',1,(#8963,#8964),.UNSPECIFIED.,.F.,.F.,
(2,2),(-3.15774189225103,-2.45904502930389),.UNSPECIFIED.);
#3415=B_SPLINE_CURVE_WITH_KNOTS('',1,(#8965,#8966),.UNSPECIFIED.,.F.,.F.,
(2,2),(2.45904502930395,3.15774189225104),.UNSPECIFIED.);
#3416=B_SPLINE_CURVE_WITH_KNOTS('',1,(#8967,#8968),.UNSPECIFIED.,.F.,.F.,
(2,2),(3.99856114590807,4.),.UNSPECIFIED.);
#3417=B_SPLINE_CURVE_WITH_KNOTS('',1,(#8969,#8970),.UNSPECIFIED.,.F.,.F.,
(2,2),(-0.979099339883911,0.),.UNSPECIFIED.);
#3418=B_SPLINE_CURVE_WITH_KNOTS('',1,(#8971,#8972),.UNSPECIFIED.,.F.,.F.,
(2,2),(-9.36448536461143,-7.80342658483307),.UNSPECIFIED.);
#3419=B_SPLINE_CURVE_WITH_KNOTS('',1,(#8973,#8974),.UNSPECIFIED.,.F.,.F.,
(2,2),(-13.,-12.9985611459081),.UNSPECIFIED.);
#3420=B_SPLINE_CURVE_WITH_KNOTS('',1,(#8978,#8979),.UNSPECIFIED.,.F.,.F.,
(2,2),(-78.058875022418,-77.568428384228),.UNSPECIFIED.);
#3421=B_SPLINE_CURVE_WITH_KNOTS('',1,(#8980,#8981),.UNSPECIFIED.,.F.,.F.,
(2,2),(6.77236045021345E-15,1.),.UNSPECIFIED.);
#3422=B_SPLINE_CURVE_WITH_KNOTS('',1,(#8982,#8983),.UNSPECIFIED.,.F.,.F.,
(2,2),(6.66133814775094E-16,1.),.UNSPECIFIED.);
#3423=B_SPLINE_CURVE_WITH_KNOTS('',1,(#8984,#8985),.UNSPECIFIED.,.F.,.F.,
(2,2),(1.11022302462516E-16,1.00000000000001),.UNSPECIFIED.);
#3424=B_SPLINE_CURVE_WITH_KNOTS('',1,(#8986,#8987),.UNSPECIFIED.,.F.,.F.,
(2,2),(-9.99200722162641E-16,1.),.UNSPECIFIED.);
#3425=B_SPLINE_CURVE_WITH_KNOTS('',5,(#8988,#8989,#8990,#8991,#8992,#8993),
 .UNSPECIFIED.,.F.,.F.,(6,6),(-1.88284271247464,0.),.UNSPECIFIED.);
#3426=B_SPLINE_CURVE_WITH_KNOTS('',5,(#8994,#8995,#8996,#8997,#8998,#8999),
 .UNSPECIFIED.,.F.,.F.,(6,6),(-1.88284271247464,0.),.UNSPECIFIED.);
#3427=B_SPLINE_CURVE_WITH_KNOTS('',5,(#9000,#9001,#9002,#9003,#9004,#9005),
 .UNSPECIFIED.,.F.,.F.,(6,6),(0.,1.88284271247462),.UNSPECIFIED.);
#3428=B_SPLINE_CURVE_WITH_KNOTS('',5,(#9006,#9007,#9008,#9009,#9010,#9011),
 .UNSPECIFIED.,.F.,.F.,(6,6),(0.,1.88284271247462),.UNSPECIFIED.);
#3429=B_SPLINE_CURVE_WITH_KNOTS('',1,(#9012,#9013),.UNSPECIFIED.,.F.,.F.,
(2,2),(0.,4.5),.UNSPECIFIED.);
#3430=B_SPLINE_CURVE_WITH_KNOTS('',1,(#9014,#9015),.UNSPECIFIED.,.F.,.F.,
(2,2),(0.,4.49856114590807),.UNSPECIFIED.);
#3431=B_SPLINE_CURVE_WITH_KNOTS('',1,(#9016,#9017),.UNSPECIFIED.,.F.,.F.,
(2,2),(0.,4.49856114590807),.UNSPECIFIED.);
#3432=B_SPLINE_CURVE_WITH_KNOTS('',1,(#9018,#9019),.UNSPECIFIED.,.F.,.F.,
(2,2),(0.499999999999998,4.99999999999999),.UNSPECIFIED.);
#3433=B_SPLINE_CURVE_WITH_KNOTS('',1,(#9020,#9021),.UNSPECIFIED.,.F.,.F.,
(2,2),(0.499999999999998,3.75001943232928),.UNSPECIFIED.);
#3434=B_SPLINE_CURVE_WITH_KNOTS('',1,(#9022,#9023),.UNSPECIFIED.,.F.,.F.,
(2,2),(1.36075035670226,3.15774189225102),.UNSPECIFIED.);
#3435=B_SPLINE_CURVE_WITH_KNOTS('',1,(#9024,#9025),.UNSPECIFIED.,.F.,.F.,
(2,2),(-33.2400000000001,-25.2400000000001),.UNSPECIFIED.);
#3436=B_SPLINE_CURVE_WITH_KNOTS('',3,(#9026,#9027,#9028,#9029,#9030,#9031,
#9032,#9033,#9034,#9035,#9036,#9037,#9038,#9039,#9040,#9041,#9042,#9043,
#9044,#9045),.UNSPECIFIED.,.F.,.F.,(4,1,1,1,1,1,1,1,1,1,1,1,1,1,1,1,1,4),
(-2.86214084145421,-2.69377961548631,-2.52541838951842,-2.35705716355052,
-2.18869593758263,-2.02033471161473,-1.85197348564684,-1.68361225967895,
-1.51525103371105,-1.34688980774315,-1.17852858177526,-1.01016735580737,
-0.841806129839464,-0.673444903871577,-0.50508367790368,-0.336722451935783,
-0.168361225967896,0.),.UNSPECIFIED.);
#3437=B_SPLINE_CURVE_WITH_KNOTS('',1,(#9046,#9047),.UNSPECIFIED.,.F.,.F.,
(2,2),(0.,18.4236616416441),.UNSPECIFIED.);
#3438=B_SPLINE_CURVE_WITH_KNOTS('',3,(#9054,#9055,#9056,#9057,#9058,#9059,
#9060,#9061,#9062,#9063,#9064,#9065,#9066,#9067,#9068,#9069,#9070,#9071,
#9072,#9073),.UNSPECIFIED.,.F.,.F.,(4,1,1,1,1,1,1,1,1,1,1,1,1,1,1,1,1,4),
(-2.8621408414542,-2.69377961548631,-2.52541838951842,-2.35705716355052,
-2.18869593758262,-2.02033471161473,-1.85197348564684,-1.68361225967895,
-1.51525103371105,-1.34688980774315,-1.17852858177526,-1.01016735580736,
-0.841806129839473,-0.673444903871581,-0.505083677903684,-0.336722451935792,
-0.168361225967894,0.),.UNSPECIFIED.);
#3439=B_SPLINE_CURVE_WITH_KNOTS('',1,(#9074,#9075),.UNSPECIFIED.,.F.,.F.,
(2,2),(0.,70.),.UNSPECIFIED.);
#3440=B_SPLINE_CURVE_WITH_KNOTS('',1,(#9076,#9077),.UNSPECIFIED.,.F.,.F.,
(2,2),(0.,70.),.UNSPECIFIED.);
#3441=B_SPLINE_CURVE_WITH_KNOTS('',1,(#9078,#9079),.UNSPECIFIED.,.F.,.F.,
(2,2),(53.6711425114892,122.963482378146),.UNSPECIFIED.);
#3442=B_SPLINE_CURVE_WITH_KNOTS('',1,(#9080,#9081),.UNSPECIFIED.,.F.,.F.,
(2,2),(0.,20.),.UNSPECIFIED.);
#3443=B_SPLINE_CURVE_WITH_KNOTS('',1,(#9082,#9083),.UNSPECIFIED.,.F.,.F.,
(2,2),(0.,20.),.UNSPECIFIED.);
#3444=B_SPLINE_CURVE_WITH_KNOTS('',1,(#9089,#9090),.UNSPECIFIED.,.F.,.F.,
(2,2),(137.342285022978,150.988454956307),.UNSPECIFIED.);
#3445=B_SPLINE_CURVE_WITH_KNOTS('',1,(#9091,#9092),.UNSPECIFIED.,.F.,.F.,
(2,2),(0.,20.),.UNSPECIFIED.);
#3446=B_SPLINE_CURVE_WITH_KNOTS('',1,(#9093,#9094),.UNSPECIFIED.,.F.,.F.,
(2,2),(0.,20.),.UNSPECIFIED.);
#3447=B_SPLINE_CURVE_WITH_KNOTS('',1,(#9095,#9096),.UNSPECIFIED.,.F.,.F.,
(2,2),(167.389033748672,181.035203682),.UNSPECIFIED.);
#3448=B_SPLINE_CURVE_WITH_KNOTS('',1,(#9097,#9098),.UNSPECIFIED.,.F.,.F.,
(2,2),(0.,20.),.UNSPECIFIED.);
#3449=B_SPLINE_CURVE_WITH_KNOTS('',1,(#9104,#9105),.UNSPECIFIED.,.F.,.F.,
(2,2),(195.414006326832,264.706346193489),.UNSPECIFIED.);
#3450=B_SPLINE_CURVE_WITH_KNOTS('',1,(#9106,#9107),.UNSPECIFIED.,.F.,.F.,
(2,2),(0.,20.),.UNSPECIFIED.);
#3451=B_SPLINE_CURVE_WITH_KNOTS('',1,(#9113,#9114),.UNSPECIFIED.,.F.,.F.,
(2,2),(279.085148838322,292.73131877165),.UNSPECIFIED.);
#3452=B_SPLINE_CURVE_WITH_KNOTS('',1,(#9115,#9116),.UNSPECIFIED.,.F.,.F.,
(2,2),(0.,20.),.UNSPECIFIED.);
#3453=B_SPLINE_CURVE_WITH_KNOTS('',1,(#9117,#9118),.UNSPECIFIED.,.F.,.F.,
(2,2),(0.,20.),.UNSPECIFIED.);
#3454=B_SPLINE_CURVE_WITH_KNOTS('',1,(#9119,#9120),.UNSPECIFIED.,.F.,.F.,
(2,2),(309.769111161504,323.415281094833),.UNSPECIFIED.);
#3455=B_SPLINE_CURVE_WITH_KNOTS('',1,(#9121,#9122),.UNSPECIFIED.,.F.,.F.,
(2,2),(0.,20.),.UNSPECIFIED.);
#3456=B_SPLINE_CURVE_WITH_KNOTS('',1,(#9126,#9127),.UNSPECIFIED.,.F.,.F.,
(2,2),(-20.0000000000001,-17.9971222918162),.UNSPECIFIED.);
#3457=B_SPLINE_CURVE_WITH_KNOTS('',3,(#9128,#9129,#9130,#9131,#9132,#9133,
#9134,#9135,#9136,#9137,#9138,#9139,#9140,#9141,#9142,#9143,#9144,#9145,
#9146,#9147),.UNSPECIFIED.,.F.,.F.,(4,1,1,1,1,1,1,1,1,1,1,1,1,1,1,1,1,4),
(0.,0.168361225967893,0.33672245193579,0.505083677903687,0.673444903871574,
0.841806129839471,1.01016735580736,1.17852858177525,1.34688980774315,1.51525103371104,
1.68361225967894,1.85197348564683,2.02033471161473,2.18869593758262,2.35705716355052,
2.52541838951841,2.69377961548631,2.8621408414542),.UNSPECIFIED.);
#3458=B_SPLINE_CURVE_WITH_KNOTS('',3,(#9148,#9149,#9150,#9151,#9152,#9153,
#9154,#9155,#9156,#9157,#9158,#9159,#9160,#9161,#9162,#9163,#9164,#9165,
#9166,#9167),.UNSPECIFIED.,.F.,.F.,(4,1,1,1,1,1,1,1,1,1,1,1,1,1,1,1,1,4),
(0.,0.168361225967892,0.336722451935795,0.505083677903687,0.673444903871579,
0.841806129839471,1.01016735580737,1.17852858177526,1.34688980774316,1.51525103371105,
1.68361225967895,1.85197348564684,2.02033471161474,2.18869593758263,2.35705716355052,
2.52541838951842,2.69377961548632,2.86214084145421),.UNSPECIFIED.);
#3459=B_SPLINE_CURVE_WITH_KNOTS('',1,(#9168,#9169),.UNSPECIFIED.,.F.,.F.,
(2,2),(17.9971222918162,20.0000000000001),.UNSPECIFIED.);
#3460=B_SPLINE_CURVE_WITH_KNOTS('',1,(#9170,#9171),.UNSPECIFIED.,.F.,.F.,
(2,2),(-20.0000000000001,-17.9971222918162),.UNSPECIFIED.);
#3461=B_SPLINE_CURVE_WITH_KNOTS('',3,(#9172,#9173,#9174,#9175,#9176,#9177,
#9178,#9179,#9180,#9181,#9182,#9183,#9184,#9185,#9186,#9187,#9188,#9189,
#9190,#9191),.UNSPECIFIED.,.F.,.F.,(4,1,1,1,1,1,1,1,1,1,1,1,1,1,1,1,1,4),
(0.,0.168361225967892,0.336722451935795,0.505083677903687,0.673444903871579,
0.841806129839471,1.01016735580737,1.17852858177526,1.34688980774316,1.51525103371105,
1.68361225967895,1.85197348564684,2.02033471161474,2.18869593758263,2.35705716355052,
2.52541838951842,2.69377961548632,2.86214084145421),.UNSPECIFIED.);
#3462=B_SPLINE_CURVE_WITH_KNOTS('',3,(#9192,#9193,#9194,#9195,#9196,#9197,
#9198,#9199,#9200,#9201,#9202,#9203,#9204,#9205,#9206,#9207,#9208,#9209,
#9210,#9211),.UNSPECIFIED.,.F.,.F.,(4,1,1,1,1,1,1,1,1,1,1,1,1,1,1,1,1,4),
(0.,0.168361225967893,0.33672245193579,0.505083677903687,0.673444903871574,
0.841806129839471,1.01016735580736,1.17852858177525,1.34688980774315,1.51525103371104,
1.68361225967894,1.85197348564683,2.02033471161473,2.18869593758262,2.35705716355052,
2.52541838951841,2.69377961548631,2.8621408414542),.UNSPECIFIED.);
#3463=B_SPLINE_CURVE_WITH_KNOTS('',1,(#9212,#9213),.UNSPECIFIED.,.F.,.F.,
(2,2),(17.9971222918162,20.0000000000001),.UNSPECIFIED.);
#3464=B_SPLINE_CURVE_WITH_KNOTS('',1,(#9214,#9215),.UNSPECIFIED.,.F.,.F.,
(2,2),(167.189033748672,167.389033748672),.UNSPECIFIED.);
#3465=B_SPLINE_CURVE_WITH_KNOTS('',1,(#9216,#9217),.UNSPECIFIED.,.F.,.F.,
(2,2),(-26.4937298019652,-12.8475598686369),.UNSPECIFIED.);
#3466=B_SPLINE_CURVE_WITH_KNOTS('',1,(#9224,#9225),.UNSPECIFIED.,.F.,.F.,
(2,2),(279.085148838322,292.73131877165),.UNSPECIFIED.);
#3467=B_SPLINE_CURVE_WITH_KNOTS('',1,(#9226,#9227),.UNSPECIFIED.,.F.,.F.,
(2,2),(292.73131877165,292.997985438317),.UNSPECIFIED.);
#3468=B_SPLINE_CURVE_WITH_KNOTS('',1,(#9231,#9232),.UNSPECIFIED.,.F.,.F.,
(2,2),(-17.0771977549455,-3.43102782161714),.UNSPECIFIED.);
#3469=B_SPLINE_CURVE_WITH_KNOTS('',1,(#9233,#9234),.UNSPECIFIED.,.F.,.F.,
(2,2),(5.70000000000003,6.5),.UNSPECIFIED.);
#3470=B_SPLINE_CURVE_WITH_KNOTS('',1,(#9235,#9236),.UNSPECIFIED.,.F.,.F.,
(2,2),(92.5,93.3),.UNSPECIFIED.);
#3471=B_SPLINE_CURVE_WITH_KNOTS('',1,(#9237,#9238),.UNSPECIFIED.,.F.,.F.,
(2,2),(309.769111161504,323.415281094833),.UNSPECIFIED.);
#3472=B_SPLINE_CURVE_WITH_KNOTS('',1,(#9242,#9243),.UNSPECIFIED.,.F.,.F.,
(2,2),(-83.8474981516699,-83.3570515134801),.UNSPECIFIED.);
#3473=B_SPLINE_CURVE_WITH_KNOTS('',1,(#9244,#9245),.UNSPECIFIED.,.F.,.F.,
(2,2),(-83.8474981516699,-83.3570515134801),.UNSPECIFIED.);
#3474=B_SPLINE_CURVE_WITH_KNOTS('',3,(#9246,#9247,#9248,#9249),
 .UNSPECIFIED.,.F.,.F.,(4,4),(0.,1.39793181065037),.UNSPECIFIED.);
#3475=B_SPLINE_CURVE_WITH_KNOTS('',3,(#9250,#9251,#9252,#9253,#9254,#9255,
#9256),.UNSPECIFIED.,.F.,.F.,(4,3,4),(0.,0.273037426183976,0.365811400798357),
 .UNSPECIFIED.);
#3476=B_SPLINE_CURVE_WITH_KNOTS('',3,(#9257,#9258,#9259,#9260,#9261,#9262,
#9263),.UNSPECIFIED.,.F.,.F.,(4,3,4),(0.,0.12159341258347,0.237408578487324),
 .UNSPECIFIED.);
#3477=B_SPLINE_CURVE_WITH_KNOTS('',5,(#9264,#9265,#9266,#9267,#9268,#9269),
 .UNSPECIFIED.,.F.,.F.,(6,6),(0.356405747094512,0.765366864730064),
 .UNSPECIFIED.);
#3478=B_SPLINE_CURVE_WITH_KNOTS('',3,(#9270,#9271,#9272,#9273),
 .UNSPECIFIED.,.F.,.F.,(4,4),(0.0139793181065087,1.411911128757),
 .UNSPECIFIED.);
#3479=B_SPLINE_CURVE_WITH_KNOTS('',3,(#9274,#9275,#9276,#9277,#9278,#9279,
#9280),.UNSPECIFIED.,.F.,.F.,(4,3,4),(0.,0.0927739746143373,0.365811400798254),
 .UNSPECIFIED.);
#3480=B_SPLINE_CURVE_WITH_KNOTS('',3,(#9281,#9282,#9283,#9284,#9285,#9286,
#9287),.UNSPECIFIED.,.F.,.F.,(4,3,4),(0.,0.115815165903779,0.237408578487185),
 .UNSPECIFIED.);
#3481=B_SPLINE_CURVE_WITH_KNOTS('',5,(#9288,#9289,#9290,#9291,#9292,#9293),
 .UNSPECIFIED.,.F.,.F.,(6,6),(-0.765366864730195,-0.356405747094354),
 .UNSPECIFIED.);
#3482=B_SPLINE_CURVE_WITH_KNOTS('',1,(#9294,#9295),.UNSPECIFIED.,.F.,.F.,
(2,2),(0.,0.921487876446304),.UNSPECIFIED.);
#3483=B_SPLINE_CURVE_WITH_KNOTS('',1,(#9296,#9297),.UNSPECIFIED.,.F.,.F.,
(2,2),(-0.921487876446414,0.),.UNSPECIFIED.);
#3484=B_SPLINE_CURVE_WITH_KNOTS('',1,(#9298,#9299),.UNSPECIFIED.,.F.,.F.,
(2,2),(0.578640934766048,39.0350662528516),.UNSPECIFIED.);
#3485=B_SPLINE_CURVE_WITH_KNOTS('',1,(#9300,#9301),.UNSPECIFIED.,.F.,.F.,
(2,2),(0.692747264287425,38.9209599233302),.UNSPECIFIED.);
#3486=B_SPLINE_CURVE_WITH_KNOTS('',1,(#9302,#9303),.UNSPECIFIED.,.F.,.F.,
(2,2),(68.8110105416334,68.9745949886876),.UNSPECIFIED.);
#3487=B_SPLINE_CURVE_WITH_KNOTS('',1,(#9304,#9305),.UNSPECIFIED.,.F.,.F.,
(2,2),(9.02540501131235,9.18898945836668),.UNSPECIFIED.);
#3488=B_SPLINE_CURVE_WITH_KNOTS('',3,(#9306,#9307,#9308,#9309),
 .UNSPECIFIED.,.F.,.F.,(4,4),(0.0139793181065129,1.41191112875688),
 .UNSPECIFIED.);
#3489=B_SPLINE_CURVE_WITH_KNOTS('',5,(#9310,#9311,#9312,#9313,#9314,#9315),
 .UNSPECIFIED.,.F.,.F.,(6,6),(-0.765366864730067,-0.356405747094532),
 .UNSPECIFIED.);
#3490=B_SPLINE_CURVE_WITH_KNOTS('',3,(#9316,#9317,#9318,#9319,#9320,#9321,
#9322),.UNSPECIFIED.,.F.,.F.,(4,3,4),(0.,0.0927739746143861,0.365811400798364),
 .UNSPECIFIED.);
#3491=B_SPLINE_CURVE_WITH_KNOTS('',3,(#9323,#9324,#9325,#9326,#9327,#9328,
#9329),.UNSPECIFIED.,.F.,.F.,(4,3,4),(0.,0.115815165903859,0.237408578487316),
 .UNSPECIFIED.);
#3492=B_SPLINE_CURVE_WITH_KNOTS('',3,(#9330,#9331,#9332,#9333),
 .UNSPECIFIED.,.F.,.F.,(4,4),(0.,1.39793181065049),.UNSPECIFIED.);
#3493=B_SPLINE_CURVE_WITH_KNOTS('',5,(#9334,#9335,#9336,#9337,#9338,#9339),
 .UNSPECIFIED.,.F.,.F.,(6,6),(0.356405747094351,0.765366864730256),
 .UNSPECIFIED.);
#3494=B_SPLINE_CURVE_WITH_KNOTS('',3,(#9340,#9341,#9342,#9343,#9344,#9345,
#9346),.UNSPECIFIED.,.F.,.F.,(4,3,4),(0.,0.273037426183929,0.36581140079825),
 .UNSPECIFIED.);
#3495=B_SPLINE_CURVE_WITH_KNOTS('',3,(#9347,#9348,#9349,#9350,#9351,#9352,
#9353),.UNSPECIFIED.,.F.,.F.,(4,3,4),(0.,0.12159341258337,0.237408578487166),
 .UNSPECIFIED.);
#3496=B_SPLINE_CURVE_WITH_KNOTS('',1,(#9354,#9355),.UNSPECIFIED.,.F.,.F.,
(2,2),(-0.921487876446313,0.),.UNSPECIFIED.);
#3497=B_SPLINE_CURVE_WITH_KNOTS('',1,(#9356,#9357),.UNSPECIFIED.,.F.,.F.,
(2,2),(0.,0.921487876446418),.UNSPECIFIED.);
#3498=B_SPLINE_CURVE_WITH_KNOTS('',1,(#9358,#9359),.UNSPECIFIED.,.F.,.F.,
(2,2),(0.578640934765997,39.0350662528516),.UNSPECIFIED.);
#3499=B_SPLINE_CURVE_WITH_KNOTS('',1,(#9360,#9361),.UNSPECIFIED.,.F.,.F.,
(2,2),(0.692747264287387,38.9209599233302),.UNSPECIFIED.);
#3500=B_SPLINE_CURVE_WITH_KNOTS('',1,(#9362,#9363),.UNSPECIFIED.,.F.,.F.,
(2,2),(68.8110105416334,68.9745949886876),.UNSPECIFIED.);
#3501=B_SPLINE_CURVE_WITH_KNOTS('',1,(#9364,#9365),.UNSPECIFIED.,.F.,.F.,
(2,2),(9.02540501131234,9.18898945836671),.UNSPECIFIED.);
#3502=B_SPLINE_CURVE_WITH_KNOTS('',1,(#9366,#9367),.UNSPECIFIED.,.F.,.F.,
(2,2),(0.,1.4111607868728),.UNSPECIFIED.);
#3503=B_SPLINE_CURVE_WITH_KNOTS('',1,(#9368,#9369),.UNSPECIFIED.,.F.,.F.,
(2,2),(0.,1.41116078687278),.UNSPECIFIED.);
#3504=B_SPLINE_CURVE_WITH_KNOTS('',1,(#9370,#9371),.UNSPECIFIED.,.F.,.F.,
(2,2),(0.,14.8393163395196),.UNSPECIFIED.);
#3505=B_SPLINE_CURVE_WITH_KNOTS('',1,(#9372,#9373),.UNSPECIFIED.,.F.,.F.,
(2,2),(0.,15.1931464061912),.UNSPECIFIED.);
#3506=B_SPLINE_CURVE_WITH_KNOTS('',1,(#9374,#9375),.UNSPECIFIED.,.F.,.F.,
(2,2),(0.,1.41116078687278),.UNSPECIFIED.);
#3507=B_SPLINE_CURVE_WITH_KNOTS('',1,(#9376,#9377),.UNSPECIFIED.,.F.,.F.,
(2,2),(0.,1.41116078687278),.UNSPECIFIED.);
#3508=B_SPLINE_CURVE_WITH_KNOTS('',1,(#9378,#9379),.UNSPECIFIED.,.F.,.F.,
(2,2),(0.,15.1931464061912),.UNSPECIFIED.);
#3509=B_SPLINE_CURVE_WITH_KNOTS('',1,(#9380,#9381),.UNSPECIFIED.,.F.,.F.,
(2,2),(0.,14.8393163395196),.UNSPECIFIED.);
#3510=B_SPLINE_CURVE_WITH_KNOTS('',1,(#9382,#9383),.UNSPECIFIED.,.F.,.F.,
(2,2),(0.,15.1931464061912),.UNSPECIFIED.);
#3511=B_SPLINE_CURVE_WITH_KNOTS('',1,(#9384,#9385),.UNSPECIFIED.,.F.,.F.,
(2,2),(0.,14.8393163395195),.UNSPECIFIED.);
#3512=B_SPLINE_CURVE_WITH_KNOTS('',1,(#9386,#9387),.UNSPECIFIED.,.F.,.F.,
(2,2),(0.,15.1931464061912),.UNSPECIFIED.);
#3513=B_SPLINE_CURVE_WITH_KNOTS('',1,(#9388,#9389),.UNSPECIFIED.,.F.,.F.,
(2,2),(0.,14.8393163395196),.UNSPECIFIED.);
#3514=B_SPLINE_CURVE_WITH_KNOTS('',3,(#9651,#9652,#9653,#9654,#9655,#9656,
#9657,#9658,#9659,#9660,#9661),.UNSPECIFIED.,.F.,.F.,(4,2,3,2,4),(0.,0.116240130418633,
0.232786744777202,0.351153288599966,0.469143461569153),.UNSPECIFIED.);
#3515=B_SPLINE_CURVE_WITH_KNOTS('',1,(#9662,#9663),.UNSPECIFIED.,.F.,.F.,
(2,2),(0.868660687318102,1.28101891898592),.UNSPECIFIED.);
#3516=B_SPLINE_CURVE_WITH_KNOTS('',3,(#9664,#9665,#9666,#9667),
 .UNSPECIFIED.,.F.,.F.,(4,4),(0.,0.940213643505482),.UNSPECIFIED.);
#3517=B_SPLINE_CURVE_WITH_KNOTS('',1,(#9674,#9675),.UNSPECIFIED.,.F.,.F.,
(2,2),(-1.16404142501625,-2.14918290086696E-13),.UNSPECIFIED.);
#3518=B_SPLINE_CURVE_WITH_KNOTS('',5,(#9679,#9680,#9681,#9682,#9683,#9684),
 .UNSPECIFIED.,.F.,.F.,(6,6),(-1.,0.),.UNSPECIFIED.);
#3519=B_SPLINE_CURVE_WITH_KNOTS('',1,(#9690,#9691),.UNSPECIFIED.,.F.,.F.,
(2,2),(-18.43549298486,-15.8318971422585),.UNSPECIFIED.);
#3520=B_SPLINE_CURVE_WITH_KNOTS('',5,(#9692,#9693,#9694,#9695,#9696,#9697),
 .UNSPECIFIED.,.F.,.F.,(6,6),(-3.51204875127248,0.),.UNSPECIFIED.);
#3521=B_SPLINE_CURVE_WITH_KNOTS('',3,(#9712,#9713,#9714,#9715,#9716,#9717,
#9718,#9719),.UNSPECIFIED.,.F.,.F.,(4,2,2,4),(0.,0.082894880097878,0.165629831457399,
0.33079143711415),.UNSPECIFIED.);
#3522=B_SPLINE_CURVE_WITH_KNOTS('',1,(#9720,#9721),.UNSPECIFIED.,.F.,.F.,
(2,2),(1.38351857042566,1.49752764389188),.UNSPECIFIED.);
#3523=B_SPLINE_CURVE_WITH_KNOTS('',3,(#9722,#9723,#9724,#9725,#9726,#9727,
#9728,#9729),.UNSPECIFIED.,.F.,.F.,(4,2,2,4),(0.,0.155822162178288,0.233439065227065,
0.311112878500749),.UNSPECIFIED.);
#3524=B_SPLINE_CURVE_WITH_KNOTS('',3,(#9730,#9731,#9732,#9733),
 .UNSPECIFIED.,.F.,.F.,(4,4),(0.,1.87804182401986),.UNSPECIFIED.);
#3525=B_SPLINE_CURVE_WITH_KNOTS('',3,(#9734,#9735,#9736,#9737),
 .UNSPECIFIED.,.F.,.F.,(4,4),(0.,1.69593277589135),.UNSPECIFIED.);
#3526=B_SPLINE_CURVE_WITH_KNOTS('',3,(#9738,#9739,#9740,#9741,#9742,#9743,
#9744,#9745,#9746,#9747,#9748,#9749,#9750,#9751,#9752),.UNSPECIFIED.,.F.,
 .F.,(4,2,2,3,2,2,4),(0.,0.470794816473196,0.940905165007153,1.88087683618299,
2.79882994593864,3.25605053273803,3.71361295872831),.UNSPECIFIED.);
#3527=B_SPLINE_CURVE_WITH_KNOTS('',3,(#9762,#9763,#9764,#9765),
 .UNSPECIFIED.,.F.,.F.,(4,4),(0.512789755192342,4.59572884766776),
 .UNSPECIFIED.);
#3528=B_SPLINE_CURVE_WITH_KNOTS('',1,(#9766,#9767),.UNSPECIFIED.,.F.,.F.,
(2,2),(-0.484107645807438,-0.3365389533802),.UNSPECIFIED.);
#3529=B_SPLINE_CURVE_WITH_KNOTS('',1,(#9774,#9775),.UNSPECIFIED.,.F.,.F.,
(2,2),(0.,1.21028086531104),.UNSPECIFIED.);
#3530=B_SPLINE_CURVE_WITH_KNOTS('',1,(#9781,#9782),.UNSPECIFIED.,.F.,.F.,
(2,2),(0.,9.51459185481147),.UNSPECIFIED.);
#3531=B_SPLINE_CURVE_WITH_KNOTS('',1,(#9783,#9784),.UNSPECIFIED.,.F.,.F.,
(2,2),(-9.51440869863694,-3.57758635756601E-14),.UNSPECIFIED.);
#3532=B_SPLINE_CURVE_WITH_KNOTS('',3,(#9785,#9786,#9787,#9788),
 .UNSPECIFIED.,.F.,.F.,(4,4),(0.203182565895019,1.06731789929465),
 .UNSPECIFIED.);
#3533=B_SPLINE_CURVE_WITH_KNOTS('',5,(#9793,#9794,#9795,#9796,#9797,#9798),
 .UNSPECIFIED.,.F.,.F.,(6,6),(0.,0.49836754671705),.UNSPECIFIED.);
#3534=B_SPLINE_CURVE_WITH_KNOTS('',3,(#9799,#9800,#9801,#9802,#9803,#9804,
#9805,#9806,#9807,#9808,#9809,#9810,#9811,#9812,#9813,#9814,#9815,#9816,
#9817,#9818),.UNSPECIFIED.,.F.,.F.,(4,1,1,1,1,1,1,1,1,1,1,1,1,1,1,1,1,4),
(0.,0.0493220764003982,0.0974181006035056,0.143251644571783,0.186033713982603,
0.225275660978163,0.260859587946258,0.293126850111296,0.32295362627004,
0.351718058790437,0.381045625459967,0.412397460836265,0.446761881392223,
0.484577627988388,0.525797735510358,0.569982665407528,0.616378327402583,
0.663975471280471),.UNSPECIFIED.);
#3535=B_SPLINE_CURVE_WITH_KNOTS('',3,(#9822,#9823,#9824,#9825,#9826,#9827,
#9828),.UNSPECIFIED.,.F.,.F.,(4,3,4),(0.245997063915712,1.52853261661384,
1.68979803418771),.UNSPECIFIED.);
#3536=B_SPLINE_CURVE_WITH_KNOTS('',1,(#9829,#9830),.UNSPECIFIED.,.F.,.F.,
(2,2),(1.99999999999963,4.00155402402975),.UNSPECIFIED.);
#3537=B_SPLINE_CURVE_WITH_KNOTS('',1,(#9833,#9834),.UNSPECIFIED.,.F.,.F.,
(2,2),(1.99999862316465,4.03226860694848),.UNSPECIFIED.);
#3538=B_SPLINE_CURVE_WITH_KNOTS('',3,(#9835,#9836,#9837,#9838,#9839,#9840,
#9841,#9842,#9843,#9844,#9845,#9846,#9847,#9848,#9849,#9850,#9851,#9852,
#9853,#9854),.UNSPECIFIED.,.F.,.F.,(4,1,1,1,1,1,1,1,1,1,1,1,1,1,1,1,1,4),
(-0.495161797391171,-0.46567954837629,-0.436263629566377,-0.406965318336678,
-0.377815578159362,-0.348823131685144,-0.319974863948753,-0.29123831961179,
-0.262566014234541,-0.23390116939747,-0.205184348735897,-0.176360369220521,
-0.147384831894899,-0.118229672522928,-0.0888872537152063,-0.0593726598223553,
-0.0297239631672319,-1.85032410927693E-6),.UNSPECIFIED.);
#3539=B_SPLINE_CURVE_WITH_KNOTS('',1,(#9855,#9856),.UNSPECIFIED.,.F.,.F.,
(2,2),(7.9434138660616,11.1923154576501),.UNSPECIFIED.);
#3540=B_SPLINE_CURVE_WITH_KNOTS('',1,(#9857,#9858),.UNSPECIFIED.,.F.,.F.,
(2,2),(-11.1923154576501,-7.94341386606161),.UNSPECIFIED.);
#3541=B_SPLINE_CURVE_WITH_KNOTS('',5,(#9859,#9860,#9861,#9862,#9863,#9864),
 .UNSPECIFIED.,.F.,.F.,(6,6),(-1.,0.),.UNSPECIFIED.);
#3542=B_SPLINE_CURVE_WITH_KNOTS('',1,(#9865,#9866),.UNSPECIFIED.,.F.,.F.,
(2,2),(-3.13566184569991,-2.74686956021648),.UNSPECIFIED.);
#3543=B_SPLINE_CURVE_WITH_KNOTS('',5,(#9867,#9868,#9869,#9870,#9871,#9872),
 .UNSPECIFIED.,.F.,.F.,(6,6),(0.,1.),.UNSPECIFIED.);
#3544=B_SPLINE_CURVE_WITH_KNOTS('',1,(#9873,#9874),.UNSPECIFIED.,.F.,.F.,
(2,2),(-9.63673585374635E-14,2.60359584260145),.UNSPECIFIED.);
#3545=B_SPLINE_CURVE_WITH_KNOTS('',1,(#9875,#9876),.UNSPECIFIED.,.F.,.F.,
(2,2),(7.14983627858601E-14,2.60359584260151),.UNSPECIFIED.);
#3546=B_SPLINE_CURVE_WITH_KNOTS('',1,(#9877,#9878),.UNSPECIFIED.,.F.,.F.,
(2,2),(2.87299123524219,3.13566184569985),.UNSPECIFIED.);
#3547=B_SPLINE_CURVE_WITH_KNOTS('',3,(#9881,#9882,#9883,#9884,#9885,#9886,
#9887,#9888,#9889,#9890,#9891,#9892,#9893,#9894,#9895,#9896,#9897,#9898,
#9899,#9900),.UNSPECIFIED.,.F.,.F.,(4,1,1,1,1,1,1,1,1,1,1,1,1,1,1,1,1,4),
(0.,0.217614595792119,0.431411195524134,0.638271472812489,0.836029943203407,
1.02366562929915,1.20147049925138,1.37114523895696,1.5357183756135,1.69917334346756,
1.86577936326902,2.03932264203794,2.22251472265278,2.41671229578874,2.62189455736745,
2.8367773152201,3.05897547087345,3.28517790779031),.UNSPECIFIED.);
#3548=B_SPLINE_CURVE_WITH_KNOTS('',3,(#9909,#9910,#9911,#9912,#9913,#9914,
#9915,#9916,#9917,#9918,#9919),.UNSPECIFIED.,.F.,.F.,(4,2,3,2,4),(0.,0.116240130418633,
0.232786744777202,0.351153288599966,0.469143461569153),.UNSPECIFIED.);
#3549=B_SPLINE_CURVE_WITH_KNOTS('',1,(#9920,#9921),.UNSPECIFIED.,.F.,.F.,
(2,2),(0.868660687318102,1.28101891898592),.UNSPECIFIED.);
#3550=B_SPLINE_CURVE_WITH_KNOTS('',3,(#9922,#9923,#9924,#9925),
 .UNSPECIFIED.,.F.,.F.,(4,4),(0.,0.940213643505482),.UNSPECIFIED.);
#3551=B_SPLINE_CURVE_WITH_KNOTS('',3,(#9940,#9941,#9942,#9943,#9944,#9945,
#9946,#9947),.UNSPECIFIED.,.F.,.F.,(4,2,2,4),(0.,0.082894880097878,0.165629831457399,
0.33079143711415),.UNSPECIFIED.);
#3552=B_SPLINE_CURVE_WITH_KNOTS('',1,(#9948,#9949),.UNSPECIFIED.,.F.,.F.,
(2,2),(1.38351857042566,1.49752764389188),.UNSPECIFIED.);
#3553=B_SPLINE_CURVE_WITH_KNOTS('',3,(#9950,#9951,#9952,#9953,#9954,#9955,
#9956,#9957),.UNSPECIFIED.,.F.,.F.,(4,2,2,4),(0.,0.155822162178288,0.233439065227065,
0.311112878500749),.UNSPECIFIED.);
#3554=B_SPLINE_CURVE_WITH_KNOTS('',3,(#9958,#9959,#9960,#9961),
 .UNSPECIFIED.,.F.,.F.,(4,4),(0.,1.87804182401986),.UNSPECIFIED.);
#3555=B_SPLINE_CURVE_WITH_KNOTS('',3,(#9962,#9963,#9964,#9965),
 .UNSPECIFIED.,.F.,.F.,(4,4),(0.,1.69593277589135),.UNSPECIFIED.);
#3556=B_SPLINE_CURVE_WITH_KNOTS('',3,(#9966,#9967,#9968,#9969,#9970,#9971,
#9972,#9973,#9974,#9975,#9976,#9977,#9978,#9979,#9980),.UNSPECIFIED.,.F.,
 .F.,(4,2,2,3,2,2,4),(0.,0.470794816473196,0.940905165007153,1.88087683618299,
2.79882994593864,3.25605053273803,3.71361295872831),.UNSPECIFIED.);
#3557=B_SPLINE_CURVE_WITH_KNOTS('',3,(#9981,#9982,#9983,#9984),
 .UNSPECIFIED.,.F.,.F.,(4,4),(0.512789755192342,4.59572884766776),
 .UNSPECIFIED.);
#3558=B_SPLINE_CURVE_WITH_KNOTS('',1,(#9985,#9986),.UNSPECIFIED.,.F.,.F.,
(2,2),(-0.484107645807438,-0.3365389533802),.UNSPECIFIED.);
#3559=B_SPLINE_CURVE_WITH_KNOTS('',1,(#9987,#9988),.UNSPECIFIED.,.F.,.F.,
(2,2),(0.,1.21028086531104),.UNSPECIFIED.);
#3560=B_SPLINE_CURVE_WITH_KNOTS('',1,(#9989,#9990),.UNSPECIFIED.,.F.,.F.,
(2,2),(0.,9.51459185481147),.UNSPECIFIED.);
#3561=B_SPLINE_CURVE_WITH_KNOTS('',3,(#9991,#9992,#9993,#9994),
 .UNSPECIFIED.,.F.,.F.,(4,4),(0.203182565895019,1.06731789929465),
 .UNSPECIFIED.);
#3562=B_SPLINE_CURVE_WITH_KNOTS('',3,(#9999,#10000,#10001,#10002,#10003,
#10004,#10005,#10006,#10007,#10008,#10009,#10010,#10011,#10012,#10013,#10014,
#10015,#10016,#10017,#10018),.UNSPECIFIED.,.F.,.F.,(4,1,1,1,1,1,1,1,1,1,
1,1,1,1,1,1,1,4),(0.,0.0493220764003982,0.0974181006035056,0.143251644571783,
0.186033713982603,0.225275660978163,0.260859587946258,0.293126850111296,
0.32295362627004,0.351718058790437,0.381045625459967,0.412397460836265,
0.446761881392223,0.484577627988388,0.525797735510358,0.569982665407528,
0.616378327402583,0.663975471280471),.UNSPECIFIED.);
#3563=B_SPLINE_CURVE_WITH_KNOTS('',3,(#10019,#10020,#10021,#10022,#10023,
#10024,#10025),.UNSPECIFIED.,.F.,.F.,(4,3,4),(0.245997063915712,1.52853261661384,
1.68979803418771),.UNSPECIFIED.);
#3564=B_SPLINE_CURVE_WITH_KNOTS('',1,(#10026,#10027),.UNSPECIFIED.,.F.,
 .F.,(2,2),(1.99999999999963,4.00155402402975),.UNSPECIFIED.);
#3565=B_SPLINE_CURVE_WITH_KNOTS('',1,(#10030,#10031),.UNSPECIFIED.,.F.,
 .F.,(2,2),(1.99999862316465,4.03226860694848),.UNSPECIFIED.);
#3566=B_SPLINE_CURVE_WITH_KNOTS('',3,(#10032,#10033,#10034,#10035,#10036,
#10037,#10038,#10039,#10040,#10041,#10042,#10043,#10044,#10045,#10046,#10047,
#10048,#10049,#10050,#10051),.UNSPECIFIED.,.F.,.F.,(4,1,1,1,1,1,1,1,1,1,
1,1,1,1,1,1,1,4),(-0.495161797391171,-0.46567954837629,-0.436263629566377,
-0.406965318336678,-0.377815578159362,-0.348823131685144,-0.319974863948753,
-0.29123831961179,-0.262566014234541,-0.23390116939747,-0.205184348735897,
-0.176360369220521,-0.147384831894899,-0.118229672522928,-0.0888872537152063,
-0.0593726598223553,-0.0297239631672319,-1.85032410927693E-6),
 .UNSPECIFIED.);
#3567=B_SPLINE_CURVE_WITH_KNOTS('',1,(#10052,#10053),.UNSPECIFIED.,.F.,
 .F.,(2,2),(7.9434138660616,11.1923154576501),.UNSPECIFIED.);
#3568=B_SPLINE_CURVE_WITH_KNOTS('',1,(#10054,#10055),.UNSPECIFIED.,.F.,
 .F.,(2,2),(-11.1923154576501,-7.94341386606161),.UNSPECIFIED.);
#3569=B_SPLINE_CURVE_WITH_KNOTS('',5,(#10056,#10057,#10058,#10059,#10060,
#10061),.UNSPECIFIED.,.F.,.F.,(6,6),(-1.,0.),.UNSPECIFIED.);
#3570=B_SPLINE_CURVE_WITH_KNOTS('',1,(#10062,#10063),.UNSPECIFIED.,.F.,
 .F.,(2,2),(-3.13566184569991,-2.74686956021648),.UNSPECIFIED.);
#3571=B_SPLINE_CURVE_WITH_KNOTS('',5,(#10064,#10065,#10066,#10067,#10068,
#10069),.UNSPECIFIED.,.F.,.F.,(6,6),(0.,1.),.UNSPECIFIED.);
#3572=B_SPLINE_CURVE_WITH_KNOTS('',1,(#10070,#10071),.UNSPECIFIED.,.F.,
 .F.,(2,2),(-9.63673585374635E-14,2.60359584260145),.UNSPECIFIED.);
#3573=B_SPLINE_CURVE_WITH_KNOTS('',1,(#10072,#10073),.UNSPECIFIED.,.F.,
 .F.,(2,2),(7.14983627858601E-14,2.60359584260151),.UNSPECIFIED.);
#3574=B_SPLINE_CURVE_WITH_KNOTS('',1,(#10074,#10075),.UNSPECIFIED.,.F.,
 .F.,(2,2),(2.87299123524219,3.13566184569985),.UNSPECIFIED.);
#3575=B_SPLINE_CURVE_WITH_KNOTS('',3,(#10078,#10079,#10080,#10081,#10082,
#10083,#10084,#10085,#10086,#10087,#10088,#10089,#10090,#10091,#10092,#10093,
#10094,#10095,#10096,#10097),.UNSPECIFIED.,.F.,.F.,(4,1,1,1,1,1,1,1,1,1,
1,1,1,1,1,1,1,4),(0.,0.217614595792119,0.431411195524134,0.638271472812489,
0.836029943203407,1.02366562929915,1.20147049925138,1.37114523895696,1.5357183756135,
1.69917334346756,1.86577936326902,2.03932264203794,2.22251472265278,2.41671229578874,
2.62189455736745,2.8367773152201,3.05897547087345,3.28517790779031),
 .UNSPECIFIED.);
#3576=VERTEX_POINT('',#6175);
#3577=VERTEX_POINT('',#6176);
#3578=VERTEX_POINT('',#6177);
#3579=VERTEX_POINT('',#6178);
#3580=VERTEX_POINT('',#6179);
#3581=VERTEX_POINT('',#6180);
#3582=VERTEX_POINT('',#6181);
#3583=VERTEX_POINT('',#6182);
#3584=VERTEX_POINT('',#6183);
#3585=VERTEX_POINT('',#6184);
#3586=VERTEX_POINT('',#6185);
#3587=VERTEX_POINT('',#6186);
#3588=VERTEX_POINT('',#6187);
#3589=VERTEX_POINT('',#6188);
#3590=VERTEX_POINT('',#6189);
#3591=VERTEX_POINT('',#6190);
#3592=VERTEX_POINT('',#6191);
#3593=VERTEX_POINT('',#6192);
#3594=VERTEX_POINT('',#6193);
#3595=VERTEX_POINT('',#6194);
#3596=VERTEX_POINT('',#6195);
#3597=VERTEX_POINT('',#6196);
#3598=VERTEX_POINT('',#6197);
#3599=VERTEX_POINT('',#6198);
#3600=VERTEX_POINT('',#6199);
#3601=VERTEX_POINT('',#6200);
#3602=VERTEX_POINT('',#6201);
#3603=VERTEX_POINT('',#6202);
#3604=VERTEX_POINT('',#6203);
#3605=VERTEX_POINT('',#6204);
#3606=VERTEX_POINT('',#6205);
#3607=VERTEX_POINT('',#6206);
#3608=VERTEX_POINT('',#6207);
#3609=VERTEX_POINT('',#6208);
#3610=VERTEX_POINT('',#6209);
#3611=VERTEX_POINT('',#6210);
#3612=VERTEX_POINT('',#6211);
#3613=VERTEX_POINT('',#6212);
#3614=VERTEX_POINT('',#6213);
#3615=VERTEX_POINT('',#6214);
#3616=VERTEX_POINT('',#6215);
#3617=VERTEX_POINT('',#6216);
#3618=VERTEX_POINT('',#6217);
#3619=VERTEX_POINT('',#6218);
#3620=VERTEX_POINT('',#6219);
#3621=VERTEX_POINT('',#6220);
#3622=VERTEX_POINT('',#6221);
#3623=VERTEX_POINT('',#6222);
#3624=VERTEX_POINT('',#6223);
#3625=VERTEX_POINT('',#6224);
#3626=VERTEX_POINT('',#6225);
#3627=VERTEX_POINT('',#6226);
#3628=VERTEX_POINT('',#6227);
#3629=VERTEX_POINT('',#6228);
#3630=VERTEX_POINT('',#6229);
#3631=VERTEX_POINT('',#6230);
#3632=VERTEX_POINT('',#6231);
#3633=VERTEX_POINT('',#6232);
#3634=VERTEX_POINT('',#6233);
#3635=VERTEX_POINT('',#6234);
#3636=VERTEX_POINT('',#6235);
#3637=VERTEX_POINT('',#6236);
#3638=VERTEX_POINT('',#6237);
#3639=VERTEX_POINT('',#6238);
#3640=VERTEX_POINT('',#6239);
#3641=VERTEX_POINT('',#6240);
#3642=VERTEX_POINT('',#6241);
#3643=VERTEX_POINT('',#6242);
#3644=VERTEX_POINT('',#6243);
#3645=VERTEX_POINT('',#6244);
#3646=VERTEX_POINT('',#6245);
#3647=VERTEX_POINT('',#6246);
#3648=VERTEX_POINT('',#6247);
#3649=VERTEX_POINT('',#6248);
#3650=VERTEX_POINT('',#6249);
#3651=VERTEX_POINT('',#6250);
#3652=VERTEX_POINT('',#6251);
#3653=VERTEX_POINT('',#6252);
#3654=VERTEX_POINT('',#6253);
#3655=VERTEX_POINT('',#6254);
#3656=VERTEX_POINT('',#6255);
#3657=VERTEX_POINT('',#6256);
#3658=VERTEX_POINT('',#6257);
#3659=VERTEX_POINT('',#6258);
#3660=VERTEX_POINT('',#6259);
#3661=VERTEX_POINT('',#6260);
#3662=VERTEX_POINT('',#6261);
#3663=VERTEX_POINT('',#6262);
#3664=VERTEX_POINT('',#6263);
#3665=VERTEX_POINT('',#6264);
#3666=VERTEX_POINT('',#6265);
#3667=VERTEX_POINT('',#6266);
#3668=VERTEX_POINT('',#6267);
#3669=VERTEX_POINT('',#6268);
#3670=VERTEX_POINT('',#6269);
#3671=VERTEX_POINT('',#6270);
#3672=VERTEX_POINT('',#6271);
#3673=VERTEX_POINT('',#6272);
#3674=VERTEX_POINT('',#6273);
#3675=VERTEX_POINT('',#6274);
#3676=VERTEX_POINT('',#6275);
#3677=VERTEX_POINT('',#6276);
#3678=VERTEX_POINT('',#6277);
#3679=VERTEX_POINT('',#6278);
#3680=VERTEX_POINT('',#6279);
#3681=VERTEX_POINT('',#6280);
#3682=VERTEX_POINT('',#6281);
#3683=VERTEX_POINT('',#6282);
#3684=VERTEX_POINT('',#6283);
#3685=VERTEX_POINT('',#6284);
#3686=VERTEX_POINT('',#6285);
#3687=VERTEX_POINT('',#6286);
#3688=VERTEX_POINT('',#6287);
#3689=VERTEX_POINT('',#6288);
#3690=VERTEX_POINT('',#6289);
#3691=VERTEX_POINT('',#6290);
#3692=VERTEX_POINT('',#6291);
#3693=VERTEX_POINT('',#6292);
#3694=VERTEX_POINT('',#6293);
#3695=VERTEX_POINT('',#6294);
#3696=VERTEX_POINT('',#6295);
#3697=VERTEX_POINT('',#6296);
#3698=VERTEX_POINT('',#6297);
#3699=VERTEX_POINT('',#6298);
#3700=VERTEX_POINT('',#6299);
#3701=VERTEX_POINT('',#6300);
#3702=VERTEX_POINT('',#6301);
#3703=VERTEX_POINT('',#6302);
#3704=VERTEX_POINT('',#6303);
#3705=VERTEX_POINT('',#6304);
#3706=VERTEX_POINT('',#6305);
#3707=VERTEX_POINT('',#6306);
#3708=VERTEX_POINT('',#6307);
#3709=VERTEX_POINT('',#6308);
#3710=VERTEX_POINT('',#6309);
#3711=VERTEX_POINT('',#6310);
#3712=VERTEX_POINT('',#6311);
#3713=VERTEX_POINT('',#6312);
#3714=VERTEX_POINT('',#6313);
#3715=VERTEX_POINT('',#6314);
#3716=VERTEX_POINT('',#6315);
#3717=VERTEX_POINT('',#6316);
#3718=VERTEX_POINT('',#6317);
#3719=VERTEX_POINT('',#6318);
#3720=VERTEX_POINT('',#6319);
#3721=VERTEX_POINT('',#6320);
#3722=VERTEX_POINT('',#6321);
#3723=VERTEX_POINT('',#6322);
#3724=VERTEX_POINT('',#6323);
#3725=VERTEX_POINT('',#6324);
#3726=VERTEX_POINT('',#6325);
#3727=VERTEX_POINT('',#6326);
#3728=VERTEX_POINT('',#6327);
#3729=VERTEX_POINT('',#6328);
#3730=VERTEX_POINT('',#6329);
#3731=VERTEX_POINT('',#6330);
#3732=VERTEX_POINT('',#6331);
#3733=VERTEX_POINT('',#6332);
#3734=VERTEX_POINT('',#6333);
#3735=VERTEX_POINT('',#6334);
#3736=VERTEX_POINT('',#6335);
#3737=VERTEX_POINT('',#6336);
#3738=VERTEX_POINT('',#6337);
#3739=VERTEX_POINT('',#6338);
#3740=VERTEX_POINT('',#6339);
#3741=VERTEX_POINT('',#6340);
#3742=VERTEX_POINT('',#6341);
#3743=VERTEX_POINT('',#6342);
#3744=VERTEX_POINT('',#6343);
#3745=VERTEX_POINT('',#6344);
#3746=VERTEX_POINT('',#6345);
#3747=VERTEX_POINT('',#6346);
#3748=VERTEX_POINT('',#6347);
#3749=VERTEX_POINT('',#6348);
#3750=VERTEX_POINT('',#6349);
#3751=VERTEX_POINT('',#6350);
#3752=VERTEX_POINT('',#6351);
#3753=VERTEX_POINT('',#6352);
#3754=VERTEX_POINT('',#6353);
#3755=VERTEX_POINT('',#6354);
#3756=VERTEX_POINT('',#6355);
#3757=VERTEX_POINT('',#6356);
#3758=VERTEX_POINT('',#6357);
#3759=VERTEX_POINT('',#6358);
#3760=VERTEX_POINT('',#6359);
#3761=VERTEX_POINT('',#6360);
#3762=VERTEX_POINT('',#6361);
#3763=VERTEX_POINT('',#6362);
#3764=VERTEX_POINT('',#6363);
#3765=VERTEX_POINT('',#6364);
#3766=VERTEX_POINT('',#6365);
#3767=VERTEX_POINT('',#6366);
#3768=VERTEX_POINT('',#6367);
#3769=VERTEX_POINT('',#6368);
#3770=VERTEX_POINT('',#6369);
#3771=VERTEX_POINT('',#6370);
#3772=VERTEX_POINT('',#6371);
#3773=VERTEX_POINT('',#6372);
#3774=VERTEX_POINT('',#6373);
#3775=VERTEX_POINT('',#6374);
#3776=VERTEX_POINT('',#6375);
#3777=VERTEX_POINT('',#6376);
#3778=VERTEX_POINT('',#6377);
#3779=VERTEX_POINT('',#6378);
#3780=VERTEX_POINT('',#6379);
#3781=VERTEX_POINT('',#6380);
#3782=VERTEX_POINT('',#6381);
#3783=VERTEX_POINT('',#6382);
#3784=VERTEX_POINT('',#6383);
#3785=VERTEX_POINT('',#6384);
#3786=VERTEX_POINT('',#6385);
#3787=VERTEX_POINT('',#6386);
#3788=VERTEX_POINT('',#6387);
#3789=VERTEX_POINT('',#6388);
#3790=VERTEX_POINT('',#6389);
#3791=VERTEX_POINT('',#6390);
#3792=VERTEX_POINT('',#6391);
#3793=VERTEX_POINT('',#6392);
#3794=VERTEX_POINT('',#6393);
#3795=VERTEX_POINT('',#6394);
#3796=VERTEX_POINT('',#6395);
#3797=VERTEX_POINT('',#6396);
#3798=VERTEX_POINT('',#6397);
#3799=VERTEX_POINT('',#6398);
#3800=VERTEX_POINT('',#6399);
#3801=VERTEX_POINT('',#6400);
#3802=VERTEX_POINT('',#6401);
#3803=VERTEX_POINT('',#6402);
#3804=VERTEX_POINT('',#6403);
#3805=VERTEX_POINT('',#6404);
#3806=VERTEX_POINT('',#6405);
#3807=VERTEX_POINT('',#6406);
#3808=VERTEX_POINT('',#6407);
#3809=VERTEX_POINT('',#6408);
#3810=VERTEX_POINT('',#6409);
#3811=VERTEX_POINT('',#6410);
#3812=VERTEX_POINT('',#6411);
#3813=VERTEX_POINT('',#6412);
#3814=VERTEX_POINT('',#6413);
#3815=VERTEX_POINT('',#6414);
#3816=VERTEX_POINT('',#6415);
#3817=VERTEX_POINT('',#6416);
#3818=VERTEX_POINT('',#6417);
#3819=VERTEX_POINT('',#6418);
#3820=VERTEX_POINT('',#6419);
#3821=VERTEX_POINT('',#6420);
#3822=VERTEX_POINT('',#6421);
#3823=VERTEX_POINT('',#6422);
#3824=VERTEX_POINT('',#8452);
#3825=VERTEX_POINT('',#8453);
#3826=VERTEX_POINT('',#8454);
#3827=VERTEX_POINT('',#8455);
#3828=VERTEX_POINT('',#8456);
#3829=VERTEX_POINT('',#8457);
#3830=VERTEX_POINT('',#8458);
#3831=VERTEX_POINT('',#8459);
#3832=VERTEX_POINT('',#8460);
#3833=VERTEX_POINT('',#8461);
#3834=VERTEX_POINT('',#8462);
#3835=VERTEX_POINT('',#8463);
#3836=VERTEX_POINT('',#8464);
#3837=VERTEX_POINT('',#8465);
#3838=VERTEX_POINT('',#8466);
#3839=VERTEX_POINT('',#8467);
#3840=VERTEX_POINT('',#8468);
#3841=VERTEX_POINT('',#8469);
#3842=VERTEX_POINT('',#8470);
#3843=VERTEX_POINT('',#8471);
#3844=VERTEX_POINT('',#8472);
#3845=VERTEX_POINT('',#8473);
#3846=VERTEX_POINT('',#8474);
#3847=VERTEX_POINT('',#8475);
#3848=VERTEX_POINT('',#8476);
#3849=VERTEX_POINT('',#8477);
#3850=VERTEX_POINT('',#8478);
#3851=VERTEX_POINT('',#8479);
#3852=VERTEX_POINT('',#8480);
#3853=VERTEX_POINT('',#8481);
#3854=VERTEX_POINT('',#8482);
#3855=VERTEX_POINT('',#8483);
#3856=VERTEX_POINT('',#8484);
#3857=VERTEX_POINT('',#8485);
#3858=VERTEX_POINT('',#8486);
#3859=VERTEX_POINT('',#8487);
#3860=VERTEX_POINT('',#8488);
#3861=VERTEX_POINT('',#8489);
#3862=VERTEX_POINT('',#8490);
#3863=VERTEX_POINT('',#8491);
#3864=VERTEX_POINT('',#8492);
#3865=VERTEX_POINT('',#8493);
#3866=VERTEX_POINT('',#8494);
#3867=VERTEX_POINT('',#8495);
#3868=VERTEX_POINT('',#8496);
#3869=VERTEX_POINT('',#8497);
#3870=VERTEX_POINT('',#8498);
#3871=VERTEX_POINT('',#8499);
#3872=VERTEX_POINT('',#8500);
#3873=VERTEX_POINT('',#8501);
#3874=VERTEX_POINT('',#8502);
#3875=VERTEX_POINT('',#8503);
#3876=VERTEX_POINT('',#8504);
#3877=VERTEX_POINT('',#8505);
#3878=VERTEX_POINT('',#8506);
#3879=VERTEX_POINT('',#8507);
#3880=VERTEX_POINT('',#8508);
#3881=VERTEX_POINT('',#8509);
#3882=VERTEX_POINT('',#8510);
#3883=VERTEX_POINT('',#8511);
#3884=VERTEX_POINT('',#8512);
#3885=VERTEX_POINT('',#8513);
#3886=VERTEX_POINT('',#8514);
#3887=VERTEX_POINT('',#8515);
#3888=VERTEX_POINT('',#8516);
#3889=VERTEX_POINT('',#8517);
#3890=VERTEX_POINT('',#8518);
#3891=VERTEX_POINT('',#8519);
#3892=VERTEX_POINT('',#8520);
#3893=VERTEX_POINT('',#8521);
#3894=VERTEX_POINT('',#8522);
#3895=VERTEX_POINT('',#8523);
#3896=VERTEX_POINT('',#8524);
#3897=VERTEX_POINT('',#8525);
#3898=VERTEX_POINT('',#8526);
#3899=VERTEX_POINT('',#8527);
#3900=VERTEX_POINT('',#8528);
#3901=VERTEX_POINT('',#8529);
#3902=VERTEX_POINT('',#8530);
#3903=VERTEX_POINT('',#8531);
#3904=VERTEX_POINT('',#8532);
#3905=VERTEX_POINT('',#8533);
#3906=VERTEX_POINT('',#8534);
#3907=VERTEX_POINT('',#8535);
#3908=VERTEX_POINT('',#8536);
#3909=VERTEX_POINT('',#8537);
#3910=VERTEX_POINT('',#8538);
#3911=VERTEX_POINT('',#8539);
#3912=VERTEX_POINT('',#8540);
#3913=VERTEX_POINT('',#8541);
#3914=VERTEX_POINT('',#8542);
#3915=VERTEX_POINT('',#8543);
#3916=VERTEX_POINT('',#8544);
#3917=VERTEX_POINT('',#8545);
#3918=VERTEX_POINT('',#8546);
#3919=VERTEX_POINT('',#8547);
#3920=VERTEX_POINT('',#8548);
#3921=VERTEX_POINT('',#8549);
#3922=VERTEX_POINT('',#8550);
#3923=VERTEX_POINT('',#8551);
#3924=VERTEX_POINT('',#8552);
#3925=VERTEX_POINT('',#8553);
#3926=VERTEX_POINT('',#8554);
#3927=VERTEX_POINT('',#8555);
#3928=VERTEX_POINT('',#8556);
#3929=VERTEX_POINT('',#8557);
#3930=VERTEX_POINT('',#8558);
#3931=VERTEX_POINT('',#8559);
#3932=VERTEX_POINT('',#8560);
#3933=VERTEX_POINT('',#8561);
#3934=VERTEX_POINT('',#8562);
#3935=VERTEX_POINT('',#8563);
#3936=VERTEX_POINT('',#8564);
#3937=VERTEX_POINT('',#8565);
#3938=VERTEX_POINT('',#8566);
#3939=VERTEX_POINT('',#8567);
#3940=VERTEX_POINT('',#8568);
#3941=VERTEX_POINT('',#8569);
#3942=VERTEX_POINT('',#8570);
#3943=VERTEX_POINT('',#8571);
#3944=VERTEX_POINT('',#8572);
#3945=VERTEX_POINT('',#8573);
#3946=VERTEX_POINT('',#8574);
#3947=VERTEX_POINT('',#8575);
#3948=VERTEX_POINT('',#8576);
#3949=VERTEX_POINT('',#8577);
#3950=VERTEX_POINT('',#8578);
#3951=VERTEX_POINT('',#8579);
#3952=VERTEX_POINT('',#8580);
#3953=VERTEX_POINT('',#8581);
#3954=VERTEX_POINT('',#8582);
#3955=VERTEX_POINT('',#8583);
#3956=VERTEX_POINT('',#8584);
#3957=VERTEX_POINT('',#8585);
#3958=VERTEX_POINT('',#8586);
#3959=VERTEX_POINT('',#8587);
#3960=VERTEX_POINT('',#8588);
#3961=VERTEX_POINT('',#8589);
#3962=VERTEX_POINT('',#8590);
#3963=VERTEX_POINT('',#8591);
#3964=VERTEX_POINT('',#8592);
#3965=VERTEX_POINT('',#8593);
#3966=VERTEX_POINT('',#8594);
#3967=VERTEX_POINT('',#8595);
#3968=VERTEX_POINT('',#8596);
#3969=VERTEX_POINT('',#8597);
#3970=VERTEX_POINT('',#8598);
#3971=VERTEX_POINT('',#8599);
#3972=VERTEX_POINT('',#9568);
#3973=VERTEX_POINT('',#9569);
#3974=VERTEX_POINT('',#9570);
#3975=VERTEX_POINT('',#9571);
#3976=VERTEX_POINT('',#9572);
#3977=VERTEX_POINT('',#9573);
#3978=VERTEX_POINT('',#9574);
#3979=VERTEX_POINT('',#9575);
#3980=VERTEX_POINT('',#9576);
#3981=VERTEX_POINT('',#9577);
#3982=VERTEX_POINT('',#9578);
#3983=VERTEX_POINT('',#9579);
#3984=VERTEX_POINT('',#9580);
#3985=VERTEX_POINT('',#9581);
#3986=VERTEX_POINT('',#9582);
#3987=VERTEX_POINT('',#9583);
#3988=VERTEX_POINT('',#9584);
#3989=VERTEX_POINT('',#9585);
#3990=VERTEX_POINT('',#9586);
#3991=VERTEX_POINT('',#9587);
#3992=VERTEX_POINT('',#9588);
#3993=VERTEX_POINT('',#9589);
#3994=VERTEX_POINT('',#9590);
#3995=VERTEX_POINT('',#9591);
#3996=VERTEX_POINT('',#9592);
#3997=VERTEX_POINT('',#9593);
#3998=VERTEX_POINT('',#9594);
#3999=VERTEX_POINT('',#9595);
#4000=VERTEX_POINT('',#9596);
#4001=VERTEX_POINT('',#9597);
#4002=VERTEX_POINT('',#9598);
#4003=VERTEX_POINT('',#9599);
#4004=VERTEX_POINT('',#9600);
#4005=VERTEX_POINT('',#9601);
#4006=VERTEX_POINT('',#9602);
#4007=VERTEX_POINT('',#9603);
#4008=VERTEX_POINT('',#9604);
#4009=VERTEX_POINT('',#9605);
#4010=VERTEX_POINT('',#9606);
#4011=VERTEX_POINT('',#9607);
#4012=VERTEX_POINT('',#9608);
#4013=VERTEX_POINT('',#9609);
#4014=VERTEX_POINT('',#9610);
#4015=VERTEX_POINT('',#9611);
#4016=VERTEX_POINT('',#9612);
#4017=VERTEX_POINT('',#9613);
#4018=VERTEX_POINT('',#9614);
#4019=VERTEX_POINT('',#9615);
#4020=VERTEX_POINT('',#9616);
#4021=VERTEX_POINT('',#9617);
#4022=VERTEX_POINT('',#9618);
#4023=VERTEX_POINT('',#9619);
#4024=VERTEX_POINT('',#9620);
#4025=VERTEX_POINT('',#9621);
#4026=VERTEX_POINT('',#9622);
#4027=VERTEX_POINT('',#9623);
#4028=VERTEX_POINT('',#9624);
#4029=VERTEX_POINT('',#9625);
#4030=VERTEX_POINT('',#9626);
#4031=VERTEX_POINT('',#9627);
#4032=VERTEX_POINT('',#9628);
#4033=VERTEX_POINT('',#9629);
#4034=VERTEX_POINT('',#9630);
#4035=VERTEX_POINT('',#9631);
#4036=(
BOUNDED_SURFACE()
B_SPLINE_SURFACE(1,3,((#4913,#4914,#4915,#4916,#4917,#4918,#4919),(#4920,
#4921,#4922,#4923,#4924,#4925,#4926)),.UNSPECIFIED.,.F.,.F.,.F.)
B_SPLINE_SURFACE_WITH_KNOTS((2,2),(4,3,4),(0.,6.0000000000008),(-980.720490601388,
-980.42428101472,-980.307337856597),.UNSPECIFIED.)
GEOMETRIC_REPRESENTATION_ITEM()
RATIONAL_B_SPLINE_SURFACE(((1.,1.,1.,1.,1.,1.,1.),(1.,1.,1.,1.,1.,1.,1.)))
REPRESENTATION_ITEM('')
SURFACE()
);
#4037=(
BOUNDED_SURFACE()
B_SPLINE_SURFACE(1,3,((#4927,#4928,#4929,#4930,#4931,#4932,#4933,#4934,
#4935,#4936,#4937,#4938,#4939,#4940,#4941,#4942,#4943,#4944,#4945,#4946,
#4947,#4948,#4949,#4950,#4951,#4952,#4953,#4954,#4955,#4956,#4957,#4958,
#4959,#4960,#4961,#4962,#4963,#4964,#4965,#4966,#4967,#4968,#4969,#4970,
#4971,#4972,#4973,#4974,#4975,#4976,#4977,#4978,#4979,#4980,#4981),(#4982,
#4983,#4984,#4985,#4986,#4987,#4988,#4989,#4990,#4991,#4992,#4993,#4994,
#4995,#4996,#4997,#4998,#4999,#5000,#5001,#5002,#5003,#5004,#5005,#5006,
#5007,#5008,#5009,#5010,#5011,#5012,#5013,#5014,#5015,#5016,#5017,#5018,
#5019,#5020,#5021,#5022,#5023,#5024,#5025,#5026,#5027,#5028,#5029,#5030,
#5031,#5032,#5033,#5034,#5035,#5036)),.UNSPECIFIED.,.F.,.F.,.F.)
B_SPLINE_SURFACE_WITH_KNOTS((2,2),(4,3,3,3,3,3,3,3,3,3,3,3,3,3,3,3,3,3,
4),(0.,6.0000000000008),(-970.462206205135,-969.94382846967,-969.410782858526,
-968.844591055067,-968.241258945113,-967.92406677208,-967.669822380624,
-967.332882606312,-966.98745634514,-966.638393775653,-966.289331206165,
-965.943904944993,-965.606965170681,-965.352720779225,-965.035528606192,
-964.432196496238,-963.866004692778,-963.332959081635,-962.81458134617),
 .UNSPECIFIED.)
GEOMETRIC_REPRESENTATION_ITEM()
RATIONAL_B_SPLINE_SURFACE(((1.,1.,1.,1.,1.,1.,1.,1.,1.,1.,1.,1.,1.,1.,1.,
1.,1.,1.,1.,1.,1.,1.,1.,1.,1.,1.,1.,1.,1.,1.,1.,1.,1.,1.,1.,1.,1.,1.,1.,
1.,1.,1.,1.,1.,1.,1.,1.,1.,1.,1.,1.,1.,1.,1.,1.),(1.,1.,1.,1.,1.,1.,1.,
1.,1.,1.,1.,1.,1.,1.,1.,1.,1.,1.,1.,1.,1.,1.,1.,1.,1.,1.,1.,1.,1.,1.,1.,
1.,1.,1.,1.,1.,1.,1.,1.,1.,1.,1.,1.,1.,1.,1.,1.,1.,1.,1.,1.,1.,1.,1.,1.)))
REPRESENTATION_ITEM('')
SURFACE()
);
#4038=(
BOUNDED_SURFACE()
B_SPLINE_SURFACE(1,3,((#5037,#5038,#5039,#5040,#5041,#5042,#5043,#5044,
#5045,#5046,#5047,#5048,#5049,#5050,#5051,#5052,#5053,#5054,#5055,#5056,
#5057,#5058,#5059,#5060,#5061,#5062,#5063,#5064,#5065,#5066,#5067,#5068,
#5069,#5070,#5071,#5072,#5073,#5074,#5075,#5076,#5077,#5078,#5079,#5080,
#5081,#5082,#5083,#5084,#5085,#5086,#5087,#5088,#5089,#5090,#5091),(#5092,
#5093,#5094,#5095,#5096,#5097,#5098,#5099,#5100,#5101,#5102,#5103,#5104,
#5105,#5106,#5107,#5108,#5109,#5110,#5111,#5112,#5113,#5114,#5115,#5116,
#5117,#5118,#5119,#5120,#5121,#5122,#5123,#5124,#5125,#5126,#5127,#5128,
#5129,#5130,#5131,#5132,#5133,#5134,#5135,#5136,#5137,#5138,#5139,#5140,
#5141,#5142,#5143,#5144,#5145,#5146)),.UNSPECIFIED.,.F.,.F.,.F.)
B_SPLINE_SURFACE_WITH_KNOTS((2,2),(4,3,3,3,3,3,3,3,3,3,3,3,3,3,3,3,3,3,
4),(0.,6.0000000000008),(-955.833788336873,-955.315410601408,-954.782364990264,
-954.216173186805,-953.612841076851,-953.295648903817,-953.041404512362,
-952.70446473805,-952.359038476877,-952.00997590739,-951.660913337903,-951.315487076731,
-950.978547302419,-950.724302910963,-950.40711073793,-949.803778627976,
-949.237586824516,-948.704541213373,-948.186163477908),.UNSPECIFIED.)
GEOMETRIC_REPRESENTATION_ITEM()
RATIONAL_B_SPLINE_SURFACE(((1.,1.,1.,1.,1.,1.,1.,1.,1.,1.,1.,1.,1.,1.,1.,
1.,1.,1.,1.,1.,1.,1.,1.,1.,1.,1.,1.,1.,1.,1.,1.,1.,1.,1.,1.,1.,1.,1.,1.,
1.,1.,1.,1.,1.,1.,1.,1.,1.,1.,1.,1.,1.,1.,1.,1.),(1.,1.,1.,1.,1.,1.,1.,
1.,1.,1.,1.,1.,1.,1.,1.,1.,1.,1.,1.,1.,1.,1.,1.,1.,1.,1.,1.,1.,1.,1.,1.,
1.,1.,1.,1.,1.,1.,1.,1.,1.,1.,1.,1.,1.,1.,1.,1.,1.,1.,1.,1.,1.,1.,1.,1.)))
REPRESENTATION_ITEM('')
SURFACE()
);
#4039=(
BOUNDED_SURFACE()
B_SPLINE_SURFACE(1,3,((#5147,#5148,#5149,#5150,#5151,#5152,#5153),(#5154,
#5155,#5156,#5157,#5158,#5159,#5160)),.UNSPECIFIED.,.F.,.F.,.F.)
B_SPLINE_SURFACE_WITH_KNOTS((2,2),(4,3,4),(0.,6.0000000000008),(-940.294674458883,
-939.998464872214,-939.881521714092),.UNSPECIFIED.)
GEOMETRIC_REPRESENTATION_ITEM()
RATIONAL_B_SPLINE_SURFACE(((1.,1.,1.,1.,1.,1.,1.),(1.,1.,1.,1.,1.,1.,1.)))
REPRESENTATION_ITEM('')
SURFACE()
);
#4040=(
BOUNDED_SURFACE()
B_SPLINE_SURFACE(1,3,((#5163,#5164,#5165,#5166,#5167,#5168,#5169),(#5170,
#5171,#5172,#5173,#5174,#5175,#5176)),.UNSPECIFIED.,.F.,.F.,.F.)
B_SPLINE_SURFACE_WITH_KNOTS((2,2),(4,3,4),(0.,6.0000000000008),(-841.710312318354,
-841.414102731685,-841.297159573562),.UNSPECIFIED.)
GEOMETRIC_REPRESENTATION_ITEM()
RATIONAL_B_SPLINE_SURFACE(((1.,1.,1.,1.,1.,1.,1.),(1.,1.,1.,1.,1.,1.,1.)))
REPRESENTATION_ITEM('')
SURFACE()
);
#4041=(
BOUNDED_SURFACE()
B_SPLINE_SURFACE(1,3,((#5177,#5178,#5179,#5180,#5181,#5182,#5183,#5184,
#5185,#5186,#5187,#5188,#5189,#5190,#5191,#5192,#5193,#5194,#5195,#5196,
#5197,#5198,#5199,#5200,#5201,#5202,#5203,#5204,#5205,#5206,#5207,#5208,
#5209,#5210,#5211,#5212,#5213,#5214,#5215,#5216,#5217,#5218,#5219,#5220,
#5221,#5222,#5223,#5224,#5225,#5226,#5227,#5228,#5229,#5230,#5231),(#5232,
#5233,#5234,#5235,#5236,#5237,#5238,#5239,#5240,#5241,#5242,#5243,#5244,
#5245,#5246,#5247,#5248,#5249,#5250,#5251,#5252,#5253,#5254,#5255,#5256,
#5257,#5258,#5259,#5260,#5261,#5262,#5263,#5264,#5265,#5266,#5267,#5268,
#5269,#5270,#5271,#5272,#5273,#5274,#5275,#5276,#5277,#5278,#5279,#5280,
#5281,#5282,#5283,#5284,#5285,#5286)),.UNSPECIFIED.,.F.,.F.,.F.)
B_SPLINE_SURFACE_WITH_KNOTS((2,2),(4,3,3,3,3,3,3,3,3,3,3,3,3,3,3,3,3,3,
4),(0.,6.0000000000008),(-831.452027922101,-830.933650186635,-830.400604575492,
-829.834412772032,-829.231080662079,-828.913888489045,-828.659644097589,
-828.322704323277,-827.977278062105,-827.628215492618,-827.27915292313,
-826.933726661958,-826.596786887647,-826.342542496191,-826.025350323157,
-825.422018213203,-824.855826409744,-824.322780798601,-823.804403063135),
 .UNSPECIFIED.)
GEOMETRIC_REPRESENTATION_ITEM()
RATIONAL_B_SPLINE_SURFACE(((1.,1.,1.,1.,1.,1.,1.,1.,1.,1.,1.,1.,1.,1.,1.,
1.,1.,1.,1.,1.,1.,1.,1.,1.,1.,1.,1.,1.,1.,1.,1.,1.,1.,1.,1.,1.,1.,1.,1.,
1.,1.,1.,1.,1.,1.,1.,1.,1.,1.,1.,1.,1.,1.,1.,1.),(1.,1.,1.,1.,1.,1.,1.,
1.,1.,1.,1.,1.,1.,1.,1.,1.,1.,1.,1.,1.,1.,1.,1.,1.,1.,1.,1.,1.,1.,1.,1.,
1.,1.,1.,1.,1.,1.,1.,1.,1.,1.,1.,1.,1.,1.,1.,1.,1.,1.,1.,1.,1.,1.,1.,1.)))
REPRESENTATION_ITEM('')
SURFACE()
);
#4042=(
BOUNDED_SURFACE()
B_SPLINE_SURFACE(1,3,((#5287,#5288,#5289,#5290,#5291,#5292,#5293,#5294,
#5295,#5296,#5297,#5298,#5299,#5300,#5301,#5302,#5303,#5304,#5305,#5306,
#5307,#5308,#5309,#5310,#5311,#5312,#5313,#5314,#5315,#5316,#5317,#5318,
#5319,#5320,#5321,#5322,#5323,#5324,#5325,#5326,#5327,#5328,#5329,#5330,
#5331,#5332,#5333,#5334,#5335,#5336,#5337,#5338,#5339,#5340,#5341),(#5342,
#5343,#5344,#5345,#5346,#5347,#5348,#5349,#5350,#5351,#5352,#5353,#5354,
#5355,#5356,#5357,#5358,#5359,#5360,#5361,#5362,#5363,#5364,#5365,#5366,
#5367,#5368,#5369,#5370,#5371,#5372,#5373,#5374,#5375,#5376,#5377,#5378,
#5379,#5380,#5381,#5382,#5383,#5384,#5385,#5386,#5387,#5388,#5389,#5390,
#5391,#5392,#5393,#5394,#5395,#5396)),.UNSPECIFIED.,.F.,.F.,.F.)
B_SPLINE_SURFACE_WITH_KNOTS((2,2),(4,3,3,3,3,3,3,3,3,3,3,3,3,3,3,3,3,3,
4),(0.,6.0000000000008),(-816.823610053839,-816.305232318373,-815.77218670723,
-815.20599490377,-814.602662793816,-814.285470620783,-814.031226229327,
-813.694286455015,-813.348860193843,-812.999797624356,-812.650735054868,
-812.305308793696,-811.968369019384,-811.714124627929,-811.396932454895,
-810.793600344941,-810.227408541482,-809.694362930338,-809.175985194873),
 .UNSPECIFIED.)
GEOMETRIC_REPRESENTATION_ITEM()
RATIONAL_B_SPLINE_SURFACE(((1.,1.,1.,1.,1.,1.,1.,1.,1.,1.,1.,1.,1.,1.,1.,
1.,1.,1.,1.,1.,1.,1.,1.,1.,1.,1.,1.,1.,1.,1.,1.,1.,1.,1.,1.,1.,1.,1.,1.,
1.,1.,1.,1.,1.,1.,1.,1.,1.,1.,1.,1.,1.,1.,1.,1.),(1.,1.,1.,1.,1.,1.,1.,
1.,1.,1.,1.,1.,1.,1.,1.,1.,1.,1.,1.,1.,1.,1.,1.,1.,1.,1.,1.,1.,1.,1.,1.,
1.,1.,1.,1.,1.,1.,1.,1.,1.,1.,1.,1.,1.,1.,1.,1.,1.,1.,1.,1.,1.,1.,1.,1.)))
REPRESENTATION_ITEM('')
SURFACE()
);
#4043=(
BOUNDED_SURFACE()
B_SPLINE_SURFACE(1,3,((#5397,#5398,#5399,#5400,#5401,#5402,#5403),(#5404,
#5405,#5406,#5407,#5408,#5409,#5410)),.UNSPECIFIED.,.F.,.F.,.F.)
B_SPLINE_SURFACE_WITH_KNOTS((2,2),(4,3,4),(0.,6.0000000000008),(-801.284496175848,
-800.988286589179,-800.871343431057),.UNSPECIFIED.)
GEOMETRIC_REPRESENTATION_ITEM()
RATIONAL_B_SPLINE_SURFACE(((1.,1.,1.,1.,1.,1.,1.),(1.,1.,1.,1.,1.,1.,1.)))
REPRESENTATION_ITEM('')
SURFACE()
);
#4044=(
BOUNDED_SURFACE()
B_SPLINE_SURFACE(3,1,((#5661,#5662),(#5663,#5664),(#5665,#5666),(#5667,
#5668),(#5669,#5670),(#5671,#5672),(#5673,#5674),(#5675,#5676),(#5677,#5678),
(#5679,#5680),(#5681,#5682),(#5683,#5684),(#5685,#5686),(#5687,#5688),(#5689,
#5690),(#5691,#5692),(#5693,#5694),(#5695,#5696),(#5697,#5698),(#5699,#5700),
(#5701,#5702),(#5703,#5704),(#5705,#5706),(#5707,#5708),(#5709,#5710),(#5711,
#5712),(#5713,#5714),(#5715,#5716),(#5717,#5718),(#5719,#5720),(#5721,#5722),
(#5723,#5724),(#5725,#5726),(#5727,#5728),(#5729,#5730),(#5731,#5732),(#5733,
#5734),(#5735,#5736),(#5737,#5738),(#5739,#5740),(#5741,#5742),(#5743,#5744),
(#5745,#5746),(#5747,#5748),(#5749,#5750),(#5751,#5752),(#5753,#5754),(#5755,
#5756),(#5757,#5758),(#5759,#5760),(#5761,#5762),(#5763,#5764),(#5765,#5766),
(#5767,#5768),(#5769,#5770)),.UNSPECIFIED.,.F.,.F.,.F.)
B_SPLINE_SURFACE_WITH_KNOTS((4,3,3,3,3,3,3,3,3,3,3,3,3,3,3,3,3,3,4),(2,
2),(962.81458134617,963.332959081635,963.866004692778,964.432196496238,
965.035528606192,965.352720779225,965.606965170681,965.943904944993,966.289331206165,
966.638393775653,966.98745634514,967.332882606312,967.669822380624,967.92406677208,
968.241258945113,968.844591055067,969.410782858526,969.94382846967,970.462206205135),
(0.,1.),.UNSPECIFIED.)
GEOMETRIC_REPRESENTATION_ITEM()
RATIONAL_B_SPLINE_SURFACE(((1.,1.),(1.,1.),(1.,1.),(1.,1.),(1.,1.),(1.,
1.),(1.,1.),(1.,1.),(1.,1.),(1.,1.),(1.,1.),(1.,1.),(1.,1.),(1.,1.),(1.,
1.),(1.,1.),(1.,1.),(1.,1.),(1.,1.),(1.,1.),(1.,1.),(1.,1.),(1.,1.),(1.,
1.),(1.,1.),(1.,1.),(1.,1.),(1.,1.),(1.,1.),(1.,1.),(1.,1.),(1.,1.),(1.,
1.),(1.,1.),(1.,1.),(1.,1.),(1.,1.),(1.,1.),(1.,1.),(1.,1.),(1.,1.),(1.,
1.),(1.,1.),(1.,1.),(1.,1.),(1.,1.),(1.,1.),(1.,1.),(1.,1.),(1.,1.),(1.,
1.),(1.,1.),(1.,1.),(1.,1.),(1.,1.)))
REPRESENTATION_ITEM('')
SURFACE()
);
#4045=(
BOUNDED_SURFACE()
B_SPLINE_SURFACE(3,1,((#5771,#5772),(#5773,#5774),(#5775,#5776),(#5777,
#5778),(#5779,#5780),(#5781,#5782),(#5783,#5784),(#5785,#5786),(#5787,#5788),
(#5789,#5790),(#5791,#5792),(#5793,#5794),(#5795,#5796),(#5797,#5798),(#5799,
#5800),(#5801,#5802),(#5803,#5804),(#5805,#5806),(#5807,#5808),(#5809,#5810),
(#5811,#5812),(#5813,#5814),(#5815,#5816),(#5817,#5818),(#5819,#5820),(#5821,
#5822),(#5823,#5824),(#5825,#5826),(#5827,#5828),(#5829,#5830),(#5831,#5832),
(#5833,#5834),(#5835,#5836),(#5837,#5838),(#5839,#5840),(#5841,#5842),(#5843,
#5844),(#5845,#5846),(#5847,#5848),(#5849,#5850),(#5851,#5852),(#5853,#5854),
(#5855,#5856),(#5857,#5858),(#5859,#5860),(#5861,#5862),(#5863,#5864),(#5865,
#5866),(#5867,#5868),(#5869,#5870),(#5871,#5872),(#5873,#5874),(#5875,#5876),
(#5877,#5878),(#5879,#5880)),.UNSPECIFIED.,.F.,.F.,.F.)
B_SPLINE_SURFACE_WITH_KNOTS((4,3,3,3,3,3,3,3,3,3,3,3,3,3,3,3,3,3,4),(2,
2),(948.186163477908,948.704541213373,949.237586824516,949.803778627976,
950.40711073793,950.724302910963,950.978547302419,951.315487076731,951.660913337903,
952.00997590739,952.359038476877,952.70446473805,953.041404512362,953.295648903817,
953.612841076851,954.216173186805,954.782364990264,955.315410601408,955.833788336873),
(0.,1.),.UNSPECIFIED.)
GEOMETRIC_REPRESENTATION_ITEM()
RATIONAL_B_SPLINE_SURFACE(((1.,1.),(1.,1.),(1.,1.),(1.,1.),(1.,1.),(1.,
1.),(1.,1.),(1.,1.),(1.,1.),(1.,1.),(1.,1.),(1.,1.),(1.,1.),(1.,1.),(1.,
1.),(1.,1.),(1.,1.),(1.,1.),(1.,1.),(1.,1.),(1.,1.),(1.,1.),(1.,1.),(1.,
1.),(1.,1.),(1.,1.),(1.,1.),(1.,1.),(1.,1.),(1.,1.),(1.,1.),(1.,1.),(1.,
1.),(1.,1.),(1.,1.),(1.,1.),(1.,1.),(1.,1.),(1.,1.),(1.,1.),(1.,1.),(1.,
1.),(1.,1.),(1.,1.),(1.,1.),(1.,1.),(1.,1.),(1.,1.),(1.,1.),(1.,1.),(1.,
1.),(1.,1.),(1.,1.),(1.,1.),(1.,1.)))
REPRESENTATION_ITEM('')
SURFACE()
);
#4046=(
BOUNDED_SURFACE()
B_SPLINE_SURFACE(3,1,((#5883,#5884),(#5885,#5886),(#5887,#5888),(#5889,
#5890),(#5891,#5892),(#5893,#5894),(#5895,#5896),(#5897,#5898),(#5899,#5900),
(#5901,#5902),(#5903,#5904),(#5905,#5906),(#5907,#5908),(#5909,#5910),(#5911,
#5912),(#5913,#5914),(#5915,#5916),(#5917,#5918),(#5919,#5920),(#5921,#5922),
(#5923,#5924),(#5925,#5926),(#5927,#5928),(#5929,#5930),(#5931,#5932),(#5933,
#5934),(#5935,#5936),(#5937,#5938),(#5939,#5940),(#5941,#5942),(#5943,#5944),
(#5945,#5946),(#5947,#5948),(#5949,#5950),(#5951,#5952),(#5953,#5954),(#5955,
#5956),(#5957,#5958),(#5959,#5960),(#5961,#5962),(#5963,#5964),(#5965,#5966),
(#5967,#5968),(#5969,#5970),(#5971,#5972),(#5973,#5974),(#5975,#5976),(#5977,
#5978),(#5979,#5980),(#5981,#5982),(#5983,#5984),(#5985,#5986),(#5987,#5988),
(#5989,#5990),(#5991,#5992)),.UNSPECIFIED.,.F.,.F.,.F.)
B_SPLINE_SURFACE_WITH_KNOTS((4,3,3,3,3,3,3,3,3,3,3,3,3,3,3,3,3,3,4),(2,
2),(823.804403063135,824.322780798601,824.855826409744,825.422018213203,
826.025350323157,826.342542496191,826.596786887647,826.933726661958,827.27915292313,
827.628215492618,827.977278062105,828.322704323277,828.659644097589,828.913888489045,
829.231080662079,829.834412772032,830.400604575492,830.933650186635,831.452027922101),
(0.,1.),.UNSPECIFIED.)
GEOMETRIC_REPRESENTATION_ITEM()
RATIONAL_B_SPLINE_SURFACE(((1.,1.),(1.,1.),(1.,1.),(1.,1.),(1.,1.),(1.,
1.),(1.,1.),(1.,1.),(1.,1.),(1.,1.),(1.,1.),(1.,1.),(1.,1.),(1.,1.),(1.,
1.),(1.,1.),(1.,1.),(1.,1.),(1.,1.),(1.,1.),(1.,1.),(1.,1.),(1.,1.),(1.,
1.),(1.,1.),(1.,1.),(1.,1.),(1.,1.),(1.,1.),(1.,1.),(1.,1.),(1.,1.),(1.,
1.),(1.,1.),(1.,1.),(1.,1.),(1.,1.),(1.,1.),(1.,1.),(1.,1.),(1.,1.),(1.,
1.),(1.,1.),(1.,1.),(1.,1.),(1.,1.),(1.,1.),(1.,1.),(1.,1.),(1.,1.),(1.,
1.),(1.,1.),(1.,1.),(1.,1.),(1.,1.)))
REPRESENTATION_ITEM('')
SURFACE()
);
#4047=(
BOUNDED_SURFACE()
B_SPLINE_SURFACE(3,1,((#5993,#5994),(#5995,#5996),(#5997,#5998),(#5999,
#6000),(#6001,#6002),(#6003,#6004),(#6005,#6006),(#6007,#6008),(#6009,#6010),
(#6011,#6012),(#6013,#6014),(#6015,#6016),(#6017,#6018),(#6019,#6020),(#6021,
#6022),(#6023,#6024),(#6025,#6026),(#6027,#6028),(#6029,#6030),(#6031,#6032),
(#6033,#6034),(#6035,#6036),(#6037,#6038),(#6039,#6040),(#6041,#6042),(#6043,
#6044),(#6045,#6046),(#6047,#6048),(#6049,#6050),(#6051,#6052),(#6053,#6054),
(#6055,#6056),(#6057,#6058),(#6059,#6060),(#6061,#6062),(#6063,#6064),(#6065,
#6066),(#6067,#6068),(#6069,#6070),(#6071,#6072),(#6073,#6074),(#6075,#6076),
(#6077,#6078),(#6079,#6080),(#6081,#6082),(#6083,#6084),(#6085,#6086),(#6087,
#6088),(#6089,#6090),(#6091,#6092),(#6093,#6094),(#6095,#6096),(#6097,#6098),
(#6099,#6100),(#6101,#6102)),.UNSPECIFIED.,.F.,.F.,.F.)
B_SPLINE_SURFACE_WITH_KNOTS((4,3,3,3,3,3,3,3,3,3,3,3,3,3,3,3,3,3,4),(2,
2),(809.175985194873,809.694362930338,810.227408541482,810.793600344941,
811.396932454895,811.714124627929,811.968369019384,812.305308793696,812.650735054868,
812.999797624356,813.348860193843,813.694286455015,814.031226229327,814.285470620783,
814.602662793816,815.20599490377,815.77218670723,816.305232318373,816.823610053839),
(0.,1.),.UNSPECIFIED.)
GEOMETRIC_REPRESENTATION_ITEM()
RATIONAL_B_SPLINE_SURFACE(((1.,1.),(1.,1.),(1.,1.),(1.,1.),(1.,1.),(1.,
1.),(1.,1.),(1.,1.),(1.,1.),(1.,1.),(1.,1.),(1.,1.),(1.,1.),(1.,1.),(1.,
1.),(1.,1.),(1.,1.),(1.,1.),(1.,1.),(1.,1.),(1.,1.),(1.,1.),(1.,1.),(1.,
1.),(1.,1.),(1.,1.),(1.,1.),(1.,1.),(1.,1.),(1.,1.),(1.,1.),(1.,1.),(1.,
1.),(1.,1.),(1.,1.),(1.,1.),(1.,1.),(1.,1.),(1.,1.),(1.,1.),(1.,1.),(1.,
1.),(1.,1.),(1.,1.),(1.,1.),(1.,1.),(1.,1.),(1.,1.),(1.,1.),(1.,1.),(1.,
1.),(1.,1.),(1.,1.),(1.,1.),(1.,1.)))
REPRESENTATION_ITEM('')
SURFACE()
);
#4048=(
BOUNDED_SURFACE()
B_SPLINE_SURFACE(3,1,((#6106,#6107),(#6108,#6109),(#6110,#6111),(#6112,
#6113),(#6114,#6115),(#6116,#6117),(#6118,#6119)),.UNSPECIFIED.,.F.,.F.,
 .F.)
B_SPLINE_SURFACE_WITH_KNOTS((4,3,4),(2,2),(980.307337856597,980.42428101472,
980.720490601388),(0.,1.),.UNSPECIFIED.)
GEOMETRIC_REPRESENTATION_ITEM()
RATIONAL_B_SPLINE_SURFACE(((1.,1.),(1.,1.),(1.,1.),(1.,1.),(1.,1.),(1.,
1.),(1.,1.)))
REPRESENTATION_ITEM('')
SURFACE()
);
#4049=(
BOUNDED_SURFACE()
B_SPLINE_SURFACE(3,1,((#6121,#6122),(#6123,#6124),(#6125,#6126),(#6127,
#6128),(#6129,#6130),(#6131,#6132),(#6133,#6134)),.UNSPECIFIED.,.F.,.F.,
 .F.)
B_SPLINE_SURFACE_WITH_KNOTS((4,3,4),(2,2),(939.881521714092,939.998464872214,
940.294674458883),(0.,1.),.UNSPECIFIED.)
GEOMETRIC_REPRESENTATION_ITEM()
RATIONAL_B_SPLINE_SURFACE(((1.,1.),(1.,1.),(1.,1.),(1.,1.),(1.,1.),(1.,
1.),(1.,1.)))
REPRESENTATION_ITEM('')
SURFACE()
);
#4050=(
BOUNDED_SURFACE()
B_SPLINE_SURFACE(3,1,((#6136,#6137),(#6138,#6139),(#6140,#6141),(#6142,
#6143),(#6144,#6145),(#6146,#6147),(#6148,#6149)),.UNSPECIFIED.,.F.,.F.,
 .F.)
B_SPLINE_SURFACE_WITH_KNOTS((4,3,4),(2,2),(841.297159573562,841.414102731685,
841.710312318354),(0.,1.),.UNSPECIFIED.)
GEOMETRIC_REPRESENTATION_ITEM()
RATIONAL_B_SPLINE_SURFACE(((1.,1.),(1.,1.),(1.,1.),(1.,1.),(1.,1.),(1.,
1.),(1.,1.)))
REPRESENTATION_ITEM('')
SURFACE()
);
#4051=(
BOUNDED_SURFACE()
B_SPLINE_SURFACE(3,1,((#6150,#6151),(#6152,#6153),(#6154,#6155),(#6156,
#6157),(#6158,#6159),(#6160,#6161),(#6162,#6163)),.UNSPECIFIED.,.F.,.F.,
 .F.)
B_SPLINE_SURFACE_WITH_KNOTS((4,3,4),(2,2),(800.871343431057,800.988286589179,
801.284496175848),(0.,1.),.UNSPECIFIED.)
GEOMETRIC_REPRESENTATION_ITEM()
RATIONAL_B_SPLINE_SURFACE(((1.,1.),(1.,1.),(1.,1.),(1.,1.),(1.,1.),(1.,
1.),(1.,1.)))
REPRESENTATION_ITEM('')
SURFACE()
);
#4052=(
BOUNDED_SURFACE()
B_SPLINE_SURFACE(2,1,((#9407,#9408),(#9409,#9410),(#9411,#9412)),
 .UNSPECIFIED.,.F.,.F.,.F.)
B_SPLINE_SURFACE_WITH_KNOTS((3,3),(2,2),(41.8309187843788,42.1439198415344),
(0.,4.),.UNSPECIFIED.)
GEOMETRIC_REPRESENTATION_ITEM()
RATIONAL_B_SPLINE_SURFACE(((1.,1.),(0.709151256308917,0.709151256308917),
(1.,1.)))
REPRESENTATION_ITEM('')
SURFACE()
);
#4053=(
BOUNDED_SURFACE()
B_SPLINE_SURFACE(2,1,((#9418,#9419),(#9420,#9421),(#9422,#9423),(#9424,
#9425),(#9426,#9427)),.UNSPECIFIED.,.F.,.F.,.F.)
B_SPLINE_SURFACE_WITH_KNOTS((3,2,3),(2,2),(52.2297819229697,53.9993930477847,
55.7690041725997),(0.,4.),.UNSPECIFIED.)
GEOMETRIC_REPRESENTATION_ITEM()
RATIONAL_B_SPLINE_SURFACE(((1.,1.),(0.707106781186547,0.707106781186547),
(1.,1.),(0.707106781186547,0.707106781186547),(1.,1.)))
REPRESENTATION_ITEM('')
SURFACE()
);
#4054=(
BOUNDED_SURFACE()
B_SPLINE_SURFACE(2,1,((#9443,#9444),(#9445,#9446),(#9447,#9448),(#9449,
#9450),(#9451,#9452)),.UNSPECIFIED.,.F.,.F.,.F.)
B_SPLINE_SURFACE_WITH_KNOTS((3,2,3),(2,2),(72.7271699543542,72.8611000037116,
72.9950300530689),(0.,4.),.UNSPECIFIED.)
GEOMETRIC_REPRESENTATION_ITEM()
RATIONAL_B_SPLINE_SURFACE(((1.,1.),(0.901992677763746,0.901992677763746),
(0.901992677763746,0.901992677763746),(0.901992677763746,0.901992677763746),
(1.,1.)))
REPRESENTATION_ITEM('')
SURFACE()
);
#4055=(
BOUNDED_SURFACE()
B_SPLINE_SURFACE(1,2,((#9496,#9497,#9498),(#9499,#9500,#9501)),
 .UNSPECIFIED.,.F.,.F.,.F.)
B_SPLINE_SURFACE_WITH_KNOTS((2,2),(3,3),(0.,4.),(41.8309187843788,42.1439198415344),
 .UNSPECIFIED.)
GEOMETRIC_REPRESENTATION_ITEM()
RATIONAL_B_SPLINE_SURFACE(((1.,0.709151256308917,1.),(1.,0.709151256308917,
1.)))
REPRESENTATION_ITEM('')
SURFACE()
);
#4056=(
BOUNDED_SURFACE()
B_SPLINE_SURFACE(1,2,((#9507,#9508,#9509,#9510,#9511),(#9512,#9513,#9514,
#9515,#9516)),.UNSPECIFIED.,.F.,.F.,.F.)
B_SPLINE_SURFACE_WITH_KNOTS((2,2),(3,2,3),(0.,4.),(52.2297819229697,53.9993930477847,
55.7690041725997),.UNSPECIFIED.)
GEOMETRIC_REPRESENTATION_ITEM()
RATIONAL_B_SPLINE_SURFACE(((1.,0.707106781186547,1.,0.707106781186547,1.),
(1.,0.707106781186547,1.,0.707106781186547,1.)))
REPRESENTATION_ITEM('')
SURFACE()
);
#4057=(
BOUNDED_SURFACE()
B_SPLINE_SURFACE(1,2,((#9532,#9533,#9534,#9535,#9536),(#9537,#9538,#9539,
#9540,#9541)),.UNSPECIFIED.,.F.,.F.,.F.)
B_SPLINE_SURFACE_WITH_KNOTS((2,2),(3,2,3),(0.,4.),(72.7271699543542,72.8611000037116,
72.9950300530689),.UNSPECIFIED.)
GEOMETRIC_REPRESENTATION_ITEM()
RATIONAL_B_SPLINE_SURFACE(((1.,0.901992677763746,0.901992677763746,0.901992677763746,
1.),(1.,0.901992677763746,0.901992677763746,0.901992677763746,1.)))
REPRESENTATION_ITEM('')
SURFACE()
);
#4058=B_SPLINE_SURFACE_WITH_KNOTS('',1,5,((#4747,#4748,#4749,#4750,#4751,
#4752),(#4753,#4754,#4755,#4756,#4757,#4758)),.UNSPECIFIED.,.F.,.F.,.F.,
(2,2),(6,6),(-3.00000000000003,6.00000000000001),(0.,5.64852813742423),
 .UNSPECIFIED.);
#4059=B_SPLINE_SURFACE_WITH_KNOTS('',1,5,((#4760,#4761,#4762,#4763,#4764,
#4765),(#4766,#4767,#4768,#4769,#4770,#4771)),.UNSPECIFIED.,.F.,.F.,.F.,
(2,2),(6,6),(-3.,6.00000000000002),(0.,5.64852813742378),.UNSPECIFIED.);
#4060=B_SPLINE_SURFACE_WITH_KNOTS('',1,5,((#4777,#4778,#4779,#4780,#4781,
#4782),(#4783,#4784,#4785,#4786,#4787,#4788)),.UNSPECIFIED.,.F.,.F.,.F.,
(2,2),(6,6),(-3.00000000000003,6.00000000000001),(0.,5.64852813742385),
 .UNSPECIFIED.);
#4061=B_SPLINE_SURFACE_WITH_KNOTS('',1,5,((#4790,#4791,#4792,#4793,#4794,
#4795),(#4796,#4797,#4798,#4799,#4800,#4801)),.UNSPECIFIED.,.F.,.F.,.F.,
(2,2),(6,6),(-3.00000000000006,5.99999999999999),(0.,5.6485281374244),
 .UNSPECIFIED.);
#4062=B_SPLINE_SURFACE_WITH_KNOTS('',5,1,((#4803,#4804),(#4805,#4806),(#4807,
#4808),(#4809,#4810),(#4811,#4812),(#4813,#4814)),.UNSPECIFIED.,.F.,.F.,
 .F.,(6,6),(2,2),(0.,1.88284271247463),(-1.00000000000002,2.00000000000001),
 .UNSPECIFIED.);
#4063=B_SPLINE_SURFACE_WITH_KNOTS('',5,1,((#4816,#4817),(#4818,#4819),(#4820,
#4821),(#4822,#4823),(#4824,#4825),(#4826,#4827)),.UNSPECIFIED.,.F.,.F.,
 .F.,(6,6),(2,2),(0.,1.88284271247469),(-1.,2.),.UNSPECIFIED.);
#4064=B_SPLINE_SURFACE_WITH_KNOTS('',5,1,((#4830,#4831),(#4832,#4833),(#4834,
#4835),(#4836,#4837),(#4838,#4839),(#4840,#4841)),.UNSPECIFIED.,.F.,.F.,
 .F.,(6,6),(2,2),(0.,5.64852813742423),(-3.00000000000003,6.00000000000001),
 .UNSPECIFIED.);
#4065=B_SPLINE_SURFACE_WITH_KNOTS('',5,1,((#4843,#4844),(#4845,#4846),(#4847,
#4848),(#4849,#4850),(#4851,#4852),(#4853,#4854)),.UNSPECIFIED.,.F.,.F.,
 .F.,(6,6),(2,2),(0.,5.64852813742378),(-3.,6.00000000000002),
 .UNSPECIFIED.);
#4066=B_SPLINE_SURFACE_WITH_KNOTS('',5,1,((#4860,#4861),(#4862,#4863),(#4864,
#4865),(#4866,#4867),(#4868,#4869),(#4870,#4871)),.UNSPECIFIED.,.F.,.F.,
 .F.,(6,6),(2,2),(0.,5.64852813742385),(-3.00000000000003,6.00000000000001),
 .UNSPECIFIED.);
#4067=B_SPLINE_SURFACE_WITH_KNOTS('',5,1,((#4873,#4874),(#4875,#4876),(#4877,
#4878),(#4879,#4880),(#4881,#4882),(#4883,#4884)),.UNSPECIFIED.,.F.,.F.,
 .F.,(6,6),(2,2),(0.,5.6485281374244),(-3.00000000000006,5.99999999999999),
 .UNSPECIFIED.);
#4068=B_SPLINE_SURFACE_WITH_KNOTS('',1,5,((#4885,#4886,#4887,#4888,#4889,
#4890),(#4891,#4892,#4893,#4894,#4895,#4896)),.UNSPECIFIED.,.F.,.F.,.F.,
(2,2),(6,6),(-1.00000000000002,2.00000000000001),(0.,1.88284271247463),
 .UNSPECIFIED.);
#4069=B_SPLINE_SURFACE_WITH_KNOTS('',1,5,((#4898,#4899,#4900,#4901,#4902,
#4903),(#4904,#4905,#4906,#4907,#4908,#4909)),.UNSPECIFIED.,.F.,.F.,.F.,
(2,2),(6,6),(-1.,2.),(0.,1.88284271247469),.UNSPECIFIED.);
#4070=B_SPLINE_SURFACE_WITH_KNOTS('',1,5,((#5434,#5435,#5436,#5437,#5438,
#5439),(#5440,#5441,#5442,#5443,#5444,#5445)),.UNSPECIFIED.,.F.,.F.,.F.,
(2,2),(6,6),(-3.,6.0000000000047),(0.,5.64852813742387),.UNSPECIFIED.);
#4071=B_SPLINE_SURFACE_WITH_KNOTS('',1,5,((#5446,#5447,#5448,#5449,#5450,
#5451),(#5452,#5453,#5454,#5455,#5456,#5457)),.UNSPECIFIED.,.F.,.F.,.F.,
(2,2),(6,6),(-3.0000000000032,6.00000000000151),(0.,5.64852813742398),
 .UNSPECIFIED.);
#4072=B_SPLINE_SURFACE_WITH_KNOTS('',1,5,((#5458,#5459,#5460,#5461,#5462,
#5463),(#5464,#5465,#5466,#5467,#5468,#5469)),.UNSPECIFIED.,.F.,.F.,.F.,
(2,2),(6,6),(-3.00000000000322,5.99999999999503),(0.,5.64852813742417),
 .UNSPECIFIED.);
#4073=B_SPLINE_SURFACE_WITH_KNOTS('',1,5,((#5470,#5471,#5472,#5473,#5474,
#5475),(#5476,#5477,#5478,#5479,#5480,#5481)),.UNSPECIFIED.,.F.,.F.,.F.,
(2,2),(6,6),(-3.00000000000003,5.99999999999823),(0.,5.64852813742398),
 .UNSPECIFIED.);
#4074=B_SPLINE_SURFACE_WITH_KNOTS('',1,5,((#5487,#5488,#5489,#5490,#5491,
#5492),(#5493,#5494,#5495,#5496,#5497,#5498)),.UNSPECIFIED.,.F.,.F.,.F.,
(2,2),(6,6),(-2.00000000000048,4.99999999999873),(0.,3.7656854249493),
 .UNSPECIFIED.);
#4075=B_SPLINE_SURFACE_WITH_KNOTS('',1,5,((#5499,#5500,#5501,#5502,#5503,
#5504),(#5505,#5506,#5507,#5508,#5509,#5510)),.UNSPECIFIED.,.F.,.F.,.F.,
(2,2),(6,6),(-2.00000000000002,4.99999999999888),(0.,3.76568542494924),
 .UNSPECIFIED.);
#4076=B_SPLINE_SURFACE_WITH_KNOTS('',1,5,((#5511,#5512,#5513,#5514,#5515,
#5516),(#5517,#5518,#5519,#5520,#5521,#5522)),.UNSPECIFIED.,.F.,.F.,.F.,
(2,2),(6,6),(-2.00000000000117,4.99999999999944),(0.,3.76568542494935),
 .UNSPECIFIED.);
#4077=B_SPLINE_SURFACE_WITH_KNOTS('',1,5,((#5523,#5524,#5525,#5526,#5527,
#5528),(#5529,#5530,#5531,#5532,#5533,#5534)),.UNSPECIFIED.,.F.,.F.,.F.,
(2,2),(6,6),(-2.,4.99999999999825),(0.,3.76568542494919),.UNSPECIFIED.);
#4078=B_SPLINE_SURFACE_WITH_KNOTS('',5,1,((#5535,#5536),(#5537,#5538),(#5539,
#5540),(#5541,#5542),(#5543,#5544),(#5545,#5546)),.UNSPECIFIED.,.F.,.F.,
 .F.,(6,6),(2,2),(0.,3.76568542494923),(-2.00000000000002,4.99999999999827),
 .UNSPECIFIED.);
#4079=B_SPLINE_SURFACE_WITH_KNOTS('',5,1,((#5547,#5548),(#5549,#5550),(#5551,
#5552),(#5553,#5554),(#5555,#5556),(#5557,#5558)),.UNSPECIFIED.,.F.,.F.,
 .F.,(6,6),(2,2),(0.,3.76568542494926),(-2.,4.99999999999825),
 .UNSPECIFIED.);
#4080=B_SPLINE_SURFACE_WITH_KNOTS('',5,1,((#5559,#5560),(#5561,#5562),(#5563,
#5564),(#5565,#5566),(#5567,#5568),(#5569,#5570)),.UNSPECIFIED.,.F.,.F.,
 .F.,(6,6),(2,2),(0.,3.76568542494923),(-2.,4.99999999999825),
 .UNSPECIFIED.);
#4081=B_SPLINE_SURFACE_WITH_KNOTS('',5,1,((#5571,#5572),(#5573,#5574),(#5575,
#5576),(#5577,#5578),(#5579,#5580),(#5581,#5582)),.UNSPECIFIED.,.F.,.F.,
 .F.,(6,6),(2,2),(0.,3.76568542494929),(-2.,4.99999999999827),
 .UNSPECIFIED.);
#4082=B_SPLINE_SURFACE_WITH_KNOTS('',1,5,((#5584,#5585,#5586,#5587,#5588,
#5589),(#5590,#5591,#5592,#5593,#5594,#5595)),.UNSPECIFIED.,.F.,.F.,.F.,
(2,2),(6,6),(-0.200000000000014,1.39999999999996),(0.,0.37656854249493),
 .UNSPECIFIED.);
#4083=B_SPLINE_SURFACE_WITH_KNOTS('',5,1,((#5597,#5598),(#5599,#5600),(#5601,
#5602),(#5603,#5604),(#5605,#5606),(#5607,#5608)),.UNSPECIFIED.,.F.,.F.,
 .F.,(6,6),(2,2),(0.,0.376568542494925),(-0.2,1.4),.UNSPECIFIED.);
#4084=B_SPLINE_SURFACE_WITH_KNOTS('',1,5,((#5611,#5612,#5613,#5614,#5615,
#5616),(#5617,#5618,#5619,#5620,#5621,#5622)),.UNSPECIFIED.,.F.,.F.,.F.,
(2,2),(6,6),(-0.199999999999991,1.40000000000005),(0.,0.37656854249493),
 .UNSPECIFIED.);
#4085=B_SPLINE_SURFACE_WITH_KNOTS('',5,1,((#5623,#5624),(#5625,#5626),(#5627,
#5628),(#5629,#5630),(#5631,#5632),(#5633,#5634)),.UNSPECIFIED.,.F.,.F.,
 .F.,(6,6),(2,2),(0.,0.376568542494928),(-0.200000000000007,1.39999999999999),
 .UNSPECIFIED.);
#4086=B_SPLINE_SURFACE_WITH_KNOTS('',1,5,((#5635,#5636,#5637,#5638,#5639,
#5640),(#5641,#5642,#5643,#5644,#5645,#5646)),.UNSPECIFIED.,.F.,.F.,.F.,
(2,2),(6,6),(-0.200000000000003,40.2),(0.,0.163163014548599),
 .UNSPECIFIED.);
#4087=B_SPLINE_SURFACE_WITH_KNOTS('',1,5,((#5647,#5648,#5649,#5650,#5651,
#5652),(#5653,#5654,#5655,#5656,#5657,#5658)),.UNSPECIFIED.,.F.,.F.,.F.,
(2,2),(6,6),(-0.199999999999993,40.2),(0.,0.163163014548608),
 .UNSPECIFIED.);
#4088=B_SPLINE_SURFACE_WITH_KNOTS('',5,1,((#8288,#8289),(#8290,#8291),(#8292,
#8293),(#8294,#8295),(#8296,#8297),(#8298,#8299)),.UNSPECIFIED.,.F.,.F.,
 .F.,(6,6),(2,2),(0.,1.),(-0.2,39.8137071876176),.UNSPECIFIED.);
#4089=B_SPLINE_SURFACE_WITH_KNOTS('',5,1,((#8301,#8302),(#8303,#8304),(#8305,
#8306),(#8307,#8308),(#8309,#8310),(#8311,#8312)),.UNSPECIFIED.,.F.,.F.,
 .F.,(6,6),(2,2),(0.,1.),(-0.2,39.8137071876176),.UNSPECIFIED.);
#4090=B_SPLINE_SURFACE_WITH_KNOTS('',5,1,((#8316,#8317),(#8318,#8319),(#8320,
#8321),(#8322,#8323),(#8324,#8325),(#8326,#8327)),.UNSPECIFIED.,.F.,.F.,
 .F.,(6,6),(2,2),(0.,1.88284271247464),(-1.00000000000003,2.00000000000002),
 .UNSPECIFIED.);
#4091=B_SPLINE_SURFACE_WITH_KNOTS('',5,1,((#8328,#8329),(#8330,#8331),(#8332,
#8333),(#8334,#8335),(#8336,#8337),(#8338,#8339)),.UNSPECIFIED.,.F.,.F.,
 .F.,(6,6),(2,2),(0.,1.88284271247462),(-1.00000000000003,1.99999999999999),
 .UNSPECIFIED.);
#4092=B_SPLINE_SURFACE_WITH_KNOTS('',1,5,((#8351,#8352,#8353,#8354,#8355,
#8356),(#8357,#8358,#8359,#8360,#8361,#8362)),.UNSPECIFIED.,.F.,.F.,.F.,
(2,2),(6,6),(-0.385394310826912,7.42318005720758),(0.,0.564852813742388),
 .UNSPECIFIED.);
#4093=B_SPLINE_SURFACE_WITH_KNOTS('',1,5,((#8369,#8370,#8371,#8372,#8373,
#8374),(#8375,#8376,#8377,#8378,#8379,#8380)),.UNSPECIFIED.,.F.,.F.,.F.,
(2,2),(6,6),(-1.00000000000003,2.00000000000002),(0.,1.88284271247464),
 .UNSPECIFIED.);
#4094=B_SPLINE_SURFACE_WITH_KNOTS('',1,5,((#8381,#8382,#8383,#8384,#8385,
#8386),(#8387,#8388,#8389,#8390,#8391,#8392)),.UNSPECIFIED.,.F.,.F.,.F.,
(2,2),(6,6),(-1.00000000000003,1.99999999999999),(0.,1.88284271247462),
 .UNSPECIFIED.);
#4095=B_SPLINE_SURFACE_WITH_KNOTS('',5,1,((#8404,#8405),(#8406,#8407),(#8408,
#8409),(#8410,#8411),(#8412,#8413),(#8414,#8415)),.UNSPECIFIED.,.F.,.F.,
 .F.,(6,6),(2,2),(0.,0.564852813742388),(-0.385394310826912,7.42318005720758),
 .UNSPECIFIED.);
#4096=B_SPLINE_SURFACE_WITH_KNOTS('',5,1,((#9391,#9392),(#9393,#9394),(#9395,
#9396),(#9397,#9398),(#9399,#9400),(#9401,#9402)),.UNSPECIFIED.,.F.,.F.,
 .F.,(6,6),(2,2),(0.,1.),(-0.500000000000021,3.10359584260148),
 .UNSPECIFIED.);
#4097=B_SPLINE_SURFACE_WITH_KNOTS('',1,5,((#9431,#9432,#9433,#9434,#9435,
#9436),(#9437,#9438,#9439,#9440,#9441,#9442)),.UNSPECIFIED.,.F.,.F.,.F.,
(2,2),(6,6),(-0.266414409558853,5.91552257982683),(0.,1.),.UNSPECIFIED.);
#4098=B_SPLINE_SURFACE_WITH_KNOTS('',1,5,((#9453,#9454,#9455,#9456,#9457,
#9458),(#9459,#9460,#9461,#9462,#9463,#9464)),.UNSPECIFIED.,.F.,.F.,.F.,
(2,2),(6,6),(-1.03228322371545,5.03228322371467),(0.,0.49836754671705),
 .UNSPECIFIED.);
#4099=B_SPLINE_SURFACE_WITH_KNOTS('',1,5,((#9467,#9468,#9469,#9470,#9471,
#9472),(#9473,#9474,#9475,#9476,#9477,#9478)),.UNSPECIFIED.,.F.,.F.,.F.,
(2,2),(6,6),(-2.52802560661659,8.65342956731299),(0.,3.51204875127248),
 .UNSPECIFIED.);
#4100=B_SPLINE_SURFACE_WITH_KNOTS('',1,5,((#9480,#9481,#9482,#9483,#9484,
#9485),(#9486,#9487,#9488,#9489,#9490,#9491)),.UNSPECIFIED.,.F.,.F.,.F.,
(2,2),(6,6),(-0.500000000000021,3.10359584260148),(0.,1.),.UNSPECIFIED.);
#4101=B_SPLINE_SURFACE_WITH_KNOTS('',5,1,((#9520,#9521),(#9522,#9523),(#9524,
#9525),(#9526,#9527),(#9528,#9529),(#9530,#9531)),.UNSPECIFIED.,.F.,.F.,
 .F.,(6,6),(2,2),(0.,1.),(-0.266414409558853,5.91552257982683),
 .UNSPECIFIED.);
#4102=B_SPLINE_SURFACE_WITH_KNOTS('',5,1,((#9542,#9543),(#9544,#9545),(#9546,
#9547),(#9548,#9549),(#9550,#9551),(#9552,#9553)),.UNSPECIFIED.,.F.,.F.,
 .F.,(6,6),(2,2),(0.,0.49836754671705),(-1.03228322371545,5.03228322371467),
 .UNSPECIFIED.);
#4103=B_SPLINE_SURFACE_WITH_KNOTS('',5,1,((#9556,#9557),(#9558,#9559),(#9560,
#9561),(#9562,#9563),(#9564,#9565),(#9566,#9567)),.UNSPECIFIED.,.F.,.F.,
 .F.,(6,6),(2,2),(0.,3.51204875127248),(-2.52802560661659,8.65342956731299),
 .UNSPECIFIED.);
#4104=CYLINDRICAL_SURFACE('',#4377,9.99999999999996);
#4105=CYLINDRICAL_SURFACE('',#4378,10.);
#4106=CYLINDRICAL_SURFACE('',#4388,10.);
#4107=CYLINDRICAL_SURFACE('',#4389,9.99999999999998);
#4108=CYLINDRICAL_SURFACE('',#4399,8.40000000000008);
#4109=CYLINDRICAL_SURFACE('',#4400,8.40000000000001);
#4110=CYLINDRICAL_SURFACE('',#4401,8.39999999999992);
#4111=CYLINDRICAL_SURFACE('',#4402,8.39999999999989);
#4112=CYLINDRICAL_SURFACE('',#4406,1.);
#4113=CYLINDRICAL_SURFACE('',#4407,1.00000000000002);
#4114=CYLINDRICAL_SURFACE('',#4408,1.00000000000001);
#4115=CYLINDRICAL_SURFACE('',#4409,1.00000000000011);
#4116=CYLINDRICAL_SURFACE('',#4435,8.40000000000008);
#4117=CYLINDRICAL_SURFACE('',#4436,8.40000000000001);
#4118=CYLINDRICAL_SURFACE('',#4437,8.39999999999992);
#4119=CYLINDRICAL_SURFACE('',#4438,8.39999999999993);
#4120=CYLINDRICAL_SURFACE('',#4439,1.00000000000008);
#4121=CYLINDRICAL_SURFACE('',#4441,1.00000000000009);
#4122=CYLINDRICAL_SURFACE('',#4442,1.00000000000001);
#4123=CYLINDRICAL_SURFACE('',#4443,1.00000000000003);
#4124=CYLINDRICAL_SURFACE('',#4458,10.);
#4125=CYLINDRICAL_SURFACE('',#4459,9.99999999999999);
#4126=CYLINDRICAL_SURFACE('',#4462,10.);
#4127=CYLINDRICAL_SURFACE('',#4463,9.99999999999999);
#4128=CYLINDRICAL_SURFACE('',#4475,10.);
#4129=CYLINDRICAL_SURFACE('',#4476,9.99999999999999);
#4130=CYLINDRICAL_SURFACE('',#4479,10.);
#4131=CYLINDRICAL_SURFACE('',#4480,9.99999999999999);
#4132=CYLINDRICAL_SURFACE('',#4495,9.15383006667166);
#4133=CYLINDRICAL_SURFACE('',#4500,9.15383006667162);
#4134=CYLINDRICAL_SURFACE('',#4502,9.15383006667163);
#4135=CYLINDRICAL_SURFACE('',#4507,9.15383006667164);
#4136=CYLINDRICAL_SURFACE('',#4525,0.35970651313373);
#4137=CYLINDRICAL_SURFACE('',#4530,0.400000000000041);
#4138=CYLINDRICAL_SURFACE('',#4540,0.35970651313373);
#4139=CYLINDRICAL_SURFACE('',#4545,0.400000000000041);
#4140=PLANE('',#4373);
#4141=PLANE('',#4374);
#4142=PLANE('',#4375);
#4143=PLANE('',#4376);
#4144=PLANE('',#4379);
#4145=PLANE('',#4380);
#4146=PLANE('',#4381);
#4147=PLANE('',#4382);
#4148=PLANE('',#4383);
#4149=PLANE('',#4384);
#4150=PLANE('',#4385);
#4151=PLANE('',#4386);
#4152=PLANE('',#4387);
#4153=PLANE('',#4390);
#4154=PLANE('',#4391);
#4155=PLANE('',#4392);
#4156=PLANE('',#4393);
#4157=PLANE('',#4394);
#4158=PLANE('',#4395);
#4159=PLANE('',#4396);
#4160=PLANE('',#4397);
#4161=PLANE('',#4398);
#4162=PLANE('',#4403);
#4163=PLANE('',#4404);
#4164=PLANE('',#4405);
#4165=PLANE('',#4410);
#4166=PLANE('',#4411);
#4167=PLANE('',#4412);
#4168=PLANE('',#4413);
#4169=PLANE('',#4414);
#4170=PLANE('',#4415);
#4171=PLANE('',#4416);
#4172=PLANE('',#4417);
#4173=PLANE('',#4418);
#4174=PLANE('',#4419);
#4175=PLANE('',#4420);
#4176=PLANE('',#4421);
#4177=PLANE('',#4422);
#4178=PLANE('',#4423);
#4179=PLANE('',#4424);
#4180=PLANE('',#4425);
#4181=PLANE('',#4426);
#4182=PLANE('',#4427);
#4183=PLANE('',#4428);
#4184=PLANE('',#4429);
#4185=PLANE('',#4430);
#4186=PLANE('',#4431);
#4187=PLANE('',#4432);
#4188=PLANE('',#4433);
#4189=PLANE('',#4434);
#4190=PLANE('',#4440);
#4191=PLANE('',#4444);
#4192=PLANE('',#4445);
#4193=PLANE('',#4446);
#4194=PLANE('',#4447);
#4195=PLANE('',#4448);
#4196=PLANE('',#4449);
#4197=PLANE('',#4450);
#4198=PLANE('',#4451);
#4199=PLANE('',#4452);
#4200=PLANE('',#4453);
#4201=PLANE('',#4454);
#4202=PLANE('',#4455);
#4203=PLANE('',#4456);
#4204=PLANE('',#4457);
#4205=PLANE('',#4460);
#4206=PLANE('',#4461);
#4207=PLANE('',#4464);
#4208=PLANE('',#4465);
#4209=PLANE('',#4466);
#4210=PLANE('',#4467);
#4211=PLANE('',#4468);
#4212=PLANE('',#4469);
#4213=PLANE('',#4470);
#4214=PLANE('',#4471);
#4215=PLANE('',#4472);
#4216=PLANE('',#4473);
#4217=PLANE('',#4474);
#4218=PLANE('',#4477);
#4219=PLANE('',#4478);
#4220=PLANE('',#4481);
#4221=PLANE('',#4482);
#4222=PLANE('',#4483);
#4223=PLANE('',#4484);
#4224=PLANE('',#4485);
#4225=PLANE('',#4486);
#4226=PLANE('',#4487);
#4227=PLANE('',#4488);
#4228=PLANE('',#4489);
#4229=PLANE('',#4490);
#4230=PLANE('',#4491);
#4231=PLANE('',#4492);
#4232=PLANE('',#4493);
#4233=PLANE('',#4494);
#4234=PLANE('',#4496);
#4235=PLANE('',#4497);
#4236=PLANE('',#4498);
#4237=PLANE('',#4499);
#4238=PLANE('',#4501);
#4239=PLANE('',#4503);
#4240=PLANE('',#4504);
#4241=PLANE('',#4505);
#4242=PLANE('',#4506);
#4243=PLANE('',#4508);
#4244=PLANE('',#4509);
#4245=PLANE('',#4510);
#4246=PLANE('',#4511);
#4247=PLANE('',#4512);
#4248=PLANE('',#4513);
#4249=PLANE('',#4514);
#4250=PLANE('',#4515);
#4251=PLANE('',#4516);
#4252=PLANE('',#4517);
#4253=PLANE('',#4518);
#4254=PLANE('',#4519);
#4255=PLANE('',#4520);
#4256=PLANE('',#4521);
#4257=PLANE('',#4522);
#4258=PLANE('',#4523);
#4259=PLANE('',#4524);
#4260=PLANE('',#4526);
#4261=PLANE('',#4527);
#4262=PLANE('',#4528);
#4263=PLANE('',#4529);
#4264=PLANE('',#4531);
#4265=PLANE('',#4532);
#4266=PLANE('',#4533);
#4267=PLANE('',#4534);
#4268=PLANE('',#4535);
#4269=PLANE('',#4536);
#4270=PLANE('',#4537);
#4271=PLANE('',#4538);
#4272=PLANE('',#4539);
#4273=PLANE('',#4541);
#4274=PLANE('',#4542);
#4275=PLANE('',#4543);
#4276=PLANE('',#4544);
#4277=PLANE('',#4546);
#4278=PLANE('',#4547);
#4279=PLANE('',#4548);
#4280=PLANE('',#4549);
#4281=PLANE('',#4550);
#4282=PLANE('',#4551);
#4283=PLANE('',#4552);
#4284=PLANE('',#4553);
#4285=SHAPE_DEFINITION_REPRESENTATION(#4286,#4371);
#4286=PRODUCT_DEFINITION_SHAPE('Document','',#4288);
#4287=PRODUCT_DEFINITION_CONTEXT('3D Mechanical Parts',#4360,'design');
#4288=PRODUCT_DEFINITION('A','First version',#4330,#4287);
#4289=DATE_TIME_ROLE('classification_date');
#4290=DATE_TIME_ROLE('creation_date');
#4291=APPLIED_DATE_AND_TIME_ASSIGNMENT(#4315,#4289,(#4294));
#4292=APPLIED_DATE_AND_TIME_ASSIGNMENT(#4317,#4290,(#4288));
#4293=SECURITY_CLASSIFICATION_LEVEL('unclassified');
#4294=SECURITY_CLASSIFICATION('A','Security for version',#4293);
#4295=APPLIED_SECURITY_CLASSIFICATION_ASSIGNMENT(#4294,(#4330));
#4296=APPROVAL_ROLE('Version approval');
#4297=APPROVAL_ROLE('Version Security approval');
#4298=APPROVAL_ROLE('Definition approval');
#4299=APPROVAL_PERSON_ORGANIZATION(#4348,#4324,#4296);
#4300=APPROVAL_PERSON_ORGANIZATION(#4349,#4325,#4297);
#4301=APPROVAL_PERSON_ORGANIZATION(#4352,#4326,#4298);
#4302=COORDINATED_UNIVERSAL_TIME_OFFSET(5,0,.BEHIND.);
#4303=LOCAL_TIME(0,0,0.,#4302);
#4304=LOCAL_TIME(0,0,0.,#4302);
#4305=LOCAL_TIME(0,0,0.,#4302);
#4306=LOCAL_TIME(0,0,0.,#4302);
#4307=LOCAL_TIME(0,0,0.,#4302);
#4308=CALENDAR_DATE(1999,1,1);
#4309=CALENDAR_DATE(1999,1,1);
#4310=CALENDAR_DATE(1999,1,1);
#4311=CALENDAR_DATE(1999,1,1);
#4312=CALENDAR_DATE(1999,1,1);
#4313=DATE_AND_TIME(#4308,#4303);
#4314=DATE_AND_TIME(#4309,#4304);
#4315=DATE_AND_TIME(#4310,#4305);
#4316=DATE_AND_TIME(#4311,#4306);
#4317=DATE_AND_TIME(#4312,#4307);
#4318=APPROVAL_DATE_TIME(#4313,#4324);
#4319=APPROVAL_DATE_TIME(#4314,#4325);
#4320=APPROVAL_DATE_TIME(#4316,#4326);
#4321=APPROVAL_STATUS('not_yet_approved');
#4322=APPROVAL_STATUS('not_yet_approved');
#4323=APPROVAL_STATUS('approved');
#4324=APPROVAL(#4321,'Version approval');
#4325=APPROVAL(#4322,'Version Security approval');
#4326=APPROVAL(#4323,'Definition approval');
#4327=APPLIED_APPROVAL_ASSIGNMENT(#4324,(#4330));
#4328=APPLIED_APPROVAL_ASSIGNMENT(#4325,(#4294));
#4329=APPLIED_APPROVAL_ASSIGNMENT(#4326,(#4288));
#4330=PRODUCT_DEFINITION_FORMATION_WITH_SPECIFIED_SOURCE('A',
'First version',#4362,.MADE.);
#4331=PERSON_AND_ORGANIZATION_ROLE('design_owner');
#4332=PERSON_AND_ORGANIZATION_ROLE('creator');
#4333=PERSON_AND_ORGANIZATION_ROLE('design_supplier');
#4334=PERSON_AND_ORGANIZATION_ROLE('classification_officer');
#4335=PERSON_AND_ORGANIZATION_ROLE('creator');
#4336=ORGANIZATION('STI','lab','lab');
#4337=ORGANIZATION('STI','unknown','unknown');
#4338=ORGANIZATION('STI','unknown','unknown');
#4339=ORGANIZATION('STI','unknown','unknown');
#4340=ORGANIZATION('STI','unknown','unknown');
#4341=ORGANIZATION('STI','unknown','unknown');
#4342=ORGANIZATION('STI','unknown','unknown');
#4343=PERSON('1','Box','vc60',$,$,$);
#4344=PERSON('2','last','first',$,$,$);
#4345=PERSON('3','President','Mr.',$,$,$);
#4346=PERSON_AND_ORGANIZATION(#4343,#4336);
#4347=PERSON_AND_ORGANIZATION(#4344,#4337);
#4348=PERSON_AND_ORGANIZATION(#4345,#4338);
#4349=PERSON_AND_ORGANIZATION(#4345,#4339);
#4350=PERSON_AND_ORGANIZATION(#4345,#4340);
#4351=PERSON_AND_ORGANIZATION(#4344,#4341);
#4352=PERSON_AND_ORGANIZATION(#4345,#4342);
#4353=APPLIED_PERSON_AND_ORGANIZATION_ASSIGNMENT(#4346,#4331,(#4362));
#4354=APPLIED_PERSON_AND_ORGANIZATION_ASSIGNMENT(#4347,#4332,(#4330));
#4355=APPLIED_PERSON_AND_ORGANIZATION_ASSIGNMENT(#4347,#4333,(#4330));
#4356=APPLIED_PERSON_AND_ORGANIZATION_ASSIGNMENT(#4350,#4334,(#4294));
#4357=APPLIED_PERSON_AND_ORGANIZATION_ASSIGNMENT(#4351,#4335,(#4288));
#4358=PRODUCT_RELATED_PRODUCT_CATEGORY('detail','detail',(#4362));
#4359=APPLICATION_PROTOCOL_DEFINITION('International Standard',
'config_control_design',1994,#4360);
#4360=APPLICATION_CONTEXT(
'configuration controlled 3d designs of mechanical parts and assemblie
s');
#4361=PRODUCT_CONTEXT('3D Mechanical Parts',#4360,'mechanical');
#4362=PRODUCT('Document','Document','',(#4361));
#4363=(
LENGTH_UNIT()
NAMED_UNIT(*)
SI_UNIT(.MILLI.,.METRE.)
);
#4364=(
NAMED_UNIT(*)
PLANE_ANGLE_UNIT()
SI_UNIT($,.RADIAN.)
);
#4365=DIMENSIONAL_EXPONENTS(0.,0.,0.,0.,0.,0.,0.);
#4366=PLANE_ANGLE_MEASURE_WITH_UNIT(PLANE_ANGLE_MEASURE(0.01745329252),
#4364);
#4367=(
CONVERSION_BASED_UNIT('DEGREES',#4366)
NAMED_UNIT(#4365)
PLANE_ANGLE_UNIT()
);
#4368=(
NAMED_UNIT(*)
SI_UNIT($,.STERADIAN.)
SOLID_ANGLE_UNIT()
);
#4369=UNCERTAINTY_MEASURE_WITH_UNIT(LENGTH_MEASURE(0.001),#4363,
'DISTANCE_ACCURACY_VALUE',
'Maximum model space distance between geometric entities at asserted c
onnectivities');
#4370=(
GEOMETRIC_REPRESENTATION_CONTEXT(3)
GLOBAL_UNCERTAINTY_ASSIGNED_CONTEXT((#4369))
GLOBAL_UNIT_ASSIGNED_CONTEXT((#4368,#4367,#4363))
REPRESENTATION_CONTEXT('ID1','3D')
);
#4371=SHAPE_REPRESENTATION('Document',(#4372,#4554),#4370);
#4372=AXIS2_PLACEMENT_3D('',#4740,#4555,#4556);
#4373=AXIS2_PLACEMENT_3D('',#4741,#4557,$);
#4374=AXIS2_PLACEMENT_3D('',#4742,#4558,$);
#4375=AXIS2_PLACEMENT_3D('',#4743,#4559,$);
#4376=AXIS2_PLACEMENT_3D('',#4744,#4560,$);
#4377=AXIS2_PLACEMENT_3D('',#4745,#4561,$);
#4378=AXIS2_PLACEMENT_3D('',#4746,#4562,$);
#4379=AXIS2_PLACEMENT_3D('',#4759,#4563,$);
#4380=AXIS2_PLACEMENT_3D('',#4772,#4564,$);
#4381=AXIS2_PLACEMENT_3D('',#4773,#4565,$);
#4382=AXIS2_PLACEMENT_3D('',#4774,#4566,$);
#4383=AXIS2_PLACEMENT_3D('',#4775,#4567,$);
#4384=AXIS2_PLACEMENT_3D('',#4776,#4568,$);
#4385=AXIS2_PLACEMENT_3D('',#4789,#4569,$);
#4386=AXIS2_PLACEMENT_3D('',#4802,#4570,$);
#4387=AXIS2_PLACEMENT_3D('',#4815,#4571,$);
#4388=AXIS2_PLACEMENT_3D('',#4828,#4572,$);
#4389=AXIS2_PLACEMENT_3D('',#4829,#4573,$);
#4390=AXIS2_PLACEMENT_3D('',#4842,#4574,$);
#4391=AXIS2_PLACEMENT_3D('',#4855,#4575,$);
#4392=AXIS2_PLACEMENT_3D('',#4856,#4576,$);
#4393=AXIS2_PLACEMENT_3D('',#4857,#4577,$);
#4394=AXIS2_PLACEMENT_3D('',#4858,#4578,$);
#4395=AXIS2_PLACEMENT_3D('',#4859,#4579,$);
#4396=AXIS2_PLACEMENT_3D('',#4872,#4580,$);
#4397=AXIS2_PLACEMENT_3D('',#4897,#4581,$);
#4398=AXIS2_PLACEMENT_3D('',#4910,#4582,$);
#4399=AXIS2_PLACEMENT_3D('',#4911,#4583,$);
#4400=AXIS2_PLACEMENT_3D('',#4912,#4584,$);
#4401=AXIS2_PLACEMENT_3D('',#5161,#4585,$);
#4402=AXIS2_PLACEMENT_3D('',#5162,#4586,$);
#4403=AXIS2_PLACEMENT_3D('',#5411,#4587,$);
#4404=AXIS2_PLACEMENT_3D('',#5412,#4588,$);
#4405=AXIS2_PLACEMENT_3D('',#5413,#4589,$);
#4406=AXIS2_PLACEMENT_3D('',#5414,#4590,$);
#4407=AXIS2_PLACEMENT_3D('',#5415,#4591,$);
#4408=AXIS2_PLACEMENT_3D('',#5416,#4592,$);
#4409=AXIS2_PLACEMENT_3D('',#5417,#4593,$);
#4410=AXIS2_PLACEMENT_3D('',#5418,#4594,$);
#4411=AXIS2_PLACEMENT_3D('',#5419,#4595,$);
#4412=AXIS2_PLACEMENT_3D('',#5420,#4596,$);
#4413=AXIS2_PLACEMENT_3D('',#5421,#4597,$);
#4414=AXIS2_PLACEMENT_3D('',#5422,#4598,$);
#4415=AXIS2_PLACEMENT_3D('',#5423,#4599,$);
#4416=AXIS2_PLACEMENT_3D('',#5424,#4600,$);
#4417=AXIS2_PLACEMENT_3D('',#5425,#4601,$);
#4418=AXIS2_PLACEMENT_3D('',#5426,#4602,$);
#4419=AXIS2_PLACEMENT_3D('',#5427,#4603,$);
#4420=AXIS2_PLACEMENT_3D('',#5428,#4604,$);
#4421=AXIS2_PLACEMENT_3D('',#5429,#4605,$);
#4422=AXIS2_PLACEMENT_3D('',#5430,#4606,$);
#4423=AXIS2_PLACEMENT_3D('',#5431,#4607,$);
#4424=AXIS2_PLACEMENT_3D('',#5432,#4608,$);
#4425=AXIS2_PLACEMENT_3D('',#5433,#4609,$);
#4426=AXIS2_PLACEMENT_3D('',#5482,#4610,$);
#4427=AXIS2_PLACEMENT_3D('',#5483,#4611,$);
#4428=AXIS2_PLACEMENT_3D('',#5484,#4612,$);
#4429=AXIS2_PLACEMENT_3D('',#5485,#4613,$);
#4430=AXIS2_PLACEMENT_3D('',#5486,#4614,$);
#4431=AXIS2_PLACEMENT_3D('',#5583,#4615,$);
#4432=AXIS2_PLACEMENT_3D('',#5596,#4616,$);
#4433=AXIS2_PLACEMENT_3D('',#5609,#4617,$);
#4434=AXIS2_PLACEMENT_3D('',#5610,#4618,$);
#4435=AXIS2_PLACEMENT_3D('',#5659,#4619,$);
#4436=AXIS2_PLACEMENT_3D('',#5660,#4620,$);
#4437=AXIS2_PLACEMENT_3D('',#5881,#4621,$);
#4438=AXIS2_PLACEMENT_3D('',#5882,#4622,$);
#4439=AXIS2_PLACEMENT_3D('',#6103,#4623,$);
#4440=AXIS2_PLACEMENT_3D('',#6104,#4624,$);
#4441=AXIS2_PLACEMENT_3D('',#6105,#4625,$);
#4442=AXIS2_PLACEMENT_3D('',#6120,#4626,$);
#4443=AXIS2_PLACEMENT_3D('',#6135,#4627,$);
#4444=AXIS2_PLACEMENT_3D('',#6164,#4628,$);
#4445=AXIS2_PLACEMENT_3D('',#6165,#4629,$);
#4446=AXIS2_PLACEMENT_3D('',#6166,#4630,$);
#4447=AXIS2_PLACEMENT_3D('',#6167,#4631,$);
#4448=AXIS2_PLACEMENT_3D('',#6168,#4632,$);
#4449=AXIS2_PLACEMENT_3D('',#6169,#4633,$);
#4450=AXIS2_PLACEMENT_3D('',#6170,#4634,$);
#4451=AXIS2_PLACEMENT_3D('',#6171,#4635,$);
#4452=AXIS2_PLACEMENT_3D('',#6172,#4636,$);
#4453=AXIS2_PLACEMENT_3D('',#6173,#4637,$);
#4454=AXIS2_PLACEMENT_3D('',#6174,#4638,$);
#4455=AXIS2_PLACEMENT_3D('',#8287,#4639,$);
#4456=AXIS2_PLACEMENT_3D('',#8300,#4640,$);
#4457=AXIS2_PLACEMENT_3D('',#8313,#4641,$);
#4458=AXIS2_PLACEMENT_3D('',#8314,#4642,$);
#4459=AXIS2_PLACEMENT_3D('',#8315,#4643,$);
#4460=AXIS2_PLACEMENT_3D('',#8340,#4644,$);
#4461=AXIS2_PLACEMENT_3D('',#8341,#4645,$);
#4462=AXIS2_PLACEMENT_3D('',#8342,#4646,$);
#4463=AXIS2_PLACEMENT_3D('',#8343,#4647,$);
#4464=AXIS2_PLACEMENT_3D('',#8344,#4648,$);
#4465=AXIS2_PLACEMENT_3D('',#8345,#4649,$);
#4466=AXIS2_PLACEMENT_3D('',#8346,#4650,$);
#4467=AXIS2_PLACEMENT_3D('',#8347,#4651,$);
#4468=AXIS2_PLACEMENT_3D('',#8348,#4652,$);
#4469=AXIS2_PLACEMENT_3D('',#8349,#4653,$);
#4470=AXIS2_PLACEMENT_3D('',#8350,#4654,$);
#4471=AXIS2_PLACEMENT_3D('',#8363,#4655,$);
#4472=AXIS2_PLACEMENT_3D('',#8364,#4656,$);
#4473=AXIS2_PLACEMENT_3D('',#8365,#4657,$);
#4474=AXIS2_PLACEMENT_3D('',#8366,#4658,$);
#4475=AXIS2_PLACEMENT_3D('',#8367,#4659,$);
#4476=AXIS2_PLACEMENT_3D('',#8368,#4660,$);
#4477=AXIS2_PLACEMENT_3D('',#8393,#4661,$);
#4478=AXIS2_PLACEMENT_3D('',#8394,#4662,$);
#4479=AXIS2_PLACEMENT_3D('',#8395,#4663,$);
#4480=AXIS2_PLACEMENT_3D('',#8396,#4664,$);
#4481=AXIS2_PLACEMENT_3D('',#8397,#4665,$);
#4482=AXIS2_PLACEMENT_3D('',#8398,#4666,$);
#4483=AXIS2_PLACEMENT_3D('',#8399,#4667,$);
#4484=AXIS2_PLACEMENT_3D('',#8400,#4668,$);
#4485=AXIS2_PLACEMENT_3D('',#8401,#4669,$);
#4486=AXIS2_PLACEMENT_3D('',#8402,#4670,$);
#4487=AXIS2_PLACEMENT_3D('',#8403,#4671,$);
#4488=AXIS2_PLACEMENT_3D('',#8416,#4672,$);
#4489=AXIS2_PLACEMENT_3D('',#8417,#4673,$);
#4490=AXIS2_PLACEMENT_3D('',#8418,#4674,$);
#4491=AXIS2_PLACEMENT_3D('',#8419,#4675,$);
#4492=AXIS2_PLACEMENT_3D('',#8420,#4676,$);
#4493=AXIS2_PLACEMENT_3D('',#8421,#4677,$);
#4494=AXIS2_PLACEMENT_3D('',#8422,#4678,$);
#4495=AXIS2_PLACEMENT_3D('',#8423,#4679,$);
#4496=AXIS2_PLACEMENT_3D('',#8424,#4680,$);
#4497=AXIS2_PLACEMENT_3D('',#8425,#4681,$);
#4498=AXIS2_PLACEMENT_3D('',#8426,#4682,$);
#4499=AXIS2_PLACEMENT_3D('',#8427,#4683,$);
#4500=AXIS2_PLACEMENT_3D('',#8428,#4684,$);
#4501=AXIS2_PLACEMENT_3D('',#8429,#4685,$);
#4502=AXIS2_PLACEMENT_3D('',#8430,#4686,$);
#4503=AXIS2_PLACEMENT_3D('',#8431,#4687,$);
#4504=AXIS2_PLACEMENT_3D('',#8432,#4688,$);
#4505=AXIS2_PLACEMENT_3D('',#8433,#4689,$);
#4506=AXIS2_PLACEMENT_3D('',#8434,#4690,$);
#4507=AXIS2_PLACEMENT_3D('',#8435,#4691,$);
#4508=AXIS2_PLACEMENT_3D('',#8436,#4692,$);
#4509=AXIS2_PLACEMENT_3D('',#8437,#4693,$);
#4510=AXIS2_PLACEMENT_3D('',#8438,#4694,$);
#4511=AXIS2_PLACEMENT_3D('',#8439,#4695,$);
#4512=AXIS2_PLACEMENT_3D('',#8440,#4696,$);
#4513=AXIS2_PLACEMENT_3D('',#8441,#4697,$);
#4514=AXIS2_PLACEMENT_3D('',#8442,#4698,$);
#4515=AXIS2_PLACEMENT_3D('',#8443,#4699,$);
#4516=AXIS2_PLACEMENT_3D('',#8444,#4700,$);
#4517=AXIS2_PLACEMENT_3D('',#8445,#4701,$);
#4518=AXIS2_PLACEMENT_3D('',#8446,#4702,$);
#4519=AXIS2_PLACEMENT_3D('',#8447,#4703,$);
#4520=AXIS2_PLACEMENT_3D('',#8448,#4704,$);
#4521=AXIS2_PLACEMENT_3D('',#8449,#4705,$);
#4522=AXIS2_PLACEMENT_3D('',#8450,#4706,$);
#4523=AXIS2_PLACEMENT_3D('',#8451,#4707,$);
#4524=AXIS2_PLACEMENT_3D('',#9390,#4708,$);
#4525=AXIS2_PLACEMENT_3D('',#9403,#4709,$);
#4526=AXIS2_PLACEMENT_3D('',#9404,#4710,$);
#4527=AXIS2_PLACEMENT_3D('',#9405,#4711,$);
#4528=AXIS2_PLACEMENT_3D('',#9406,#4712,$);
#4529=AXIS2_PLACEMENT_3D('',#9413,#4713,$);
#4530=AXIS2_PLACEMENT_3D('',#9414,#4714,$);
#4531=AXIS2_PLACEMENT_3D('',#9415,#4715,$);
#4532=AXIS2_PLACEMENT_3D('',#9416,#4716,$);
#4533=AXIS2_PLACEMENT_3D('',#9417,#4717,$);
#4534=AXIS2_PLACEMENT_3D('',#9428,#4718,$);
#4535=AXIS2_PLACEMENT_3D('',#9429,#4719,$);
#4536=AXIS2_PLACEMENT_3D('',#9430,#4720,$);
#4537=AXIS2_PLACEMENT_3D('',#9465,#4721,$);
#4538=AXIS2_PLACEMENT_3D('',#9466,#4722,$);
#4539=AXIS2_PLACEMENT_3D('',#9479,#4723,$);
#4540=AXIS2_PLACEMENT_3D('',#9492,#4724,$);
#4541=AXIS2_PLACEMENT_3D('',#9493,#4725,$);
#4542=AXIS2_PLACEMENT_3D('',#9494,#4726,$);
#4543=AXIS2_PLACEMENT_3D('',#9495,#4727,$);
#4544=AXIS2_PLACEMENT_3D('',#9502,#4728,$);
#4545=AXIS2_PLACEMENT_3D('',#9503,#4729,$);
#4546=AXIS2_PLACEMENT_3D('',#9504,#4730,$);
#4547=AXIS2_PLACEMENT_3D('',#9505,#4731,$);
#4548=AXIS2_PLACEMENT_3D('',#9506,#4732,$);
#4549=AXIS2_PLACEMENT_3D('',#9517,#4733,$);
#4550=AXIS2_PLACEMENT_3D('',#9518,#4734,$);
#4551=AXIS2_PLACEMENT_3D('',#9519,#4735,$);
#4552=AXIS2_PLACEMENT_3D('',#9554,#4736,$);
#4553=AXIS2_PLACEMENT_3D('',#9555,#4737,$);
#4554=AXIS2_PLACEMENT_3D('',#10098,#4738,#4739);
#4555=DIRECTION('',(0.,0.,1.));
#4556=DIRECTION('',(1.,0.,0.));
#4557=DIRECTION('',(1.,0.,0.));
#4558=DIRECTION('',(-1.,0.,0.));
#4559=DIRECTION('',(0.,-1.,0.));
#4560=DIRECTION('',(0.,1.,0.));
#4561=DIRECTION('',(-8.57700954658858E-16,8.57700954658855E-16,-1.));
#4562=DIRECTION('',(8.57700954658851E-16,8.57700954658851E-16,-1.));
#4563=DIRECTION('',(0.,-1.,0.));
#4564=DIRECTION('',(0.,-1.,0.));
#4565=DIRECTION('',(0.,-1.,0.));
#4566=DIRECTION('',(0.,0.,1.));
#4567=DIRECTION('',(-1.,0.,0.));
#4568=DIRECTION('',(0.,-1.,0.));
#4569=DIRECTION('',(1.,0.,0.));
#4570=DIRECTION('',(-1.,0.,0.));
#4571=DIRECTION('',(1.,0.,0.));
#4572=DIRECTION('',(8.5770095465886E-16,8.57700954658854E-16,1.));
#4573=DIRECTION('',(-8.57700954658852E-16,8.57700954658854E-16,1.));
#4574=DIRECTION('',(0.,1.,0.));
#4575=DIRECTION('',(0.,1.,0.));
#4576=DIRECTION('',(0.,1.,0.));
#4577=DIRECTION('',(0.,0.,1.));
#4578=DIRECTION('',(-1.,0.,0.));
#4579=DIRECTION('',(0.,1.,0.));
#4580=DIRECTION('',(1.,0.,0.));
#4581=DIRECTION('',(1.,0.,0.));
#4582=DIRECTION('',(0.,0.,-1.));
#4583=DIRECTION('',(-2.27708611325779E-13,-1.0116432499369E-15,-1.));
#4584=DIRECTION('',(-2.29750756455908E-13,3.05378838006626E-15,-1.));
#4585=DIRECTION('',(-2.27708611325767E-13,-1.01164324992484E-15,-1.));
#4586=DIRECTION('',(-2.27708611325765E-13,1.01164324992301E-15,-1.));
#4587=DIRECTION('',(0.,1.,0.));
#4588=DIRECTION('',(1.,0.,0.));
#4589=DIRECTION('',(-1.,0.,0.));
#4590=DIRECTION('',(-2.22250949620655E-13,8.64796284701322E-15,-1.));
#4591=DIRECTION('',(-2.22250949620774E-13,-8.64796284689928E-15,-1.));
#4592=DIRECTION('',(-2.22250949621137E-13,8.64796284660784E-15,-1.));
#4593=DIRECTION('',(-2.22250949620778E-13,-8.64796284670313E-15,-1.));
#4594=DIRECTION('',(0.00403436818493222,-0.99999186190356,-4.98240564814599E-14));
#4595=DIRECTION('',(0.,-1.,0.));
#4596=DIRECTION('',(-1.,0.,0.));
#4597=DIRECTION('',(0.,1.,0.));
#4598=DIRECTION('',(1.,0.,0.));
#4599=DIRECTION('',(0.,1.,0.));
#4600=DIRECTION('',(-1.,0.,0.));
#4601=DIRECTION('',(0.,1.,0.));
#4602=DIRECTION('',(1.,0.,0.));
#4603=DIRECTION('',(0.,-1.,0.));
#4604=DIRECTION('',(-1.,0.,0.));
#4605=DIRECTION('',(0.,-1.,0.));
#4606=DIRECTION('',(1.,0.,0.));
#4607=DIRECTION('',(0.999991861903556,0.00403436818587012,0.));
#4608=DIRECTION('',(-0.00403436818515965,0.999991861903559,8.38477869648953E-16));
#4609=DIRECTION('',(-0.99999186190356,-0.0040343681848469,0.));
#4610=DIRECTION('',(0.,0.,1.));
#4611=DIRECTION('',(1.,0.,0.));
#4612=DIRECTION('',(-1.,0.,0.));
#4613=DIRECTION('',(0.,-1.,0.));
#4614=DIRECTION('',(0.,1.,0.));
#4615=DIRECTION('',(1.,0.,0.));
#4616=DIRECTION('',(0.707106781186549,7.85046229341889E-17,-0.707106781186546));
#4617=DIRECTION('',(-1.,0.,0.));
#4618=DIRECTION('',(-0.707106781186547,1.57009245868378E-16,-0.707106781186547));
#4619=DIRECTION('',(2.2872968389085E-13,2.03271581500791E-15,1.));
#4620=DIRECTION('',(2.27708611325768E-13,-1.01164324992623E-15,1.));
#4621=DIRECTION('',(2.27708611325767E-13,1.01164324992484E-15,1.));
#4622=DIRECTION('',(2.27708611325766E-13,-1.01164324992393E-15,1.));
#4623=DIRECTION('',(2.13350825171866E-13,1.75480872956229E-14,1.));
#4624=DIRECTION('',(0.,0.,1.));
#4625=DIRECTION('',(2.13350825171743E-13,-1.75480872959074E-14,1.));
#4626=DIRECTION('',(2.13350825171855E-13,1.75480872958131E-14,1.));
#4627=DIRECTION('',(2.22250949621137E-13,-8.64796284660814E-15,1.));
#4628=DIRECTION('',(0.,0.,1.));
#4629=DIRECTION('',(0.,0.,1.));
#4630=DIRECTION('',(0.,0.,1.));
#4631=DIRECTION('',(0.,1.,0.));
#4632=DIRECTION('',(0.,-1.,0.));
#4633=DIRECTION('',(0.,1.,0.));
#4634=DIRECTION('',(0.,-1.,0.));
#4635=DIRECTION('',(-1.,0.,0.));
#4636=DIRECTION('',(1.,0.,0.));
#4637=DIRECTION('',(0.,-1.,0.));
#4638=DIRECTION('',(0.,1.,0.));
#4639=DIRECTION('',(-0.707106781186547,0.,0.707106781186547));
#4640=DIRECTION('',(0.707106781186547,0.,0.707106781186547));
#4641=DIRECTION('',(0.,0.,1.));
#4642=DIRECTION('',(-4.28850477329429E-16,-4.28850477329429E-16,1.));
#4643=DIRECTION('',(4.28850477329429E-16,-4.28850477329429E-16,1.));
#4644=DIRECTION('',(1.,0.,0.));
#4645=DIRECTION('',(-1.,0.,0.));
#4646=DIRECTION('',(0.,0.,1.));
#4647=DIRECTION('',(0.,0.,1.));
#4648=DIRECTION('',(0.,1.,0.));
#4649=DIRECTION('',(0.,-1.,0.));
#4650=DIRECTION('',(0.,1.,0.));
#4651=DIRECTION('',(0.96179445480757,-0.273772582084857,0.));
#4652=DIRECTION('',(-0.961794454807571,-0.273772582084852,8.74848835454407E-17));
#4653=DIRECTION('',(0.,0.,1.));
#4654=DIRECTION('',(0.,1.,0.));
#4655=DIRECTION('',(0.,-0.976848285746639,-0.213933229382095));
#4656=DIRECTION('',(-0.70710678118655,-0.690736047041901,-0.151273637217217));
#4657=DIRECTION('',(0.707106781186546,-0.690736047041904,-0.151273637217217));
#4658=DIRECTION('',(0.,0.,1.));
#4659=DIRECTION('',(4.28850477329429E-16,-4.28850477329429E-16,-1.));
#4660=DIRECTION('',(-4.28850477329429E-16,-4.28850477329429E-16,-1.));
#4661=DIRECTION('',(1.,0.,0.));
#4662=DIRECTION('',(-1.,0.,0.));
#4663=DIRECTION('',(0.,0.,-1.));
#4664=DIRECTION('',(0.,0.,-1.));
#4665=DIRECTION('',(0.,-1.,0.));
#4666=DIRECTION('',(0.,1.,0.));
#4667=DIRECTION('',(0.,-1.,0.));
#4668=DIRECTION('',(0.96179445480757,0.273772582084857,0.));
#4669=DIRECTION('',(-0.961794454807571,0.273772582084852,0.));
#4670=DIRECTION('',(0.,0.,1.));
#4671=DIRECTION('',(0.,-1.,0.));
#4672=DIRECTION('',(0.,0.976848285746639,-0.213933229382095));
#4673=DIRECTION('',(-0.70710678118655,0.690736047041901,-0.151273637217217));
#4674=DIRECTION('',(0.707106781186546,0.690736047041904,-0.151273637217217));
#4675=DIRECTION('',(0.,0.,-1.));
#4676=DIRECTION('',(1.,0.,0.));
#4677=DIRECTION('',(-1.,0.,0.));
#4678=DIRECTION('',(-1.,0.,0.));
#4679=DIRECTION('',(-9.36985882861949E-16,-9.3698588286195E-16,1.));
#4680=DIRECTION('',(0.,-1.,0.));
#4681=DIRECTION('',(1.,0.,0.));
#4682=DIRECTION('',(-1.,0.,0.));
#4683=DIRECTION('',(0.,-1.,0.));
#4684=DIRECTION('',(0.,0.,1.));
#4685=DIRECTION('',(1.,0.,0.));
#4686=DIRECTION('',(0.,0.,1.));
#4687=DIRECTION('',(0.,1.,0.));
#4688=DIRECTION('',(-1.,0.,0.));
#4689=DIRECTION('',(1.,0.,0.));
#4690=DIRECTION('',(0.,1.,0.));
#4691=DIRECTION('',(-9.36985882861944E-16,9.36985882861945E-16,1.));
#4692=DIRECTION('',(-1.08005291393372E-17,-0.77826014411717,0.627941994199083));
#4693=DIRECTION('',(0.,-1.,0.));
#4694=DIRECTION('',(0.,1.,0.));
#4695=DIRECTION('',(-2.16010582786744E-17,0.778260144117169,0.627941994199084));
#4696=DIRECTION('',(0.,0.,1.));
#4697=DIRECTION('',(0.,0.,1.));
#4698=DIRECTION('',(0.,0.,1.));
#4699=DIRECTION('',(0.,0.,1.));
#4700=DIRECTION('',(0.,0.,1.));
#4701=DIRECTION('',(0.,0.,1.));
#4702=DIRECTION('',(0.,0.,1.));
#4703=DIRECTION('',(0.,-1.,0.));
#4704=DIRECTION('',(-1.08005291393372E-17,-0.77826014411717,0.627941994199083));
#4705=DIRECTION('',(0.,-1.,0.));
#4706=DIRECTION('',(0.,1.,0.));
#4707=DIRECTION('',(-2.16010582786744E-17,0.778260144117169,0.627941994199084));
#4708=DIRECTION('',(0.961794454807571,0.273772582084853,0.));
#4709=DIRECTION('',(1.,-3.84194793316499E-28,-1.22555905531634E-28));
#4710=DIRECTION('',(-6.26580355274314E-14,-0.95661607025537,-0.291351495841659));
#4711=DIRECTION('',(-1.82554027152557E-14,-0.696664815864343,0.717396776084686));
#4712=DIRECTION('',(-5.67485539092781E-14,-0.999994872259218,0.00320241397534423));
#4713=DIRECTION('',(0.,0.,1.));
#4714=DIRECTION('',(-1.,5.11258494608145E-14,-2.15120805209513E-14));
#4715=DIRECTION('',(0.,0.,1.));
#4716=DIRECTION('',(0.,0.,-1.));
#4717=DIRECTION('',(-6.00409797810075E-14,-0.992271859193465,-0.124082865266497));
#4718=DIRECTION('',(0.,0.,-1.));
#4719=DIRECTION('',(5.68589534300295E-14,0.999762381534755,-0.021798634543353));
#4720=DIRECTION('',(0.,0.,1.));
#4721=DIRECTION('',(0.,-1.,0.));
#4722=DIRECTION('',(5.88176763294045E-14,0.997175032586224,0.0751129442018072));
#4723=DIRECTION('',(-0.961794454807571,0.273772582084853,5.41159351490608E-17));
#4724=DIRECTION('',(1.,3.84194793316499E-28,1.22555905531634E-28));
#4725=DIRECTION('',(6.26580355274314E-14,-0.956616070255371,-0.291351495841658));
#4726=DIRECTION('',(1.82554027152558E-14,-0.696664815864344,0.717396776084685));
#4727=DIRECTION('',(5.71922853025808E-14,-0.999994872259218,0.0032024139753439));
#4728=DIRECTION('',(0.,0.,1.));
#4729=DIRECTION('',(-1.,-5.11258494608145E-14,2.15120805209513E-14));
#4730=DIRECTION('',(0.,0.,1.));
#4731=DIRECTION('',(0.,0.,-1.));
#4732=DIRECTION('',(6.00547557464055E-14,-0.992271859193465,-0.124082865266497));
#4733=DIRECTION('',(0.,0.,-1.));
#4734=DIRECTION('',(-5.68589534300296E-14,0.999762381534755,-0.021798634543353));
#4735=DIRECTION('',(0.,0.,1.));
#4736=DIRECTION('',(0.,-1.,0.));
#4737=DIRECTION('',(-5.86691787065189E-14,0.997175032586223,0.0751129442018083));
#4738=DIRECTION('',(0.,0.,1.));
#4739=DIRECTION('',(1.,0.,0.));
#4740=CARTESIAN_POINT('',(0.,0.,0.));
#4741=CARTESIAN_POINT('',(-85.2,-30.,29.0000000000017));
#4742=CARTESIAN_POINT('',(-86.8,30.,29.0000000000017));
#4743=CARTESIAN_POINT('',(-115.,-0.8,29.0000000000017));
#4744=CARTESIAN_POINT('',(-57.,0.8,29.0000000000017));
#4745=CARTESIAN_POINT('',(-66.,-34.9999999999999,31.));
#4746=CARTESIAN_POINT('',(-106.,-35.,31.));
#4747=CARTESIAN_POINT('',(-82.5096034953519,-31.1085109809749,35.));
#4748=CARTESIAN_POINT('',(-81.3096034953519,-31.1085109809749,35.));
#4749=CARTESIAN_POINT('',(-80.1096034953518,-31.1085109809749,35.));
#4750=CARTESIAN_POINT('',(-79.5096034953519,-31.7085109809751,35.0000000000001));
#4751=CARTESIAN_POINT('',(-79.5096034953519,-32.9085109809751,35.0000000000001));
#4752=CARTESIAN_POINT('',(-79.5096034953519,-34.108510980975,35.0000000000001));
#4753=CARTESIAN_POINT('',(-82.5096034953519,-31.1085109809749,26.));
#4754=CARTESIAN_POINT('',(-81.3096034953518,-31.1085109809749,26.));
#4755=CARTESIAN_POINT('',(-80.1096034953518,-31.1085109809749,26.));
#4756=CARTESIAN_POINT('',(-79.5096034953519,-31.7085109809751,26.));
#4757=CARTESIAN_POINT('',(-79.5096034953519,-32.9085109809751,26.));
#4758=CARTESIAN_POINT('',(-79.5096034953519,-34.108510980975,26.));
#4759=CARTESIAN_POINT('',(-92.4903965046481,-31.1085109809749,29.));
#4760=CARTESIAN_POINT('',(-89.4903965046482,-31.108510980975,26.));
#4761=CARTESIAN_POINT('',(-90.6903965046482,-31.108510980975,26.));
#4762=CARTESIAN_POINT('',(-91.8903965046481,-31.108510980975,26.));
#4763=CARTESIAN_POINT('',(-92.4903965046481,-31.7085109809749,26.));
#4764=CARTESIAN_POINT('',(-92.4903965046481,-32.9085109809749,26.));
#4765=CARTESIAN_POINT('',(-92.4903965046481,-34.1085109809749,26.));
#4766=CARTESIAN_POINT('',(-89.4903965046482,-31.108510980975,35.));
#4767=CARTESIAN_POINT('',(-90.6903965046481,-31.108510980975,35.));
#4768=CARTESIAN_POINT('',(-91.8903965046481,-31.108510980975,35.));
#4769=CARTESIAN_POINT('',(-92.4903965046481,-31.7085109809749,35.));
#4770=CARTESIAN_POINT('',(-92.4903965046481,-32.9085109809749,35.));
#4771=CARTESIAN_POINT('',(-92.4903965046481,-34.1085109809749,35.));
#4772=CARTESIAN_POINT('',(-92.4903965046481,-42.68150171207,27.3859532892379));
#4773=CARTESIAN_POINT('',(-89.0627019803479,-44.9999999999999,28.));
#4774=CARTESIAN_POINT('',(-95.4903965046484,-31.096937210734,29.));
#4775=CARTESIAN_POINT('',(-79.5096034953519,-31.1085109809749,27.8));
#4776=CARTESIAN_POINT('',(-66.,-44.9999999999999,28.));
#4777=CARTESIAN_POINT('',(-79.509603495352,-42.0000000000002,35.0000000000001));
#4778=CARTESIAN_POINT('',(-79.509603495352,-43.2000000000003,35.0000000000001));
#4779=CARTESIAN_POINT('',(-79.509603495352,-44.4000000000004,35.0000000000001));
#4780=CARTESIAN_POINT('',(-78.9096034953514,-44.9999999999998,35.));
#4781=CARTESIAN_POINT('',(-77.7096034953516,-44.9999999999998,35.));
#4782=CARTESIAN_POINT('',(-76.5096034953517,-44.9999999999998,35.));
#4783=CARTESIAN_POINT('',(-79.509603495352,-42.0000000000002,26.));
#4784=CARTESIAN_POINT('',(-79.509603495352,-43.2000000000003,26.));
#4785=CARTESIAN_POINT('',(-79.509603495352,-44.4000000000004,26.));
#4786=CARTESIAN_POINT('',(-78.9096034953514,-44.9999999999998,26.));
#4787=CARTESIAN_POINT('',(-77.7096034953516,-44.9999999999998,26.));
#4788=CARTESIAN_POINT('',(-76.5096034953517,-44.9999999999998,26.));
#4789=CARTESIAN_POINT('',(-92.4903965046481,-46.0891489019024,27.8));
#4790=CARTESIAN_POINT('',(-92.490396504648,-41.9999999999998,26.));
#4791=CARTESIAN_POINT('',(-92.490396504648,-43.2,26.));
#4792=CARTESIAN_POINT('',(-92.490396504648,-44.4000000000001,26.));
#4793=CARTESIAN_POINT('',(-93.0903965046482,-44.9999999999999,25.9999999999999));
#4794=CARTESIAN_POINT('',(-94.2903965046483,-44.9999999999999,25.9999999999999));
#4795=CARTESIAN_POINT('',(-95.4903965046483,-44.9999999999999,25.9999999999999));
#4796=CARTESIAN_POINT('',(-92.490396504648,-41.9999999999998,35.));
#4797=CARTESIAN_POINT('',(-92.490396504648,-43.2,35.));
#4798=CARTESIAN_POINT('',(-92.490396504648,-44.4000000000001,35.));
#4799=CARTESIAN_POINT('',(-93.0903965046483,-44.9999999999999,35.));
#4800=CARTESIAN_POINT('',(-94.2903965046483,-44.9999999999999,35.));
#4801=CARTESIAN_POINT('',(-95.4903965046484,-44.9999999999999,35.));
#4802=CARTESIAN_POINT('',(-82.937298019652,-44.9999999999999,28.));
#4803=CARTESIAN_POINT('',(-82.937298019652,-44.,27.));
#4804=CARTESIAN_POINT('',(-82.937298019652,-44.,30.));
#4805=CARTESIAN_POINT('',(-82.937298019652,-44.4000000000001,27.));
#4806=CARTESIAN_POINT('',(-82.937298019652,-44.4,30.));
#4807=CARTESIAN_POINT('',(-82.937298019652,-44.8000000000001,27.));
#4808=CARTESIAN_POINT('',(-82.937298019652,-44.8000000000001,30.));
#4809=CARTESIAN_POINT('',(-82.7372980196519,-44.9999999999999,27.));
#4810=CARTESIAN_POINT('',(-82.7372980196519,-44.9999999999999,30.));
#4811=CARTESIAN_POINT('',(-82.3372980196519,-44.9999999999999,27.));
#4812=CARTESIAN_POINT('',(-82.3372980196519,-44.9999999999999,30.));
#4813=CARTESIAN_POINT('',(-81.9372980196519,-44.9999999999999,27.));
#4814=CARTESIAN_POINT('',(-81.9372980196519,-44.9999999999999,30.));
#4815=CARTESIAN_POINT('',(-89.0627019803479,-42.68150171207,28.));
#4816=CARTESIAN_POINT('',(-89.062701980348,-44.0000000000001,30.));
#4817=CARTESIAN_POINT('',(-89.062701980348,-44.0000000000001,27.));
#4818=CARTESIAN_POINT('',(-89.062701980348,-44.4,30.));
#4819=CARTESIAN_POINT('',(-89.062701980348,-44.4,27.));
#4820=CARTESIAN_POINT('',(-89.062701980348,-44.8,30.));
#4821=CARTESIAN_POINT('',(-89.062701980348,-44.8,27.));
#4822=CARTESIAN_POINT('',(-89.2627019803479,-44.9999999999999,30.));
#4823=CARTESIAN_POINT('',(-89.2627019803479,-44.9999999999999,27.));
#4824=CARTESIAN_POINT('',(-89.6627019803479,-44.9999999999999,30.));
#4825=CARTESIAN_POINT('',(-89.6627019803479,-44.9999999999999,27.));
#4826=CARTESIAN_POINT('',(-90.0627019803478,-44.9999999999999,30.));
#4827=CARTESIAN_POINT('',(-90.0627019803478,-44.9999999999999,27.));
#4828=CARTESIAN_POINT('',(-66.,34.9999999999999,31.));
#4829=CARTESIAN_POINT('',(-106.,35.,31.));
#4830=CARTESIAN_POINT('',(-82.5096034953519,31.1085109809749,35.));
#4831=CARTESIAN_POINT('',(-82.5096034953519,31.1085109809749,26.));
#4832=CARTESIAN_POINT('',(-81.3096034953518,31.1085109809749,35.));
#4833=CARTESIAN_POINT('',(-81.3096034953518,31.1085109809749,26.));
#4834=CARTESIAN_POINT('',(-80.1096034953518,31.1085109809749,35.));
#4835=CARTESIAN_POINT('',(-80.1096034953518,31.1085109809749,26.));
#4836=CARTESIAN_POINT('',(-79.5096034953519,31.7085109809751,35.0000000000001));
#4837=CARTESIAN_POINT('',(-79.5096034953519,31.7085109809751,26.));
#4838=CARTESIAN_POINT('',(-79.5096034953519,32.9085109809751,35.0000000000001));
#4839=CARTESIAN_POINT('',(-79.5096034953519,32.9085109809751,26.));
#4840=CARTESIAN_POINT('',(-79.5096034953519,34.1085109809751,35.0000000000001));
#4841=CARTESIAN_POINT('',(-79.5096034953519,34.108510980975,26.));
#4842=CARTESIAN_POINT('',(-92.4903965046481,31.108510980975,29.));
#4843=CARTESIAN_POINT('',(-89.4903965046482,31.108510980975,26.));
#4844=CARTESIAN_POINT('',(-89.4903965046482,31.108510980975,35.));
#4845=CARTESIAN_POINT('',(-90.6903965046482,31.108510980975,26.));
#4846=CARTESIAN_POINT('',(-90.6903965046481,31.108510980975,35.));
#4847=CARTESIAN_POINT('',(-91.8903965046481,31.108510980975,26.));
#4848=CARTESIAN_POINT('',(-91.8903965046481,31.108510980975,35.));
#4849=CARTESIAN_POINT('',(-92.4903965046481,31.708510980975,26.));
#4850=CARTESIAN_POINT('',(-92.4903965046481,31.708510980975,35.));
#4851=CARTESIAN_POINT('',(-92.4903965046481,32.9085109809749,26.));
#4852=CARTESIAN_POINT('',(-92.4903965046481,32.9085109809749,35.));
#4853=CARTESIAN_POINT('',(-92.4903965046481,34.1085109809749,26.));
#4854=CARTESIAN_POINT('',(-92.4903965046481,34.1085109809749,35.));
#4855=CARTESIAN_POINT('',(-92.4903965046481,42.68150171207,27.3859532892379));
#4856=CARTESIAN_POINT('',(-89.0627019803479,45.,28.));
#4857=CARTESIAN_POINT('',(-95.4903965046484,31.096937210734,29.));
#4858=CARTESIAN_POINT('',(-79.5096034953518,31.108510980975,27.8));
#4859=CARTESIAN_POINT('',(-65.9999999999999,45.,28.));
#4860=CARTESIAN_POINT('',(-79.5096034953519,42.0000000000002,35.0000000000001));
#4861=CARTESIAN_POINT('',(-79.509603495352,42.0000000000002,26.));
#4862=CARTESIAN_POINT('',(-79.5096034953519,43.2000000000003,35.0000000000001));
#4863=CARTESIAN_POINT('',(-79.509603495352,43.2000000000003,26.));
#4864=CARTESIAN_POINT('',(-79.5096034953519,44.4000000000004,35.0000000000001));
#4865=CARTESIAN_POINT('',(-79.509603495352,44.4000000000004,26.));
#4866=CARTESIAN_POINT('',(-78.9096034953514,44.9999999999999,35.));
#4867=CARTESIAN_POINT('',(-78.9096034953514,44.9999999999999,26.));
#4868=CARTESIAN_POINT('',(-77.7096034953515,44.9999999999999,35.));
#4869=CARTESIAN_POINT('',(-77.7096034953516,44.9999999999999,26.));
#4870=CARTESIAN_POINT('',(-76.5096034953517,44.9999999999999,35.));
#4871=CARTESIAN_POINT('',(-76.5096034953517,44.9999999999999,26.));
#4872=CARTESIAN_POINT('',(-92.4903965046481,46.0891489019025,27.8));
#4873=CARTESIAN_POINT('',(-92.490396504648,41.9999999999999,26.));
#4874=CARTESIAN_POINT('',(-92.490396504648,41.9999999999999,35.));
#4875=CARTESIAN_POINT('',(-92.490396504648,43.2,26.));
#4876=CARTESIAN_POINT('',(-92.490396504648,43.2,35.));
#4877=CARTESIAN_POINT('',(-92.490396504648,44.4000000000001,26.));
#4878=CARTESIAN_POINT('',(-92.490396504648,44.4000000000001,35.));
#4879=CARTESIAN_POINT('',(-93.0903965046482,45.,25.9999999999999));
#4880=CARTESIAN_POINT('',(-93.0903965046482,45.,35.));
#4881=CARTESIAN_POINT('',(-94.2903965046483,45.,25.9999999999999));
#4882=CARTESIAN_POINT('',(-94.2903965046483,45.,35.));
#4883=CARTESIAN_POINT('',(-95.4903965046483,45.,25.9999999999999));
#4884=CARTESIAN_POINT('',(-95.4903965046483,45.,35.));
#4885=CARTESIAN_POINT('',(-82.937298019652,44.,27.));
#4886=CARTESIAN_POINT('',(-82.937298019652,44.4000000000001,27.));
#4887=CARTESIAN_POINT('',(-82.937298019652,44.8000000000001,27.));
#4888=CARTESIAN_POINT('',(-82.7372980196518,45.,27.));
#4889=CARTESIAN_POINT('',(-82.3372980196519,45.,27.));
#4890=CARTESIAN_POINT('',(-81.9372980196519,45.,27.));
#4891=CARTESIAN_POINT('',(-82.937298019652,44.,30.));
#4892=CARTESIAN_POINT('',(-82.937298019652,44.4000000000001,30.));
#4893=CARTESIAN_POINT('',(-82.937298019652,44.8000000000001,30.));
#4894=CARTESIAN_POINT('',(-82.7372980196519,45.,30.));
#4895=CARTESIAN_POINT('',(-82.3372980196519,45.,30.));
#4896=CARTESIAN_POINT('',(-81.9372980196519,45.,30.));
#4897=CARTESIAN_POINT('',(-89.0627019803479,42.68150171207,28.));
#4898=CARTESIAN_POINT('',(-89.062701980348,44.0000000000001,30.));
#4899=CARTESIAN_POINT('',(-89.062701980348,44.4,30.));
#4900=CARTESIAN_POINT('',(-89.062701980348,44.8,30.));
#4901=CARTESIAN_POINT('',(-89.2627019803479,45.,30.));
#4902=CARTESIAN_POINT('',(-89.6627019803479,45.,30.));
#4903=CARTESIAN_POINT('',(-90.0627019803478,45.,30.));
#4904=CARTESIAN_POINT('',(-89.062701980348,44.0000000000001,27.));
#4905=CARTESIAN_POINT('',(-89.062701980348,44.4,27.));
#4906=CARTESIAN_POINT('',(-89.062701980348,44.8,27.));
#4907=CARTESIAN_POINT('',(-89.2627019803479,45.,27.));
#4908=CARTESIAN_POINT('',(-89.6627019803479,45.,27.));
#4909=CARTESIAN_POINT('',(-90.0627019803478,45.,27.));
#4910=CARTESIAN_POINT('',(-122.,49.5001282020839,28.));
#4911=CARTESIAN_POINT('',(-66.,34.9999999999999,32.9999999999976));
#4912=CARTESIAN_POINT('',(-66.,-34.9999999999999,32.9999999999976));
#4913=CARTESIAN_POINT('',(-76.5096034953511,-43.4,36.0000000000004));
#4914=CARTESIAN_POINT('',(-76.6083400242406,-43.4,36.0000000000004));
#4915=CARTESIAN_POINT('',(-76.7070747015288,-43.399927039803,36.0000000000004));
#4916=CARTESIAN_POINT('',(-76.8058100704681,-43.3991713468758,36.0000000000005));
#4917=CARTESIAN_POINT('',(-76.844790665229,-43.3988730002947,36.0000000000005));
#4918=CARTESIAN_POINT('',(-76.8837713677948,-43.3984682388875,36.0000000000005));
#4919=CARTESIAN_POINT('',(-76.9227485073757,-43.3978775645222,36.0000000000005));
#4920=CARTESIAN_POINT('',(-76.5096034953525,-43.3999999999997,29.9999999999996));
#4921=CARTESIAN_POINT('',(-76.608340024242,-43.3999999999997,29.9999999999996));
#4922=CARTESIAN_POINT('',(-76.7070747015301,-43.3999270398027,29.9999999999996));
#4923=CARTESIAN_POINT('',(-76.8058100704695,-43.3991713468755,29.9999999999997));
#4924=CARTESIAN_POINT('',(-76.8447906652304,-43.3988730002944,29.9999999999997));
#4925=CARTESIAN_POINT('',(-76.8837713677962,-43.3984682388872,29.9999999999997));
#4926=CARTESIAN_POINT('',(-76.922748507377,-43.3978775645219,29.9999999999997));
#4927=CARTESIAN_POINT('',(-77.9096034953512,-34.1085109809752,36.0000000000007));
#4928=CARTESIAN_POINT('',(-77.9096034953512,-33.9357184024867,36.0000000000007));
#4929=CARTESIAN_POINT('',(-77.9097152882521,-33.7629236128122,36.0000000000007));
#4930=CARTESIAN_POINT('',(-77.9130227646432,-33.5901589562757,36.0000000000007));
#4931=CARTESIAN_POINT('',(-77.9164238284884,-33.4125057979184,36.0000000000007));
#4932=CARTESIAN_POINT('',(-77.9232039828272,-33.2348845021032,36.0000000000007));
#4933=CARTESIAN_POINT('',(-77.9361587011152,-33.0576745783674,36.0000000000007));
#4934=CARTESIAN_POINT('',(-77.9499189782049,-32.8694452707558,36.0000000000007));
#4935=CARTESIAN_POINT('',(-77.9706455959063,-32.6816800862867,36.0000000000007));
#4936=CARTESIAN_POINT('',(-78.0014612635539,-32.4954750566033,36.0000000000007));
#4937=CARTESIAN_POINT('',(-78.0342983369059,-32.2970555938762,36.0000000000007));
#4938=CARTESIAN_POINT('',(-78.0785914891349,-32.1004076811345,36.0000000000007));
#4939=CARTESIAN_POINT('',(-78.1375976749081,-31.9081588193317,36.0000000000008));
#4940=CARTESIAN_POINT('',(-78.1686192300002,-31.807087065927,36.0000000000008));
#4941=CARTESIAN_POINT('',(-78.2037074114436,-31.7072311934222,36.0000000000008));
#4942=CARTESIAN_POINT('',(-78.2431441827577,-31.609129583679,36.0000000000008));
#4943=CARTESIAN_POINT('',(-78.2747546031154,-31.5304965460745,36.0000000000008));
#4944=CARTESIAN_POINT('',(-78.3091588940761,-31.4529905826033,36.0000000000008));
#4945=CARTESIAN_POINT('',(-78.3464283163336,-31.3768771891676,36.0000000000008));
#4946=CARTESIAN_POINT('',(-78.3958199691927,-31.2760071976626,36.0000000000008));
#4947=CARTESIAN_POINT('',(-78.4502436880357,-31.1775829943537,36.0000000000008));
#4948=CARTESIAN_POINT('',(-78.509781126808,-31.082350373106,36.0000000000008));
#4949=CARTESIAN_POINT('',(-78.5708181323585,-30.984719132133,36.0000000000009));
#4950=CARTESIAN_POINT('',(-78.637229699959,-30.8904422703717,36.0000000000009));
#4951=CARTESIAN_POINT('',(-78.7087399617229,-30.800198056347,36.0000000000009));
#4952=CARTESIAN_POINT('',(-78.7810030132678,-30.7090038398972,36.0000000000009));
#4953=CARTESIAN_POINT('',(-78.8584726720896,-30.6219276215813,36.0000000000009));
#4954=CARTESIAN_POINT('',(-78.9407444820495,-30.5396523825582,36.0000000000009));
#4955=CARTESIAN_POINT('',(-79.0230162920093,-30.4573771435352,36.000000000001));
#4956=CARTESIAN_POINT('',(-79.1100902531073,-30.379902883805,36.000000000001));
#4957=CARTESIAN_POINT('',(-79.2012862925267,-30.3076414199547,36.000000000001));
#4958=CARTESIAN_POINT('',(-79.2915323105303,-30.2361327293456,36.000000000001));
#4959=CARTESIAN_POINT('',(-79.3858149718912,-30.1697287932369,36.000000000001));
#4960=CARTESIAN_POINT('',(-79.4834476216244,-30.1086942657233,36.0000000000011));
#4961=CARTESIAN_POINT('',(-79.5786816170215,-30.0491592441073,36.0000000000011));
#4962=CARTESIAN_POINT('',(-79.6771030167397,-29.994733039077,36.0000000000011));
#4963=CARTESIAN_POINT('',(-79.7779684286295,-29.945334506848,36.0000000000011));
#4964=CARTESIAN_POINT('',(-79.8540783664284,-29.9080598936296,36.0000000000012));
#4965=CARTESIAN_POINT('',(-79.9315798630392,-29.8736479103405,36.0000000000012));
#4966=CARTESIAN_POINT('',(-80.0102127536768,-29.8420369686986,36.0000000000012));
#4967=CARTESIAN_POINT('',(-80.1083141800659,-29.8025995470366,36.0000000000012));
#4968=CARTESIAN_POINT('',(-80.208176593023,-29.7675218767964,36.0000000000012));
#4969=CARTESIAN_POINT('',(-80.3092515485733,-29.7365054727714,36.0000000000013));
#4970=CARTESIAN_POINT('',(-80.5015065011857,-29.6775090848573,36.0000000000013));
#4971=CARTESIAN_POINT('',(-80.6981484267595,-29.6332063375423,36.0000000000013));
#4972=CARTESIAN_POINT('',(-80.8965664451285,-29.6003669480244,36.0000000000014));
#4973=CARTESIAN_POINT('',(-81.0827701193665,-29.5695491067908,36.0000000000014));
#4974=CARTESIAN_POINT('',(-81.2705379491163,-29.5488267258459,36.0000000000015));
#4975=CARTESIAN_POINT('',(-81.4587678050992,-29.5350673272374,36.0000000000015));
#4976=CARTESIAN_POINT('',(-81.6359782451034,-29.5221134360022,36.0000000000015));
#4977=CARTESIAN_POINT('',(-81.8135981986071,-29.5153311321339,36.0000000000016));
#4978=CARTESIAN_POINT('',(-81.9912510599045,-29.5119295925681,36.0000000000016));
#4979=CARTESIAN_POINT('',(-82.1640154275555,-29.5086216535468,36.0000000000017));
#4980=CARTESIAN_POINT('',(-82.3368109168628,-29.5085109809751,36.0000000000017));
#4981=CARTESIAN_POINT('',(-82.5096034953513,-29.5085109809751,36.0000000000017));
#4982=CARTESIAN_POINT('',(-77.9096034953526,-34.1085109809749,29.9999999999999));
#4983=CARTESIAN_POINT('',(-77.9096034953526,-33.9357184024864,29.9999999999999));
#4984=CARTESIAN_POINT('',(-77.9097152882534,-33.762923612812,29.9999999999999));
#4985=CARTESIAN_POINT('',(-77.9130227646446,-33.5901589562754,29.9999999999999));
#4986=CARTESIAN_POINT('',(-77.9164238284897,-33.4125057979181,29.9999999999999));
#4987=CARTESIAN_POINT('',(-77.9232039828286,-33.2348845021029,29.9999999999999));
#4988=CARTESIAN_POINT('',(-77.9361587011165,-33.0576745783671,29.9999999999999));
#4989=CARTESIAN_POINT('',(-77.9499189782063,-32.8694452707555,29.9999999999999));
#4990=CARTESIAN_POINT('',(-77.9706455959077,-32.6816800862864,29.9999999999999));
#4991=CARTESIAN_POINT('',(-78.0014612635553,-32.495475056603,29.9999999999999));
#4992=CARTESIAN_POINT('',(-78.0342983369072,-32.2970555938759,29.9999999999999));
#4993=CARTESIAN_POINT('',(-78.0785914891363,-32.1004076811342,29.9999999999999));
#4994=CARTESIAN_POINT('',(-78.1375976749094,-31.9081588193314,30.));
#4995=CARTESIAN_POINT('',(-78.1686192300016,-31.8070870659267,30.));
#4996=CARTESIAN_POINT('',(-78.203707411445,-31.707231193422,30.));
#4997=CARTESIAN_POINT('',(-78.2431441827591,-31.6091295836787,30.));
#4998=CARTESIAN_POINT('',(-78.2747546031167,-31.5304965460742,30.));
#4999=CARTESIAN_POINT('',(-78.3091588940775,-31.452990582603,30.));
#5000=CARTESIAN_POINT('',(-78.3464283163349,-31.3768771891673,30.));
#5001=CARTESIAN_POINT('',(-78.3958199691941,-31.2760071976623,30.));
#5002=CARTESIAN_POINT('',(-78.4502436880371,-31.1775829943534,30.));
#5003=CARTESIAN_POINT('',(-78.5097811268093,-31.0823503731057,30.));
#5004=CARTESIAN_POINT('',(-78.5708181323599,-30.9847191321327,30.0000000000001));
#5005=CARTESIAN_POINT('',(-78.6372296999604,-30.8904422703714,30.0000000000001));
#5006=CARTESIAN_POINT('',(-78.7087399617243,-30.8001980563467,30.0000000000001));
#5007=CARTESIAN_POINT('',(-78.7810030132691,-30.7090038398969,30.0000000000001));
#5008=CARTESIAN_POINT('',(-78.8584726720909,-30.621927621581,30.0000000000001));
#5009=CARTESIAN_POINT('',(-78.9407444820508,-30.539652382558,30.0000000000001));
#5010=CARTESIAN_POINT('',(-79.0230162920107,-30.4573771435349,30.0000000000002));
#5011=CARTESIAN_POINT('',(-79.1100902531087,-30.3799028838047,30.0000000000002));
#5012=CARTESIAN_POINT('',(-79.201286292528,-30.3076414199544,30.0000000000002));
#5013=CARTESIAN_POINT('',(-79.2915323105317,-30.2361327293453,30.0000000000002));
#5014=CARTESIAN_POINT('',(-79.3858149718926,-30.1697287932366,30.0000000000002));
#5015=CARTESIAN_POINT('',(-79.4834476216257,-30.108694265723,30.0000000000003));
#5016=CARTESIAN_POINT('',(-79.5786816170229,-30.049159244107,30.0000000000003));
#5017=CARTESIAN_POINT('',(-79.6771030167411,-29.9947330390767,30.0000000000003));
#5018=CARTESIAN_POINT('',(-79.7779684286309,-29.9453345068477,30.0000000000003));
#5019=CARTESIAN_POINT('',(-79.8540783664297,-29.9080598936293,30.0000000000004));
#5020=CARTESIAN_POINT('',(-79.9315798630406,-29.8736479103402,30.0000000000004));
#5021=CARTESIAN_POINT('',(-80.0102127536781,-29.8420369686983,30.0000000000004));
#5022=CARTESIAN_POINT('',(-80.1083141800673,-29.8025995470363,30.0000000000004));
#5023=CARTESIAN_POINT('',(-80.2081765930244,-29.7675218767961,30.0000000000004));
#5024=CARTESIAN_POINT('',(-80.3092515485746,-29.7365054727711,30.0000000000005));
#5025=CARTESIAN_POINT('',(-80.5015065011871,-29.677509084857,30.0000000000005));
#5026=CARTESIAN_POINT('',(-80.6981484267609,-29.633206337542,30.0000000000005));
#5027=CARTESIAN_POINT('',(-80.8965664451298,-29.6003669480241,30.0000000000006));
#5028=CARTESIAN_POINT('',(-81.0827701193679,-29.5695491067906,30.0000000000006));
#5029=CARTESIAN_POINT('',(-81.2705379491177,-29.5488267258456,30.0000000000007));
#5030=CARTESIAN_POINT('',(-81.4587678051006,-29.5350673272371,30.0000000000007));
#5031=CARTESIAN_POINT('',(-81.6359782451048,-29.5221134360019,30.0000000000008));
#5032=CARTESIAN_POINT('',(-81.8135981986085,-29.5153311321336,30.0000000000008));
#5033=CARTESIAN_POINT('',(-81.9912510599059,-29.5119295925678,30.0000000000008));
#5034=CARTESIAN_POINT('',(-82.1640154275568,-29.5086216535465,30.0000000000009));
#5035=CARTESIAN_POINT('',(-82.3368109168642,-29.5085109809748,30.0000000000009));
#5036=CARTESIAN_POINT('',(-82.5096034953527,-29.5085109809748,30.000000000001));
#5037=CARTESIAN_POINT('',(-89.4903965046475,-29.5085109809751,36.0000000000033));
#5038=CARTESIAN_POINT('',(-89.6631890831359,-29.5085109809751,36.0000000000034));
#5039=CARTESIAN_POINT('',(-89.8359838728101,-29.5086227738759,36.0000000000034));
#5040=CARTESIAN_POINT('',(-90.0087485293466,-29.511930250267,36.0000000000035));
#5041=CARTESIAN_POINT('',(-90.1864016877038,-29.5153313141122,36.0000000000035));
#5042=CARTESIAN_POINT('',(-90.3640229835191,-29.522111468451,36.0000000000035));
#5043=CARTESIAN_POINT('',(-90.541232907255,-29.535066186739,36.0000000000036));
#5044=CARTESIAN_POINT('',(-90.7294622148666,-29.5488264638286,36.0000000000036));
#5045=CARTESIAN_POINT('',(-90.9172273993358,-29.56955308153,36.0000000000037));
#5046=CARTESIAN_POINT('',(-91.1034324290193,-29.6003687491776,36.0000000000037));
#5047=CARTESIAN_POINT('',(-91.3018518917464,-29.6332058225296,36.0000000000038));
#5048=CARTESIAN_POINT('',(-91.498499804488,-29.6774989747587,36.0000000000038));
#5049=CARTESIAN_POINT('',(-91.6907486662908,-29.7365051605318,36.0000000000038));
#5050=CARTESIAN_POINT('',(-91.7918204196956,-29.767526715624,36.0000000000039));
#5051=CARTESIAN_POINT('',(-91.8916762922003,-29.8026148970674,36.0000000000039));
#5052=CARTESIAN_POINT('',(-91.9897779019436,-29.8420516683815,36.0000000000039));
#5053=CARTESIAN_POINT('',(-92.0684109395481,-29.8736620887391,36.0000000000039));
#5054=CARTESIAN_POINT('',(-92.1459169030194,-29.9080663796999,36.0000000000039));
#5055=CARTESIAN_POINT('',(-92.2220302964551,-29.9453358019574,36.000000000004));
#5056=CARTESIAN_POINT('',(-92.32290028796,-29.9947274548165,36.000000000004));
#5057=CARTESIAN_POINT('',(-92.4213244912687,-30.0491511736595,36.000000000004));
#5058=CARTESIAN_POINT('',(-92.5165571125163,-30.1086886124318,36.000000000004));
#5059=CARTESIAN_POINT('',(-92.6141883534893,-30.1697256179824,36.0000000000041));
#5060=CARTESIAN_POINT('',(-92.7084652152508,-30.2361371855829,36.0000000000041));
#5061=CARTESIAN_POINT('',(-92.7987094292756,-30.3076474473469,36.0000000000041));
#5062=CARTESIAN_POINT('',(-92.8899036457255,-30.3799104988917,36.0000000000041));
#5063=CARTESIAN_POINT('',(-92.9769798640413,-30.4573801577135,36.0000000000041));
#5064=CARTESIAN_POINT('',(-93.0592551030643,-30.5396519676733,36.0000000000041));
#5065=CARTESIAN_POINT('',(-93.1415303420874,-30.6219237776332,36.0000000000042));
#5066=CARTESIAN_POINT('',(-93.2190046018177,-30.7089977387312,36.0000000000042));
#5067=CARTESIAN_POINT('',(-93.291266065668,-30.8001937781506,36.0000000000042));
#5068=CARTESIAN_POINT('',(-93.3627747562769,-30.8904397961543,36.0000000000042));
#5069=CARTESIAN_POINT('',(-93.4291786923854,-30.9847224575152,36.0000000000042));
#5070=CARTESIAN_POINT('',(-93.4902132198989,-31.0823551072483,36.0000000000042));
#5071=CARTESIAN_POINT('',(-93.5497482415149,-31.1775891026455,36.0000000000043));
#5072=CARTESIAN_POINT('',(-93.6041744465454,-31.2760105023637,36.0000000000043));
#5073=CARTESIAN_POINT('',(-93.6535729787745,-31.3768759142534,36.0000000000043));
#5074=CARTESIAN_POINT('',(-93.690847591993,-31.4529858520523,36.0000000000043));
#5075=CARTESIAN_POINT('',(-93.7252595752822,-31.530487348663,36.0000000000043));
#5076=CARTESIAN_POINT('',(-93.7568705169241,-31.6091202393006,36.0000000000043));
#5077=CARTESIAN_POINT('',(-93.7963079385861,-31.7072216656897,36.0000000000043));
#5078=CARTESIAN_POINT('',(-93.8313856088263,-31.8070840786469,36.0000000000043));
#5079=CARTESIAN_POINT('',(-93.8624020128514,-31.9081590341971,36.0000000000043));
#5080=CARTESIAN_POINT('',(-93.9213984007656,-32.1004139868096,36.0000000000043));
#5081=CARTESIAN_POINT('',(-93.9657011480808,-32.2970559123833,36.0000000000043));
#5082=CARTESIAN_POINT('',(-93.9985405375987,-32.4954739307523,36.0000000000044));
#5083=CARTESIAN_POINT('',(-94.0293583788322,-32.6816776049903,36.0000000000044));
#5084=CARTESIAN_POINT('',(-94.0500807597771,-32.8694454347403,36.0000000000044));
#5085=CARTESIAN_POINT('',(-94.0638401583856,-33.0576752907232,36.0000000000044));
#5086=CARTESIAN_POINT('',(-94.0767940496207,-33.2348857307275,36.0000000000044));
#5087=CARTESIAN_POINT('',(-94.0835763534889,-33.4125056842311,36.0000000000044));
#5088=CARTESIAN_POINT('',(-94.0869778930546,-33.5901585455285,36.0000000000044));
#5089=CARTESIAN_POINT('',(-94.0902858320758,-33.7629229131794,36.0000000000044));
#5090=CARTESIAN_POINT('',(-94.0903965046474,-33.9357184024866,36.0000000000044));
#5091=CARTESIAN_POINT('',(-94.0903965046474,-34.108510980975,36.0000000000044));
#5092=CARTESIAN_POINT('',(-89.4903965046489,-29.5085109809748,30.0000000000025));
#5093=CARTESIAN_POINT('',(-89.6631890831373,-29.5085109809748,30.0000000000026));
#5094=CARTESIAN_POINT('',(-89.8359838728115,-29.5086227738756,30.0000000000026));
#5095=CARTESIAN_POINT('',(-90.008748529348,-29.5119302502667,30.0000000000027));
#5096=CARTESIAN_POINT('',(-90.1864016877052,-29.5153313141119,30.0000000000027));
#5097=CARTESIAN_POINT('',(-90.3640229835205,-29.5221114684508,30.0000000000027));
#5098=CARTESIAN_POINT('',(-90.5412329072564,-29.5350661867387,30.0000000000028));
#5099=CARTESIAN_POINT('',(-90.729462214868,-29.5488264638284,30.0000000000028));
#5100=CARTESIAN_POINT('',(-90.9172273993372,-29.5695530815297,30.0000000000029));
#5101=CARTESIAN_POINT('',(-91.1034324290206,-29.6003687491773,30.0000000000029));
#5102=CARTESIAN_POINT('',(-91.3018518917478,-29.6332058225293,30.000000000003));
#5103=CARTESIAN_POINT('',(-91.4984998044894,-29.6774989747584,30.000000000003));
#5104=CARTESIAN_POINT('',(-91.6907486662921,-29.7365051605316,30.000000000003));
#5105=CARTESIAN_POINT('',(-91.7918204196969,-29.7675267156237,30.0000000000031));
#5106=CARTESIAN_POINT('',(-91.8916762922017,-29.8026148970671,30.0000000000031));
#5107=CARTESIAN_POINT('',(-91.9897779019449,-29.8420516683812,30.0000000000031));
#5108=CARTESIAN_POINT('',(-92.0684109395495,-29.8736620887389,30.0000000000031));
#5109=CARTESIAN_POINT('',(-92.1459169030208,-29.9080663796996,30.0000000000031));
#5110=CARTESIAN_POINT('',(-92.2220302964565,-29.9453358019571,30.0000000000032));
#5111=CARTESIAN_POINT('',(-92.3229002879614,-29.9947274548162,30.0000000000032));
#5112=CARTESIAN_POINT('',(-92.42132449127,-30.0491511736593,30.0000000000032));
#5113=CARTESIAN_POINT('',(-92.5165571125177,-30.1086886124315,30.0000000000032));
#5114=CARTESIAN_POINT('',(-92.6141883534907,-30.1697256179821,30.0000000000033));
#5115=CARTESIAN_POINT('',(-92.7084652152522,-30.2361371855827,30.0000000000033));
#5116=CARTESIAN_POINT('',(-92.798709429277,-30.3076474473467,30.0000000000033));
#5117=CARTESIAN_POINT('',(-92.8899036457269,-30.3799104988914,30.0000000000033));
#5118=CARTESIAN_POINT('',(-92.9769798640427,-30.4573801577132,30.0000000000033));
#5119=CARTESIAN_POINT('',(-93.0592551030657,-30.539651967673,30.0000000000034));
#5120=CARTESIAN_POINT('',(-93.1415303420888,-30.6219237776329,30.0000000000034));
#5121=CARTESIAN_POINT('',(-93.2190046018191,-30.7089977387309,30.0000000000034));
#5122=CARTESIAN_POINT('',(-93.2912660656694,-30.8001937781503,30.0000000000034));
#5123=CARTESIAN_POINT('',(-93.3627747562783,-30.890439796154,30.0000000000034));
#5124=CARTESIAN_POINT('',(-93.4291786923868,-30.9847224575149,30.0000000000034));
#5125=CARTESIAN_POINT('',(-93.4902132199003,-31.082355107248,30.0000000000035));
#5126=CARTESIAN_POINT('',(-93.5497482415163,-31.1775891026452,30.0000000000035));
#5127=CARTESIAN_POINT('',(-93.6041744465468,-31.2760105023634,30.0000000000035));
#5128=CARTESIAN_POINT('',(-93.6535729787759,-31.3768759142531,30.0000000000035));
#5129=CARTESIAN_POINT('',(-93.6908475919944,-31.452985852052,30.0000000000035));
#5130=CARTESIAN_POINT('',(-93.7252595752835,-31.5304873486627,30.0000000000035));
#5131=CARTESIAN_POINT('',(-93.7568705169255,-31.6091202393004,30.0000000000035));
#5132=CARTESIAN_POINT('',(-93.7963079385874,-31.7072216656894,30.0000000000035));
#5133=CARTESIAN_POINT('',(-93.8313856088277,-31.8070840786466,30.0000000000035));
#5134=CARTESIAN_POINT('',(-93.8624020128528,-31.9081590341968,30.0000000000035));
#5135=CARTESIAN_POINT('',(-93.921398400767,-32.1004139868093,30.0000000000036));
#5136=CARTESIAN_POINT('',(-93.9657011480821,-32.297055912383,30.0000000000036));
#5137=CARTESIAN_POINT('',(-93.9985405376001,-32.495473930752,30.0000000000036));
#5138=CARTESIAN_POINT('',(-94.0293583788336,-32.68167760499,30.0000000000036));
#5139=CARTESIAN_POINT('',(-94.0500807597785,-32.86944543474,30.0000000000036));
#5140=CARTESIAN_POINT('',(-94.063840158387,-33.057675290723,30.0000000000036));
#5141=CARTESIAN_POINT('',(-94.076794049622,-33.2348857307272,30.0000000000036));
#5142=CARTESIAN_POINT('',(-94.0835763534902,-33.4125056842309,30.0000000000036));
#5143=CARTESIAN_POINT('',(-94.086977893056,-33.5901585455282,30.0000000000036));
#5144=CARTESIAN_POINT('',(-94.0902858320772,-33.7629229131791,30.0000000000036));
#5145=CARTESIAN_POINT('',(-94.0903965046488,-33.9357184024863,30.0000000000036));
#5146=CARTESIAN_POINT('',(-94.0903965046488,-34.1085109809748,30.0000000000036));
#5147=CARTESIAN_POINT('',(-94.0903965046474,-42.0000000000001,36.0000000000044));
#5148=CARTESIAN_POINT('',(-94.0903965046474,-42.0987365288896,36.0000000000044));
#5149=CARTESIAN_POINT('',(-94.0904694648445,-42.1974712061777,36.0000000000044));
#5150=CARTESIAN_POINT('',(-94.0912251577717,-42.2962065751171,36.0000000000044));
#5151=CARTESIAN_POINT('',(-94.0915235043528,-42.3351871698778,36.0000000000044));
#5152=CARTESIAN_POINT('',(-94.0919282657599,-42.3741678724433,36.0000000000044));
#5153=CARTESIAN_POINT('',(-94.0925189401253,-42.4131450120239,36.0000000000044));
#5154=CARTESIAN_POINT('',(-94.0903965046487,-41.9999999999998,30.0000000000036));
#5155=CARTESIAN_POINT('',(-94.0903965046487,-42.0987365288893,30.0000000000036));
#5156=CARTESIAN_POINT('',(-94.0904694648459,-42.1974712061775,30.0000000000036));
#5157=CARTESIAN_POINT('',(-94.0912251577731,-42.2962065751169,30.0000000000036));
#5158=CARTESIAN_POINT('',(-94.0915235043542,-42.3351871698775,30.0000000000036));
#5159=CARTESIAN_POINT('',(-94.0919282657613,-42.374167872443,30.0000000000036));
#5160=CARTESIAN_POINT('',(-94.0925189401267,-42.4131450120236,30.0000000000036));
#5161=CARTESIAN_POINT('',(-106.,-35.0000000000001,33.0000000000067));
#5162=CARTESIAN_POINT('',(-106.,35.0000000000001,33.0000000000067));
#5163=CARTESIAN_POINT('',(-95.4903965046475,43.3999999999998,36.0000000000047));
#5164=CARTESIAN_POINT('',(-95.391659975758,43.3999999999998,36.0000000000047));
#5165=CARTESIAN_POINT('',(-95.2929252984697,43.3999270398028,36.0000000000047));
#5166=CARTESIAN_POINT('',(-95.1941899295303,43.3991713468756,36.0000000000046));
#5167=CARTESIAN_POINT('',(-95.1552093347694,43.3988730002945,36.0000000000046));
#5168=CARTESIAN_POINT('',(-95.1162286322036,43.3984682388873,36.0000000000046));
#5169=CARTESIAN_POINT('',(-95.0772514926226,43.397877564522,36.0000000000046));
#5170=CARTESIAN_POINT('',(-95.4903965046488,43.4000000000001,30.0000000000039));
#5171=CARTESIAN_POINT('',(-95.3916599757593,43.4000000000001,30.0000000000039));
#5172=CARTESIAN_POINT('',(-95.2929252984711,43.3999270398031,30.0000000000039));
#5173=CARTESIAN_POINT('',(-95.1941899295317,43.3991713468759,30.0000000000038));
#5174=CARTESIAN_POINT('',(-95.1552093347708,43.3988730002947,30.0000000000038));
#5175=CARTESIAN_POINT('',(-95.1162286322049,43.3984682388876,30.0000000000038));
#5176=CARTESIAN_POINT('',(-95.077251492624,43.3978775645223,30.0000000000038));
#5177=CARTESIAN_POINT('',(-94.0903965046474,34.1085109809748,36.0000000000044));
#5178=CARTESIAN_POINT('',(-94.0903965046474,33.9357184024863,36.0000000000044));
#5179=CARTESIAN_POINT('',(-94.0902847117466,33.762923612812,36.0000000000044));
#5180=CARTESIAN_POINT('',(-94.0869772353556,33.5901589562754,36.0000000000044));
#5181=CARTESIAN_POINT('',(-94.0835761715104,33.4125057979182,36.0000000000044));
#5182=CARTESIAN_POINT('',(-94.0767960171715,33.234884502103,36.0000000000044));
#5183=CARTESIAN_POINT('',(-94.0638412988835,33.0576745783672,36.0000000000044));
#5184=CARTESIAN_POINT('',(-94.0500810217938,32.8694452707555,36.0000000000044));
#5185=CARTESIAN_POINT('',(-94.0293544040923,32.6816800862863,36.0000000000044));
#5186=CARTESIAN_POINT('',(-93.9985387364447,32.4954750566028,36.0000000000044));
#5187=CARTESIAN_POINT('',(-93.9657016630927,32.2970555938757,36.0000000000043));
#5188=CARTESIAN_POINT('',(-93.9214085108636,32.1004076811341,36.0000000000043));
#5189=CARTESIAN_POINT('',(-93.8624023250905,31.9081588193313,36.0000000000043));
#5190=CARTESIAN_POINT('',(-93.8313807699984,31.8070870659265,36.0000000000043));
#5191=CARTESIAN_POINT('',(-93.796292588555,31.7072311934217,36.0000000000043));
#5192=CARTESIAN_POINT('',(-93.7568558172409,31.6091295836785,36.0000000000043));
#5193=CARTESIAN_POINT('',(-93.7252453968833,31.530496546074,36.0000000000043));
#5194=CARTESIAN_POINT('',(-93.6908411059225,31.4529905826028,36.0000000000043));
#5195=CARTESIAN_POINT('',(-93.653571683665,31.3768771891671,36.0000000000043));
#5196=CARTESIAN_POINT('',(-93.6041800308058,31.2760071976621,36.0000000000043));
#5197=CARTESIAN_POINT('',(-93.5497563119627,31.1775829943533,36.0000000000043));
#5198=CARTESIAN_POINT('',(-93.4902188731905,31.0823503731057,36.0000000000042));
#5199=CARTESIAN_POINT('',(-93.42918186764,30.9847191321327,36.0000000000042));
#5200=CARTESIAN_POINT('',(-93.3627703000396,30.8904422703714,36.0000000000042));
#5201=CARTESIAN_POINT('',(-93.2912600382758,30.8001980563468,36.0000000000042));
#5202=CARTESIAN_POINT('',(-93.2189969867311,30.709003839897,36.0000000000042));
#5203=CARTESIAN_POINT('',(-93.1415273279093,30.6219276215812,36.0000000000042));
#5204=CARTESIAN_POINT('',(-93.0592555179495,30.5396523825582,36.0000000000041));
#5205=CARTESIAN_POINT('',(-92.9769837079897,30.4573771435352,36.0000000000041));
#5206=CARTESIAN_POINT('',(-92.8899097468918,30.3799028838048,36.0000000000041));
#5207=CARTESIAN_POINT('',(-92.7987137074723,30.3076414199545,36.0000000000041));
#5208=CARTESIAN_POINT('',(-92.7084676894686,30.2361327293455,36.0000000000041));
#5209=CARTESIAN_POINT('',(-92.6141850281074,30.1697287932368,36.0000000000041));
#5210=CARTESIAN_POINT('',(-92.5165523783742,30.1086942657234,36.000000000004));
#5211=CARTESIAN_POINT('',(-92.4213183829769,30.0491592441074,36.000000000004));
#5212=CARTESIAN_POINT('',(-92.3228969832587,29.994733039077,36.000000000004));
#5213=CARTESIAN_POINT('',(-92.222031571369,29.9453345068479,36.000000000004));
#5214=CARTESIAN_POINT('',(-92.14592163357,29.9080598936294,36.0000000000039));
#5215=CARTESIAN_POINT('',(-92.0684201369592,29.8736479103403,36.0000000000039));
#5216=CARTESIAN_POINT('',(-91.9897872463216,29.8420369686984,36.0000000000039));
#5217=CARTESIAN_POINT('',(-91.8916858199324,29.8025995470364,36.0000000000039));
#5218=CARTESIAN_POINT('',(-91.7918234069754,29.7675218767962,36.0000000000039));
#5219=CARTESIAN_POINT('',(-91.6907484514252,29.7365054727712,36.0000000000038));
#5220=CARTESIAN_POINT('',(-91.4984934988128,29.6775090848571,36.0000000000038));
#5221=CARTESIAN_POINT('',(-91.3018515732392,29.6332063375421,36.0000000000038));
#5222=CARTESIAN_POINT('',(-91.1034335548702,29.6003669480242,36.0000000000037));
#5223=CARTESIAN_POINT('',(-90.9172298806323,29.5695491067907,36.0000000000037));
#5224=CARTESIAN_POINT('',(-90.7294620508823,29.5488267258458,36.0000000000036));
#5225=CARTESIAN_POINT('',(-90.5412321948993,29.5350673272372,36.0000000000036));
#5226=CARTESIAN_POINT('',(-90.364021754895,29.522113436002,36.0000000000035));
#5227=CARTESIAN_POINT('',(-90.1864018013912,29.5153311321337,36.0000000000035));
#5228=CARTESIAN_POINT('',(-90.0087489400939,29.5119295925678,36.0000000000035));
#5229=CARTESIAN_POINT('',(-89.835984572443,29.5086216535465,36.0000000000034));
#5230=CARTESIAN_POINT('',(-89.6631890831359,29.5085109809748,36.0000000000034));
#5231=CARTESIAN_POINT('',(-89.4903965046474,29.5085109809748,36.0000000000033));
#5232=CARTESIAN_POINT('',(-94.0903965046488,34.1085109809751,30.0000000000036));
#5233=CARTESIAN_POINT('',(-94.0903965046488,33.9357184024866,30.0000000000036));
#5234=CARTESIAN_POINT('',(-94.090284711748,33.7629236128123,30.0000000000036));
#5235=CARTESIAN_POINT('',(-94.0869772353569,33.5901589562757,30.0000000000036));
#5236=CARTESIAN_POINT('',(-94.0835761715118,33.4125057979185,30.0000000000036));
#5237=CARTESIAN_POINT('',(-94.0767960171729,33.2348845021033,30.0000000000036));
#5238=CARTESIAN_POINT('',(-94.0638412988849,33.0576745783675,30.0000000000036));
#5239=CARTESIAN_POINT('',(-94.0500810217951,32.8694452707558,30.0000000000036));
#5240=CARTESIAN_POINT('',(-94.0293544040937,32.6816800862866,30.0000000000036));
#5241=CARTESIAN_POINT('',(-93.9985387364461,32.4954750566031,30.0000000000036));
#5242=CARTESIAN_POINT('',(-93.9657016630941,32.297055593876,30.0000000000036));
#5243=CARTESIAN_POINT('',(-93.921408510865,32.1004076811344,30.0000000000036));
#5244=CARTESIAN_POINT('',(-93.8624023250919,31.9081588193316,30.0000000000035));
#5245=CARTESIAN_POINT('',(-93.8313807699997,31.8070870659268,30.0000000000035));
#5246=CARTESIAN_POINT('',(-93.7962925885564,31.707231193422,30.0000000000035));
#5247=CARTESIAN_POINT('',(-93.7568558172422,31.6091295836788,30.0000000000035));
#5248=CARTESIAN_POINT('',(-93.7252453968846,31.5304965460743,30.0000000000035));
#5249=CARTESIAN_POINT('',(-93.6908411059238,31.4529905826031,30.0000000000035));
#5250=CARTESIAN_POINT('',(-93.6535716836664,31.3768771891674,30.0000000000035));
#5251=CARTESIAN_POINT('',(-93.6041800308072,31.2760071976624,30.0000000000035));
#5252=CARTESIAN_POINT('',(-93.5497563119641,31.1775829943536,30.0000000000035));
#5253=CARTESIAN_POINT('',(-93.4902188731919,31.082350373106,30.0000000000035));
#5254=CARTESIAN_POINT('',(-93.4291818676413,30.984719132133,30.0000000000034));
#5255=CARTESIAN_POINT('',(-93.362770300041,30.8904422703717,30.0000000000034));
#5256=CARTESIAN_POINT('',(-93.2912600382772,30.8001980563471,30.0000000000034));
#5257=CARTESIAN_POINT('',(-93.2189969867324,30.7090038398972,30.0000000000034));
#5258=CARTESIAN_POINT('',(-93.1415273279107,30.6219276215815,30.0000000000034));
#5259=CARTESIAN_POINT('',(-93.0592555179509,30.5396523825585,30.0000000000034));
#5260=CARTESIAN_POINT('',(-92.9769837079911,30.4573771435354,30.0000000000033));
#5261=CARTESIAN_POINT('',(-92.8899097468932,30.3799028838051,30.0000000000033));
#5262=CARTESIAN_POINT('',(-92.7987137074737,30.3076414199548,30.0000000000033));
#5263=CARTESIAN_POINT('',(-92.70846768947,30.2361327293458,30.0000000000033));
#5264=CARTESIAN_POINT('',(-92.6141850281088,30.1697287932371,30.0000000000033));
#5265=CARTESIAN_POINT('',(-92.5165523783756,30.1086942657236,30.0000000000032));
#5266=CARTESIAN_POINT('',(-92.4213183829783,30.0491592441076,30.0000000000032));
#5267=CARTESIAN_POINT('',(-92.3228969832601,29.9947330390773,30.0000000000032));
#5268=CARTESIAN_POINT('',(-92.2220315713703,29.9453345068482,30.0000000000032));
#5269=CARTESIAN_POINT('',(-92.1459216335714,29.9080598936297,30.0000000000031));
#5270=CARTESIAN_POINT('',(-92.0684201369606,29.8736479103406,30.0000000000031));
#5271=CARTESIAN_POINT('',(-91.9897872463229,29.8420369686986,30.0000000000031));
#5272=CARTESIAN_POINT('',(-91.8916858199338,29.8025995470366,30.0000000000031));
#5273=CARTESIAN_POINT('',(-91.7918234069767,29.7675218767965,30.0000000000031));
#5274=CARTESIAN_POINT('',(-91.6907484514266,29.7365054727715,30.000000000003));
#5275=CARTESIAN_POINT('',(-91.4984934988142,29.6775090848574,30.000000000003));
#5276=CARTESIAN_POINT('',(-91.3018515732406,29.6332063375424,30.000000000003));
#5277=CARTESIAN_POINT('',(-91.1034335548716,29.6003669480245,30.0000000000029));
#5278=CARTESIAN_POINT('',(-90.9172298806336,29.569549106791,30.0000000000029));
#5279=CARTESIAN_POINT('',(-90.7294620508837,29.5488267258461,30.0000000000028));
#5280=CARTESIAN_POINT('',(-90.5412321949007,29.5350673272375,30.0000000000028));
#5281=CARTESIAN_POINT('',(-90.3640217548963,29.5221134360023,30.0000000000027));
#5282=CARTESIAN_POINT('',(-90.1864018013925,29.515331132134,30.0000000000027));
#5283=CARTESIAN_POINT('',(-90.0087489400952,29.5119295925681,30.0000000000027));
#5284=CARTESIAN_POINT('',(-89.8359845724443,29.5086216535468,30.0000000000026));
#5285=CARTESIAN_POINT('',(-89.6631890831373,29.5085109809751,30.0000000000026));
#5286=CARTESIAN_POINT('',(-89.4903965046488,29.5085109809751,30.0000000000025));
#5287=CARTESIAN_POINT('',(-82.5096034953513,29.5085109809748,36.0000000000017));
#5288=CARTESIAN_POINT('',(-82.3368109168628,29.5085109809748,36.0000000000017));
#5289=CARTESIAN_POINT('',(-82.1640161271885,29.5086227738755,36.0000000000017));
#5290=CARTESIAN_POINT('',(-81.9912514706518,29.5119302502666,36.0000000000016));
#5291=CARTESIAN_POINT('',(-81.8135983122946,29.5153313141117,36.0000000000016));
#5292=CARTESIAN_POINT('',(-81.6359770164792,29.5221114684505,36.0000000000015));
#5293=CARTESIAN_POINT('',(-81.4587670927434,29.5350661867385,36.0000000000015));
#5294=CARTESIAN_POINT('',(-81.2705377851318,29.5488264638282,36.0000000000015));
#5295=CARTESIAN_POINT('',(-81.0827726006627,29.5695530815297,36.0000000000014));
#5296=CARTESIAN_POINT('',(-80.8965675709793,29.6003687491774,36.0000000000014));
#5297=CARTESIAN_POINT('',(-80.6981481082522,29.6332058225293,36.0000000000013));
#5298=CARTESIAN_POINT('',(-80.5015001955105,29.6774989747583,36.0000000000013));
#5299=CARTESIAN_POINT('',(-80.3092513337076,29.7365051605315,36.0000000000013));
#5300=CARTESIAN_POINT('',(-80.2081795803027,29.7675267156236,36.0000000000012));
#5301=CARTESIAN_POINT('',(-80.1083237077979,29.8026148970671,36.0000000000012));
#5302=CARTESIAN_POINT('',(-80.0102220980546,29.8420516683812,36.0000000000012));
#5303=CARTESIAN_POINT('',(-79.9315890604501,29.8736620887389,36.0000000000012));
#5304=CARTESIAN_POINT('',(-79.854083096979,29.9080663796997,36.0000000000012));
#5305=CARTESIAN_POINT('',(-79.7779697035433,29.9453358019572,36.0000000000011));
#5306=CARTESIAN_POINT('',(-79.6770997120383,29.9947274548164,36.0000000000011));
#5307=CARTESIAN_POINT('',(-79.5786755087295,30.0491511736595,36.0000000000011));
#5308=CARTESIAN_POINT('',(-79.4834428874818,30.1086886124317,36.0000000000011));
#5309=CARTESIAN_POINT('',(-79.3858116465088,30.1697256179822,36.000000000001));
#5310=CARTESIAN_POINT('',(-79.2915347847476,30.2361371855826,36.000000000001));
#5311=CARTESIAN_POINT('',(-79.2012905707229,30.3076474473465,36.000000000001));
#5312=CARTESIAN_POINT('',(-79.110096354273,30.3799104988913,36.000000000001));
#5313=CARTESIAN_POINT('',(-79.0230201359571,30.4573801577131,36.000000000001));
#5314=CARTESIAN_POINT('',(-78.9407448969341,30.539651967673,36.0000000000009));
#5315=CARTESIAN_POINT('',(-78.858469657911,30.6219237776329,36.0000000000009));
#5316=CARTESIAN_POINT('',(-78.7809953981808,30.7089977387309,36.0000000000009));
#5317=CARTESIAN_POINT('',(-78.7087339343305,30.8001937781504,36.0000000000009));
#5318=CARTESIAN_POINT('',(-78.6372252437216,30.8904397961541,36.0000000000009));
#5319=CARTESIAN_POINT('',(-78.5708213076129,30.9847224575151,36.0000000000009));
#5320=CARTESIAN_POINT('',(-78.5097867800994,31.0823551072483,36.0000000000008));
#5321=CARTESIAN_POINT('',(-78.4502517584834,31.1775891026455,36.0000000000008));
#5322=CARTESIAN_POINT('',(-78.3958255534531,31.2760105023638,36.0000000000008));
#5323=CARTESIAN_POINT('',(-78.3464270212241,31.3768759142535,36.0000000000008));
#5324=CARTESIAN_POINT('',(-78.3091524080057,31.4529858520523,36.0000000000008));
#5325=CARTESIAN_POINT('',(-78.2747404247166,31.5304873486631,36.0000000000008));
#5326=CARTESIAN_POINT('',(-78.2431294830748,31.6091202393006,36.0000000000008));
#5327=CARTESIAN_POINT('',(-78.2036920614129,31.7072216656897,36.0000000000008));
#5328=CARTESIAN_POINT('',(-78.1686143911727,31.8070840786468,36.0000000000008));
#5329=CARTESIAN_POINT('',(-78.1375979871477,31.908159034197,36.0000000000008));
#5330=CARTESIAN_POINT('',(-78.0786015992336,32.1004139868095,36.0000000000007));
#5331=CARTESIAN_POINT('',(-78.0342988519185,32.2970559123831,36.0000000000007));
#5332=CARTESIAN_POINT('',(-78.0014594624006,32.495473930752,36.0000000000007));
#5333=CARTESIAN_POINT('',(-77.970641621167,32.68167760499,36.0000000000007));
#5334=CARTESIAN_POINT('',(-77.949919240222,32.8694454347399,36.0000000000007));
#5335=CARTESIAN_POINT('',(-77.9361598416135,33.0576752907229,36.0000000000007));
#5336=CARTESIAN_POINT('',(-77.9232059503784,33.2348857307271,36.0000000000007));
#5337=CARTESIAN_POINT('',(-77.9164236465103,33.4125056842309,36.0000000000007));
#5338=CARTESIAN_POINT('',(-77.9130221069444,33.5901585455283,36.0000000000007));
#5339=CARTESIAN_POINT('',(-77.9097141679231,33.7629229131792,36.0000000000007));
#5340=CARTESIAN_POINT('',(-77.9096034953512,33.9357184024864,36.0000000000007));
#5341=CARTESIAN_POINT('',(-77.9096034953512,34.1085109809749,36.0000000000007));
#5342=CARTESIAN_POINT('',(-82.5096034953526,29.5085109809751,30.000000000001));
#5343=CARTESIAN_POINT('',(-82.3368109168641,29.5085109809751,30.0000000000009));
#5344=CARTESIAN_POINT('',(-82.1640161271898,29.5086227738758,30.0000000000009));
#5345=CARTESIAN_POINT('',(-81.9912514706532,29.5119302502669,30.0000000000008));
#5346=CARTESIAN_POINT('',(-81.8135983122959,29.515331314112,30.0000000000008));
#5347=CARTESIAN_POINT('',(-81.6359770164806,29.5221114684508,30.0000000000008));
#5348=CARTESIAN_POINT('',(-81.4587670927447,29.5350661867388,30.0000000000007));
#5349=CARTESIAN_POINT('',(-81.2705377851331,29.5488264638285,30.0000000000007));
#5350=CARTESIAN_POINT('',(-81.0827726006641,29.56955308153,30.0000000000006));
#5351=CARTESIAN_POINT('',(-80.8965675709807,29.6003687491776,30.0000000000006));
#5352=CARTESIAN_POINT('',(-80.6981481082536,29.6332058225296,30.0000000000005));
#5353=CARTESIAN_POINT('',(-80.5015001955119,29.6774989747586,30.0000000000005));
#5354=CARTESIAN_POINT('',(-80.309251333709,29.7365051605317,30.0000000000005));
#5355=CARTESIAN_POINT('',(-80.2081795803041,29.7675267156239,30.0000000000004));
#5356=CARTESIAN_POINT('',(-80.1083237077992,29.8026148970673,30.0000000000004));
#5357=CARTESIAN_POINT('',(-80.010222098056,29.8420516683815,30.0000000000004));
#5358=CARTESIAN_POINT('',(-79.9315890604515,29.8736620887392,30.0000000000004));
#5359=CARTESIAN_POINT('',(-79.8540830969803,29.9080663797,30.0000000000004));
#5360=CARTESIAN_POINT('',(-79.7779697035447,29.9453358019575,30.0000000000003));
#5361=CARTESIAN_POINT('',(-79.6770997120397,29.9947274548167,30.0000000000003));
#5362=CARTESIAN_POINT('',(-79.5786755087309,30.0491511736597,30.0000000000003));
#5363=CARTESIAN_POINT('',(-79.4834428874832,30.108688612432,30.0000000000003));
#5364=CARTESIAN_POINT('',(-79.3858116465102,30.1697256179825,30.0000000000002));
#5365=CARTESIAN_POINT('',(-79.2915347847489,30.2361371855829,30.0000000000002));
#5366=CARTESIAN_POINT('',(-79.2012905707242,30.3076474473468,30.0000000000002));
#5367=CARTESIAN_POINT('',(-79.1100963542744,30.3799104988916,30.0000000000002));
#5368=CARTESIAN_POINT('',(-79.0230201359585,30.4573801577134,30.0000000000002));
#5369=CARTESIAN_POINT('',(-78.9407448969355,30.5396519676733,30.0000000000001));
#5370=CARTESIAN_POINT('',(-78.8584696579123,30.6219237776332,30.0000000000001));
#5371=CARTESIAN_POINT('',(-78.7809953981821,30.7089977387312,30.0000000000001));
#5372=CARTESIAN_POINT('',(-78.7087339343319,30.8001937781507,30.0000000000001));
#5373=CARTESIAN_POINT('',(-78.6372252437229,30.8904397961544,30.0000000000001));
#5374=CARTESIAN_POINT('',(-78.5708213076143,30.9847224575154,30.0000000000001));
#5375=CARTESIAN_POINT('',(-78.5097867801007,31.0823551072486,30.));
#5376=CARTESIAN_POINT('',(-78.4502517584848,31.1775891026458,30.));
#5377=CARTESIAN_POINT('',(-78.3958255534545,31.276010502364,30.));
#5378=CARTESIAN_POINT('',(-78.3464270212255,31.3768759142538,30.));
#5379=CARTESIAN_POINT('',(-78.309152408007,31.4529858520526,30.));
#5380=CARTESIAN_POINT('',(-78.274740424718,31.5304873486633,30.));
#5381=CARTESIAN_POINT('',(-78.2431294830762,31.6091202393009,30.));
#5382=CARTESIAN_POINT('',(-78.2036920614142,31.70722166569,30.));
#5383=CARTESIAN_POINT('',(-78.1686143911741,31.8070840786471,30.));
#5384=CARTESIAN_POINT('',(-78.137597987149,31.9081590341973,30.));
#5385=CARTESIAN_POINT('',(-78.078601599235,32.1004139868097,29.9999999999999));
#5386=CARTESIAN_POINT('',(-78.0342988519199,32.2970559123834,29.9999999999999));
#5387=CARTESIAN_POINT('',(-78.001459462402,32.4954739307523,29.9999999999999));
#5388=CARTESIAN_POINT('',(-77.9706416211684,32.6816776049903,29.9999999999999));
#5389=CARTESIAN_POINT('',(-77.9499192402233,32.8694454347402,29.9999999999999));
#5390=CARTESIAN_POINT('',(-77.9361598416149,33.0576752907232,29.9999999999999));
#5391=CARTESIAN_POINT('',(-77.9232059503797,33.2348857307274,29.9999999999999));
#5392=CARTESIAN_POINT('',(-77.9164236465116,33.4125056842312,29.9999999999999));
#5393=CARTESIAN_POINT('',(-77.9130221069458,33.5901585455285,29.9999999999999));
#5394=CARTESIAN_POINT('',(-77.9097141679244,33.7629229131795,29.9999999999999));
#5395=CARTESIAN_POINT('',(-77.9096034953526,33.9357184024867,29.9999999999999));
#5396=CARTESIAN_POINT('',(-77.9096034953526,34.1085109809752,29.9999999999999));
#5397=CARTESIAN_POINT('',(-77.9096034953512,41.9999999999999,36.0000000000007));
#5398=CARTESIAN_POINT('',(-77.9096034953512,42.0987365288894,36.0000000000007));
#5399=CARTESIAN_POINT('',(-77.9095305351542,42.1974712061777,36.0000000000007));
#5400=CARTESIAN_POINT('',(-77.9087748422269,42.2962065751171,36.0000000000007));
#5401=CARTESIAN_POINT('',(-77.9084764956458,42.3351871698779,36.0000000000007));
#5402=CARTESIAN_POINT('',(-77.9080717342387,42.3741678724436,36.0000000000007));
#5403=CARTESIAN_POINT('',(-77.9074810598732,42.4131450120244,36.0000000000007));
#5404=CARTESIAN_POINT('',(-77.9096034953526,42.0000000000002,29.9999999999999));
#5405=CARTESIAN_POINT('',(-77.9096034953526,42.0987365288897,29.9999999999999));
#5406=CARTESIAN_POINT('',(-77.9095305351555,42.1974712061779,29.9999999999999));
#5407=CARTESIAN_POINT('',(-77.9087748422283,42.2962065751174,29.9999999999999));
#5408=CARTESIAN_POINT('',(-77.9084764956472,42.3351871698782,29.9999999999999));
#5409=CARTESIAN_POINT('',(-77.90807173424,42.3741678724439,29.9999999999999));
#5410=CARTESIAN_POINT('',(-77.9074810598746,42.4131450120247,29.9999999999999));
#5411=CARTESIAN_POINT('',(-89.0559202445104,41.7089862647238,26.));
#5412=CARTESIAN_POINT('',(-89.0559202445104,43.18150171207,26.));
#5413=CARTESIAN_POINT('',(-82.937298019652,44.0818498287929,27.9));
#5414=CARTESIAN_POINT('',(-76.9075958677088,-42.3979923723569,33.0000000000001));
#5415=CARTESIAN_POINT('',(-95.0924041322911,-42.3979923723569,33.0000000000042));
#5416=CARTESIAN_POINT('',(-95.0924041322911,42.397992372357,33.0000000000042));
#5417=CARTESIAN_POINT('',(-76.9075958677087,42.3979923723569,33.0000000000001));
#5418=CARTESIAN_POINT('',(-76.9227524439264,43.3988533104315,32.2000000000002));
#5419=CARTESIAN_POINT('',(-76.5096034953525,43.3999999999999,32.2000000000051));
#5420=CARTESIAN_POINT('',(-57.6,35.,32.2000000000005));
#5421=CARTESIAN_POINT('',(-65.9999999999994,-43.3999999999999,32.2000000000027));
#5422=CARTESIAN_POINT('',(-77.9096034953519,-42.,32.2));
#5423=CARTESIAN_POINT('',(-82.5096034953515,-29.5085109809749,32.2000000000015));
#5424=CARTESIAN_POINT('',(-94.0903965046481,-34.1085109809748,32.1999999999996));
#5425=CARTESIAN_POINT('',(-95.4903965046476,-43.4,32.200000000002));
#5426=CARTESIAN_POINT('',(-114.4,-34.9999999999999,32.1999999999992));
#5427=CARTESIAN_POINT('',(-106.000000000001,43.4,32.2000000000044));
#5428=CARTESIAN_POINT('',(-94.0903965046481,42.0000000000001,32.1999999999996));
#5429=CARTESIAN_POINT('',(-89.4903965046488,29.508510980975,32.2000000000031));
#5430=CARTESIAN_POINT('',(-77.9096034953519,34.1085109809751,32.2));
#5431=CARTESIAN_POINT('',(-77.9101236058571,-42.0000020983342,32.2000000000001));
#5432=CARTESIAN_POINT('',(-95.4903944063145,-43.4005201105042,32.1999999999998));
#5433=CARTESIAN_POINT('',(-94.0898763941443,42.0000020983343,32.1999999999996));
#5434=CARTESIAN_POINT('',(-60.5999999999999,-0.800000000000001,35.));
#5435=CARTESIAN_POINT('',(-59.3999999999999,-0.800000000000001,35.));
#5436=CARTESIAN_POINT('',(-58.1999999999999,-0.800000000000001,35.));
#5437=CARTESIAN_POINT('',(-57.6,-1.40000000000008,35.));
#5438=CARTESIAN_POINT('',(-57.6,-2.60000000000004,35.));
#5439=CARTESIAN_POINT('',(-57.6,-3.80000000000001,35.));
#5440=CARTESIAN_POINT('',(-60.5999999999999,-0.800000000000001,25.9999999999953));
#5441=CARTESIAN_POINT('',(-59.3999999999999,-0.800000000000001,25.9999999999953));
#5442=CARTESIAN_POINT('',(-58.1999999999999,-0.800000000000001,25.9999999999953));
#5443=CARTESIAN_POINT('',(-57.6,-1.40000000000008,25.9999999999953));
#5444=CARTESIAN_POINT('',(-57.6,-2.60000000000005,25.9999999999953));
#5445=CARTESIAN_POINT('',(-57.6,-3.80000000000002,25.9999999999953));
#5446=CARTESIAN_POINT('',(-60.6,0.799999999999999,25.9999999999953));
#5447=CARTESIAN_POINT('',(-59.4,0.799999999999999,25.9999999999953));
#5448=CARTESIAN_POINT('',(-58.2,0.799999999999999,25.9999999999953));
#5449=CARTESIAN_POINT('',(-57.6,1.40000000000006,25.9999999999953));
#5450=CARTESIAN_POINT('',(-57.6,2.60000000000005,25.9999999999953));
#5451=CARTESIAN_POINT('',(-57.6,3.80000000000005,25.9999999999953));
#5452=CARTESIAN_POINT('',(-60.6,0.8,35.));
#5453=CARTESIAN_POINT('',(-59.4,0.8,35.));
#5454=CARTESIAN_POINT('',(-58.2,0.8,35.));
#5455=CARTESIAN_POINT('',(-57.6,1.40000000000005,35.));
#5456=CARTESIAN_POINT('',(-57.6,2.60000000000004,35.));
#5457=CARTESIAN_POINT('',(-57.6,3.80000000000003,35.));
#5458=CARTESIAN_POINT('',(-111.4,-0.8,26.0000000000017));
#5459=CARTESIAN_POINT('',(-112.6,-0.8,26.0000000000017));
#5460=CARTESIAN_POINT('',(-113.8,-0.8,26.0000000000017));
#5461=CARTESIAN_POINT('',(-114.4,-1.40000000000007,26.0000000000018));
#5462=CARTESIAN_POINT('',(-114.4,-2.60000000000007,26.0000000000018));
#5463=CARTESIAN_POINT('',(-114.4,-3.80000000000007,26.0000000000018));
#5464=CARTESIAN_POINT('',(-111.4,-0.800000000000001,35.));
#5465=CARTESIAN_POINT('',(-112.6,-0.800000000000001,35.));
#5466=CARTESIAN_POINT('',(-113.8,-0.800000000000001,35.));
#5467=CARTESIAN_POINT('',(-114.4,-1.40000000000008,35.));
#5468=CARTESIAN_POINT('',(-114.4,-2.60000000000007,35.));
#5469=CARTESIAN_POINT('',(-114.4,-3.80000000000006,35.));
#5470=CARTESIAN_POINT('',(-111.4,0.799999999999999,35.));
#5471=CARTESIAN_POINT('',(-112.6,0.799999999999999,35.));
#5472=CARTESIAN_POINT('',(-113.8,0.799999999999999,35.));
#5473=CARTESIAN_POINT('',(-114.4,1.39999999999985,35.));
#5474=CARTESIAN_POINT('',(-114.4,2.5999999999999,35.));
#5475=CARTESIAN_POINT('',(-114.4,3.79999999999996,35.));
#5476=CARTESIAN_POINT('',(-111.4,0.799999999999999,26.0000000000017));
#5477=CARTESIAN_POINT('',(-112.6,0.799999999999999,26.0000000000017));
#5478=CARTESIAN_POINT('',(-113.8,0.799999999999999,26.0000000000017));
#5479=CARTESIAN_POINT('',(-114.4,1.39999999999984,26.0000000000018));
#5480=CARTESIAN_POINT('',(-114.4,2.59999999999989,26.0000000000018));
#5481=CARTESIAN_POINT('',(-114.4,3.79999999999995,26.0000000000018));
#5482=CARTESIAN_POINT('',(-122.,49.5003846062516,32.));
#5483=CARTESIAN_POINT('',(-85.2,-30.,29.0000000000017));
#5484=CARTESIAN_POINT('',(-86.8,30.,29.0000000000017));
#5485=CARTESIAN_POINT('',(-115.,-0.8,29.0000000000017));
#5486=CARTESIAN_POINT('',(-57.,0.8,29.0000000000017));
#5487=CARTESIAN_POINT('',(-86.8,27.508510980975,27.0000000000008));
#5488=CARTESIAN_POINT('',(-86.8,28.308510980975,27.0000000000008));
#5489=CARTESIAN_POINT('',(-86.8,29.108510980975,27.0000000000008));
#5490=CARTESIAN_POINT('',(-87.2,29.508510980975,27.0000000000008));
#5491=CARTESIAN_POINT('',(-88.,29.508510980975,27.0000000000008));
#5492=CARTESIAN_POINT('',(-88.8,29.508510980975,27.0000000000008));
#5493=CARTESIAN_POINT('',(-86.8,27.508510980975,34.));
#5494=CARTESIAN_POINT('',(-86.8,28.308510980975,34.));
#5495=CARTESIAN_POINT('',(-86.8,29.108510980975,34.));
#5496=CARTESIAN_POINT('',(-87.2,29.508510980975,34.));
#5497=CARTESIAN_POINT('',(-88.,29.508510980975,34.));
#5498=CARTESIAN_POINT('',(-88.8,29.508510980975,34.));
#5499=CARTESIAN_POINT('',(-85.2,27.508510980975,34.));
#5500=CARTESIAN_POINT('',(-85.2,28.308510980975,34.));
#5501=CARTESIAN_POINT('',(-85.2,29.108510980975,34.));
#5502=CARTESIAN_POINT('',(-84.8,29.508510980975,34.));
#5503=CARTESIAN_POINT('',(-84.,29.508510980975,34.));
#5504=CARTESIAN_POINT('',(-83.2,29.508510980975,34.));
#5505=CARTESIAN_POINT('',(-85.2,27.508510980975,27.0000000000011));
#5506=CARTESIAN_POINT('',(-85.2,28.308510980975,27.0000000000011));
#5507=CARTESIAN_POINT('',(-85.2,29.108510980975,27.0000000000011));
#5508=CARTESIAN_POINT('',(-84.8,29.508510980975,27.0000000000011));
#5509=CARTESIAN_POINT('',(-84.,29.508510980975,27.0000000000011));
#5510=CARTESIAN_POINT('',(-83.2,29.508510980975,27.0000000000011));
#5511=CARTESIAN_POINT('',(-85.2,-27.5085109809749,26.9999999999994));
#5512=CARTESIAN_POINT('',(-85.2,-28.3085109809749,26.9999999999994));
#5513=CARTESIAN_POINT('',(-85.2,-29.1085109809749,26.9999999999994));
#5514=CARTESIAN_POINT('',(-84.8,-29.5085109809749,26.9999999999995));
#5515=CARTESIAN_POINT('',(-84.,-29.5085109809749,26.9999999999995));
#5516=CARTESIAN_POINT('',(-83.2,-29.5085109809749,26.9999999999995));
#5517=CARTESIAN_POINT('',(-85.2,-27.5085109809749,34.));
#5518=CARTESIAN_POINT('',(-85.2,-28.3085109809749,34.));
#5519=CARTESIAN_POINT('',(-85.2,-29.1085109809749,34.));
#5520=CARTESIAN_POINT('',(-84.8,-29.5085109809749,34.0000000000001));
#5521=CARTESIAN_POINT('',(-84.,-29.5085109809749,34.0000000000001));
#5522=CARTESIAN_POINT('',(-83.2,-29.5085109809749,34.0000000000001));
#5523=CARTESIAN_POINT('',(-86.8,-27.508510980975,34.));
#5524=CARTESIAN_POINT('',(-86.8,-28.308510980975,34.));
#5525=CARTESIAN_POINT('',(-86.8,-29.1085109809751,34.));
#5526=CARTESIAN_POINT('',(-87.2000000000001,-29.508510980975,34.));
#5527=CARTESIAN_POINT('',(-88.,-29.508510980975,34.));
#5528=CARTESIAN_POINT('',(-88.8,-29.508510980975,34.));
#5529=CARTESIAN_POINT('',(-86.8,-27.508510980975,27.0000000000017));
#5530=CARTESIAN_POINT('',(-86.8,-28.3085109809751,27.0000000000017));
#5531=CARTESIAN_POINT('',(-86.8,-29.1085109809751,27.0000000000017));
#5532=CARTESIAN_POINT('',(-87.2000000000001,-29.508510980975,27.0000000000018));
#5533=CARTESIAN_POINT('',(-88.,-29.508510980975,27.0000000000018));
#5534=CARTESIAN_POINT('',(-88.8,-29.508510980975,27.0000000000018));
#5535=CARTESIAN_POINT('',(-85.2,-2.79999999999997,27.0000000000017));
#5536=CARTESIAN_POINT('',(-85.2,-2.79999999999997,34.));
#5537=CARTESIAN_POINT('',(-85.2,-1.99999999999996,27.0000000000017));
#5538=CARTESIAN_POINT('',(-85.2,-1.99999999999996,34.));
#5539=CARTESIAN_POINT('',(-85.2,-1.19999999999996,27.0000000000017));
#5540=CARTESIAN_POINT('',(-85.2,-1.19999999999996,34.));
#5541=CARTESIAN_POINT('',(-84.8,-0.800000000000001,27.0000000000017));
#5542=CARTESIAN_POINT('',(-84.8,-0.800000000000001,34.));
#5543=CARTESIAN_POINT('',(-84.,-0.800000000000001,27.0000000000017));
#5544=CARTESIAN_POINT('',(-84.,-0.800000000000001,34.));
#5545=CARTESIAN_POINT('',(-83.2,-0.800000000000001,27.0000000000017));
#5546=CARTESIAN_POINT('',(-83.2,-0.800000000000001,34.));
#5547=CARTESIAN_POINT('',(-85.2,2.80000000000006,34.));
#5548=CARTESIAN_POINT('',(-85.2,2.80000000000005,27.0000000000017));
#5549=CARTESIAN_POINT('',(-85.2,2.00000000000007,34.));
#5550=CARTESIAN_POINT('',(-85.2,2.00000000000007,27.0000000000017));
#5551=CARTESIAN_POINT('',(-85.2,1.20000000000009,34.));
#5552=CARTESIAN_POINT('',(-85.2,1.20000000000009,27.0000000000017));
#5553=CARTESIAN_POINT('',(-84.8000000000001,0.799999999999999,34.));
#5554=CARTESIAN_POINT('',(-84.8000000000001,0.799999999999999,27.0000000000018));
#5555=CARTESIAN_POINT('',(-84.0000000000001,0.799999999999999,34.));
#5556=CARTESIAN_POINT('',(-84.0000000000001,0.799999999999999,27.0000000000018));
#5557=CARTESIAN_POINT('',(-83.2000000000001,0.799999999999999,34.));
#5558=CARTESIAN_POINT('',(-83.2,0.799999999999999,27.0000000000018));
#5559=CARTESIAN_POINT('',(-86.8,2.80000000000001,27.0000000000018));
#5560=CARTESIAN_POINT('',(-86.8,2.80000000000001,34.));
#5561=CARTESIAN_POINT('',(-86.8,2.00000000000002,27.0000000000018));
#5562=CARTESIAN_POINT('',(-86.8,2.00000000000002,34.));
#5563=CARTESIAN_POINT('',(-86.8,1.20000000000004,27.0000000000018));
#5564=CARTESIAN_POINT('',(-86.8,1.20000000000004,34.));
#5565=CARTESIAN_POINT('',(-87.2,0.800000000000001,27.0000000000018));
#5566=CARTESIAN_POINT('',(-87.2,0.800000000000001,34.));
#5567=CARTESIAN_POINT('',(-88.,0.800000000000001,27.0000000000018));
#5568=CARTESIAN_POINT('',(-88.,0.800000000000001,34.));
#5569=CARTESIAN_POINT('',(-88.8,0.800000000000001,27.0000000000018));
#5570=CARTESIAN_POINT('',(-88.8,0.800000000000001,34.));
#5571=CARTESIAN_POINT('',(-86.8,-2.80000000000001,34.));
#5572=CARTESIAN_POINT('',(-86.8,-2.80000000000001,27.0000000000017));
#5573=CARTESIAN_POINT('',(-86.8,-2.00000000000001,34.));
#5574=CARTESIAN_POINT('',(-86.8,-2.00000000000001,27.0000000000017));
#5575=CARTESIAN_POINT('',(-86.8,-1.20000000000002,34.));
#5576=CARTESIAN_POINT('',(-86.8,-1.20000000000001,27.0000000000017));
#5577=CARTESIAN_POINT('',(-87.2,-0.800000000000001,34.));
#5578=CARTESIAN_POINT('',(-87.2,-0.800000000000001,27.0000000000017));
#5579=CARTESIAN_POINT('',(-88.,-0.800000000000001,34.));
#5580=CARTESIAN_POINT('',(-88.,-0.800000000000001,27.0000000000017));
#5581=CARTESIAN_POINT('',(-88.8,-0.800000000000001,34.));
#5582=CARTESIAN_POINT('',(-88.8,-0.800000000000001,27.0000000000017));
#5583=CARTESIAN_POINT('',(-56.,34.9999999999999,27.9959999480327));
#5584=CARTESIAN_POINT('',(-55.8,-20.2,28.));
#5585=CARTESIAN_POINT('',(-55.8,-20.12,28.));
#5586=CARTESIAN_POINT('',(-55.8,-20.04,28.));
#5587=CARTESIAN_POINT('',(-55.8,-20.,28.04));
#5588=CARTESIAN_POINT('',(-55.8,-20.,28.12));
#5589=CARTESIAN_POINT('',(-55.8,-20.,28.2));
#5590=CARTESIAN_POINT('',(-57.4,-20.2,28.));
#5591=CARTESIAN_POINT('',(-57.4,-20.12,28.));
#5592=CARTESIAN_POINT('',(-57.4,-20.04,28.));
#5593=CARTESIAN_POINT('',(-57.4,-20.,28.04));
#5594=CARTESIAN_POINT('',(-57.4,-20.,28.12));
#5595=CARTESIAN_POINT('',(-57.4,-20.,28.2));
#5596=CARTESIAN_POINT('',(-57.2012003566174,-20.2,27.9987996433826));
#5597=CARTESIAN_POINT('',(-55.8,20.2,28.));
#5598=CARTESIAN_POINT('',(-57.4,20.2,28.));
#5599=CARTESIAN_POINT('',(-55.8,20.12,28.));
#5600=CARTESIAN_POINT('',(-57.4,20.12,28.));
#5601=CARTESIAN_POINT('',(-55.8,20.04,28.));
#5602=CARTESIAN_POINT('',(-57.4,20.04,28.));
#5603=CARTESIAN_POINT('',(-55.8,20.,28.04));
#5604=CARTESIAN_POINT('',(-57.4,20.,28.04));
#5605=CARTESIAN_POINT('',(-55.8,20.,28.12));
#5606=CARTESIAN_POINT('',(-57.4,20.,28.12));
#5607=CARTESIAN_POINT('',(-55.8,20.,28.2));
#5608=CARTESIAN_POINT('',(-57.4,20.,28.2));
#5609=CARTESIAN_POINT('',(-116.,-34.9999999999999,27.9959999480327));
#5610=CARTESIAN_POINT('',(-116.,-20.2,29.2));
#5611=CARTESIAN_POINT('',(-114.6,-20.2,28.));
#5612=CARTESIAN_POINT('',(-114.6,-20.12,28.));
#5613=CARTESIAN_POINT('',(-114.6,-20.04,28.));
#5614=CARTESIAN_POINT('',(-114.6,-20.,28.04));
#5615=CARTESIAN_POINT('',(-114.6,-20.,28.12));
#5616=CARTESIAN_POINT('',(-114.6,-20.,28.2));
#5617=CARTESIAN_POINT('',(-116.2,-20.2,28.));
#5618=CARTESIAN_POINT('',(-116.2,-20.12,28.));
#5619=CARTESIAN_POINT('',(-116.2,-20.04,28.));
#5620=CARTESIAN_POINT('',(-116.2,-20.,28.04));
#5621=CARTESIAN_POINT('',(-116.2,-20.,28.12));
#5622=CARTESIAN_POINT('',(-116.2,-20.,28.2));
#5623=CARTESIAN_POINT('',(-114.6,20.2,28.));
#5624=CARTESIAN_POINT('',(-116.2,20.2,28.));
#5625=CARTESIAN_POINT('',(-114.6,20.12,28.));
#5626=CARTESIAN_POINT('',(-116.2,20.12,28.));
#5627=CARTESIAN_POINT('',(-114.6,20.04,28.));
#5628=CARTESIAN_POINT('',(-116.2,20.04,28.));
#5629=CARTESIAN_POINT('',(-114.6,20.,28.04));
#5630=CARTESIAN_POINT('',(-116.2,20.,28.04));
#5631=CARTESIAN_POINT('',(-114.6,20.,28.12));
#5632=CARTESIAN_POINT('',(-116.2,20.,28.12));
#5633=CARTESIAN_POINT('',(-114.6,20.,28.2));
#5634=CARTESIAN_POINT('',(-116.2,20.,28.2));
#5635=CARTESIAN_POINT('',(-116.,-20.2,29.2828427124746));
#5636=CARTESIAN_POINT('',(-116.,-20.2,29.2497056274848));
#5637=CARTESIAN_POINT('',(-116.,-20.2,29.2165685424949));
#5638=CARTESIAN_POINT('',(-115.988284271247,-20.2,29.1882842712475));
#5639=CARTESIAN_POINT('',(-115.964852813742,-20.2,29.1648528137424));
#5640=CARTESIAN_POINT('',(-115.941421356237,-20.2,29.1414213562373));
#5641=CARTESIAN_POINT('',(-116.,20.2,29.2828427124746));
#5642=CARTESIAN_POINT('',(-116.,20.2,29.2497056274848));
#5643=CARTESIAN_POINT('',(-116.,20.2,29.2165685424949));
#5644=CARTESIAN_POINT('',(-115.988284271247,20.2,29.1882842712475));
#5645=CARTESIAN_POINT('',(-115.964852813742,20.2,29.1648528137424));
#5646=CARTESIAN_POINT('',(-115.941421356237,20.2,29.1414213562373));
#5647=CARTESIAN_POINT('',(-56.,20.2,29.2828427124746));
#5648=CARTESIAN_POINT('',(-56.,20.2,29.2497056274847));
#5649=CARTESIAN_POINT('',(-56.,20.2,29.2165685424949));
#5650=CARTESIAN_POINT('',(-56.0117157287526,20.2,29.1882842712474));
#5651=CARTESIAN_POINT('',(-56.0351471862577,20.2,29.1648528137423));
#5652=CARTESIAN_POINT('',(-56.0585786437627,20.2,29.1414213562373));
#5653=CARTESIAN_POINT('',(-56.,-20.2,29.2828427124746));
#5654=CARTESIAN_POINT('',(-56.,-20.2,29.2497056274847));
#5655=CARTESIAN_POINT('',(-56.,-20.2,29.2165685424949));
#5656=CARTESIAN_POINT('',(-56.0117157287526,-20.2,29.1882842712474));
#5657=CARTESIAN_POINT('',(-56.0351471862577,-20.2,29.1648528137423));
#5658=CARTESIAN_POINT('',(-56.0585786437627,-20.2,29.1414213562373));
#5659=CARTESIAN_POINT('',(-66.0000000000007,35.,29.4999999999972));
#5660=CARTESIAN_POINT('',(-66.0000000000007,-34.9999999999998,29.4999999999972));
#5661=CARTESIAN_POINT('',(-82.5096034953527,-29.5085109809748,30.000000000001));
#5662=CARTESIAN_POINT('',(-82.5096034953527,-29.5085109809748,29.000000000001));
#5663=CARTESIAN_POINT('',(-82.3368109168642,-29.5085109809748,30.0000000000009));
#5664=CARTESIAN_POINT('',(-82.3368109168642,-29.5085109809748,29.0000000000009));
#5665=CARTESIAN_POINT('',(-82.1640154275569,-29.5086216535465,30.0000000000009));
#5666=CARTESIAN_POINT('',(-82.1640154275569,-29.5086216535465,29.0000000000009));
#5667=CARTESIAN_POINT('',(-81.9912510599059,-29.5119295925678,30.0000000000008));
#5668=CARTESIAN_POINT('',(-81.9912510599059,-29.5119295925678,29.0000000000008));
#5669=CARTESIAN_POINT('',(-81.8135981986085,-29.5153311321336,30.0000000000008));
#5670=CARTESIAN_POINT('',(-81.8135981986085,-29.5153311321336,29.0000000000008));
#5671=CARTESIAN_POINT('',(-81.6359782451048,-29.5221134360019,30.0000000000008));
#5672=CARTESIAN_POINT('',(-81.6359782451048,-29.5221134360019,29.0000000000008));
#5673=CARTESIAN_POINT('',(-81.4587678051006,-29.5350673272371,30.0000000000007));
#5674=CARTESIAN_POINT('',(-81.4587678051006,-29.5350673272371,29.0000000000007));
#5675=CARTESIAN_POINT('',(-81.2705379491177,-29.5488267258456,30.0000000000007));
#5676=CARTESIAN_POINT('',(-81.2705379491177,-29.5488267258456,29.0000000000007));
#5677=CARTESIAN_POINT('',(-81.0827701193679,-29.5695491067906,30.0000000000006));
#5678=CARTESIAN_POINT('',(-81.0827701193679,-29.5695491067906,29.0000000000006));
#5679=CARTESIAN_POINT('',(-80.8965664451298,-29.6003669480241,30.0000000000006));
#5680=CARTESIAN_POINT('',(-80.8965664451298,-29.6003669480241,29.0000000000006));
#5681=CARTESIAN_POINT('',(-80.6981484267609,-29.633206337542,30.0000000000005));
#5682=CARTESIAN_POINT('',(-80.6981484267609,-29.633206337542,29.0000000000005));
#5683=CARTESIAN_POINT('',(-80.5015065011871,-29.677509084857,30.0000000000005));
#5684=CARTESIAN_POINT('',(-80.5015065011871,-29.677509084857,29.0000000000005));
#5685=CARTESIAN_POINT('',(-80.3092515485746,-29.7365054727711,30.0000000000005));
#5686=CARTESIAN_POINT('',(-80.3092515485746,-29.7365054727711,29.0000000000005));
#5687=CARTESIAN_POINT('',(-80.2081765930244,-29.7675218767961,30.0000000000004));
#5688=CARTESIAN_POINT('',(-80.2081765930244,-29.7675218767961,29.0000000000004));
#5689=CARTESIAN_POINT('',(-80.1083141800673,-29.8025995470363,30.0000000000004));
#5690=CARTESIAN_POINT('',(-80.1083141800673,-29.8025995470363,29.0000000000004));
#5691=CARTESIAN_POINT('',(-80.0102127536781,-29.8420369686983,30.0000000000004));
#5692=CARTESIAN_POINT('',(-80.0102127536781,-29.8420369686983,29.0000000000004));
#5693=CARTESIAN_POINT('',(-79.9315798630405,-29.8736479103402,30.0000000000004));
#5694=CARTESIAN_POINT('',(-79.9315798630405,-29.8736479103402,29.0000000000004));
#5695=CARTESIAN_POINT('',(-79.8540783664297,-29.9080598936293,30.0000000000004));
#5696=CARTESIAN_POINT('',(-79.8540783664297,-29.9080598936293,29.0000000000004));
#5697=CARTESIAN_POINT('',(-79.7779684286308,-29.9453345068477,30.0000000000003));
#5698=CARTESIAN_POINT('',(-79.7779684286308,-29.9453345068477,29.0000000000003));
#5699=CARTESIAN_POINT('',(-79.6771030167411,-29.9947330390767,30.0000000000003));
#5700=CARTESIAN_POINT('',(-79.6771030167411,-29.9947330390767,29.0000000000003));
#5701=CARTESIAN_POINT('',(-79.5786816170229,-30.049159244107,30.0000000000003));
#5702=CARTESIAN_POINT('',(-79.5786816170229,-30.049159244107,29.0000000000003));
#5703=CARTESIAN_POINT('',(-79.4834476216258,-30.108694265723,30.0000000000003));
#5704=CARTESIAN_POINT('',(-79.4834476216258,-30.108694265723,29.0000000000003));
#5705=CARTESIAN_POINT('',(-79.3858149718925,-30.1697287932366,30.0000000000002));
#5706=CARTESIAN_POINT('',(-79.3858149718925,-30.1697287932366,29.0000000000002));
#5707=CARTESIAN_POINT('',(-79.2915323105317,-30.2361327293453,30.0000000000002));
#5708=CARTESIAN_POINT('',(-79.2915323105317,-30.2361327293453,29.0000000000002));
#5709=CARTESIAN_POINT('',(-79.201286292528,-30.3076414199544,30.0000000000002));
#5710=CARTESIAN_POINT('',(-79.201286292528,-30.3076414199544,29.0000000000002));
#5711=CARTESIAN_POINT('',(-79.1100902531087,-30.3799028838047,30.0000000000002));
#5712=CARTESIAN_POINT('',(-79.1100902531087,-30.3799028838047,29.0000000000002));
#5713=CARTESIAN_POINT('',(-79.0230162920107,-30.4573771435349,30.0000000000002));
#5714=CARTESIAN_POINT('',(-79.0230162920107,-30.4573771435349,29.0000000000002));
#5715=CARTESIAN_POINT('',(-78.9407444820508,-30.539652382558,30.0000000000001));
#5716=CARTESIAN_POINT('',(-78.9407444820508,-30.539652382558,29.0000000000001));
#5717=CARTESIAN_POINT('',(-78.8584726720909,-30.621927621581,30.0000000000001));
#5718=CARTESIAN_POINT('',(-78.8584726720909,-30.621927621581,29.0000000000001));
#5719=CARTESIAN_POINT('',(-78.7810030132691,-30.7090038398969,30.0000000000001));
#5720=CARTESIAN_POINT('',(-78.7810030132691,-30.7090038398969,29.0000000000001));
#5721=CARTESIAN_POINT('',(-78.7087399617243,-30.8001980563467,30.0000000000001));
#5722=CARTESIAN_POINT('',(-78.7087399617243,-30.8001980563467,29.0000000000001));
#5723=CARTESIAN_POINT('',(-78.6372296999603,-30.8904422703714,30.0000000000001));
#5724=CARTESIAN_POINT('',(-78.6372296999603,-30.8904422703714,29.0000000000001));
#5725=CARTESIAN_POINT('',(-78.5708181323599,-30.9847191321327,30.0000000000001));
#5726=CARTESIAN_POINT('',(-78.5708181323599,-30.9847191321327,29.0000000000001));
#5727=CARTESIAN_POINT('',(-78.5097811268093,-31.0823503731057,30.));
#5728=CARTESIAN_POINT('',(-78.5097811268093,-31.0823503731057,29.));
#5729=CARTESIAN_POINT('',(-78.450243688037,-31.1775829943534,30.));
#5730=CARTESIAN_POINT('',(-78.450243688037,-31.1775829943534,29.));
#5731=CARTESIAN_POINT('',(-78.3958199691941,-31.2760071976623,30.));
#5732=CARTESIAN_POINT('',(-78.3958199691941,-31.2760071976623,29.));
#5733=CARTESIAN_POINT('',(-78.3464283163349,-31.3768771891673,30.));
#5734=CARTESIAN_POINT('',(-78.3464283163349,-31.3768771891673,29.));
#5735=CARTESIAN_POINT('',(-78.3091588940775,-31.452990582603,30.));
#5736=CARTESIAN_POINT('',(-78.3091588940775,-31.452990582603,29.));
#5737=CARTESIAN_POINT('',(-78.2747546031167,-31.5304965460742,30.));
#5738=CARTESIAN_POINT('',(-78.2747546031167,-31.5304965460742,29.));
#5739=CARTESIAN_POINT('',(-78.2431441827591,-31.6091295836787,30.));
#5740=CARTESIAN_POINT('',(-78.2431441827591,-31.6091295836787,29.));
#5741=CARTESIAN_POINT('',(-78.203707411445,-31.707231193422,30.));
#5742=CARTESIAN_POINT('',(-78.203707411445,-31.707231193422,29.));
#5743=CARTESIAN_POINT('',(-78.1686192300016,-31.8070870659267,30.));
#5744=CARTESIAN_POINT('',(-78.1686192300016,-31.8070870659267,29.));
#5745=CARTESIAN_POINT('',(-78.1375976749094,-31.9081588193314,30.));
#5746=CARTESIAN_POINT('',(-78.1375976749094,-31.9081588193314,29.));
#5747=CARTESIAN_POINT('',(-78.0785914891363,-32.1004076811342,29.9999999999999));
#5748=CARTESIAN_POINT('',(-78.0785914891363,-32.1004076811342,28.9999999999999));
#5749=CARTESIAN_POINT('',(-78.0342983369072,-32.2970555938759,29.9999999999999));
#5750=CARTESIAN_POINT('',(-78.0342983369072,-32.2970555938759,28.9999999999999));
#5751=CARTESIAN_POINT('',(-78.0014612635552,-32.495475056603,29.9999999999999));
#5752=CARTESIAN_POINT('',(-78.0014612635552,-32.495475056603,28.9999999999999));
#5753=CARTESIAN_POINT('',(-77.9706455959077,-32.6816800862864,29.9999999999999));
#5754=CARTESIAN_POINT('',(-77.9706455959077,-32.6816800862864,28.9999999999999));
#5755=CARTESIAN_POINT('',(-77.9499189782062,-32.8694452707555,29.9999999999999));
#5756=CARTESIAN_POINT('',(-77.9499189782062,-32.8694452707555,28.9999999999999));
#5757=CARTESIAN_POINT('',(-77.9361587011165,-33.0576745783671,29.9999999999999));
#5758=CARTESIAN_POINT('',(-77.9361587011165,-33.0576745783671,28.9999999999999));
#5759=CARTESIAN_POINT('',(-77.9232039828286,-33.2348845021029,29.9999999999999));
#5760=CARTESIAN_POINT('',(-77.9232039828286,-33.2348845021029,28.9999999999999));
#5761=CARTESIAN_POINT('',(-77.9164238284898,-33.4125057979181,29.9999999999999));
#5762=CARTESIAN_POINT('',(-77.9164238284898,-33.4125057979181,28.9999999999999));
#5763=CARTESIAN_POINT('',(-77.9130227646445,-33.5901589562754,29.9999999999999));
#5764=CARTESIAN_POINT('',(-77.9130227646445,-33.5901589562754,28.9999999999999));
#5765=CARTESIAN_POINT('',(-77.9097152882534,-33.762923612812,29.9999999999999));
#5766=CARTESIAN_POINT('',(-77.9097152882534,-33.762923612812,28.9999999999999));
#5767=CARTESIAN_POINT('',(-77.9096034953526,-33.9357184024864,29.9999999999999));
#5768=CARTESIAN_POINT('',(-77.9096034953526,-33.9357184024864,28.9999999999999));
#5769=CARTESIAN_POINT('',(-77.9096034953526,-34.1085109809749,29.9999999999999));
#5770=CARTESIAN_POINT('',(-77.9096034953526,-34.1085109809749,28.9999999999999));
#5771=CARTESIAN_POINT('',(-94.0903965046487,-34.1085109809748,30.0000000000036));
#5772=CARTESIAN_POINT('',(-94.0903965046487,-34.1085109809748,29.0000000000036));
#5773=CARTESIAN_POINT('',(-94.0903965046487,-33.9357184024863,30.0000000000036));
#5774=CARTESIAN_POINT('',(-94.0903965046487,-33.9357184024863,29.0000000000036));
#5775=CARTESIAN_POINT('',(-94.0902858320772,-33.7629229131791,30.0000000000036));
#5776=CARTESIAN_POINT('',(-94.0902858320772,-33.7629229131791,29.0000000000036));
#5777=CARTESIAN_POINT('',(-94.086977893056,-33.5901585455282,30.0000000000036));
#5778=CARTESIAN_POINT('',(-94.086977893056,-33.5901585455282,29.0000000000036));
#5779=CARTESIAN_POINT('',(-94.0835763534902,-33.4125056842309,30.0000000000036));
#5780=CARTESIAN_POINT('',(-94.0835763534902,-33.4125056842309,29.0000000000036));
#5781=CARTESIAN_POINT('',(-94.076794049622,-33.2348857307272,30.0000000000036));
#5782=CARTESIAN_POINT('',(-94.076794049622,-33.2348857307272,29.0000000000036));
#5783=CARTESIAN_POINT('',(-94.063840158387,-33.057675290723,30.0000000000036));
#5784=CARTESIAN_POINT('',(-94.063840158387,-33.057675290723,29.0000000000036));
#5785=CARTESIAN_POINT('',(-94.0500807597785,-32.86944543474,30.0000000000036));
#5786=CARTESIAN_POINT('',(-94.0500807597785,-32.86944543474,29.0000000000036));
#5787=CARTESIAN_POINT('',(-94.0293583788336,-32.68167760499,30.0000000000036));
#5788=CARTESIAN_POINT('',(-94.0293583788336,-32.68167760499,29.0000000000036));
#5789=CARTESIAN_POINT('',(-93.9985405376001,-32.495473930752,30.0000000000036));
#5790=CARTESIAN_POINT('',(-93.9985405376001,-32.495473930752,29.0000000000036));
#5791=CARTESIAN_POINT('',(-93.9657011480821,-32.297055912383,30.0000000000036));
#5792=CARTESIAN_POINT('',(-93.9657011480821,-32.297055912383,29.0000000000036));
#5793=CARTESIAN_POINT('',(-93.9213984007669,-32.1004139868093,30.0000000000036));
#5794=CARTESIAN_POINT('',(-93.9213984007669,-32.1004139868093,29.0000000000036));
#5795=CARTESIAN_POINT('',(-93.8624020128528,-31.9081590341968,30.0000000000035));
#5796=CARTESIAN_POINT('',(-93.8624020128528,-31.9081590341968,29.0000000000035));
#5797=CARTESIAN_POINT('',(-93.8313856088277,-31.8070840786466,30.0000000000035));
#5798=CARTESIAN_POINT('',(-93.8313856088277,-31.8070840786466,29.0000000000035));
#5799=CARTESIAN_POINT('',(-93.7963079385874,-31.7072216656894,30.0000000000035));
#5800=CARTESIAN_POINT('',(-93.7963079385874,-31.7072216656894,29.0000000000035));
#5801=CARTESIAN_POINT('',(-93.7568705169254,-31.6091202393004,30.0000000000035));
#5802=CARTESIAN_POINT('',(-93.7568705169254,-31.6091202393004,29.0000000000035));
#5803=CARTESIAN_POINT('',(-93.7252595752835,-31.5304873486627,30.0000000000035));
#5804=CARTESIAN_POINT('',(-93.7252595752835,-31.5304873486627,29.0000000000035));
#5805=CARTESIAN_POINT('',(-93.6908475919944,-31.452985852052,30.0000000000035));
#5806=CARTESIAN_POINT('',(-93.6908475919944,-31.452985852052,29.0000000000035));
#5807=CARTESIAN_POINT('',(-93.6535729787759,-31.3768759142531,30.0000000000035));
#5808=CARTESIAN_POINT('',(-93.6535729787759,-31.3768759142531,29.0000000000035));
#5809=CARTESIAN_POINT('',(-93.6041744465468,-31.2760105023634,30.0000000000035));
#5810=CARTESIAN_POINT('',(-93.6041744465468,-31.2760105023634,29.0000000000035));
#5811=CARTESIAN_POINT('',(-93.5497482415163,-31.1775891026452,30.0000000000035));
#5812=CARTESIAN_POINT('',(-93.5497482415163,-31.1775891026452,29.0000000000035));
#5813=CARTESIAN_POINT('',(-93.4902132199003,-31.082355107248,30.0000000000035));
#5814=CARTESIAN_POINT('',(-93.4902132199003,-31.082355107248,29.0000000000035));
#5815=CARTESIAN_POINT('',(-93.4291786923868,-30.9847224575149,30.0000000000034));
#5816=CARTESIAN_POINT('',(-93.4291786923868,-30.9847224575149,29.0000000000034));
#5817=CARTESIAN_POINT('',(-93.3627747562782,-30.890439796154,30.0000000000034));
#5818=CARTESIAN_POINT('',(-93.3627747562782,-30.890439796154,29.0000000000034));
#5819=CARTESIAN_POINT('',(-93.2912660656694,-30.8001937781503,30.0000000000034));
#5820=CARTESIAN_POINT('',(-93.2912660656694,-30.8001937781503,29.0000000000034));
#5821=CARTESIAN_POINT('',(-93.2190046018191,-30.7089977387309,30.0000000000034));
#5822=CARTESIAN_POINT('',(-93.2190046018191,-30.7089977387309,29.0000000000034));
#5823=CARTESIAN_POINT('',(-93.1415303420888,-30.6219237776329,30.0000000000034));
#5824=CARTESIAN_POINT('',(-93.1415303420888,-30.6219237776329,29.0000000000034));
#5825=CARTESIAN_POINT('',(-93.0592551030657,-30.539651967673,30.0000000000034));
#5826=CARTESIAN_POINT('',(-93.0592551030657,-30.539651967673,29.0000000000034));
#5827=CARTESIAN_POINT('',(-92.9769798640427,-30.4573801577132,30.0000000000033));
#5828=CARTESIAN_POINT('',(-92.9769798640427,-30.4573801577132,29.0000000000033));
#5829=CARTESIAN_POINT('',(-92.8899036457268,-30.3799104988914,30.0000000000033));
#5830=CARTESIAN_POINT('',(-92.8899036457268,-30.3799104988914,29.0000000000033));
#5831=CARTESIAN_POINT('',(-92.798709429277,-30.3076474473467,30.0000000000033));
#5832=CARTESIAN_POINT('',(-92.798709429277,-30.3076474473467,29.0000000000033));
#5833=CARTESIAN_POINT('',(-92.7084652152522,-30.2361371855827,30.0000000000033));
#5834=CARTESIAN_POINT('',(-92.7084652152522,-30.2361371855827,29.0000000000033));
#5835=CARTESIAN_POINT('',(-92.6141883534907,-30.1697256179821,30.0000000000033));
#5836=CARTESIAN_POINT('',(-92.6141883534907,-30.1697256179821,29.0000000000033));
#5837=CARTESIAN_POINT('',(-92.5165571125176,-30.1086886124315,30.0000000000032));
#5838=CARTESIAN_POINT('',(-92.5165571125176,-30.1086886124315,29.0000000000032));
#5839=CARTESIAN_POINT('',(-92.42132449127,-30.0491511736593,30.0000000000032));
#5840=CARTESIAN_POINT('',(-92.42132449127,-30.0491511736593,29.0000000000032));
#5841=CARTESIAN_POINT('',(-92.3229002879614,-29.9947274548162,30.0000000000032));
#5842=CARTESIAN_POINT('',(-92.3229002879614,-29.9947274548162,29.0000000000032));
#5843=CARTESIAN_POINT('',(-92.2220302964565,-29.9453358019571,30.0000000000032));
#5844=CARTESIAN_POINT('',(-92.2220302964565,-29.9453358019571,29.0000000000032));
#5845=CARTESIAN_POINT('',(-92.1459169030207,-29.9080663796996,30.0000000000031));
#5846=CARTESIAN_POINT('',(-92.1459169030207,-29.9080663796996,29.0000000000031));
#5847=CARTESIAN_POINT('',(-92.0684109395495,-29.8736620887389,30.0000000000031));
#5848=CARTESIAN_POINT('',(-92.0684109395495,-29.8736620887389,29.0000000000031));
#5849=CARTESIAN_POINT('',(-91.9897779019449,-29.8420516683812,30.0000000000031));
#5850=CARTESIAN_POINT('',(-91.9897779019449,-29.8420516683812,29.0000000000031));
#5851=CARTESIAN_POINT('',(-91.8916762922017,-29.8026148970671,30.0000000000031));
#5852=CARTESIAN_POINT('',(-91.8916762922017,-29.8026148970671,29.0000000000031));
#5853=CARTESIAN_POINT('',(-91.7918204196969,-29.7675267156237,30.0000000000031));
#5854=CARTESIAN_POINT('',(-91.7918204196969,-29.7675267156237,29.0000000000031));
#5855=CARTESIAN_POINT('',(-91.6907486662921,-29.7365051605316,30.000000000003));
#5856=CARTESIAN_POINT('',(-91.6907486662921,-29.7365051605316,29.000000000003));
#5857=CARTESIAN_POINT('',(-91.4984998044894,-29.6774989747584,30.000000000003));
#5858=CARTESIAN_POINT('',(-91.4984998044894,-29.6774989747584,29.000000000003));
#5859=CARTESIAN_POINT('',(-91.3018518917478,-29.6332058225293,30.000000000003));
#5860=CARTESIAN_POINT('',(-91.3018518917478,-29.6332058225293,29.000000000003));
#5861=CARTESIAN_POINT('',(-91.1034324290206,-29.6003687491773,30.0000000000029));
#5862=CARTESIAN_POINT('',(-91.1034324290206,-29.6003687491773,29.0000000000029));
#5863=CARTESIAN_POINT('',(-90.9172273993372,-29.5695530815297,30.0000000000029));
#5864=CARTESIAN_POINT('',(-90.9172273993372,-29.5695530815297,29.0000000000029));
#5865=CARTESIAN_POINT('',(-90.729462214868,-29.5488264638284,30.0000000000028));
#5866=CARTESIAN_POINT('',(-90.729462214868,-29.5488264638284,29.0000000000028));
#5867=CARTESIAN_POINT('',(-90.5412329072563,-29.5350661867387,30.0000000000028));
#5868=CARTESIAN_POINT('',(-90.5412329072563,-29.5350661867387,29.0000000000028));
#5869=CARTESIAN_POINT('',(-90.3640229835205,-29.5221114684508,30.0000000000027));
#5870=CARTESIAN_POINT('',(-90.3640229835205,-29.5221114684508,29.0000000000027));
#5871=CARTESIAN_POINT('',(-90.1864016877052,-29.5153313141119,30.0000000000027));
#5872=CARTESIAN_POINT('',(-90.1864016877052,-29.5153313141119,29.0000000000027));
#5873=CARTESIAN_POINT('',(-90.008748529348,-29.5119302502667,30.0000000000027));
#5874=CARTESIAN_POINT('',(-90.008748529348,-29.5119302502667,29.0000000000027));
#5875=CARTESIAN_POINT('',(-89.8359838728115,-29.5086227738756,30.0000000000026));
#5876=CARTESIAN_POINT('',(-89.8359838728115,-29.5086227738756,29.0000000000026));
#5877=CARTESIAN_POINT('',(-89.6631890831373,-29.5085109809748,30.0000000000026));
#5878=CARTESIAN_POINT('',(-89.6631890831373,-29.5085109809748,29.0000000000026));
#5879=CARTESIAN_POINT('',(-89.4903965046488,-29.5085109809748,30.0000000000025));
#5880=CARTESIAN_POINT('',(-89.4903965046488,-29.5085109809748,29.0000000000025));
#5881=CARTESIAN_POINT('',(-106.000000000001,-34.9999999999999,29.5000000000063));
#5882=CARTESIAN_POINT('',(-106.000000000001,35.0000000000002,29.5000000000063));
#5883=CARTESIAN_POINT('',(-89.4903965046488,29.5085109809751,30.0000000000025));
#5884=CARTESIAN_POINT('',(-89.4903965046488,29.5085109809751,29.0000000000025));
#5885=CARTESIAN_POINT('',(-89.6631890831373,29.5085109809751,30.0000000000026));
#5886=CARTESIAN_POINT('',(-89.6631890831373,29.5085109809751,29.0000000000026));
#5887=CARTESIAN_POINT('',(-89.8359845724443,29.5086216535468,30.0000000000026));
#5888=CARTESIAN_POINT('',(-89.8359845724443,29.5086216535468,29.0000000000026));
#5889=CARTESIAN_POINT('',(-90.0087489400952,29.5119295925681,30.0000000000027));
#5890=CARTESIAN_POINT('',(-90.0087489400952,29.5119295925681,29.0000000000027));
#5891=CARTESIAN_POINT('',(-90.1864018013925,29.515331132134,30.0000000000027));
#5892=CARTESIAN_POINT('',(-90.1864018013925,29.515331132134,29.0000000000027));
#5893=CARTESIAN_POINT('',(-90.3640217548963,29.5221134360023,30.0000000000027));
#5894=CARTESIAN_POINT('',(-90.3640217548963,29.5221134360023,29.0000000000027));
#5895=CARTESIAN_POINT('',(-90.5412321949006,29.5350673272375,30.0000000000028));
#5896=CARTESIAN_POINT('',(-90.5412321949006,29.5350673272375,29.0000000000028));
#5897=CARTESIAN_POINT('',(-90.7294620508837,29.5488267258461,30.0000000000028));
#5898=CARTESIAN_POINT('',(-90.7294620508837,29.5488267258461,29.0000000000028));
#5899=CARTESIAN_POINT('',(-90.9172298806336,29.569549106791,30.0000000000029));
#5900=CARTESIAN_POINT('',(-90.9172298806336,29.569549106791,29.0000000000029));
#5901=CARTESIAN_POINT('',(-91.1034335548716,29.6003669480245,30.0000000000029));
#5902=CARTESIAN_POINT('',(-91.1034335548716,29.6003669480245,29.0000000000029));
#5903=CARTESIAN_POINT('',(-91.3018515732406,29.6332063375424,30.000000000003));
#5904=CARTESIAN_POINT('',(-91.3018515732406,29.6332063375424,29.000000000003));
#5905=CARTESIAN_POINT('',(-91.4984934988142,29.6775090848574,30.000000000003));
#5906=CARTESIAN_POINT('',(-91.4984934988142,29.6775090848574,29.000000000003));
#5907=CARTESIAN_POINT('',(-91.6907484514266,29.7365054727715,30.000000000003));
#5908=CARTESIAN_POINT('',(-91.6907484514266,29.7365054727715,29.000000000003));
#5909=CARTESIAN_POINT('',(-91.7918234069767,29.7675218767965,30.0000000000031));
#5910=CARTESIAN_POINT('',(-91.7918234069767,29.7675218767965,29.0000000000031));
#5911=CARTESIAN_POINT('',(-91.8916858199338,29.8025995470366,30.0000000000031));
#5912=CARTESIAN_POINT('',(-91.8916858199338,29.8025995470366,29.0000000000031));
#5913=CARTESIAN_POINT('',(-91.9897872463229,29.8420369686986,30.0000000000031));
#5914=CARTESIAN_POINT('',(-91.9897872463229,29.8420369686986,29.0000000000031));
#5915=CARTESIAN_POINT('',(-92.0684201369606,29.8736479103406,30.0000000000031));
#5916=CARTESIAN_POINT('',(-92.0684201369606,29.8736479103406,29.0000000000031));
#5917=CARTESIAN_POINT('',(-92.1459216335714,29.9080598936297,30.0000000000031));
#5918=CARTESIAN_POINT('',(-92.1459216335714,29.9080598936297,29.0000000000031));
#5919=CARTESIAN_POINT('',(-92.2220315713703,29.9453345068482,30.0000000000032));
#5920=CARTESIAN_POINT('',(-92.2220315713703,29.9453345068482,29.0000000000032));
#5921=CARTESIAN_POINT('',(-92.3228969832601,29.9947330390773,30.0000000000032));
#5922=CARTESIAN_POINT('',(-92.3228969832601,29.9947330390773,29.0000000000032));
#5923=CARTESIAN_POINT('',(-92.4213183829782,30.0491592441076,30.0000000000032));
#5924=CARTESIAN_POINT('',(-92.4213183829782,30.0491592441076,29.0000000000032));
#5925=CARTESIAN_POINT('',(-92.5165523783756,30.1086942657236,30.0000000000032));
#5926=CARTESIAN_POINT('',(-92.5165523783756,30.1086942657236,29.0000000000032));
#5927=CARTESIAN_POINT('',(-92.6141850281088,30.1697287932371,30.0000000000033));
#5928=CARTESIAN_POINT('',(-92.6141850281088,30.1697287932371,29.0000000000033));
#5929=CARTESIAN_POINT('',(-92.7084676894699,30.2361327293458,30.0000000000033));
#5930=CARTESIAN_POINT('',(-92.7084676894699,30.2361327293458,29.0000000000033));
#5931=CARTESIAN_POINT('',(-92.7987137074737,30.3076414199548,30.0000000000033));
#5932=CARTESIAN_POINT('',(-92.7987137074737,30.3076414199548,29.0000000000033));
#5933=CARTESIAN_POINT('',(-92.8899097468932,30.3799028838051,30.0000000000033));
#5934=CARTESIAN_POINT('',(-92.8899097468932,30.3799028838051,29.0000000000033));
#5935=CARTESIAN_POINT('',(-92.9769837079911,30.4573771435354,30.0000000000033));
#5936=CARTESIAN_POINT('',(-92.9769837079911,30.4573771435354,29.0000000000033));
#5937=CARTESIAN_POINT('',(-93.0592555179509,30.5396523825585,30.0000000000034));
#5938=CARTESIAN_POINT('',(-93.0592555179509,30.5396523825585,29.0000000000034));
#5939=CARTESIAN_POINT('',(-93.1415273279107,30.6219276215815,30.0000000000034));
#5940=CARTESIAN_POINT('',(-93.1415273279107,30.6219276215815,29.0000000000034));
#5941=CARTESIAN_POINT('',(-93.2189969867324,30.7090038398972,30.0000000000034));
#5942=CARTESIAN_POINT('',(-93.2189969867324,30.7090038398972,29.0000000000034));
#5943=CARTESIAN_POINT('',(-93.2912600382772,30.8001980563471,30.0000000000034));
#5944=CARTESIAN_POINT('',(-93.2912600382772,30.8001980563471,29.0000000000034));
#5945=CARTESIAN_POINT('',(-93.362770300041,30.8904422703717,30.0000000000034));
#5946=CARTESIAN_POINT('',(-93.362770300041,30.8904422703717,29.0000000000034));
#5947=CARTESIAN_POINT('',(-93.4291818676413,30.984719132133,30.0000000000034));
#5948=CARTESIAN_POINT('',(-93.4291818676413,30.984719132133,29.0000000000034));
#5949=CARTESIAN_POINT('',(-93.4902188731919,31.082350373106,30.0000000000035));
#5950=CARTESIAN_POINT('',(-93.4902188731919,31.082350373106,29.0000000000035));
#5951=CARTESIAN_POINT('',(-93.5497563119641,31.1775829943536,30.0000000000035));
#5952=CARTESIAN_POINT('',(-93.5497563119641,31.1775829943536,29.0000000000035));
#5953=CARTESIAN_POINT('',(-93.6041800308072,31.2760071976624,30.0000000000035));
#5954=CARTESIAN_POINT('',(-93.6041800308072,31.2760071976624,29.0000000000035));
#5955=CARTESIAN_POINT('',(-93.6535716836664,31.3768771891674,30.0000000000035));
#5956=CARTESIAN_POINT('',(-93.6535716836664,31.3768771891674,29.0000000000035));
#5957=CARTESIAN_POINT('',(-93.6908411059238,31.4529905826031,30.0000000000035));
#5958=CARTESIAN_POINT('',(-93.6908411059238,31.4529905826031,29.0000000000035));
#5959=CARTESIAN_POINT('',(-93.7252453968846,31.5304965460743,30.0000000000035));
#5960=CARTESIAN_POINT('',(-93.7252453968846,31.5304965460743,29.0000000000035));
#5961=CARTESIAN_POINT('',(-93.7568558172422,31.6091295836788,30.0000000000035));
#5962=CARTESIAN_POINT('',(-93.7568558172422,31.6091295836788,29.0000000000035));
#5963=CARTESIAN_POINT('',(-93.7962925885563,31.707231193422,30.0000000000035));
#5964=CARTESIAN_POINT('',(-93.7962925885563,31.707231193422,29.0000000000035));
#5965=CARTESIAN_POINT('',(-93.8313807699997,31.8070870659268,30.0000000000035));
#5966=CARTESIAN_POINT('',(-93.8313807699997,31.8070870659268,29.0000000000035));
#5967=CARTESIAN_POINT('',(-93.8624023250919,31.9081588193316,30.0000000000035));
#5968=CARTESIAN_POINT('',(-93.8624023250919,31.9081588193316,29.0000000000035));
#5969=CARTESIAN_POINT('',(-93.921408510865,32.1004076811344,30.0000000000036));
#5970=CARTESIAN_POINT('',(-93.921408510865,32.1004076811344,29.0000000000036));
#5971=CARTESIAN_POINT('',(-93.9657016630941,32.297055593876,30.0000000000036));
#5972=CARTESIAN_POINT('',(-93.9657016630941,32.297055593876,29.0000000000036));
#5973=CARTESIAN_POINT('',(-93.9985387364461,32.4954750566031,30.0000000000036));
#5974=CARTESIAN_POINT('',(-93.9985387364461,32.4954750566031,29.0000000000036));
#5975=CARTESIAN_POINT('',(-94.0293544040937,32.6816800862866,30.0000000000036));
#5976=CARTESIAN_POINT('',(-94.0293544040937,32.6816800862866,29.0000000000036));
#5977=CARTESIAN_POINT('',(-94.0500810217952,32.8694452707558,30.0000000000036));
#5978=CARTESIAN_POINT('',(-94.0500810217952,32.8694452707558,29.0000000000036));
#5979=CARTESIAN_POINT('',(-94.0638412988849,33.0576745783675,30.0000000000036));
#5980=CARTESIAN_POINT('',(-94.0638412988849,33.0576745783675,29.0000000000036));
#5981=CARTESIAN_POINT('',(-94.0767960171729,33.2348845021033,30.0000000000036));
#5982=CARTESIAN_POINT('',(-94.0767960171729,33.2348845021033,29.0000000000036));
#5983=CARTESIAN_POINT('',(-94.0835761715118,33.4125057979185,30.0000000000036));
#5984=CARTESIAN_POINT('',(-94.0835761715118,33.4125057979185,29.0000000000036));
#5985=CARTESIAN_POINT('',(-94.0869772353569,33.5901589562757,30.0000000000036));
#5986=CARTESIAN_POINT('',(-94.0869772353569,33.5901589562757,29.0000000000036));
#5987=CARTESIAN_POINT('',(-94.090284711748,33.7629236128123,30.0000000000036));
#5988=CARTESIAN_POINT('',(-94.090284711748,33.7629236128123,29.0000000000036));
#5989=CARTESIAN_POINT('',(-94.0903965046488,33.9357184024866,30.0000000000036));
#5990=CARTESIAN_POINT('',(-94.0903965046488,33.9357184024866,29.0000000000036));
#5991=CARTESIAN_POINT('',(-94.0903965046488,34.1085109809751,30.0000000000036));
#5992=CARTESIAN_POINT('',(-94.0903965046488,34.1085109809751,29.0000000000036));
#5993=CARTESIAN_POINT('',(-77.9096034953526,34.1085109809752,29.9999999999999));
#5994=CARTESIAN_POINT('',(-77.9096034953526,34.1085109809752,28.9999999999999));
#5995=CARTESIAN_POINT('',(-77.9096034953526,33.9357184024867,29.9999999999999));
#5996=CARTESIAN_POINT('',(-77.9096034953526,33.9357184024867,28.9999999999999));
#5997=CARTESIAN_POINT('',(-77.9097141679245,33.7629229131795,29.9999999999999));
#5998=CARTESIAN_POINT('',(-77.9097141679245,33.7629229131795,28.9999999999999));
#5999=CARTESIAN_POINT('',(-77.9130221069458,33.5901585455285,29.9999999999999));
#6000=CARTESIAN_POINT('',(-77.9130221069458,33.5901585455285,28.9999999999999));
#6001=CARTESIAN_POINT('',(-77.9164236465117,33.4125056842312,29.9999999999999));
#6002=CARTESIAN_POINT('',(-77.9164236465117,33.4125056842312,28.9999999999999));
#6003=CARTESIAN_POINT('',(-77.9232059503797,33.2348857307274,29.9999999999999));
#6004=CARTESIAN_POINT('',(-77.9232059503797,33.2348857307274,28.9999999999999));
#6005=CARTESIAN_POINT('',(-77.9361598416149,33.0576752907232,29.9999999999999));
#6006=CARTESIAN_POINT('',(-77.9361598416149,33.0576752907232,28.9999999999999));
#6007=CARTESIAN_POINT('',(-77.9499192402233,32.8694454347402,29.9999999999999));
#6008=CARTESIAN_POINT('',(-77.9499192402233,32.8694454347402,28.9999999999999));
#6009=CARTESIAN_POINT('',(-77.9706416211684,32.6816776049903,29.9999999999999));
#6010=CARTESIAN_POINT('',(-77.9706416211684,32.6816776049903,28.9999999999999));
#6011=CARTESIAN_POINT('',(-78.001459462402,32.4954739307523,29.9999999999999));
#6012=CARTESIAN_POINT('',(-78.001459462402,32.4954739307523,28.9999999999999));
#6013=CARTESIAN_POINT('',(-78.0342988519199,32.2970559123834,29.9999999999999));
#6014=CARTESIAN_POINT('',(-78.0342988519199,32.2970559123834,28.9999999999999));
#6015=CARTESIAN_POINT('',(-78.078601599235,32.1004139868097,29.9999999999999));
#6016=CARTESIAN_POINT('',(-78.078601599235,32.1004139868097,28.9999999999999));
#6017=CARTESIAN_POINT('',(-78.1375979871491,31.9081590341973,30.));
#6018=CARTESIAN_POINT('',(-78.1375979871491,31.9081590341973,29.));
#6019=CARTESIAN_POINT('',(-78.1686143911741,31.8070840786471,30.));
#6020=CARTESIAN_POINT('',(-78.1686143911741,31.8070840786471,29.));
#6021=CARTESIAN_POINT('',(-78.2036920614143,31.70722166569,30.));
#6022=CARTESIAN_POINT('',(-78.2036920614143,31.70722166569,29.));
#6023=CARTESIAN_POINT('',(-78.2431294830762,31.6091202393009,30.));
#6024=CARTESIAN_POINT('',(-78.2431294830762,31.6091202393009,29.));
#6025=CARTESIAN_POINT('',(-78.274740424718,31.5304873486633,30.));
#6026=CARTESIAN_POINT('',(-78.274740424718,31.5304873486633,29.));
#6027=CARTESIAN_POINT('',(-78.3091524080071,31.4529858520526,30.));
#6028=CARTESIAN_POINT('',(-78.3091524080071,31.4529858520526,29.));
#6029=CARTESIAN_POINT('',(-78.3464270212255,31.3768759142538,30.));
#6030=CARTESIAN_POINT('',(-78.3464270212255,31.3768759142538,29.));
#6031=CARTESIAN_POINT('',(-78.3958255534545,31.276010502364,30.));
#6032=CARTESIAN_POINT('',(-78.3958255534545,31.276010502364,29.));
#6033=CARTESIAN_POINT('',(-78.4502517584848,31.1775891026458,30.));
#6034=CARTESIAN_POINT('',(-78.4502517584848,31.1775891026458,29.));
#6035=CARTESIAN_POINT('',(-78.5097867801008,31.0823551072486,30.));
#6036=CARTESIAN_POINT('',(-78.5097867801008,31.0823551072486,29.));
#6037=CARTESIAN_POINT('',(-78.5708213076143,30.9847224575154,30.0000000000001));
#6038=CARTESIAN_POINT('',(-78.5708213076143,30.9847224575154,29.0000000000001));
#6039=CARTESIAN_POINT('',(-78.6372252437229,30.8904397961544,30.0000000000001));
#6040=CARTESIAN_POINT('',(-78.6372252437229,30.8904397961544,29.0000000000001));
#6041=CARTESIAN_POINT('',(-78.7087339343319,30.8001937781507,30.0000000000001));
#6042=CARTESIAN_POINT('',(-78.7087339343319,30.8001937781507,29.0000000000001));
#6043=CARTESIAN_POINT('',(-78.7809953981822,30.7089977387312,30.0000000000001));
#6044=CARTESIAN_POINT('',(-78.7809953981822,30.7089977387312,29.0000000000001));
#6045=CARTESIAN_POINT('',(-78.8584696579124,30.6219237776332,30.0000000000001));
#6046=CARTESIAN_POINT('',(-78.8584696579124,30.6219237776332,29.0000000000001));
#6047=CARTESIAN_POINT('',(-78.9407448969355,30.5396519676733,30.0000000000001));
#6048=CARTESIAN_POINT('',(-78.9407448969355,30.5396519676733,29.0000000000001));
#6049=CARTESIAN_POINT('',(-79.0230201359585,30.4573801577134,30.0000000000002));
#6050=CARTESIAN_POINT('',(-79.0230201359585,30.4573801577134,29.0000000000002));
#6051=CARTESIAN_POINT('',(-79.1100963542744,30.3799104988916,30.0000000000002));
#6052=CARTESIAN_POINT('',(-79.1100963542744,30.3799104988916,29.0000000000002));
#6053=CARTESIAN_POINT('',(-79.2012905707243,30.3076474473468,30.0000000000002));
#6054=CARTESIAN_POINT('',(-79.2012905707243,30.3076474473468,29.0000000000002));
#6055=CARTESIAN_POINT('',(-79.2915347847489,30.2361371855829,30.0000000000002));
#6056=CARTESIAN_POINT('',(-79.2915347847489,30.2361371855829,29.0000000000002));
#6057=CARTESIAN_POINT('',(-79.3858116465102,30.1697256179825,30.0000000000002));
#6058=CARTESIAN_POINT('',(-79.3858116465102,30.1697256179825,29.0000000000002));
#6059=CARTESIAN_POINT('',(-79.4834428874832,30.108688612432,30.0000000000003));
#6060=CARTESIAN_POINT('',(-79.4834428874832,30.108688612432,29.0000000000003));
#6061=CARTESIAN_POINT('',(-79.5786755087309,30.0491511736597,30.0000000000003));
#6062=CARTESIAN_POINT('',(-79.5786755087309,30.0491511736597,29.0000000000003));
#6063=CARTESIAN_POINT('',(-79.6770997120397,29.9947274548167,30.0000000000003));
#6064=CARTESIAN_POINT('',(-79.6770997120397,29.9947274548167,29.0000000000003));
#6065=CARTESIAN_POINT('',(-79.7779697035447,29.9453358019575,30.0000000000003));
#6066=CARTESIAN_POINT('',(-79.7779697035447,29.9453358019575,29.0000000000003));
#6067=CARTESIAN_POINT('',(-79.8540830969803,29.9080663797,30.0000000000004));
#6068=CARTESIAN_POINT('',(-79.8540830969803,29.9080663797,29.0000000000004));
#6069=CARTESIAN_POINT('',(-79.9315890604515,29.8736620887392,30.0000000000004));
#6070=CARTESIAN_POINT('',(-79.9315890604515,29.8736620887392,29.0000000000004));
#6071=CARTESIAN_POINT('',(-80.010222098056,29.8420516683815,30.0000000000004));
#6072=CARTESIAN_POINT('',(-80.010222098056,29.8420516683815,29.0000000000004));
#6073=CARTESIAN_POINT('',(-80.1083237077992,29.8026148970673,30.0000000000004));
#6074=CARTESIAN_POINT('',(-80.1083237077992,29.8026148970673,29.0000000000004));
#6075=CARTESIAN_POINT('',(-80.2081795803041,29.7675267156239,30.0000000000004));
#6076=CARTESIAN_POINT('',(-80.2081795803041,29.7675267156239,29.0000000000004));
#6077=CARTESIAN_POINT('',(-80.309251333709,29.7365051605317,30.0000000000005));
#6078=CARTESIAN_POINT('',(-80.309251333709,29.7365051605317,29.0000000000005));
#6079=CARTESIAN_POINT('',(-80.5015001955119,29.6774989747586,30.0000000000005));
#6080=CARTESIAN_POINT('',(-80.5015001955119,29.6774989747586,29.0000000000005));
#6081=CARTESIAN_POINT('',(-80.6981481082536,29.6332058225296,30.0000000000005));
#6082=CARTESIAN_POINT('',(-80.6981481082536,29.6332058225296,29.0000000000005));
#6083=CARTESIAN_POINT('',(-80.8965675709807,29.6003687491776,30.0000000000006));
#6084=CARTESIAN_POINT('',(-80.8965675709807,29.6003687491776,29.0000000000006));
#6085=CARTESIAN_POINT('',(-81.0827726006641,29.56955308153,30.0000000000006));
#6086=CARTESIAN_POINT('',(-81.0827726006641,29.56955308153,29.0000000000006));
#6087=CARTESIAN_POINT('',(-81.2705377851331,29.5488264638285,30.0000000000007));
#6088=CARTESIAN_POINT('',(-81.2705377851331,29.5488264638285,29.0000000000007));
#6089=CARTESIAN_POINT('',(-81.4587670927447,29.5350661867388,30.0000000000007));
#6090=CARTESIAN_POINT('',(-81.4587670927447,29.5350661867388,29.0000000000007));
#6091=CARTESIAN_POINT('',(-81.6359770164806,29.5221114684508,30.0000000000008));
#6092=CARTESIAN_POINT('',(-81.6359770164806,29.5221114684508,29.0000000000008));
#6093=CARTESIAN_POINT('',(-81.813598312296,29.515331314112,30.0000000000008));
#6094=CARTESIAN_POINT('',(-81.813598312296,29.515331314112,29.0000000000008));
#6095=CARTESIAN_POINT('',(-81.9912514706532,29.5119302502669,30.0000000000008));
#6096=CARTESIAN_POINT('',(-81.9912514706532,29.5119302502669,29.0000000000008));
#6097=CARTESIAN_POINT('',(-82.1640161271898,29.5086227738758,30.0000000000009));
#6098=CARTESIAN_POINT('',(-82.1640161271898,29.5086227738758,29.0000000000009));
#6099=CARTESIAN_POINT('',(-82.3368109168641,29.5085109809751,30.0000000000009));
#6100=CARTESIAN_POINT('',(-82.3368109168641,29.5085109809751,29.0000000000009));
#6101=CARTESIAN_POINT('',(-82.5096034953526,29.5085109809751,30.000000000001));
#6102=CARTESIAN_POINT('',(-82.5096034953526,29.5085109809751,29.000000000001));
#6103=CARTESIAN_POINT('',(-76.9075958677094,42.3979923723571,29.4999999999997));
#6104=CARTESIAN_POINT('',(-121.500000000001,54.2500000000002,29.0000000000098));
#6105=CARTESIAN_POINT('',(-76.9075958677095,-42.3979923723567,29.4999999999997));
#6106=CARTESIAN_POINT('',(-76.922748507377,-43.3978775645219,29.9999999999997));
#6107=CARTESIAN_POINT('',(-76.922748507377,-43.3978775645219,28.9999999999997));
#6108=CARTESIAN_POINT('',(-76.8837713677961,-43.3984682388872,29.9999999999997));
#6109=CARTESIAN_POINT('',(-76.8837713677961,-43.3984682388872,28.9999999999997));
#6110=CARTESIAN_POINT('',(-76.8447906652304,-43.3988730002944,29.9999999999997));
#6111=CARTESIAN_POINT('',(-76.8447906652304,-43.3988730002944,28.9999999999997));
#6112=CARTESIAN_POINT('',(-76.8058100704695,-43.3991713468755,29.9999999999997));
#6113=CARTESIAN_POINT('',(-76.8058100704695,-43.3991713468755,28.9999999999997));
#6114=CARTESIAN_POINT('',(-76.7070747015301,-43.3999270398027,29.9999999999996));
#6115=CARTESIAN_POINT('',(-76.7070747015301,-43.3999270398027,28.9999999999996));
#6116=CARTESIAN_POINT('',(-76.6083400242419,-43.3999999999997,29.9999999999996));
#6117=CARTESIAN_POINT('',(-76.6083400242419,-43.3999999999997,28.9999999999996));
#6118=CARTESIAN_POINT('',(-76.5096034953525,-43.3999999999997,29.9999999999996));
#6119=CARTESIAN_POINT('',(-76.5096034953525,-43.3999999999997,28.9999999999996));
#6120=CARTESIAN_POINT('',(-95.0924041322918,-42.3979923723568,29.5000000000038));
#6121=CARTESIAN_POINT('',(-94.0925189401267,-42.4131450120236,30.0000000000036));
#6122=CARTESIAN_POINT('',(-94.0925189401267,-42.4131450120236,29.0000000000036));
#6123=CARTESIAN_POINT('',(-94.0919282657613,-42.374167872443,30.0000000000036));
#6124=CARTESIAN_POINT('',(-94.0919282657613,-42.374167872443,29.0000000000036));
#6125=CARTESIAN_POINT('',(-94.0915235043542,-42.3351871698775,30.0000000000036));
#6126=CARTESIAN_POINT('',(-94.0915235043542,-42.3351871698775,29.0000000000036));
#6127=CARTESIAN_POINT('',(-94.0912251577731,-42.2962065751169,30.0000000000036));
#6128=CARTESIAN_POINT('',(-94.0912251577731,-42.2962065751169,29.0000000000036));
#6129=CARTESIAN_POINT('',(-94.0904694648458,-42.1974712061775,30.0000000000036));
#6130=CARTESIAN_POINT('',(-94.0904694648458,-42.1974712061775,29.0000000000036));
#6131=CARTESIAN_POINT('',(-94.0903965046488,-42.0987365288893,30.0000000000036));
#6132=CARTESIAN_POINT('',(-94.0903965046488,-42.0987365288893,29.0000000000036));
#6133=CARTESIAN_POINT('',(-94.0903965046488,-41.9999999999998,30.0000000000036));
#6134=CARTESIAN_POINT('',(-94.0903965046488,-41.9999999999998,29.0000000000036));
#6135=CARTESIAN_POINT('',(-95.0924041322917,42.3979923723571,29.5000000000038));
#6136=CARTESIAN_POINT('',(-95.077251492624,43.3978775645223,30.0000000000038));
#6137=CARTESIAN_POINT('',(-95.077251492624,43.3978775645223,29.0000000000038));
#6138=CARTESIAN_POINT('',(-95.1162286322049,43.3984682388876,30.0000000000038));
#6139=CARTESIAN_POINT('',(-95.1162286322049,43.3984682388876,29.0000000000038));
#6140=CARTESIAN_POINT('',(-95.1552093347708,43.3988730002947,30.0000000000038));
#6141=CARTESIAN_POINT('',(-95.1552093347708,43.3988730002947,29.0000000000038));
#6142=CARTESIAN_POINT('',(-95.1941899295317,43.3991713468759,30.0000000000038));
#6143=CARTESIAN_POINT('',(-95.1941899295317,43.3991713468759,29.0000000000038));
#6144=CARTESIAN_POINT('',(-95.2929252984711,43.3999270398031,30.0000000000039));
#6145=CARTESIAN_POINT('',(-95.2929252984711,43.3999270398031,29.0000000000039));
#6146=CARTESIAN_POINT('',(-95.3916599757593,43.4000000000001,30.0000000000039));
#6147=CARTESIAN_POINT('',(-95.3916599757593,43.4000000000001,29.0000000000039));
#6148=CARTESIAN_POINT('',(-95.4903965046488,43.4000000000001,30.0000000000039));
#6149=CARTESIAN_POINT('',(-95.4903965046488,43.4000000000001,29.0000000000039));
#6150=CARTESIAN_POINT('',(-77.9074810598746,42.4131450120247,29.9999999999999));
#6151=CARTESIAN_POINT('',(-77.9074810598746,42.4131450120247,28.9999999999999));
#6152=CARTESIAN_POINT('',(-77.90807173424,42.3741678724439,29.9999999999999));
#6153=CARTESIAN_POINT('',(-77.90807173424,42.3741678724439,28.9999999999999));
#6154=CARTESIAN_POINT('',(-77.9084764956472,42.3351871698782,29.9999999999999));
#6155=CARTESIAN_POINT('',(-77.9084764956472,42.3351871698782,28.9999999999999));
#6156=CARTESIAN_POINT('',(-77.9087748422283,42.2962065751174,29.9999999999999));
#6157=CARTESIAN_POINT('',(-77.9087748422283,42.2962065751174,28.9999999999999));
#6158=CARTESIAN_POINT('',(-77.9095305351556,42.1974712061779,29.9999999999999));
#6159=CARTESIAN_POINT('',(-77.9095305351556,42.1974712061779,28.9999999999999));
#6160=CARTESIAN_POINT('',(-77.9096034953526,42.0987365288897,29.9999999999999));
#6161=CARTESIAN_POINT('',(-77.9096034953526,42.0987365288897,28.9999999999999));
#6162=CARTESIAN_POINT('',(-77.9096034953526,42.0000000000002,29.9999999999999));
#6163=CARTESIAN_POINT('',(-77.9096034953526,42.0000000000002,28.9999999999999));
#6164=CARTESIAN_POINT('',(-121.500000000001,54.2500000000002,29.0000000000098));
#6165=CARTESIAN_POINT('',(-121.500000000001,54.2500000000002,29.0000000000098));
#6166=CARTESIAN_POINT('',(-121.500000000001,54.2500000000002,29.0000000000098));
#6167=CARTESIAN_POINT('',(-57.475,-20.,29.475));
#6168=CARTESIAN_POINT('',(-57.475,20.,29.475));
#6169=CARTESIAN_POINT('',(-117.275,-20.,29.475));
#6170=CARTESIAN_POINT('',(-117.275,20.,29.475));
#6171=CARTESIAN_POINT('',(-57.6,35.,32.2000000000005));
#6172=CARTESIAN_POINT('',(-114.4,-34.9999999999999,32.1999999999992));
#6173=CARTESIAN_POINT('',(-89.4903965046488,29.508510980975,32.2000000000031));
#6174=CARTESIAN_POINT('',(-82.5096034953515,-29.5085109809749,32.2000000000015));
#6175=CARTESIAN_POINT('',(-89.0627019803479,-42.68150171207,28.));
#6176=CARTESIAN_POINT('',(-89.0627019803479,-42.68150171207,29.));
#6177=CARTESIAN_POINT('',(-82.937298019652,-42.68150171207,28.));
#6178=CARTESIAN_POINT('',(-82.937298019652,-42.68150171207,29.));
#6179=CARTESIAN_POINT('',(-56.,-34.9999999999999,28.));
#6180=CARTESIAN_POINT('',(-66.,-44.9999999999999,28.));
#6181=CARTESIAN_POINT('',(-106.,-45.,28.));
#6182=CARTESIAN_POINT('',(-116.,-34.9999999999999,28.));
#6183=CARTESIAN_POINT('',(-66.,-44.9999999999999,32.));
#6184=CARTESIAN_POINT('',(-56.,-34.9999999999999,32.));
#6185=CARTESIAN_POINT('',(-116.,-34.9999999999999,32.));
#6186=CARTESIAN_POINT('',(-106.,-45.,32.));
#6187=CARTESIAN_POINT('',(-82.5096034953519,-31.1085109809749,29.));
#6188=CARTESIAN_POINT('',(-82.5096034953519,-31.1085109809749,32.));
#6189=CARTESIAN_POINT('',(-79.5096034953519,-34.108510980975,32.));
#6190=CARTESIAN_POINT('',(-79.5096034953519,-34.108510980975,29.));
#6191=CARTESIAN_POINT('',(-89.4903965046482,-31.1085109809749,29.));
#6192=CARTESIAN_POINT('',(-92.4903965046481,-34.1085109809749,32.));
#6193=CARTESIAN_POINT('',(-92.4903965046481,-34.1085109809749,29.));
#6194=CARTESIAN_POINT('',(-89.4903965046481,-31.108510980975,32.));
#6195=CARTESIAN_POINT('',(-76.5096034953518,-44.9999999999999,32.));
#6196=CARTESIAN_POINT('',(-79.5096034953519,-42.,32.));
#6197=CARTESIAN_POINT('',(-79.5096034953519,-42.,29.));
#6198=CARTESIAN_POINT('',(-76.5096034953517,-44.9999999999998,29.));
#6199=CARTESIAN_POINT('',(-95.4903965046482,-44.9999999999999,32.));
#6200=CARTESIAN_POINT('',(-92.4903965046481,-41.9999999999999,32.));
#6201=CARTESIAN_POINT('',(-92.4903965046481,-41.9999999999999,29.));
#6202=CARTESIAN_POINT('',(-95.4903965046482,-44.9999999999999,29.));
#6203=CARTESIAN_POINT('',(-81.937298019652,-44.9999999999999,29.));
#6204=CARTESIAN_POINT('',(-82.937298019652,-43.9999999999999,28.));
#6205=CARTESIAN_POINT('',(-82.937298019652,-43.9999999999999,29.));
#6206=CARTESIAN_POINT('',(-81.937298019652,-44.9999999999999,28.));
#6207=CARTESIAN_POINT('',(-89.062701980348,-43.9999999999999,28.));
#6208=CARTESIAN_POINT('',(-89.062701980348,-43.9999999999999,29.));
#6209=CARTESIAN_POINT('',(-90.0627019803479,-44.9999999999999,29.));
#6210=CARTESIAN_POINT('',(-90.0627019803479,-44.9999999999999,28.));
#6211=CARTESIAN_POINT('',(-89.0627019803479,42.68150171207,28.));
#6212=CARTESIAN_POINT('',(-89.0627019803479,42.68150171207,29.));
#6213=CARTESIAN_POINT('',(-56.,34.9999999999999,28.));
#6214=CARTESIAN_POINT('',(-65.9999999999999,44.9999999999999,28.));
#6215=CARTESIAN_POINT('',(-106.,45.,28.));
#6216=CARTESIAN_POINT('',(-116.,35.,28.));
#6217=CARTESIAN_POINT('',(-65.9999999999999,44.9999999999999,32.));
#6218=CARTESIAN_POINT('',(-56.,34.9999999999999,32.));
#6219=CARTESIAN_POINT('',(-116.,35.,32.));
#6220=CARTESIAN_POINT('',(-106.,45.,32.));
#6221=CARTESIAN_POINT('',(-82.5096034953519,31.108510980975,29.));
#6222=CARTESIAN_POINT('',(-82.5096034953519,31.108510980975,32.));
#6223=CARTESIAN_POINT('',(-79.5096034953519,34.108510980975,32.));
#6224=CARTESIAN_POINT('',(-79.5096034953519,34.108510980975,29.));
#6225=CARTESIAN_POINT('',(-89.4903965046481,31.108510980975,29.));
#6226=CARTESIAN_POINT('',(-92.4903965046481,34.108510980975,32.));
#6227=CARTESIAN_POINT('',(-92.4903965046481,34.1085109809749,29.));
#6228=CARTESIAN_POINT('',(-89.4903965046481,31.108510980975,32.));
#6229=CARTESIAN_POINT('',(-76.5096034953518,44.9999999999999,32.));
#6230=CARTESIAN_POINT('',(-79.5096034953519,42.,32.));
#6231=CARTESIAN_POINT('',(-79.5096034953519,42.,29.));
#6232=CARTESIAN_POINT('',(-76.5096034953517,44.9999999999999,29.));
#6233=CARTESIAN_POINT('',(-95.4903965046482,45.,32.));
#6234=CARTESIAN_POINT('',(-92.490396504648,41.9999999999999,32.));
#6235=CARTESIAN_POINT('',(-92.490396504648,41.9999999999999,29.));
#6236=CARTESIAN_POINT('',(-95.4903965046482,45.,29.));
#6237=CARTESIAN_POINT('',(-81.9372980196519,45.,29.));
#6238=CARTESIAN_POINT('',(-82.937298019652,44.,28.));
#6239=CARTESIAN_POINT('',(-82.937298019652,44.,29.));
#6240=CARTESIAN_POINT('',(-81.937298019652,45.,28.));
#6241=CARTESIAN_POINT('',(-89.0627019803479,44.,28.));
#6242=CARTESIAN_POINT('',(-89.0627019803479,44.,29.));
#6243=CARTESIAN_POINT('',(-90.0627019803478,45.,29.));
#6244=CARTESIAN_POINT('',(-90.0627019803479,45.,28.));
#6245=CARTESIAN_POINT('',(-76.9227485073761,43.3978775645223,29.9999999999997));
#6246=CARTESIAN_POINT('',(-66.0000000000006,43.4000000000001,29.9999999999972));
#6247=CARTESIAN_POINT('',(-57.6000000000006,35.,29.9999999999953));
#6248=CARTESIAN_POINT('',(-57.6000000000007,-34.9999999999997,29.9999999999953));
#6249=CARTESIAN_POINT('',(-66.0000000000007,-43.3999999999998,29.9999999999972));
#6250=CARTESIAN_POINT('',(-76.5096034953525,-43.3999999999997,29.9999999999996));
#6251=CARTESIAN_POINT('',(-77.9096034953526,-34.1085109809749,29.9999999999999));
#6252=CARTESIAN_POINT('',(-82.5096034953527,-29.5085109809748,30.000000000001));
#6253=CARTESIAN_POINT('',(-89.4903965046489,-29.5085109809748,30.0000000000025));
#6254=CARTESIAN_POINT('',(-94.0903965046488,-34.1085109809748,30.0000000000036));
#6255=CARTESIAN_POINT('',(-94.0903965046487,-41.9999999999998,30.0000000000036));
#6256=CARTESIAN_POINT('',(-106.000000000001,-43.3999999999998,30.0000000000063));
#6257=CARTESIAN_POINT('',(-114.400000000001,-34.9999999999998,30.0000000000082));
#6258=CARTESIAN_POINT('',(-114.400000000001,35.0000000000001,30.0000000000082));
#6259=CARTESIAN_POINT('',(-106.000000000001,43.4000000000002,30.0000000000063));
#6260=CARTESIAN_POINT('',(-95.4903965046488,43.4000000000001,30.0000000000039));
#6261=CARTESIAN_POINT('',(-94.0903965046488,34.1085109809751,30.0000000000036));
#6262=CARTESIAN_POINT('',(-89.4903965046488,29.5085109809751,30.0000000000025));
#6263=CARTESIAN_POINT('',(-82.5096034953526,29.5085109809751,30.000000000001));
#6264=CARTESIAN_POINT('',(-77.9096034953526,34.1085109809752,29.9999999999999));
#6265=CARTESIAN_POINT('',(-77.9096034953526,42.0000000000002,29.9999999999999));
#6266=CARTESIAN_POINT('',(-76.9227485073756,43.3978775645222,32.));
#6267=CARTESIAN_POINT('',(-76.509603495352,43.4,32.));
#6268=CARTESIAN_POINT('',(-66.0000000000002,43.4,32.));
#6269=CARTESIAN_POINT('',(-57.6000000000002,34.9999999999999,32.));
#6270=CARTESIAN_POINT('',(-57.6000000000002,-34.9999999999998,32.));
#6271=CARTESIAN_POINT('',(-66.0000000000002,-43.3999999999999,32.));
#6272=CARTESIAN_POINT('',(-76.5096034953521,-43.3999999999999,32.));
#6273=CARTESIAN_POINT('',(-77.9096034953521,-42.,32.));
#6274=CARTESIAN_POINT('',(-77.9096034953521,-34.108510980975,32.));
#6275=CARTESIAN_POINT('',(-82.5096034953522,-29.5085109809749,32.));
#6276=CARTESIAN_POINT('',(-89.4903965046484,-29.5085109809749,32.));
#6277=CARTESIAN_POINT('',(-94.0903965046483,-34.1085109809749,32.));
#6278=CARTESIAN_POINT('',(-94.0903965046483,-41.9999999999998,32.));
#6279=CARTESIAN_POINT('',(-95.4903965046484,-43.3999999999999,32.));
#6280=CARTESIAN_POINT('',(-106.,-43.3999999999999,32.));
#6281=CARTESIAN_POINT('',(-114.4,-34.9999999999999,32.));
#6282=CARTESIAN_POINT('',(-114.4,35.,32.));
#6283=CARTESIAN_POINT('',(-106.,43.4000000000001,32.));
#6284=CARTESIAN_POINT('',(-95.4903965046484,43.4,32.));
#6285=CARTESIAN_POINT('',(-94.0903965046483,42.,32.));
#6286=CARTESIAN_POINT('',(-94.0903965046483,34.108510980975,32.));
#6287=CARTESIAN_POINT('',(-89.4903965046483,29.508510980975,32.));
#6288=CARTESIAN_POINT('',(-82.5096034953522,29.508510980975,32.));
#6289=CARTESIAN_POINT('',(-77.9096034953521,34.108510980975,32.));
#6290=CARTESIAN_POINT('',(-77.9096034953521,42.0000000000001,32.));
#6291=CARTESIAN_POINT('',(-89.0559202445104,42.68150171207,28.));
#6292=CARTESIAN_POINT('',(-89.0559202445104,42.68150171207,29.));
#6293=CARTESIAN_POINT('',(-82.937298019652,41.7089862647237,29.));
#6294=CARTESIAN_POINT('',(-89.0559202445104,41.7089862647237,29.));
#6295=CARTESIAN_POINT('',(-89.0559202445104,41.7089862647238,28.));
#6296=CARTESIAN_POINT('',(-82.937298019652,41.7089862647238,28.));
#6297=CARTESIAN_POINT('',(-76.9227485073761,43.3978775645223,28.9999999999997));
#6298=CARTESIAN_POINT('',(-76.5096034953525,43.4000000000001,28.9999999999996));
#6299=CARTESIAN_POINT('',(-66.0000000000006,43.4000000000001,28.9999999999972));
#6300=CARTESIAN_POINT('',(-57.6000000000006,35.,28.9999999999953));
#6301=CARTESIAN_POINT('',(-57.6000000000007,-34.9999999999997,28.9999999999953));
#6302=CARTESIAN_POINT('',(-66.0000000000007,-43.3999999999998,28.9999999999972));
#6303=CARTESIAN_POINT('',(-76.5096034953525,-43.3999999999997,28.9999999999996));
#6304=CARTESIAN_POINT('',(-77.9096034953526,-41.9999999999999,28.9999999999999));
#6305=CARTESIAN_POINT('',(-77.9096034953526,-34.1085109809749,28.9999999999999));
#6306=CARTESIAN_POINT('',(-82.5096034953527,-29.5085109809748,29.000000000001));
#6307=CARTESIAN_POINT('',(-89.4903965046489,-29.5085109809748,29.0000000000025));
#6308=CARTESIAN_POINT('',(-94.0903965046488,-34.1085109809748,29.0000000000036));
#6309=CARTESIAN_POINT('',(-94.0903965046487,-41.9999999999998,29.0000000000036));
#6310=CARTESIAN_POINT('',(-95.4903965046489,-43.3999999999998,29.0000000000039));
#6311=CARTESIAN_POINT('',(-106.000000000001,-43.3999999999998,29.0000000000063));
#6312=CARTESIAN_POINT('',(-114.400000000001,-34.9999999999998,29.0000000000082));
#6313=CARTESIAN_POINT('',(-114.400000000001,35.0000000000001,29.0000000000082));
#6314=CARTESIAN_POINT('',(-106.000000000001,43.4000000000002,29.0000000000063));
#6315=CARTESIAN_POINT('',(-95.4903965046488,43.4000000000001,29.0000000000039));
#6316=CARTESIAN_POINT('',(-94.0903965046487,42.0000000000001,29.0000000000036));
#6317=CARTESIAN_POINT('',(-94.0903965046488,34.1085109809751,29.0000000000036));
#6318=CARTESIAN_POINT('',(-89.4903965046488,29.5085109809751,29.0000000000025));
#6319=CARTESIAN_POINT('',(-82.5096034953526,29.5085109809751,29.000000000001));
#6320=CARTESIAN_POINT('',(-77.9096034953526,34.1085109809752,28.9999999999999));
#6321=CARTESIAN_POINT('',(-77.9096034953526,42.0000000000002,28.9999999999999));
#6322=CARTESIAN_POINT('',(-76.9227485073766,-43.397877564522,31.9999999999999));
#6323=CARTESIAN_POINT('',(-76.922748507377,-43.3978775645219,29.9999999999997));
#6324=CARTESIAN_POINT('',(-77.9074810598742,-42.413145012023,32.0000000000002));
#6325=CARTESIAN_POINT('',(-77.9074810598747,-42.4131450120229,29.9999999999999));
#6326=CARTESIAN_POINT('',(-94.0925189401262,-42.4131450120236,31.9999999999999));
#6327=CARTESIAN_POINT('',(-94.0925189401267,-42.4131450120235,30.0000000000036));
#6328=CARTESIAN_POINT('',(-95.0772514926239,-43.397877564522,32.0000000000001));
#6329=CARTESIAN_POINT('',(-95.0772514926243,-43.3978775645219,30.0000000000038));
#6330=CARTESIAN_POINT('',(-95.0772514926236,43.3978775645221,32.0000000000001));
#6331=CARTESIAN_POINT('',(-95.077251492624,43.3978775645223,30.0000000000038));
#6332=CARTESIAN_POINT('',(-94.0925189401262,42.4131450120254,31.9999999999999));
#6333=CARTESIAN_POINT('',(-94.0925189401266,42.4131450120254,30.0000000000036));
#6334=CARTESIAN_POINT('',(-77.9074810598742,42.4131450120246,32.0000000000001));
#6335=CARTESIAN_POINT('',(-77.9074810598746,42.4131450120247,29.9999999999999));
#6336=CARTESIAN_POINT('',(-77.9074810598747,-42.4131450120229,28.9999999999999));
#6337=CARTESIAN_POINT('',(-76.9227485073772,-43.3978775645219,28.9999999999997));
#6338=CARTESIAN_POINT('',(-95.0772514926243,-43.3978775645219,29.0000000000038));
#6339=CARTESIAN_POINT('',(-94.0925189401267,-42.4131450120236,29.0000000000036));
#6340=CARTESIAN_POINT('',(-94.0925189401266,42.4131450120254,29.0000000000036));
#6341=CARTESIAN_POINT('',(-95.077251492624,43.3978775645223,29.0000000000038));
#6342=CARTESIAN_POINT('',(-77.9074810598746,42.4131450120247,28.9999999999999));
#6343=CARTESIAN_POINT('',(-60.6,-0.8,29.0000000000005));
#6344=CARTESIAN_POINT('',(-60.6,-0.8,32.));
#6345=CARTESIAN_POINT('',(-57.6000000000001,-3.80000000000001,32.));
#6346=CARTESIAN_POINT('',(-57.6000000000004,-3.79999999999987,29.0000000000001));
#6347=CARTESIAN_POINT('',(-57.6000000000001,3.80000000000001,32.));
#6348=CARTESIAN_POINT('',(-57.6000000000004,3.80000000000002,29.0000000000001));
#6349=CARTESIAN_POINT('',(-60.6,0.8,29.0000000000005));
#6350=CARTESIAN_POINT('',(-60.6,0.8,32.));
#6351=CARTESIAN_POINT('',(-114.4,-3.80000000000003,32.));
#6352=CARTESIAN_POINT('',(-114.4,-3.8000000000001,29.0000000000034));
#6353=CARTESIAN_POINT('',(-111.4,-0.8,29.000000000003));
#6354=CARTESIAN_POINT('',(-111.4,-0.8,32.));
#6355=CARTESIAN_POINT('',(-114.4,3.79999999999992,32.));
#6356=CARTESIAN_POINT('',(-114.4,3.80000000000012,29.0000000000034));
#6357=CARTESIAN_POINT('',(-111.4,0.8,29.000000000003));
#6358=CARTESIAN_POINT('',(-111.4,0.8,32.));
#6359=CARTESIAN_POINT('',(-88.8,29.508510980975,32.));
#6360=CARTESIAN_POINT('',(-88.8,29.5085109809751,29.0000000000019));
#6361=CARTESIAN_POINT('',(-86.8000000000001,27.508510980975,29.0000000000016));
#6362=CARTESIAN_POINT('',(-86.8,27.508510980975,32.));
#6363=CARTESIAN_POINT('',(-85.2,27.508510980975,29.0000000000016));
#6364=CARTESIAN_POINT('',(-85.2,27.508510980975,32.));
#6365=CARTESIAN_POINT('',(-83.2000000000001,29.508510980975,32.));
#6366=CARTESIAN_POINT('',(-83.2,29.5085109809751,29.0000000000013));
#6367=CARTESIAN_POINT('',(-83.2,-29.5085109809749,32.));
#6368=CARTESIAN_POINT('',(-83.2,-29.5085109809749,29.000000000001));
#6369=CARTESIAN_POINT('',(-85.2,-27.5085109809749,29.0000000000013));
#6370=CARTESIAN_POINT('',(-85.2,-27.5085109809749,32.));
#6371=CARTESIAN_POINT('',(-86.8,-27.508510980975,29.0000000000019));
#6372=CARTESIAN_POINT('',(-86.8,-27.508510980975,32.));
#6373=CARTESIAN_POINT('',(-88.8,-29.5085109809749,32.));
#6374=CARTESIAN_POINT('',(-88.8,-29.5085109809749,29.0000000000022));
#6375=CARTESIAN_POINT('',(-83.2,0.800000000000002,29.0000000000017));
#6376=CARTESIAN_POINT('',(-83.2,0.800000000000002,32.));
#6377=CARTESIAN_POINT('',(-85.2,2.80000000000002,29.0000000000017));
#6378=CARTESIAN_POINT('',(-85.2,2.80000000000001,32.));
#6379=CARTESIAN_POINT('',(-88.8,0.799999999999996,29.0000000000018));
#6380=CARTESIAN_POINT('',(-88.8,0.799999999999996,32.));
#6381=CARTESIAN_POINT('',(-83.2,-0.800000000000002,29.0000000000017));
#6382=CARTESIAN_POINT('',(-83.2,-0.799999999999999,32.));
#6383=CARTESIAN_POINT('',(-86.8,2.8,29.0000000000017));
#6384=CARTESIAN_POINT('',(-86.8,2.80000000000001,32.));
#6385=CARTESIAN_POINT('',(-85.2,-2.79999999999999,29.0000000000017));
#6386=CARTESIAN_POINT('',(-85.2,-2.79999999999999,32.));
#6387=CARTESIAN_POINT('',(-88.8,-0.799999999999996,29.0000000000018));
#6388=CARTESIAN_POINT('',(-88.8,-0.799999999999996,32.));
#6389=CARTESIAN_POINT('',(-86.8,-2.80000000000001,29.0000000000017));
#6390=CARTESIAN_POINT('',(-86.8,-2.79999999999999,32.));
#6391=CARTESIAN_POINT('',(-56.,-20.,29.2));
#6392=CARTESIAN_POINT('',(-56.,20.,29.2));
#6393=CARTESIAN_POINT('',(-57.2,-20.,28.));
#6394=CARTESIAN_POINT('',(-57.2,20.,28.));
#6395=CARTESIAN_POINT('',(-116.,-20.,29.2));
#6396=CARTESIAN_POINT('',(-116.,20.,29.2));
#6397=CARTESIAN_POINT('',(-114.8,-20.,28.));
#6398=CARTESIAN_POINT('',(-114.8,20.,28.));
#6399=CARTESIAN_POINT('',(-57.,-20.,28.2));
#6400=CARTESIAN_POINT('',(-56.,-20.,28.2));
#6401=CARTESIAN_POINT('',(-56.,-20.2,28.));
#6402=CARTESIAN_POINT('',(-57.2,-20.2,28.));
#6403=CARTESIAN_POINT('',(-56.,20.2,28.));
#6404=CARTESIAN_POINT('',(-57.,20.,28.2));
#6405=CARTESIAN_POINT('',(-56.,20.,28.2));
#6406=CARTESIAN_POINT('',(-57.2,20.2,28.));
#6407=CARTESIAN_POINT('',(-116.,-20.2,28.));
#6408=CARTESIAN_POINT('',(-115.,-20.,28.2));
#6409=CARTESIAN_POINT('',(-115.,20.,28.2));
#6410=CARTESIAN_POINT('',(-116.,-20.,28.2));
#6411=CARTESIAN_POINT('',(-116.,20.,28.2));
#6412=CARTESIAN_POINT('',(-116.,20.2,28.));
#6413=CARTESIAN_POINT('',(-114.8,-20.2,28.));
#6414=CARTESIAN_POINT('',(-114.8,20.2,28.));
#6415=CARTESIAN_POINT('',(-115.941421356237,-20.,29.1414213562373));
#6416=CARTESIAN_POINT('',(-115.941421356237,20.,29.1414213562373));
#6417=CARTESIAN_POINT('',(-116.,-20.,29.2828427124746));
#6418=CARTESIAN_POINT('',(-116.,20.,29.2828427124747));
#6419=CARTESIAN_POINT('',(-56.0585786437627,-20.,29.1414213562373));
#6420=CARTESIAN_POINT('',(-56.0585786437627,20.,29.1414213562373));
#6421=CARTESIAN_POINT('',(-56.,-20.,29.2828427124746));
#6422=CARTESIAN_POINT('',(-56.,20.,29.2828427124746));
#6423=CARTESIAN_POINT('',(-89.0627019803479,-42.68150171207,28.));
#6424=CARTESIAN_POINT('',(-89.0627019803479,-42.68150171207,29.));
#6425=CARTESIAN_POINT('',(-89.0627019803479,-42.68150171207,28.));
#6426=CARTESIAN_POINT('',(-89.062701980348,-43.9999999999999,28.));
#6427=CARTESIAN_POINT('',(-89.0627019803479,-42.68150171207,29.));
#6428=CARTESIAN_POINT('',(-89.062701980348,-43.9999999999999,29.));
#6429=CARTESIAN_POINT('',(-82.937298019652,-42.68150171207,28.));
#6430=CARTESIAN_POINT('',(-82.937298019652,-42.68150171207,29.));
#6431=CARTESIAN_POINT('',(-56.,-34.9999999999999,28.));
#6432=CARTESIAN_POINT('',(-56.,-44.9999999999999,28.));
#6433=CARTESIAN_POINT('',(-66.,-44.9999999999999,28.));
#6434=CARTESIAN_POINT('',(-66.,-44.9999999999999,28.));
#6435=CARTESIAN_POINT('',(-66.,-44.9999999999999,32.));
#6436=CARTESIAN_POINT('',(-56.,-34.9999999999999,28.));
#6437=CARTESIAN_POINT('',(-56.,-34.9999999999999,32.));
#6438=CARTESIAN_POINT('',(-106.,-45.,28.));
#6439=CARTESIAN_POINT('',(-106.,-45.,32.));
#6440=CARTESIAN_POINT('',(-106.,-45.,28.));
#6441=CARTESIAN_POINT('',(-116.,-45.,28.));
#6442=CARTESIAN_POINT('',(-116.,-34.9999999999999,28.));
#6443=CARTESIAN_POINT('',(-116.,-34.9999999999999,28.));
#6444=CARTESIAN_POINT('',(-116.,-34.9999999999999,32.));
#6445=CARTESIAN_POINT('',(-66.,-44.9999999999999,32.));
#6446=CARTESIAN_POINT('',(-56.,-44.9999999999998,32.));
#6447=CARTESIAN_POINT('',(-56.,-34.9999999999999,32.));
#6448=CARTESIAN_POINT('',(-116.,-34.9999999999999,32.));
#6449=CARTESIAN_POINT('',(-116.,-44.9999999999999,32.));
#6450=CARTESIAN_POINT('',(-106.,-45.,32.));
#6451=CARTESIAN_POINT('',(-106.,-45.,32.));
#6452=CARTESIAN_POINT('',(-100.745198252324,-45.,32.));
#6453=CARTESIAN_POINT('',(-95.4903965046482,-44.9999999999999,32.));
#6454=CARTESIAN_POINT('',(-82.5096034953519,-31.1085109809749,32.));
#6455=CARTESIAN_POINT('',(-89.4903965046481,-31.108510980975,32.));
#6456=CARTESIAN_POINT('',(-82.5096034953519,-31.1085109809749,32.));
#6457=CARTESIAN_POINT('',(-82.5096034953519,-31.1085109809749,29.));
#6458=CARTESIAN_POINT('',(-79.5096034953519,-34.108510980975,32.));
#6459=CARTESIAN_POINT('',(-79.5096034953519,-34.108510980975,29.));
#6460=CARTESIAN_POINT('',(-82.5096034953519,-31.1085109809749,29.));
#6461=CARTESIAN_POINT('',(-81.3096034953518,-31.1085109809749,29.));
#6462=CARTESIAN_POINT('',(-80.1096034953518,-31.1085109809749,29.));
#6463=CARTESIAN_POINT('',(-79.5096034953519,-31.708510980975,29.));
#6464=CARTESIAN_POINT('',(-79.5096034953519,-32.908510980975,29.));
#6465=CARTESIAN_POINT('',(-79.5096034953519,-34.108510980975,29.));
#6466=CARTESIAN_POINT('',(-82.5096034953519,-31.1085109809749,32.));
#6467=CARTESIAN_POINT('',(-81.3096034953518,-31.1085109809749,32.));
#6468=CARTESIAN_POINT('',(-80.1096034953518,-31.1085109809749,32.));
#6469=CARTESIAN_POINT('',(-79.5096034953519,-31.7085109809751,32.));
#6470=CARTESIAN_POINT('',(-79.5096034953519,-32.908510980975,32.));
#6471=CARTESIAN_POINT('',(-79.5096034953519,-34.108510980975,32.));
#6472=CARTESIAN_POINT('',(-89.4903965046482,-31.1085109809749,29.));
#6473=CARTESIAN_POINT('',(-82.5096034953519,-31.1085109809749,29.));
#6474=CARTESIAN_POINT('',(-92.4903965046481,-34.1085109809749,32.));
#6475=CARTESIAN_POINT('',(-92.4903965046481,-41.9999999999999,32.));
#6476=CARTESIAN_POINT('',(-92.4903965046481,-34.1085109809749,29.));
#6477=CARTESIAN_POINT('',(-92.4903965046481,-34.1085109809749,32.));
#6478=CARTESIAN_POINT('',(-89.4903965046482,-31.1085109809749,29.));
#6479=CARTESIAN_POINT('',(-89.4903965046481,-31.108510980975,32.));
#6480=CARTESIAN_POINT('',(-92.4903965046481,-34.1085109809749,29.));
#6481=CARTESIAN_POINT('',(-92.4903965046481,-32.9085109809749,29.));
#6482=CARTESIAN_POINT('',(-92.4903965046481,-31.7085109809749,29.));
#6483=CARTESIAN_POINT('',(-91.8903965046481,-31.1085109809749,29.));
#6484=CARTESIAN_POINT('',(-90.6903965046481,-31.1085109809749,29.));
#6485=CARTESIAN_POINT('',(-89.4903965046482,-31.1085109809749,29.));
#6486=CARTESIAN_POINT('',(-92.4903965046481,-34.1085109809749,32.));
#6487=CARTESIAN_POINT('',(-92.4903965046481,-32.9085109809749,32.));
#6488=CARTESIAN_POINT('',(-92.4903965046481,-31.7085109809749,32.));
#6489=CARTESIAN_POINT('',(-91.8903965046481,-31.108510980975,32.));
#6490=CARTESIAN_POINT('',(-90.6903965046481,-31.108510980975,32.));
#6491=CARTESIAN_POINT('',(-89.4903965046481,-31.108510980975,32.));
#6492=CARTESIAN_POINT('',(-82.937298019652,-42.68150171207,28.));
#6493=CARTESIAN_POINT('',(-89.0627019803479,-42.68150171207,28.));
#6494=CARTESIAN_POINT('',(-82.937298019652,-42.68150171207,29.));
#6495=CARTESIAN_POINT('',(-89.0627019803479,-42.68150171207,29.));
#6496=CARTESIAN_POINT('',(-66.,-44.9999999999999,28.));
#6497=CARTESIAN_POINT('',(-81.937298019652,-44.9999999999999,28.));
#6498=CARTESIAN_POINT('',(-79.5096034953519,-34.108510980975,29.));
#6499=CARTESIAN_POINT('',(-79.5096034953519,-42.,29.));
#6500=CARTESIAN_POINT('',(-76.5096034953518,-44.9999999999999,32.));
#6501=CARTESIAN_POINT('',(-71.2548017476759,-44.9999999999999,32.));
#6502=CARTESIAN_POINT('',(-66.,-44.9999999999999,32.));
#6503=CARTESIAN_POINT('',(-79.5096034953519,-42.,32.));
#6504=CARTESIAN_POINT('',(-79.5096034953519,-34.108510980975,32.));
#6505=CARTESIAN_POINT('',(-79.5096034953519,-42.,32.));
#6506=CARTESIAN_POINT('',(-79.5096034953519,-42.,29.));
#6507=CARTESIAN_POINT('',(-76.5096034953518,-44.9999999999999,32.));
#6508=CARTESIAN_POINT('',(-76.5096034953517,-44.9999999999998,29.));
#6509=CARTESIAN_POINT('',(-79.5096034953519,-42.,29.));
#6510=CARTESIAN_POINT('',(-79.5096034953519,-43.2000000000002,29.));
#6511=CARTESIAN_POINT('',(-79.5096034953519,-44.4000000000003,29.));
#6512=CARTESIAN_POINT('',(-78.9096034953514,-44.9999999999998,29.));
#6513=CARTESIAN_POINT('',(-77.7096034953516,-44.9999999999998,29.));
#6514=CARTESIAN_POINT('',(-76.5096034953517,-44.9999999999998,29.));
#6515=CARTESIAN_POINT('',(-79.5096034953519,-42.,32.));
#6516=CARTESIAN_POINT('',(-79.509603495352,-43.2000000000002,32.));
#6517=CARTESIAN_POINT('',(-79.509603495352,-44.4000000000003,32.));
#6518=CARTESIAN_POINT('',(-78.9096034953515,-44.9999999999998,32.));
#6519=CARTESIAN_POINT('',(-77.7096034953516,-44.9999999999999,32.));
#6520=CARTESIAN_POINT('',(-76.5096034953518,-44.9999999999999,32.));
#6521=CARTESIAN_POINT('',(-92.4903965046481,-41.9999999999999,29.));
#6522=CARTESIAN_POINT('',(-92.4903965046481,-34.1085109809749,29.));
#6523=CARTESIAN_POINT('',(-92.4903965046481,-41.9999999999999,29.));
#6524=CARTESIAN_POINT('',(-92.4903965046481,-41.9999999999999,32.));
#6525=CARTESIAN_POINT('',(-95.4903965046482,-44.9999999999999,29.));
#6526=CARTESIAN_POINT('',(-95.4903965046482,-44.9999999999999,32.));
#6527=CARTESIAN_POINT('',(-95.4903965046482,-44.9999999999999,29.));
#6528=CARTESIAN_POINT('',(-94.2903965046482,-44.9999999999999,29.));
#6529=CARTESIAN_POINT('',(-93.0903965046482,-44.9999999999999,29.));
#6530=CARTESIAN_POINT('',(-92.490396504648,-44.4000000000001,29.));
#6531=CARTESIAN_POINT('',(-92.490396504648,-43.2,29.));
#6532=CARTESIAN_POINT('',(-92.4903965046481,-41.9999999999999,29.));
#6533=CARTESIAN_POINT('',(-95.4903965046482,-44.9999999999999,32.));
#6534=CARTESIAN_POINT('',(-94.2903965046482,-45.,32.));
#6535=CARTESIAN_POINT('',(-93.0903965046482,-45.,32.));
#6536=CARTESIAN_POINT('',(-92.490396504648,-44.4000000000001,32.));
#6537=CARTESIAN_POINT('',(-92.490396504648,-43.2,32.));
#6538=CARTESIAN_POINT('',(-92.4903965046481,-41.9999999999999,32.));
#6539=CARTESIAN_POINT('',(-82.937298019652,-43.9999999999999,28.));
#6540=CARTESIAN_POINT('',(-82.937298019652,-42.68150171207,28.));
#6541=CARTESIAN_POINT('',(-82.937298019652,-43.9999999999999,29.));
#6542=CARTESIAN_POINT('',(-82.937298019652,-42.68150171207,29.));
#6543=CARTESIAN_POINT('',(-82.937298019652,-43.9999999999999,28.));
#6544=CARTESIAN_POINT('',(-82.937298019652,-43.9999999999999,29.));
#6545=CARTESIAN_POINT('',(-81.937298019652,-44.9999999999999,28.));
#6546=CARTESIAN_POINT('',(-81.937298019652,-44.9999999999999,29.));
#6547=CARTESIAN_POINT('',(-81.937298019652,-44.9999999999999,28.));
#6548=CARTESIAN_POINT('',(-82.3372980196519,-44.9999999999999,28.));
#6549=CARTESIAN_POINT('',(-82.7372980196519,-44.9999999999999,28.));
#6550=CARTESIAN_POINT('',(-82.937298019652,-44.8000000000001,28.));
#6551=CARTESIAN_POINT('',(-82.937298019652,-44.4,28.));
#6552=CARTESIAN_POINT('',(-82.937298019652,-43.9999999999999,28.));
#6553=CARTESIAN_POINT('',(-81.937298019652,-44.9999999999999,29.));
#6554=CARTESIAN_POINT('',(-82.3372980196519,-44.9999999999999,29.));
#6555=CARTESIAN_POINT('',(-82.7372980196519,-44.9999999999999,29.));
#6556=CARTESIAN_POINT('',(-82.937298019652,-44.8000000000001,29.));
#6557=CARTESIAN_POINT('',(-82.937298019652,-44.4,29.));
#6558=CARTESIAN_POINT('',(-82.937298019652,-43.9999999999999,29.));
#6559=CARTESIAN_POINT('',(-90.0627019803479,-44.9999999999999,28.));
#6560=CARTESIAN_POINT('',(-106.,-45.,28.));
#6561=CARTESIAN_POINT('',(-89.062701980348,-43.9999999999999,29.));
#6562=CARTESIAN_POINT('',(-89.062701980348,-43.9999999999999,28.));
#6563=CARTESIAN_POINT('',(-90.0627019803479,-44.9999999999999,29.));
#6564=CARTESIAN_POINT('',(-90.0627019803479,-44.9999999999999,28.));
#6565=CARTESIAN_POINT('',(-89.062701980348,-43.9999999999999,28.));
#6566=CARTESIAN_POINT('',(-89.062701980348,-44.3999999999999,28.));
#6567=CARTESIAN_POINT('',(-89.062701980348,-44.7999999999999,28.));
#6568=CARTESIAN_POINT('',(-89.262701980348,-44.9999999999999,28.));
#6569=CARTESIAN_POINT('',(-89.662701980348,-44.9999999999999,28.));
#6570=CARTESIAN_POINT('',(-90.0627019803479,-44.9999999999999,28.));
#6571=CARTESIAN_POINT('',(-89.062701980348,-43.9999999999999,29.));
#6572=CARTESIAN_POINT('',(-89.062701980348,-44.3999999999999,29.));
#6573=CARTESIAN_POINT('',(-89.062701980348,-44.7999999999999,29.));
#6574=CARTESIAN_POINT('',(-89.262701980348,-44.9999999999999,29.));
#6575=CARTESIAN_POINT('',(-89.6627019803479,-44.9999999999999,29.));
#6576=CARTESIAN_POINT('',(-90.0627019803479,-44.9999999999999,29.));
#6577=CARTESIAN_POINT('',(-76.5096034953517,-44.9999999999998,29.));
#6578=CARTESIAN_POINT('',(-79.5096034953519,-44.9999999999999,29.));
#6579=CARTESIAN_POINT('',(-81.937298019652,-44.9999999999999,29.));
#6580=CARTESIAN_POINT('',(-90.0627019803479,-44.9999999999999,29.));
#6581=CARTESIAN_POINT('',(-92.4903965046481,-44.9999999999999,29.));
#6582=CARTESIAN_POINT('',(-95.4903965046482,-44.9999999999999,29.));
#6583=CARTESIAN_POINT('',(-89.0627019803479,42.68150171207,28.));
#6584=CARTESIAN_POINT('',(-89.0627019803479,42.68150171207,29.));
#6585=CARTESIAN_POINT('',(-89.0627019803479,42.68150171207,28.));
#6586=CARTESIAN_POINT('',(-89.0627019803479,44.,28.));
#6587=CARTESIAN_POINT('',(-89.0627019803479,42.68150171207,29.));
#6588=CARTESIAN_POINT('',(-89.0627019803479,44.,29.));
#6589=CARTESIAN_POINT('',(-56.,34.9999999999999,28.));
#6590=CARTESIAN_POINT('',(-56.,44.9999999999999,28.));
#6591=CARTESIAN_POINT('',(-65.9999999999999,44.9999999999999,28.));
#6592=CARTESIAN_POINT('',(-65.9999999999999,44.9999999999999,28.));
#6593=CARTESIAN_POINT('',(-65.9999999999999,44.9999999999999,32.));
#6594=CARTESIAN_POINT('',(-56.,34.9999999999999,28.));
#6595=CARTESIAN_POINT('',(-56.,34.9999999999999,32.));
#6596=CARTESIAN_POINT('',(-106.,45.,28.));
#6597=CARTESIAN_POINT('',(-106.,45.,32.));
#6598=CARTESIAN_POINT('',(-106.,45.,28.));
#6599=CARTESIAN_POINT('',(-116.,45.,28.));
#6600=CARTESIAN_POINT('',(-116.,35.,28.));
#6601=CARTESIAN_POINT('',(-116.,35.,28.));
#6602=CARTESIAN_POINT('',(-116.,35.,32.));
#6603=CARTESIAN_POINT('',(-65.9999999999999,44.9999999999999,32.));
#6604=CARTESIAN_POINT('',(-56.,44.9999999999999,32.));
#6605=CARTESIAN_POINT('',(-56.,34.9999999999999,32.));
#6606=CARTESIAN_POINT('',(-116.,35.,32.));
#6607=CARTESIAN_POINT('',(-116.,45.,32.));
#6608=CARTESIAN_POINT('',(-106.,45.,32.));
#6609=CARTESIAN_POINT('',(-106.,45.,32.));
#6610=CARTESIAN_POINT('',(-100.745198252324,45.,32.));
#6611=CARTESIAN_POINT('',(-95.4903965046482,45.,32.));
#6612=CARTESIAN_POINT('',(-82.5096034953519,31.108510980975,32.));
#6613=CARTESIAN_POINT('',(-89.4903965046481,31.108510980975,32.));
#6614=CARTESIAN_POINT('',(-82.5096034953519,31.108510980975,32.));
#6615=CARTESIAN_POINT('',(-82.5096034953519,31.108510980975,29.));
#6616=CARTESIAN_POINT('',(-79.5096034953519,34.108510980975,32.));
#6617=CARTESIAN_POINT('',(-79.5096034953519,34.108510980975,29.));
#6618=CARTESIAN_POINT('',(-82.5096034953519,31.108510980975,29.));
#6619=CARTESIAN_POINT('',(-81.3096034953518,31.1085109809749,29.));
#6620=CARTESIAN_POINT('',(-80.1096034953517,31.1085109809749,29.));
#6621=CARTESIAN_POINT('',(-79.5096034953519,31.708510980975,29.));
#6622=CARTESIAN_POINT('',(-79.5096034953519,32.908510980975,29.));
#6623=CARTESIAN_POINT('',(-79.5096034953519,34.108510980975,29.));
#6624=CARTESIAN_POINT('',(-82.5096034953519,31.108510980975,32.));
#6625=CARTESIAN_POINT('',(-81.3096034953518,31.1085109809749,32.));
#6626=CARTESIAN_POINT('',(-80.1096034953517,31.1085109809749,32.));
#6627=CARTESIAN_POINT('',(-79.5096034953519,31.7085109809751,32.));
#6628=CARTESIAN_POINT('',(-79.5096034953519,32.908510980975,32.));
#6629=CARTESIAN_POINT('',(-79.5096034953519,34.108510980975,32.));
#6630=CARTESIAN_POINT('',(-89.4903965046481,31.108510980975,29.));
#6631=CARTESIAN_POINT('',(-82.5096034953519,31.108510980975,29.));
#6632=CARTESIAN_POINT('',(-92.4903965046481,34.108510980975,32.));
#6633=CARTESIAN_POINT('',(-92.490396504648,41.9999999999999,32.));
#6634=CARTESIAN_POINT('',(-92.4903965046481,34.1085109809749,29.));
#6635=CARTESIAN_POINT('',(-92.4903965046481,34.108510980975,32.));
#6636=CARTESIAN_POINT('',(-89.4903965046481,31.108510980975,29.));
#6637=CARTESIAN_POINT('',(-89.4903965046481,31.108510980975,32.));
#6638=CARTESIAN_POINT('',(-92.4903965046481,34.1085109809749,29.));
#6639=CARTESIAN_POINT('',(-92.4903965046481,32.908510980975,29.));
#6640=CARTESIAN_POINT('',(-92.4903965046481,31.708510980975,29.));
#6641=CARTESIAN_POINT('',(-91.8903965046481,31.108510980975,29.));
#6642=CARTESIAN_POINT('',(-90.6903965046481,31.108510980975,29.));
#6643=CARTESIAN_POINT('',(-89.4903965046481,31.108510980975,29.));
#6644=CARTESIAN_POINT('',(-92.4903965046481,34.108510980975,32.));
#6645=CARTESIAN_POINT('',(-92.4903965046481,32.908510980975,32.));
#6646=CARTESIAN_POINT('',(-92.490396504648,31.708510980975,32.));
#6647=CARTESIAN_POINT('',(-91.890396504648,31.108510980975,32.));
#6648=CARTESIAN_POINT('',(-90.6903965046481,31.108510980975,32.));
#6649=CARTESIAN_POINT('',(-89.4903965046481,31.108510980975,32.));
#6650=CARTESIAN_POINT('',(-65.9999999999999,44.9999999999999,28.));
#6651=CARTESIAN_POINT('',(-81.937298019652,45.,28.));
#6652=CARTESIAN_POINT('',(-79.5096034953519,34.108510980975,29.));
#6653=CARTESIAN_POINT('',(-79.5096034953519,42.,29.));
#6654=CARTESIAN_POINT('',(-76.5096034953518,44.9999999999999,32.));
#6655=CARTESIAN_POINT('',(-71.2548017476759,44.9999999999999,32.));
#6656=CARTESIAN_POINT('',(-65.9999999999999,44.9999999999999,32.));
#6657=CARTESIAN_POINT('',(-79.5096034953519,42.,32.));
#6658=CARTESIAN_POINT('',(-79.5096034953519,34.108510980975,32.));
#6659=CARTESIAN_POINT('',(-79.5096034953519,42.,32.));
#6660=CARTESIAN_POINT('',(-79.5096034953519,42.,29.));
#6661=CARTESIAN_POINT('',(-76.5096034953518,44.9999999999999,32.));
#6662=CARTESIAN_POINT('',(-76.5096034953517,44.9999999999999,29.));
#6663=CARTESIAN_POINT('',(-79.5096034953519,42.,29.));
#6664=CARTESIAN_POINT('',(-79.5096034953519,43.2000000000002,29.));
#6665=CARTESIAN_POINT('',(-79.5096034953519,44.4000000000003,29.));
#6666=CARTESIAN_POINT('',(-78.9096034953514,44.9999999999998,29.));
#6667=CARTESIAN_POINT('',(-77.7096034953515,44.9999999999998,29.));
#6668=CARTESIAN_POINT('',(-76.5096034953517,44.9999999999999,29.));
#6669=CARTESIAN_POINT('',(-79.5096034953519,42.,32.));
#6670=CARTESIAN_POINT('',(-79.509603495352,43.2000000000002,32.));
#6671=CARTESIAN_POINT('',(-79.509603495352,44.4000000000004,32.));
#6672=CARTESIAN_POINT('',(-78.9096034953515,44.9999999999998,32.));
#6673=CARTESIAN_POINT('',(-77.7096034953516,44.9999999999999,32.));
#6674=CARTESIAN_POINT('',(-76.5096034953518,44.9999999999999,32.));
#6675=CARTESIAN_POINT('',(-92.490396504648,41.9999999999999,29.));
#6676=CARTESIAN_POINT('',(-92.4903965046481,34.1085109809749,29.));
#6677=CARTESIAN_POINT('',(-92.490396504648,41.9999999999999,29.));
#6678=CARTESIAN_POINT('',(-92.490396504648,41.9999999999999,32.));
#6679=CARTESIAN_POINT('',(-95.4903965046482,45.,29.));
#6680=CARTESIAN_POINT('',(-95.4903965046482,45.,32.));
#6681=CARTESIAN_POINT('',(-95.4903965046482,45.,29.));
#6682=CARTESIAN_POINT('',(-94.2903965046482,45.,29.));
#6683=CARTESIAN_POINT('',(-93.0903965046482,45.,29.));
#6684=CARTESIAN_POINT('',(-92.4903965046479,44.4000000000002,29.));
#6685=CARTESIAN_POINT('',(-92.490396504648,43.2000000000001,29.));
#6686=CARTESIAN_POINT('',(-92.490396504648,41.9999999999999,29.));
#6687=CARTESIAN_POINT('',(-95.4903965046482,45.,32.));
#6688=CARTESIAN_POINT('',(-94.2903965046482,45.,32.));
#6689=CARTESIAN_POINT('',(-93.0903965046482,45.,32.));
#6690=CARTESIAN_POINT('',(-92.4903965046479,44.4000000000002,32.));
#6691=CARTESIAN_POINT('',(-92.490396504648,43.2000000000001,32.));
#6692=CARTESIAN_POINT('',(-92.490396504648,41.9999999999999,32.));
#6693=CARTESIAN_POINT('',(-82.937298019652,44.,28.));
#6694=CARTESIAN_POINT('',(-82.937298019652,44.,29.));
#6695=CARTESIAN_POINT('',(-81.937298019652,45.,28.));
#6696=CARTESIAN_POINT('',(-81.9372980196519,45.,29.));
#6697=CARTESIAN_POINT('',(-81.937298019652,45.,28.));
#6698=CARTESIAN_POINT('',(-82.3372980196519,44.9999999999999,28.));
#6699=CARTESIAN_POINT('',(-82.7372980196519,44.9999999999999,28.));
#6700=CARTESIAN_POINT('',(-82.937298019652,44.8000000000001,28.));
#6701=CARTESIAN_POINT('',(-82.937298019652,44.4,28.));
#6702=CARTESIAN_POINT('',(-82.937298019652,44.,28.));
#6703=CARTESIAN_POINT('',(-81.9372980196519,45.,29.));
#6704=CARTESIAN_POINT('',(-82.3372980196519,44.9999999999999,29.));
#6705=CARTESIAN_POINT('',(-82.7372980196519,44.9999999999999,29.));
#6706=CARTESIAN_POINT('',(-82.937298019652,44.8000000000001,29.));
#6707=CARTESIAN_POINT('',(-82.937298019652,44.4,29.));
#6708=CARTESIAN_POINT('',(-82.937298019652,44.,29.));
#6709=CARTESIAN_POINT('',(-90.0627019803479,45.,28.));
#6710=CARTESIAN_POINT('',(-106.,45.,28.));
#6711=CARTESIAN_POINT('',(-89.0627019803479,44.,29.));
#6712=CARTESIAN_POINT('',(-89.0627019803479,44.,28.));
#6713=CARTESIAN_POINT('',(-90.0627019803478,45.,29.));
#6714=CARTESIAN_POINT('',(-90.0627019803479,45.,28.));
#6715=CARTESIAN_POINT('',(-89.0627019803479,44.,28.));
#6716=CARTESIAN_POINT('',(-89.062701980348,44.4,28.));
#6717=CARTESIAN_POINT('',(-89.062701980348,44.7999999999999,28.));
#6718=CARTESIAN_POINT('',(-89.262701980348,44.9999999999999,28.));
#6719=CARTESIAN_POINT('',(-89.6627019803479,44.9999999999999,28.));
#6720=CARTESIAN_POINT('',(-90.0627019803479,45.,28.));
#6721=CARTESIAN_POINT('',(-89.0627019803479,44.,29.));
#6722=CARTESIAN_POINT('',(-89.0627019803479,44.4,29.));
#6723=CARTESIAN_POINT('',(-89.062701980348,44.7999999999999,29.));
#6724=CARTESIAN_POINT('',(-89.2627019803479,44.9999999999999,29.));
#6725=CARTESIAN_POINT('',(-89.6627019803479,44.9999999999999,29.));
#6726=CARTESIAN_POINT('',(-90.0627019803478,45.,29.));
#6727=CARTESIAN_POINT('',(-76.5096034953517,44.9999999999999,29.));
#6728=CARTESIAN_POINT('',(-79.5096034953518,45.,29.));
#6729=CARTESIAN_POINT('',(-81.9372980196519,45.,29.));
#6730=CARTESIAN_POINT('',(-90.0627019803478,45.,29.));
#6731=CARTESIAN_POINT('',(-92.4903965046481,45.,29.));
#6732=CARTESIAN_POINT('',(-95.4903965046482,45.,29.));
#6733=CARTESIAN_POINT('',(-116.,35.,32.));
#6734=CARTESIAN_POINT('',(-116.,-34.9999999999999,32.));
#6735=CARTESIAN_POINT('',(-56.,-34.9999999999999,32.));
#6736=CARTESIAN_POINT('',(-56.,34.9999999999999,32.));
#6737=CARTESIAN_POINT('',(-56.,34.9999999999999,28.));
#6738=CARTESIAN_POINT('',(-56.,20.2,28.));
#6739=CARTESIAN_POINT('',(-116.,-34.9999999999999,28.));
#6740=CARTESIAN_POINT('',(-116.,-20.2,28.));
#6741=CARTESIAN_POINT('',(-66.0000000000006,43.4000000000001,29.9999999999972));
#6742=CARTESIAN_POINT('',(-61.0793939239347,43.4000000000001,29.9999999999961));
#6743=CARTESIAN_POINT('',(-57.6000000000007,39.920606076066,29.9999999999953));
#6744=CARTESIAN_POINT('',(-57.6000000000006,35.,29.9999999999953));
#6745=CARTESIAN_POINT('',(-57.6000000000007,-34.9999999999997,29.9999999999953));
#6746=CARTESIAN_POINT('',(-57.6000000000007,-39.9206060760658,29.9999999999953));
#6747=CARTESIAN_POINT('',(-61.0793939239346,-43.3999999999998,29.9999999999961));
#6748=CARTESIAN_POINT('',(-66.0000000000007,-43.3999999999998,29.9999999999972));
#6749=CARTESIAN_POINT('',(-76.5096034953525,-43.3999999999997,29.9999999999996));
#6750=CARTESIAN_POINT('',(-76.608340024242,-43.3999999999997,29.9999999999996));
#6751=CARTESIAN_POINT('',(-76.7070747015301,-43.3999270398027,29.9999999999996));
#6752=CARTESIAN_POINT('',(-76.8058100704695,-43.3991713468755,29.9999999999997));
#6753=CARTESIAN_POINT('',(-76.8447906652304,-43.3988730002944,29.9999999999997));
#6754=CARTESIAN_POINT('',(-76.8837713677962,-43.3984682388872,29.9999999999997));
#6755=CARTESIAN_POINT('',(-76.922748507377,-43.3978775645219,29.9999999999997));
#6756=CARTESIAN_POINT('',(-77.9096034953526,-34.1085109809749,29.9999999999999));
#6757=CARTESIAN_POINT('',(-77.9096034953526,-33.9357184024864,29.9999999999999));
#6758=CARTESIAN_POINT('',(-77.9097152882534,-33.762923612812,29.9999999999999));
#6759=CARTESIAN_POINT('',(-77.9130227646446,-33.5901589562754,29.9999999999999));
#6760=CARTESIAN_POINT('',(-77.9164238284897,-33.4125057979181,29.9999999999999));
#6761=CARTESIAN_POINT('',(-77.9232039828286,-33.2348845021029,29.9999999999999));
#6762=CARTESIAN_POINT('',(-77.9361587011165,-33.0576745783671,29.9999999999999));
#6763=CARTESIAN_POINT('',(-77.9499189782063,-32.8694452707555,29.9999999999999));
#6764=CARTESIAN_POINT('',(-77.9706455959077,-32.6816800862864,29.9999999999999));
#6765=CARTESIAN_POINT('',(-78.0014612635553,-32.495475056603,29.9999999999999));
#6766=CARTESIAN_POINT('',(-78.0342983369072,-32.2970555938759,29.9999999999999));
#6767=CARTESIAN_POINT('',(-78.0785914891363,-32.1004076811342,29.9999999999999));
#6768=CARTESIAN_POINT('',(-78.1375976749094,-31.9081588193314,30.));
#6769=CARTESIAN_POINT('',(-78.1686192300016,-31.8070870659267,30.));
#6770=CARTESIAN_POINT('',(-78.203707411445,-31.707231193422,30.));
#6771=CARTESIAN_POINT('',(-78.2431441827591,-31.6091295836787,30.));
#6772=CARTESIAN_POINT('',(-78.2747546031167,-31.5304965460742,30.));
#6773=CARTESIAN_POINT('',(-78.3091588940775,-31.452990582603,30.));
#6774=CARTESIAN_POINT('',(-78.3464283163349,-31.3768771891673,30.));
#6775=CARTESIAN_POINT('',(-78.3958199691941,-31.2760071976623,30.));
#6776=CARTESIAN_POINT('',(-78.4502436880371,-31.1775829943534,30.));
#6777=CARTESIAN_POINT('',(-78.5097811268093,-31.0823503731057,30.));
#6778=CARTESIAN_POINT('',(-78.5708181323599,-30.9847191321327,30.0000000000001));
#6779=CARTESIAN_POINT('',(-78.6372296999604,-30.8904422703714,30.0000000000001));
#6780=CARTESIAN_POINT('',(-78.7087399617243,-30.8001980563467,30.0000000000001));
#6781=CARTESIAN_POINT('',(-78.7810030132691,-30.7090038398969,30.0000000000001));
#6782=CARTESIAN_POINT('',(-78.8584726720909,-30.621927621581,30.0000000000001));
#6783=CARTESIAN_POINT('',(-78.9407444820508,-30.539652382558,30.0000000000001));
#6784=CARTESIAN_POINT('',(-79.0230162920107,-30.4573771435349,30.0000000000002));
#6785=CARTESIAN_POINT('',(-79.1100902531087,-30.3799028838047,30.0000000000002));
#6786=CARTESIAN_POINT('',(-79.201286292528,-30.3076414199544,30.0000000000002));
#6787=CARTESIAN_POINT('',(-79.2915323105317,-30.2361327293453,30.0000000000002));
#6788=CARTESIAN_POINT('',(-79.3858149718926,-30.1697287932366,30.0000000000002));
#6789=CARTESIAN_POINT('',(-79.4834476216257,-30.108694265723,30.0000000000003));
#6790=CARTESIAN_POINT('',(-79.5786816170229,-30.049159244107,30.0000000000003));
#6791=CARTESIAN_POINT('',(-79.6771030167411,-29.9947330390767,30.0000000000003));
#6792=CARTESIAN_POINT('',(-79.7779684286309,-29.9453345068477,30.0000000000003));
#6793=CARTESIAN_POINT('',(-79.8540783664297,-29.9080598936293,30.0000000000004));
#6794=CARTESIAN_POINT('',(-79.9315798630406,-29.8736479103402,30.0000000000004));
#6795=CARTESIAN_POINT('',(-80.0102127536781,-29.8420369686983,30.0000000000004));
#6796=CARTESIAN_POINT('',(-80.1083141800673,-29.8025995470363,30.0000000000004));
#6797=CARTESIAN_POINT('',(-80.2081765930244,-29.7675218767961,30.0000000000004));
#6798=CARTESIAN_POINT('',(-80.3092515485746,-29.7365054727711,30.0000000000005));
#6799=CARTESIAN_POINT('',(-80.5015065011871,-29.677509084857,30.0000000000005));
#6800=CARTESIAN_POINT('',(-80.6981484267609,-29.633206337542,30.0000000000005));
#6801=CARTESIAN_POINT('',(-80.8965664451298,-29.6003669480241,30.0000000000006));
#6802=CARTESIAN_POINT('',(-81.0827701193679,-29.5695491067906,30.0000000000006));
#6803=CARTESIAN_POINT('',(-81.2705379491177,-29.5488267258456,30.0000000000007));
#6804=CARTESIAN_POINT('',(-81.4587678051006,-29.5350673272371,30.0000000000007));
#6805=CARTESIAN_POINT('',(-81.6359782451048,-29.5221134360019,30.0000000000008));
#6806=CARTESIAN_POINT('',(-81.8135981986085,-29.5153311321336,30.0000000000008));
#6807=CARTESIAN_POINT('',(-81.9912510599059,-29.5119295925678,30.0000000000008));
#6808=CARTESIAN_POINT('',(-82.1640154275568,-29.5086216535465,30.0000000000009));
#6809=CARTESIAN_POINT('',(-82.3368109168642,-29.5085109809748,30.0000000000009));
#6810=CARTESIAN_POINT('',(-82.5096034953527,-29.5085109809748,30.000000000001));
#6811=CARTESIAN_POINT('',(-89.4903965046489,-29.5085109809748,30.0000000000025));
#6812=CARTESIAN_POINT('',(-89.6631890831373,-29.5085109809748,30.0000000000026));
#6813=CARTESIAN_POINT('',(-89.8359838728115,-29.5086227738756,30.0000000000026));
#6814=CARTESIAN_POINT('',(-90.008748529348,-29.5119302502667,30.0000000000027));
#6815=CARTESIAN_POINT('',(-90.1864016877052,-29.5153313141119,30.0000000000027));
#6816=CARTESIAN_POINT('',(-90.3640229835205,-29.5221114684508,30.0000000000027));
#6817=CARTESIAN_POINT('',(-90.5412329072564,-29.5350661867387,30.0000000000028));
#6818=CARTESIAN_POINT('',(-90.729462214868,-29.5488264638284,30.0000000000028));
#6819=CARTESIAN_POINT('',(-90.9172273993372,-29.5695530815297,30.0000000000029));
#6820=CARTESIAN_POINT('',(-91.1034324290206,-29.6003687491773,30.0000000000029));
#6821=CARTESIAN_POINT('',(-91.3018518917478,-29.6332058225293,30.000000000003));
#6822=CARTESIAN_POINT('',(-91.4984998044894,-29.6774989747584,30.000000000003));
#6823=CARTESIAN_POINT('',(-91.6907486662921,-29.7365051605316,30.000000000003));
#6824=CARTESIAN_POINT('',(-91.7918204196969,-29.7675267156237,30.0000000000031));
#6825=CARTESIAN_POINT('',(-91.8916762922017,-29.8026148970671,30.0000000000031));
#6826=CARTESIAN_POINT('',(-91.9897779019449,-29.8420516683812,30.0000000000031));
#6827=CARTESIAN_POINT('',(-92.0684109395495,-29.8736620887389,30.0000000000031));
#6828=CARTESIAN_POINT('',(-92.1459169030208,-29.9080663796996,30.0000000000031));
#6829=CARTESIAN_POINT('',(-92.2220302964565,-29.9453358019571,30.0000000000032));
#6830=CARTESIAN_POINT('',(-92.3229002879614,-29.9947274548162,30.0000000000032));
#6831=CARTESIAN_POINT('',(-92.42132449127,-30.0491511736593,30.0000000000032));
#6832=CARTESIAN_POINT('',(-92.5165571125177,-30.1086886124315,30.0000000000032));
#6833=CARTESIAN_POINT('',(-92.6141883534907,-30.1697256179821,30.0000000000033));
#6834=CARTESIAN_POINT('',(-92.7084652152522,-30.2361371855827,30.0000000000033));
#6835=CARTESIAN_POINT('',(-92.798709429277,-30.3076474473467,30.0000000000033));
#6836=CARTESIAN_POINT('',(-92.8899036457269,-30.3799104988914,30.0000000000033));
#6837=CARTESIAN_POINT('',(-92.9769798640427,-30.4573801577132,30.0000000000033));
#6838=CARTESIAN_POINT('',(-93.0592551030657,-30.539651967673,30.0000000000034));
#6839=CARTESIAN_POINT('',(-93.1415303420888,-30.6219237776329,30.0000000000034));
#6840=CARTESIAN_POINT('',(-93.2190046018191,-30.7089977387309,30.0000000000034));
#6841=CARTESIAN_POINT('',(-93.2912660656694,-30.8001937781503,30.0000000000034));
#6842=CARTESIAN_POINT('',(-93.3627747562783,-30.890439796154,30.0000000000034));
#6843=CARTESIAN_POINT('',(-93.4291786923868,-30.9847224575149,30.0000000000034));
#6844=CARTESIAN_POINT('',(-93.4902132199003,-31.082355107248,30.0000000000035));
#6845=CARTESIAN_POINT('',(-93.5497482415163,-31.1775891026452,30.0000000000035));
#6846=CARTESIAN_POINT('',(-93.6041744465468,-31.2760105023634,30.0000000000035));
#6847=CARTESIAN_POINT('',(-93.6535729787759,-31.3768759142531,30.0000000000035));
#6848=CARTESIAN_POINT('',(-93.6908475919944,-31.452985852052,30.0000000000035));
#6849=CARTESIAN_POINT('',(-93.7252595752835,-31.5304873486627,30.0000000000035));
#6850=CARTESIAN_POINT('',(-93.7568705169255,-31.6091202393004,30.0000000000035));
#6851=CARTESIAN_POINT('',(-93.7963079385874,-31.7072216656894,30.0000000000035));
#6852=CARTESIAN_POINT('',(-93.8313856088277,-31.8070840786466,30.0000000000035));
#6853=CARTESIAN_POINT('',(-93.8624020128528,-31.9081590341968,30.0000000000035));
#6854=CARTESIAN_POINT('',(-93.921398400767,-32.1004139868093,30.0000000000036));
#6855=CARTESIAN_POINT('',(-93.9657011480821,-32.297055912383,30.0000000000036));
#6856=CARTESIAN_POINT('',(-93.9985405376001,-32.495473930752,30.0000000000036));
#6857=CARTESIAN_POINT('',(-94.0293583788336,-32.68167760499,30.0000000000036));
#6858=CARTESIAN_POINT('',(-94.0500807597785,-32.86944543474,30.0000000000036));
#6859=CARTESIAN_POINT('',(-94.063840158387,-33.057675290723,30.0000000000036));
#6860=CARTESIAN_POINT('',(-94.076794049622,-33.2348857307272,30.0000000000036));
#6861=CARTESIAN_POINT('',(-94.0835763534902,-33.4125056842309,30.0000000000036));
#6862=CARTESIAN_POINT('',(-94.086977893056,-33.5901585455282,30.0000000000036));
#6863=CARTESIAN_POINT('',(-94.0902858320772,-33.7629229131791,30.0000000000036));
#6864=CARTESIAN_POINT('',(-94.0903965046488,-33.9357184024863,30.0000000000036));
#6865=CARTESIAN_POINT('',(-94.0903965046488,-34.1085109809748,30.0000000000036));
#6866=CARTESIAN_POINT('',(-94.0903965046487,-41.9999999999998,30.0000000000036));
#6867=CARTESIAN_POINT('',(-94.0903965046487,-42.0987365288893,30.0000000000036));
#6868=CARTESIAN_POINT('',(-94.0904694648459,-42.1974712061775,30.0000000000036));
#6869=CARTESIAN_POINT('',(-94.0912251577731,-42.2962065751169,30.0000000000036));
#6870=CARTESIAN_POINT('',(-94.0915235043542,-42.3351871698775,30.0000000000036));
#6871=CARTESIAN_POINT('',(-94.0919282657613,-42.374167872443,30.0000000000036));
#6872=CARTESIAN_POINT('',(-94.0925189401267,-42.4131450120235,30.0000000000036));
#6873=CARTESIAN_POINT('',(-106.000000000001,-43.3999999999998,30.0000000000063));
#6874=CARTESIAN_POINT('',(-110.920606076067,-43.3999999999998,30.0000000000074));
#6875=CARTESIAN_POINT('',(-114.400000000001,-39.9206060760658,30.0000000000082));
#6876=CARTESIAN_POINT('',(-114.400000000001,-34.9999999999998,30.0000000000082));
#6877=CARTESIAN_POINT('',(-114.400000000001,35.0000000000001,30.0000000000082));
#6878=CARTESIAN_POINT('',(-114.400000000001,39.9206060760661,30.0000000000082));
#6879=CARTESIAN_POINT('',(-110.920606076067,43.4000000000001,30.0000000000074));
#6880=CARTESIAN_POINT('',(-106.000000000001,43.4000000000002,30.0000000000063));
#6881=CARTESIAN_POINT('',(-95.4903965046488,43.4000000000001,30.0000000000039));
#6882=CARTESIAN_POINT('',(-95.3916599757593,43.4000000000001,30.0000000000039));
#6883=CARTESIAN_POINT('',(-95.2929252984711,43.3999270398031,30.0000000000039));
#6884=CARTESIAN_POINT('',(-95.1941899295317,43.3991713468759,30.0000000000038));
#6885=CARTESIAN_POINT('',(-95.1552093347708,43.3988730002947,30.0000000000038));
#6886=CARTESIAN_POINT('',(-95.1162286322049,43.3984682388876,30.0000000000038));
#6887=CARTESIAN_POINT('',(-95.077251492624,43.3978775645223,30.0000000000038));
#6888=CARTESIAN_POINT('',(-94.0903965046488,34.1085109809751,30.0000000000036));
#6889=CARTESIAN_POINT('',(-94.0903965046488,33.9357184024866,30.0000000000036));
#6890=CARTESIAN_POINT('',(-94.090284711748,33.7629236128123,30.0000000000036));
#6891=CARTESIAN_POINT('',(-94.0869772353569,33.5901589562757,30.0000000000036));
#6892=CARTESIAN_POINT('',(-94.0835761715118,33.4125057979185,30.0000000000036));
#6893=CARTESIAN_POINT('',(-94.0767960171729,33.2348845021033,30.0000000000036));
#6894=CARTESIAN_POINT('',(-94.0638412988849,33.0576745783675,30.0000000000036));
#6895=CARTESIAN_POINT('',(-94.0500810217951,32.8694452707558,30.0000000000036));
#6896=CARTESIAN_POINT('',(-94.0293544040937,32.6816800862866,30.0000000000036));
#6897=CARTESIAN_POINT('',(-93.9985387364461,32.4954750566031,30.0000000000036));
#6898=CARTESIAN_POINT('',(-93.9657016630941,32.297055593876,30.0000000000036));
#6899=CARTESIAN_POINT('',(-93.921408510865,32.1004076811344,30.0000000000036));
#6900=CARTESIAN_POINT('',(-93.8624023250919,31.9081588193316,30.0000000000035));
#6901=CARTESIAN_POINT('',(-93.8313807699997,31.8070870659268,30.0000000000035));
#6902=CARTESIAN_POINT('',(-93.7962925885564,31.707231193422,30.0000000000035));
#6903=CARTESIAN_POINT('',(-93.7568558172422,31.6091295836788,30.0000000000035));
#6904=CARTESIAN_POINT('',(-93.7252453968846,31.5304965460743,30.0000000000035));
#6905=CARTESIAN_POINT('',(-93.6908411059238,31.4529905826031,30.0000000000035));
#6906=CARTESIAN_POINT('',(-93.6535716836664,31.3768771891674,30.0000000000035));
#6907=CARTESIAN_POINT('',(-93.6041800308072,31.2760071976624,30.0000000000035));
#6908=CARTESIAN_POINT('',(-93.5497563119641,31.1775829943536,30.0000000000035));
#6909=CARTESIAN_POINT('',(-93.4902188731919,31.082350373106,30.0000000000035));
#6910=CARTESIAN_POINT('',(-93.4291818676413,30.984719132133,30.0000000000034));
#6911=CARTESIAN_POINT('',(-93.362770300041,30.8904422703717,30.0000000000034));
#6912=CARTESIAN_POINT('',(-93.2912600382772,30.8001980563471,30.0000000000034));
#6913=CARTESIAN_POINT('',(-93.2189969867324,30.7090038398972,30.0000000000034));
#6914=CARTESIAN_POINT('',(-93.1415273279107,30.6219276215815,30.0000000000034));
#6915=CARTESIAN_POINT('',(-93.0592555179509,30.5396523825585,30.0000000000034));
#6916=CARTESIAN_POINT('',(-92.9769837079911,30.4573771435354,30.0000000000033));
#6917=CARTESIAN_POINT('',(-92.8899097468932,30.3799028838051,30.0000000000033));
#6918=CARTESIAN_POINT('',(-92.7987137074737,30.3076414199548,30.0000000000033));
#6919=CARTESIAN_POINT('',(-92.70846768947,30.2361327293458,30.0000000000033));
#6920=CARTESIAN_POINT('',(-92.6141850281088,30.1697287932371,30.0000000000033));
#6921=CARTESIAN_POINT('',(-92.5165523783756,30.1086942657236,30.0000000000032));
#6922=CARTESIAN_POINT('',(-92.4213183829783,30.0491592441076,30.0000000000032));
#6923=CARTESIAN_POINT('',(-92.3228969832601,29.9947330390773,30.0000000000032));
#6924=CARTESIAN_POINT('',(-92.2220315713703,29.9453345068482,30.0000000000032));
#6925=CARTESIAN_POINT('',(-92.1459216335714,29.9080598936297,30.0000000000031));
#6926=CARTESIAN_POINT('',(-92.0684201369606,29.8736479103406,30.0000000000031));
#6927=CARTESIAN_POINT('',(-91.9897872463229,29.8420369686986,30.0000000000031));
#6928=CARTESIAN_POINT('',(-91.8916858199338,29.8025995470366,30.0000000000031));
#6929=CARTESIAN_POINT('',(-91.7918234069767,29.7675218767965,30.0000000000031));
#6930=CARTESIAN_POINT('',(-91.6907484514266,29.7365054727715,30.000000000003));
#6931=CARTESIAN_POINT('',(-91.4984934988142,29.6775090848574,30.000000000003));
#6932=CARTESIAN_POINT('',(-91.3018515732406,29.6332063375424,30.000000000003));
#6933=CARTESIAN_POINT('',(-91.1034335548716,29.6003669480245,30.0000000000029));
#6934=CARTESIAN_POINT('',(-90.9172298806336,29.569549106791,30.0000000000029));
#6935=CARTESIAN_POINT('',(-90.7294620508837,29.5488267258461,30.0000000000028));
#6936=CARTESIAN_POINT('',(-90.5412321949007,29.5350673272375,30.0000000000028));
#6937=CARTESIAN_POINT('',(-90.3640217548963,29.5221134360023,30.0000000000027));
#6938=CARTESIAN_POINT('',(-90.1864018013925,29.515331132134,30.0000000000027));
#6939=CARTESIAN_POINT('',(-90.0087489400952,29.5119295925681,30.0000000000027));
#6940=CARTESIAN_POINT('',(-89.8359845724443,29.5086216535468,30.0000000000026));
#6941=CARTESIAN_POINT('',(-89.6631890831373,29.5085109809751,30.0000000000026));
#6942=CARTESIAN_POINT('',(-89.4903965046488,29.5085109809751,30.0000000000025));
#6943=CARTESIAN_POINT('',(-82.5096034953526,29.5085109809751,30.000000000001));
#6944=CARTESIAN_POINT('',(-82.3368109168641,29.5085109809751,30.0000000000009));
#6945=CARTESIAN_POINT('',(-82.1640161271898,29.5086227738758,30.0000000000009));
#6946=CARTESIAN_POINT('',(-81.9912514706532,29.5119302502669,30.0000000000008));
#6947=CARTESIAN_POINT('',(-81.8135983122959,29.515331314112,30.0000000000008));
#6948=CARTESIAN_POINT('',(-81.6359770164806,29.5221114684508,30.0000000000008));
#6949=CARTESIAN_POINT('',(-81.4587670927447,29.5350661867388,30.0000000000007));
#6950=CARTESIAN_POINT('',(-81.2705377851331,29.5488264638285,30.0000000000007));
#6951=CARTESIAN_POINT('',(-81.0827726006641,29.56955308153,30.0000000000006));
#6952=CARTESIAN_POINT('',(-80.8965675709807,29.6003687491776,30.0000000000006));
#6953=CARTESIAN_POINT('',(-80.6981481082536,29.6332058225296,30.0000000000005));
#6954=CARTESIAN_POINT('',(-80.5015001955119,29.6774989747586,30.0000000000005));
#6955=CARTESIAN_POINT('',(-80.309251333709,29.7365051605317,30.0000000000005));
#6956=CARTESIAN_POINT('',(-80.2081795803041,29.7675267156239,30.0000000000004));
#6957=CARTESIAN_POINT('',(-80.1083237077992,29.8026148970673,30.0000000000004));
#6958=CARTESIAN_POINT('',(-80.010222098056,29.8420516683815,30.0000000000004));
#6959=CARTESIAN_POINT('',(-79.9315890604515,29.8736620887392,30.0000000000004));
#6960=CARTESIAN_POINT('',(-79.8540830969803,29.9080663797,30.0000000000004));
#6961=CARTESIAN_POINT('',(-79.7779697035447,29.9453358019575,30.0000000000003));
#6962=CARTESIAN_POINT('',(-79.6770997120397,29.9947274548167,30.0000000000003));
#6963=CARTESIAN_POINT('',(-79.5786755087309,30.0491511736597,30.0000000000003));
#6964=CARTESIAN_POINT('',(-79.4834428874832,30.108688612432,30.0000000000003));
#6965=CARTESIAN_POINT('',(-79.3858116465102,30.1697256179825,30.0000000000002));
#6966=CARTESIAN_POINT('',(-79.2915347847489,30.2361371855829,30.0000000000002));
#6967=CARTESIAN_POINT('',(-79.2012905707242,30.3076474473468,30.0000000000002));
#6968=CARTESIAN_POINT('',(-79.1100963542744,30.3799104988916,30.0000000000002));
#6969=CARTESIAN_POINT('',(-79.0230201359585,30.4573801577134,30.0000000000002));
#6970=CARTESIAN_POINT('',(-78.9407448969355,30.5396519676733,30.0000000000001));
#6971=CARTESIAN_POINT('',(-78.8584696579123,30.6219237776332,30.0000000000001));
#6972=CARTESIAN_POINT('',(-78.7809953981821,30.7089977387312,30.0000000000001));
#6973=CARTESIAN_POINT('',(-78.7087339343319,30.8001937781507,30.0000000000001));
#6974=CARTESIAN_POINT('',(-78.6372252437229,30.8904397961544,30.0000000000001));
#6975=CARTESIAN_POINT('',(-78.5708213076143,30.9847224575154,30.0000000000001));
#6976=CARTESIAN_POINT('',(-78.5097867801007,31.0823551072486,30.));
#6977=CARTESIAN_POINT('',(-78.4502517584848,31.1775891026458,30.));
#6978=CARTESIAN_POINT('',(-78.3958255534545,31.276010502364,30.));
#6979=CARTESIAN_POINT('',(-78.3464270212255,31.3768759142538,30.));
#6980=CARTESIAN_POINT('',(-78.309152408007,31.4529858520526,30.));
#6981=CARTESIAN_POINT('',(-78.274740424718,31.5304873486633,30.));
#6982=CARTESIAN_POINT('',(-78.2431294830762,31.6091202393009,30.));
#6983=CARTESIAN_POINT('',(-78.2036920614142,31.70722166569,30.));
#6984=CARTESIAN_POINT('',(-78.1686143911741,31.8070840786471,30.));
#6985=CARTESIAN_POINT('',(-78.137597987149,31.9081590341973,30.));
#6986=CARTESIAN_POINT('',(-78.078601599235,32.1004139868097,29.9999999999999));
#6987=CARTESIAN_POINT('',(-78.0342988519199,32.2970559123834,29.9999999999999));
#6988=CARTESIAN_POINT('',(-78.001459462402,32.4954739307523,29.9999999999999));
#6989=CARTESIAN_POINT('',(-77.9706416211684,32.6816776049903,29.9999999999999));
#6990=CARTESIAN_POINT('',(-77.9499192402233,32.8694454347402,29.9999999999999));
#6991=CARTESIAN_POINT('',(-77.9361598416149,33.0576752907232,29.9999999999999));
#6992=CARTESIAN_POINT('',(-77.9232059503797,33.2348857307274,29.9999999999999));
#6993=CARTESIAN_POINT('',(-77.9164236465116,33.4125056842312,29.9999999999999));
#6994=CARTESIAN_POINT('',(-77.9130221069458,33.5901585455285,29.9999999999999));
#6995=CARTESIAN_POINT('',(-77.9097141679244,33.7629229131795,29.9999999999999));
#6996=CARTESIAN_POINT('',(-77.9096034953526,33.9357184024867,29.9999999999999));
#6997=CARTESIAN_POINT('',(-77.9096034953526,34.1085109809752,29.9999999999999));
#6998=CARTESIAN_POINT('',(-77.9096034953526,42.0000000000002,29.9999999999999));
#6999=CARTESIAN_POINT('',(-77.9096034953526,42.0987365288897,29.9999999999999));
#7000=CARTESIAN_POINT('',(-77.9095305351555,42.1974712061779,29.9999999999999));
#7001=CARTESIAN_POINT('',(-77.9087748422283,42.2962065751174,29.9999999999999));
#7002=CARTESIAN_POINT('',(-77.9084764956472,42.3351871698782,29.9999999999999));
#7003=CARTESIAN_POINT('',(-77.90807173424,42.3741678724439,29.9999999999999));
#7004=CARTESIAN_POINT('',(-77.9074810598746,42.4131450120247,29.9999999999999));
#7005=CARTESIAN_POINT('',(-76.9227485073756,43.3978775645222,32.));
#7006=CARTESIAN_POINT('',(-76.8837713677951,43.3984682388876,32.));
#7007=CARTESIAN_POINT('',(-76.8447906652296,43.3988730002947,32.));
#7008=CARTESIAN_POINT('',(-76.805810070469,43.3991713468758,32.));
#7009=CARTESIAN_POINT('',(-76.7070747015296,43.399927039803,32.));
#7010=CARTESIAN_POINT('',(-76.6083400242415,43.4,32.));
#7011=CARTESIAN_POINT('',(-76.509603495352,43.4,32.));
#7012=CARTESIAN_POINT('',(-76.509603495352,43.4,32.));
#7013=CARTESIAN_POINT('',(-73.0064023302347,43.4,32.0000000000004));
#7014=CARTESIAN_POINT('',(-69.5032011651174,43.4,31.9999999999996));
#7015=CARTESIAN_POINT('',(-66.0000000000002,43.4,32.));
#7016=CARTESIAN_POINT('',(-66.0000000000002,43.4,32.));
#7017=CARTESIAN_POINT('',(-57.6000000000002,43.3999999999999,31.9999999999992));
#7018=CARTESIAN_POINT('',(-57.6000000000002,34.9999999999999,32.));
#7019=CARTESIAN_POINT('',(-57.6000000000002,34.9999999999999,32.));
#7020=CARTESIAN_POINT('',(-57.6000000000002,24.5999999999999,32.));
#7021=CARTESIAN_POINT('',(-57.6000000000002,14.2,32.));
#7022=CARTESIAN_POINT('',(-57.6000000000001,3.80000000000001,32.));
#7023=CARTESIAN_POINT('',(-57.6000000000002,-34.9999999999998,32.));
#7024=CARTESIAN_POINT('',(-57.6000000000003,-43.3999999999998,31.9999999999992));
#7025=CARTESIAN_POINT('',(-66.0000000000002,-43.3999999999999,32.));
#7026=CARTESIAN_POINT('',(-66.0000000000002,-43.3999999999999,32.));
#7027=CARTESIAN_POINT('',(-69.5032011651175,-43.3999999999999,31.9999999999996));
#7028=CARTESIAN_POINT('',(-73.0064023302348,-43.3999999999999,32.0000000000004));
#7029=CARTESIAN_POINT('',(-76.5096034953521,-43.3999999999999,32.));
#7030=CARTESIAN_POINT('',(-76.5096034953521,-43.3999999999999,32.));
#7031=CARTESIAN_POINT('',(-76.6083400242415,-43.3999999999999,31.9999999999999));
#7032=CARTESIAN_POINT('',(-76.7070747015297,-43.3999270398028,31.9999999999999));
#7033=CARTESIAN_POINT('',(-76.8058100704691,-43.3991713468756,31.9999999999999));
#7034=CARTESIAN_POINT('',(-76.8447906652299,-43.3988730002945,31.9999999999999));
#7035=CARTESIAN_POINT('',(-76.8837713677957,-43.3984682388873,31.9999999999999));
#7036=CARTESIAN_POINT('',(-76.9227485073766,-43.397877564522,31.9999999999999));
#7037=CARTESIAN_POINT('',(-77.9096034953521,-42.,32.));
#7038=CARTESIAN_POINT('',(-77.9096034953521,-39.369503660325,32.));
#7039=CARTESIAN_POINT('',(-77.9096034953521,-36.73900732065,32.));
#7040=CARTESIAN_POINT('',(-77.9096034953521,-34.108510980975,32.));
#7041=CARTESIAN_POINT('',(-77.9096034953521,-34.108510980975,32.));
#7042=CARTESIAN_POINT('',(-77.9096034953521,-33.9357184024865,31.9999999999995));
#7043=CARTESIAN_POINT('',(-77.909715288253,-33.7629236128121,31.9999999999995));
#7044=CARTESIAN_POINT('',(-77.9130227646441,-33.5901589562755,31.9999999999995));
#7045=CARTESIAN_POINT('',(-77.9164238284893,-33.4125057979182,31.9999999999995));
#7046=CARTESIAN_POINT('',(-77.9232039828281,-33.234884502103,31.9999999999995));
#7047=CARTESIAN_POINT('',(-77.9361587011161,-33.0576745783672,31.9999999999995));
#7048=CARTESIAN_POINT('',(-77.9499189782058,-32.8694452707556,31.9999999999995));
#7049=CARTESIAN_POINT('',(-77.9706455959072,-32.6816800862865,31.9999999999995));
#7050=CARTESIAN_POINT('',(-78.0014612635548,-32.4954750566031,31.9999999999995));
#7051=CARTESIAN_POINT('',(-78.0342983369068,-32.297055593876,31.9999999999995));
#7052=CARTESIAN_POINT('',(-78.0785914891358,-32.1004076811343,31.9999999999995));
#7053=CARTESIAN_POINT('',(-78.137597674909,-31.9081588193316,31.9999999999996));
#7054=CARTESIAN_POINT('',(-78.1686192300012,-31.8070870659268,31.9999999999996));
#7055=CARTESIAN_POINT('',(-78.2037074114445,-31.707231193422,31.9999999999996));
#7056=CARTESIAN_POINT('',(-78.2431441827586,-31.6091295836788,31.9999999999996));
#7057=CARTESIAN_POINT('',(-78.2747546031163,-31.5304965460743,31.9999999999996));
#7058=CARTESIAN_POINT('',(-78.309158894077,-31.4529905826031,31.9999999999996));
#7059=CARTESIAN_POINT('',(-78.3464283163345,-31.3768771891674,31.9999999999996));
#7060=CARTESIAN_POINT('',(-78.3958199691936,-31.2760071976624,31.9999999999996));
#7061=CARTESIAN_POINT('',(-78.4502436880366,-31.1775829943535,31.9999999999996));
#7062=CARTESIAN_POINT('',(-78.5097811268089,-31.0823503731058,31.9999999999996));
#7063=CARTESIAN_POINT('',(-78.5708181323594,-30.9847191321328,31.9999999999997));
#7064=CARTESIAN_POINT('',(-78.6372296999599,-30.8904422703715,31.9999999999997));
#7065=CARTESIAN_POINT('',(-78.7087399617238,-30.8001980563469,31.9999999999997));
#7066=CARTESIAN_POINT('',(-78.7810030132687,-30.709003839897,31.9999999999997));
#7067=CARTESIAN_POINT('',(-78.8584726720905,-30.6219276215811,31.9999999999997));
#7068=CARTESIAN_POINT('',(-78.9407444820503,-30.5396523825581,31.9999999999997));
#7069=CARTESIAN_POINT('',(-79.0230162920103,-30.457377143535,31.9999999999998));
#7070=CARTESIAN_POINT('',(-79.1100902531083,-30.3799028838048,31.9999999999998));
#7071=CARTESIAN_POINT('',(-79.2012862925276,-30.3076414199545,31.9999999999998));
#7072=CARTESIAN_POINT('',(-79.2915323105312,-30.2361327293455,31.9999999999998));
#7073=CARTESIAN_POINT('',(-79.3858149718921,-30.1697287932367,31.9999999999998));
#7074=CARTESIAN_POINT('',(-79.4834476216253,-30.1086942657231,31.9999999999999));
#7075=CARTESIAN_POINT('',(-79.5786816170224,-30.0491592441071,31.9999999999999));
#7076=CARTESIAN_POINT('',(-79.6771030167407,-29.9947330390768,31.9999999999999));
#7077=CARTESIAN_POINT('',(-79.7779684286304,-29.9453345068478,31.9999999999999));
#7078=CARTESIAN_POINT('',(-79.8540783664293,-29.9080598936293,31.9999999999999));
#7079=CARTESIAN_POINT('',(-79.9315798630401,-29.8736479103403,32.));
#7080=CARTESIAN_POINT('',(-80.0102127536777,-29.8420369686984,32.));
#7081=CARTESIAN_POINT('',(-80.1083141800668,-29.8025995470364,32.));
#7082=CARTESIAN_POINT('',(-80.2081765930239,-29.7675218767962,32.));
#7083=CARTESIAN_POINT('',(-80.3092515485742,-29.7365054727712,32.0000000000001));
#7084=CARTESIAN_POINT('',(-80.5015065011866,-29.6775090848571,32.0000000000001));
#7085=CARTESIAN_POINT('',(-80.6981484267604,-29.633206337542,32.0000000000001));
#7086=CARTESIAN_POINT('',(-80.8965664451294,-29.6003669480242,32.0000000000002));
#7087=CARTESIAN_POINT('',(-81.0827701193674,-29.5695491067906,32.0000000000002));
#7088=CARTESIAN_POINT('',(-81.2705379491172,-29.5488267258457,32.0000000000003));
#7089=CARTESIAN_POINT('',(-81.4587678051001,-29.5350673272372,32.0000000000003));
#7090=CARTESIAN_POINT('',(-81.6359782451043,-29.522113436002,32.0000000000004));
#7091=CARTESIAN_POINT('',(-81.813598198608,-29.5153311321337,32.0000000000004));
#7092=CARTESIAN_POINT('',(-81.9912510599054,-29.5119295925679,32.0000000000004));
#7093=CARTESIAN_POINT('',(-82.1640154275564,-29.5086216535466,32.0000000000005));
#7094=CARTESIAN_POINT('',(-82.3368109168637,-29.5085109809749,32.0000000000005));
#7095=CARTESIAN_POINT('',(-82.5096034953522,-29.5085109809749,32.));
#7096=CARTESIAN_POINT('',(-82.5096034953522,-29.5085109809749,32.));
#7097=CARTESIAN_POINT('',(-82.7397356635681,-29.5085109809749,32.));
#7098=CARTESIAN_POINT('',(-82.9698678317841,-29.5085109809749,32.));
#7099=CARTESIAN_POINT('',(-83.2,-29.5085109809749,32.));
#7100=CARTESIAN_POINT('',(-89.4903965046484,-29.5085109809749,32.));
#7101=CARTESIAN_POINT('',(-89.6631890831369,-29.5085109809749,31.9999999999995));
#7102=CARTESIAN_POINT('',(-89.8359838728111,-29.5086227738757,31.9999999999995));
#7103=CARTESIAN_POINT('',(-90.0087485293475,-29.5119302502668,31.9999999999996));
#7104=CARTESIAN_POINT('',(-90.1864016877047,-29.515331314112,31.9999999999996));
#7105=CARTESIAN_POINT('',(-90.36402298352,-29.5221114684508,31.9999999999996));
#7106=CARTESIAN_POINT('',(-90.5412329072559,-29.5350661867388,31.9999999999997));
#7107=CARTESIAN_POINT('',(-90.7294622148675,-29.5488264638284,31.9999999999997));
#7108=CARTESIAN_POINT('',(-90.9172273993367,-29.5695530815298,31.9999999999998));
#7109=CARTESIAN_POINT('',(-91.1034324290202,-29.6003687491774,31.9999999999998));
#7110=CARTESIAN_POINT('',(-91.3018518917473,-29.6332058225294,31.9999999999999));
#7111=CARTESIAN_POINT('',(-91.4984998044889,-29.6774989747585,31.9999999999999));
#7112=CARTESIAN_POINT('',(-91.6907486662917,-29.7365051605316,32.));
#7113=CARTESIAN_POINT('',(-91.7918204196965,-29.7675267156238,32.));
#7114=CARTESIAN_POINT('',(-91.8916762922012,-29.8026148970672,32.));
#7115=CARTESIAN_POINT('',(-91.9897779019445,-29.8420516683813,32.));
#7116=CARTESIAN_POINT('',(-92.068410939549,-29.873662088739,32.));
#7117=CARTESIAN_POINT('',(-92.1459169030203,-29.9080663796997,32.0000000000001));
#7118=CARTESIAN_POINT('',(-92.222030296456,-29.9453358019572,32.0000000000001));
#7119=CARTESIAN_POINT('',(-92.3229002879609,-29.9947274548163,32.0000000000001));
#7120=CARTESIAN_POINT('',(-92.4213244912696,-30.0491511736593,32.0000000000001));
#7121=CARTESIAN_POINT('',(-92.5165571125172,-30.1086886124316,32.0000000000001));
#7122=CARTESIAN_POINT('',(-92.6141883534902,-30.1697256179822,32.0000000000002));
#7123=CARTESIAN_POINT('',(-92.7084652152517,-30.2361371855828,32.0000000000002));
#7124=CARTESIAN_POINT('',(-92.7987094292765,-30.3076474473467,32.0000000000002));
#7125=CARTESIAN_POINT('',(-92.8899036457264,-30.3799104988915,32.0000000000002));
#7126=CARTESIAN_POINT('',(-92.9769798640422,-30.4573801577133,32.0000000000002));
#7127=CARTESIAN_POINT('',(-93.0592551030653,-30.5396519676731,32.0000000000003));
#7128=CARTESIAN_POINT('',(-93.1415303420884,-30.621923777633,32.0000000000003));
#7129=CARTESIAN_POINT('',(-93.2190046018187,-30.708997738731,32.0000000000003));
#7130=CARTESIAN_POINT('',(-93.2912660656689,-30.8001937781505,32.0000000000003));
#7131=CARTESIAN_POINT('',(-93.3627747562778,-30.8904397961541,32.0000000000003));
#7132=CARTESIAN_POINT('',(-93.4291786923864,-30.984722457515,32.0000000000003));
#7133=CARTESIAN_POINT('',(-93.4902132198998,-31.0823551072481,32.0000000000004));
#7134=CARTESIAN_POINT('',(-93.5497482415158,-31.1775891026453,32.0000000000004));
#7135=CARTESIAN_POINT('',(-93.6041744465463,-31.2760105023635,32.0000000000004));
#7136=CARTESIAN_POINT('',(-93.6535729787754,-31.3768759142532,32.0000000000004));
#7137=CARTESIAN_POINT('',(-93.690847591994,-31.4529858520521,32.0000000000004));
#7138=CARTESIAN_POINT('',(-93.7252595752831,-31.5304873486628,32.0000000000004));
#7139=CARTESIAN_POINT('',(-93.756870516925,-31.6091202393004,32.0000000000004));
#7140=CARTESIAN_POINT('',(-93.796307938587,-31.7072216656895,32.0000000000004));
#7141=CARTESIAN_POINT('',(-93.8313856088272,-31.8070840786467,32.0000000000004));
#7142=CARTESIAN_POINT('',(-93.8624020128523,-31.9081590341969,32.0000000000005));
#7143=CARTESIAN_POINT('',(-93.9213984007665,-32.1004139868094,32.0000000000005));
#7144=CARTESIAN_POINT('',(-93.9657011480817,-32.2970559123831,32.0000000000005));
#7145=CARTESIAN_POINT('',(-93.9985405375996,-32.4954739307522,32.0000000000005));
#7146=CARTESIAN_POINT('',(-94.0293583788331,-32.6816776049901,32.0000000000005));
#7147=CARTESIAN_POINT('',(-94.050080759778,-32.8694454347401,32.0000000000005));
#7148=CARTESIAN_POINT('',(-94.0638401583865,-33.057675290723,32.0000000000005));
#7149=CARTESIAN_POINT('',(-94.0767940496216,-33.2348857307273,32.0000000000005));
#7150=CARTESIAN_POINT('',(-94.0835763534898,-33.412505684231,32.0000000000005));
#7151=CARTESIAN_POINT('',(-94.0869778930555,-33.5901585455283,32.0000000000005));
#7152=CARTESIAN_POINT('',(-94.0902858320767,-33.7629229131792,32.0000000000005));
#7153=CARTESIAN_POINT('',(-94.0903965046483,-33.9357184024864,32.0000000000005));
#7154=CARTESIAN_POINT('',(-94.0903965046483,-34.1085109809749,32.));
#7155=CARTESIAN_POINT('',(-94.0903965046483,-34.1085109809749,32.));
#7156=CARTESIAN_POINT('',(-94.0903965046483,-36.7390073206499,32.));
#7157=CARTESIAN_POINT('',(-94.0903965046483,-39.3695036603249,32.));
#7158=CARTESIAN_POINT('',(-94.0903965046483,-41.9999999999998,32.));
#7159=CARTESIAN_POINT('',(-94.0903965046483,-41.9999999999998,32.));
#7160=CARTESIAN_POINT('',(-94.0903965046483,-42.0987365288894,31.9999999999999));
#7161=CARTESIAN_POINT('',(-94.0904694648454,-42.1974712061776,31.9999999999999));
#7162=CARTESIAN_POINT('',(-94.0912251577726,-42.296206575117,31.9999999999999));
#7163=CARTESIAN_POINT('',(-94.0915235043537,-42.3351871698776,31.9999999999999));
#7164=CARTESIAN_POINT('',(-94.0919282657609,-42.3741678724431,31.9999999999999));
#7165=CARTESIAN_POINT('',(-94.0925189401262,-42.4131450120236,31.9999999999999));
#7166=CARTESIAN_POINT('',(-95.4903965046484,-43.3999999999999,32.));
#7167=CARTESIAN_POINT('',(-98.9935976697657,-43.3999999999999,31.9999999999996));
#7168=CARTESIAN_POINT('',(-102.496798834883,-43.3999999999999,32.0000000000004));
#7169=CARTESIAN_POINT('',(-106.,-43.3999999999999,32.));
#7170=CARTESIAN_POINT('',(-106.,-43.3999999999999,32.));
#7171=CARTESIAN_POINT('',(-114.4,-43.3999999999999,32.0000000000008));
#7172=CARTESIAN_POINT('',(-114.4,-34.9999999999999,32.));
#7173=CARTESIAN_POINT('',(-114.4,-34.9999999999999,32.));
#7174=CARTESIAN_POINT('',(-114.4,-24.6,32.));
#7175=CARTESIAN_POINT('',(-114.4,-14.2,32.));
#7176=CARTESIAN_POINT('',(-114.4,-3.80000000000003,32.));
#7177=CARTESIAN_POINT('',(-114.4,35.,32.));
#7178=CARTESIAN_POINT('',(-114.4,43.4,32.0000000000008));
#7179=CARTESIAN_POINT('',(-106.,43.4000000000001,32.));
#7180=CARTESIAN_POINT('',(-106.,43.4000000000001,32.));
#7181=CARTESIAN_POINT('',(-102.496798834883,43.4000000000001,32.0000000000004));
#7182=CARTESIAN_POINT('',(-98.9935976697657,43.4000000000001,31.9999999999996));
#7183=CARTESIAN_POINT('',(-95.4903965046484,43.4,32.));
#7184=CARTESIAN_POINT('',(-95.4903965046484,43.4,32.));
#7185=CARTESIAN_POINT('',(-95.3916599757589,43.4000000000001,32.0000000000002));
#7186=CARTESIAN_POINT('',(-95.2929252984707,43.399927039803,32.0000000000001));
#7187=CARTESIAN_POINT('',(-95.1941899295313,43.3991713468758,32.0000000000001));
#7188=CARTESIAN_POINT('',(-95.1552093347703,43.3988730002946,32.0000000000001));
#7189=CARTESIAN_POINT('',(-95.1162286322045,43.3984682388875,32.0000000000001));
#7190=CARTESIAN_POINT('',(-95.0772514926236,43.3978775645221,32.0000000000001));
#7191=CARTESIAN_POINT('',(-94.0903965046483,42.,32.));
#7192=CARTESIAN_POINT('',(-94.0903965046483,39.369503660325,32.));
#7193=CARTESIAN_POINT('',(-94.0903965046483,36.73900732065,32.));
#7194=CARTESIAN_POINT('',(-94.0903965046483,34.108510980975,32.));
#7195=CARTESIAN_POINT('',(-94.0903965046483,34.108510980975,32.));
#7196=CARTESIAN_POINT('',(-94.0903965046483,33.9357184024865,32.0000000000005));
#7197=CARTESIAN_POINT('',(-94.0902847117476,33.7629236128122,32.0000000000005));
#7198=CARTESIAN_POINT('',(-94.0869772353565,33.5901589562756,32.0000000000005));
#7199=CARTESIAN_POINT('',(-94.0835761715113,33.4125057979184,32.0000000000005));
#7200=CARTESIAN_POINT('',(-94.0767960171724,33.2348845021032,32.0000000000005));
#7201=CARTESIAN_POINT('',(-94.0638412988844,33.0576745783674,32.0000000000005));
#7202=CARTESIAN_POINT('',(-94.0500810217947,32.8694452707557,32.0000000000005));
#7203=CARTESIAN_POINT('',(-94.0293544040933,32.6816800862865,32.0000000000005));
#7204=CARTESIAN_POINT('',(-93.9985387364456,32.495475056603,32.0000000000005));
#7205=CARTESIAN_POINT('',(-93.9657016630936,32.2970555938759,32.0000000000005));
#7206=CARTESIAN_POINT('',(-93.9214085108645,32.1004076811343,32.0000000000005));
#7207=CARTESIAN_POINT('',(-93.8624023250914,31.9081588193315,32.0000000000005));
#7208=CARTESIAN_POINT('',(-93.8313807699993,31.8070870659267,32.0000000000004));
#7209=CARTESIAN_POINT('',(-93.7962925885559,31.7072311934219,32.0000000000004));
#7210=CARTESIAN_POINT('',(-93.7568558172418,31.6091295836787,32.0000000000004));
#7211=CARTESIAN_POINT('',(-93.7252453968842,31.5304965460742,32.0000000000004));
#7212=CARTESIAN_POINT('',(-93.6908411059234,31.452990582603,32.0000000000004));
#7213=CARTESIAN_POINT('',(-93.6535716836659,31.3768771891673,32.0000000000004));
#7214=CARTESIAN_POINT('',(-93.6041800308068,31.2760071976623,32.0000000000004));
#7215=CARTESIAN_POINT('',(-93.5497563119636,31.1775829943535,32.0000000000004));
#7216=CARTESIAN_POINT('',(-93.4902188731914,31.0823503731059,32.0000000000004));
#7217=CARTESIAN_POINT('',(-93.4291818676409,30.9847191321329,32.0000000000003));
#7218=CARTESIAN_POINT('',(-93.3627703000405,30.8904422703716,32.0000000000003));
#7219=CARTESIAN_POINT('',(-93.2912600382767,30.800198056347,32.0000000000003));
#7220=CARTESIAN_POINT('',(-93.218996986732,30.7090038398971,32.0000000000003));
#7221=CARTESIAN_POINT('',(-93.1415273279102,30.6219276215814,32.0000000000003));
#7222=CARTESIAN_POINT('',(-93.0592555179504,30.5396523825584,32.0000000000003));
#7223=CARTESIAN_POINT('',(-92.9769837079906,30.4573771435354,32.0000000000002));
#7224=CARTESIAN_POINT('',(-92.8899097468927,30.379902883805,32.0000000000002));
#7225=CARTESIAN_POINT('',(-92.7987137074732,30.3076414199547,32.0000000000002));
#7226=CARTESIAN_POINT('',(-92.7084676894695,30.2361327293457,32.0000000000002));
#7227=CARTESIAN_POINT('',(-92.6141850281083,30.169728793237,32.0000000000002));
#7228=CARTESIAN_POINT('',(-92.5165523783751,30.1086942657235,32.0000000000001));
#7229=CARTESIAN_POINT('',(-92.4213183829778,30.0491592441075,32.0000000000001));
#7230=CARTESIAN_POINT('',(-92.3228969832596,29.9947330390772,32.0000000000001));
#7231=CARTESIAN_POINT('',(-92.2220315713699,29.9453345068481,32.0000000000001));
#7232=CARTESIAN_POINT('',(-92.1459216335709,29.9080598936296,32.0000000000001));
#7233=CARTESIAN_POINT('',(-92.0684201369601,29.8736479103405,32.));
#7234=CARTESIAN_POINT('',(-91.9897872463225,29.8420369686985,32.));
#7235=CARTESIAN_POINT('',(-91.8916858199333,29.8025995470366,32.));
#7236=CARTESIAN_POINT('',(-91.7918234069762,29.7675218767963,32.));
#7237=CARTESIAN_POINT('',(-91.6907484514261,29.7365054727714,32.));
#7238=CARTESIAN_POINT('',(-91.4984934988137,29.6775090848573,31.9999999999999));
#7239=CARTESIAN_POINT('',(-91.3018515732401,29.6332063375423,31.9999999999999));
#7240=CARTESIAN_POINT('',(-91.1034335548711,29.6003669480244,31.9999999999998));
#7241=CARTESIAN_POINT('',(-90.9172298806332,29.5695491067909,31.9999999999998));
#7242=CARTESIAN_POINT('',(-90.7294620508832,29.548826725846,31.9999999999997));
#7243=CARTESIAN_POINT('',(-90.5412321949002,29.5350673272374,31.9999999999997));
#7244=CARTESIAN_POINT('',(-90.3640217548959,29.5221134360022,31.9999999999996));
#7245=CARTESIAN_POINT('',(-90.1864018013921,29.5153311321339,31.9999999999996));
#7246=CARTESIAN_POINT('',(-90.0087489400948,29.511929592568,31.9999999999996));
#7247=CARTESIAN_POINT('',(-89.8359845724439,29.5086216535467,31.9999999999995));
#7248=CARTESIAN_POINT('',(-89.6631890831368,29.508510980975,31.9999999999995));
#7249=CARTESIAN_POINT('',(-89.4903965046483,29.508510980975,32.));
#7250=CARTESIAN_POINT('',(-89.4903965046483,29.508510980975,32.));
#7251=CARTESIAN_POINT('',(-89.2602643364322,29.508510980975,32.));
#7252=CARTESIAN_POINT('',(-89.0301321682161,29.508510980975,32.));
#7253=CARTESIAN_POINT('',(-88.8,29.508510980975,32.));
#7254=CARTESIAN_POINT('',(-82.5096034953522,29.508510980975,32.));
#7255=CARTESIAN_POINT('',(-82.3368109168637,29.508510980975,32.0000000000005));
#7256=CARTESIAN_POINT('',(-82.1640161271894,29.5086227738757,32.0000000000005));
#7257=CARTESIAN_POINT('',(-81.9912514706527,29.5119302502668,32.0000000000004));
#7258=CARTESIAN_POINT('',(-81.8135983122955,29.5153313141119,32.0000000000004));
#7259=CARTESIAN_POINT('',(-81.6359770164801,29.5221114684507,32.0000000000004));
#7260=CARTESIAN_POINT('',(-81.4587670927443,29.5350661867387,32.0000000000003));
#7261=CARTESIAN_POINT('',(-81.2705377851327,29.5488264638284,32.0000000000003));
#7262=CARTESIAN_POINT('',(-81.0827726006636,29.5695530815299,32.0000000000002));
#7263=CARTESIAN_POINT('',(-80.8965675709802,29.6003687491775,32.0000000000002));
#7264=CARTESIAN_POINT('',(-80.6981481082531,29.6332058225295,32.0000000000001));
#7265=CARTESIAN_POINT('',(-80.5015001955115,29.6774989747585,32.0000000000001));
#7266=CARTESIAN_POINT('',(-80.3092513337085,29.7365051605317,32.0000000000001));
#7267=CARTESIAN_POINT('',(-80.2081795803036,29.7675267156238,32.));
#7268=CARTESIAN_POINT('',(-80.1083237077988,29.8026148970672,32.));
#7269=CARTESIAN_POINT('',(-80.0102220980555,29.8420516683814,32.));
#7270=CARTESIAN_POINT('',(-79.931589060451,29.8736620887391,32.));
#7271=CARTESIAN_POINT('',(-79.8540830969799,29.9080663796999,31.9999999999999));
#7272=CARTESIAN_POINT('',(-79.7779697035442,29.9453358019574,31.9999999999999));
#7273=CARTESIAN_POINT('',(-79.6770997120393,29.9947274548166,31.9999999999999));
#7274=CARTESIAN_POINT('',(-79.5786755087304,30.0491511736596,31.9999999999999));
#7275=CARTESIAN_POINT('',(-79.4834428874827,30.1086886124319,31.9999999999999));
#7276=CARTESIAN_POINT('',(-79.3858116465098,30.1697256179824,31.9999999999998));
#7277=CARTESIAN_POINT('',(-79.2915347847485,30.2361371855828,31.9999999999998));
#7278=CARTESIAN_POINT('',(-79.2012905707238,30.3076474473467,31.9999999999998));
#7279=CARTESIAN_POINT('',(-79.1100963542739,30.3799104988915,31.9999999999998));
#7280=CARTESIAN_POINT('',(-79.023020135958,30.4573801577133,31.9999999999998));
#7281=CARTESIAN_POINT('',(-78.940744896935,30.5396519676732,31.9999999999997));
#7282=CARTESIAN_POINT('',(-78.8584696579119,30.6219237776331,31.9999999999997));
#7283=CARTESIAN_POINT('',(-78.7809953981817,30.7089977387311,31.9999999999997));
#7284=CARTESIAN_POINT('',(-78.7087339343314,30.8001937781506,31.9999999999997));
#7285=CARTESIAN_POINT('',(-78.6372252437225,30.8904397961543,31.9999999999997));
#7286=CARTESIAN_POINT('',(-78.5708213076138,30.9847224575153,31.9999999999997));
#7287=CARTESIAN_POINT('',(-78.5097867801003,31.0823551072485,31.9999999999996));
#7288=CARTESIAN_POINT('',(-78.4502517584843,31.1775891026457,31.9999999999996));
#7289=CARTESIAN_POINT('',(-78.395825553454,31.276010502364,31.9999999999996));
#7290=CARTESIAN_POINT('',(-78.346427021225,31.3768759142536,31.9999999999996));
#7291=CARTESIAN_POINT('',(-78.3091524080066,31.4529858520525,31.9999999999996));
#7292=CARTESIAN_POINT('',(-78.2747404247175,31.5304873486633,31.9999999999996));
#7293=CARTESIAN_POINT('',(-78.2431294830757,31.6091202393008,31.9999999999996));
#7294=CARTESIAN_POINT('',(-78.2036920614138,31.7072216656899,31.9999999999996));
#7295=CARTESIAN_POINT('',(-78.1686143911736,31.807084078647,31.9999999999996));
#7296=CARTESIAN_POINT('',(-78.1375979871486,31.9081590341972,31.9999999999996));
#7297=CARTESIAN_POINT('',(-78.0786015992345,32.1004139868097,31.9999999999995));
#7298=CARTESIAN_POINT('',(-78.0342988519195,32.2970559123833,31.9999999999995));
#7299=CARTESIAN_POINT('',(-78.0014594624015,32.4954739307522,31.9999999999995));
#7300=CARTESIAN_POINT('',(-77.9706416211679,32.6816776049902,31.9999999999995));
#7301=CARTESIAN_POINT('',(-77.9499192402229,32.8694454347401,31.9999999999995));
#7302=CARTESIAN_POINT('',(-77.9361598416144,33.057675290723,31.9999999999995));
#7303=CARTESIAN_POINT('',(-77.9232059503793,33.2348857307273,31.9999999999995));
#7304=CARTESIAN_POINT('',(-77.9164236465112,33.4125056842311,31.9999999999995));
#7305=CARTESIAN_POINT('',(-77.9130221069453,33.5901585455285,31.9999999999995));
#7306=CARTESIAN_POINT('',(-77.909714167924,33.7629229131794,31.9999999999995));
#7307=CARTESIAN_POINT('',(-77.9096034953521,33.9357184024866,31.9999999999995));
#7308=CARTESIAN_POINT('',(-77.9096034953521,34.108510980975,32.));
#7309=CARTESIAN_POINT('',(-77.9096034953521,34.108510980975,32.));
#7310=CARTESIAN_POINT('',(-77.9096034953521,36.7390073206501,32.));
#7311=CARTESIAN_POINT('',(-77.9096034953521,39.3695036603251,32.));
#7312=CARTESIAN_POINT('',(-77.9096034953521,42.0000000000001,32.));
#7313=CARTESIAN_POINT('',(-77.9096034953521,42.0000000000001,32.));
#7314=CARTESIAN_POINT('',(-77.9096034953521,42.0987365288896,32.0000000000001));
#7315=CARTESIAN_POINT('',(-77.9095305351551,42.1974712061779,32.0000000000001));
#7316=CARTESIAN_POINT('',(-77.9087748422278,42.2962065751173,32.0000000000001));
#7317=CARTESIAN_POINT('',(-77.9084764956467,42.3351871698781,32.0000000000001));
#7318=CARTESIAN_POINT('',(-77.9080717342396,42.3741678724438,32.0000000000001));
#7319=CARTESIAN_POINT('',(-77.9074810598742,42.4131450120246,32.0000000000001));
#7320=CARTESIAN_POINT('',(-76.9227485073756,43.3978775645222,32.));
#7321=CARTESIAN_POINT('',(-76.9227485073761,43.3978775645223,29.9999999999997));
#7322=CARTESIAN_POINT('',(-66.0000000000002,43.4,32.));
#7323=CARTESIAN_POINT('',(-66.0000000000006,43.4000000000001,29.9999999999972));
#7324=CARTESIAN_POINT('',(-57.6000000000002,34.9999999999999,32.));
#7325=CARTESIAN_POINT('',(-57.6000000000006,35.,29.9999999999953));
#7326=CARTESIAN_POINT('',(-57.6000000000002,-34.9999999999998,32.));
#7327=CARTESIAN_POINT('',(-57.6000000000007,-34.9999999999997,29.9999999999953));
#7328=CARTESIAN_POINT('',(-66.0000000000002,-43.3999999999999,32.));
#7329=CARTESIAN_POINT('',(-66.0000000000007,-43.3999999999998,29.9999999999972));
#7330=CARTESIAN_POINT('',(-76.5096034953521,-43.3999999999999,32.));
#7331=CARTESIAN_POINT('',(-76.5096034953525,-43.3999999999997,29.9999999999996));
#7332=CARTESIAN_POINT('',(-77.9096034953521,-34.108510980975,32.));
#7333=CARTESIAN_POINT('',(-77.9096034953526,-34.1085109809749,29.9999999999999));
#7334=CARTESIAN_POINT('',(-82.5096034953522,-29.5085109809749,32.));
#7335=CARTESIAN_POINT('',(-82.5096034953527,-29.5085109809748,30.000000000001));
#7336=CARTESIAN_POINT('',(-89.4903965046484,-29.5085109809749,32.));
#7337=CARTESIAN_POINT('',(-89.4903965046489,-29.5085109809748,30.0000000000025));
#7338=CARTESIAN_POINT('',(-94.0903965046483,-34.1085109809749,32.));
#7339=CARTESIAN_POINT('',(-94.0903965046488,-34.1085109809748,30.0000000000036));
#7340=CARTESIAN_POINT('',(-94.0903965046483,-41.9999999999998,32.));
#7341=CARTESIAN_POINT('',(-94.0903965046487,-41.9999999999998,30.0000000000036));
#7342=CARTESIAN_POINT('',(-106.,-43.3999999999999,32.));
#7343=CARTESIAN_POINT('',(-106.000000000001,-43.3999999999998,30.0000000000063));
#7344=CARTESIAN_POINT('',(-114.4,-34.9999999999999,32.));
#7345=CARTESIAN_POINT('',(-114.400000000001,-34.9999999999998,30.0000000000082));
#7346=CARTESIAN_POINT('',(-114.4,35.,32.));
#7347=CARTESIAN_POINT('',(-114.400000000001,35.0000000000001,30.0000000000082));
#7348=CARTESIAN_POINT('',(-106.,43.4000000000001,32.));
#7349=CARTESIAN_POINT('',(-106.000000000001,43.4000000000002,30.0000000000063));
#7350=CARTESIAN_POINT('',(-95.4903965046484,43.4,32.));
#7351=CARTESIAN_POINT('',(-95.4903965046488,43.4000000000001,30.0000000000039));
#7352=CARTESIAN_POINT('',(-94.0903965046483,34.108510980975,32.));
#7353=CARTESIAN_POINT('',(-94.0903965046488,34.1085109809751,30.0000000000036));
#7354=CARTESIAN_POINT('',(-89.4903965046483,29.508510980975,32.));
#7355=CARTESIAN_POINT('',(-89.4903965046488,29.5085109809751,30.0000000000025));
#7356=CARTESIAN_POINT('',(-82.5096034953522,29.508510980975,32.));
#7357=CARTESIAN_POINT('',(-82.5096034953526,29.5085109809751,30.000000000001));
#7358=CARTESIAN_POINT('',(-77.9096034953521,34.108510980975,32.));
#7359=CARTESIAN_POINT('',(-77.9096034953526,34.1085109809752,29.9999999999999));
#7360=CARTESIAN_POINT('',(-77.9096034953521,42.0000000000001,32.));
#7361=CARTESIAN_POINT('',(-77.9096034953526,42.0000000000002,29.9999999999999));
#7362=CARTESIAN_POINT('',(-89.0559202445104,42.68150171207,28.));
#7363=CARTESIAN_POINT('',(-89.0559202445104,42.68150171207,29.));
#7364=CARTESIAN_POINT('',(-82.937298019652,41.7089862647237,29.));
#7365=CARTESIAN_POINT('',(-89.0559202445104,41.7089862647237,29.));
#7366=CARTESIAN_POINT('',(-89.0559202445104,41.7089862647237,29.));
#7367=CARTESIAN_POINT('',(-89.0559202445104,42.68150171207,29.));
#7368=CARTESIAN_POINT('',(-89.0559202445104,41.7089862647238,28.));
#7369=CARTESIAN_POINT('',(-82.937298019652,41.7089862647238,28.));
#7370=CARTESIAN_POINT('',(-89.0559202445104,42.68150171207,28.));
#7371=CARTESIAN_POINT('',(-89.0559202445104,41.7089862647238,28.));
#7372=CARTESIAN_POINT('',(-89.0559202445104,42.68150171207,28.));
#7373=CARTESIAN_POINT('',(-89.0627019803479,42.68150171207,28.));
#7374=CARTESIAN_POINT('',(-89.0559202445104,42.68150171207,29.));
#7375=CARTESIAN_POINT('',(-89.0627019803479,42.68150171207,29.));
#7376=CARTESIAN_POINT('',(-82.937298019652,41.7089862647238,28.));
#7377=CARTESIAN_POINT('',(-82.937298019652,41.7089862647237,29.));
#7378=CARTESIAN_POINT('',(-89.0559202445104,41.7089862647238,28.));
#7379=CARTESIAN_POINT('',(-89.0559202445104,41.7089862647237,29.));
#7380=CARTESIAN_POINT('',(-82.937298019652,44.,29.));
#7381=CARTESIAN_POINT('',(-82.937298019652,41.7089862647237,29.));
#7382=CARTESIAN_POINT('',(-82.937298019652,44.,28.));
#7383=CARTESIAN_POINT('',(-82.937298019652,41.7089862647238,28.));
#7384=CARTESIAN_POINT('',(-76.9227485073761,43.3978775645223,29.9999999999997));
#7385=CARTESIAN_POINT('',(-76.9227485073761,43.3978775645223,28.9999999999997));
#7386=CARTESIAN_POINT('',(-76.9227485073761,43.3978775645223,28.9999999999997));
#7387=CARTESIAN_POINT('',(-76.8837713677955,43.3984682388877,28.9999999999997));
#7388=CARTESIAN_POINT('',(-76.8447906652301,43.3988730002948,28.9999999999997));
#7389=CARTESIAN_POINT('',(-76.8058100704695,43.3991713468759,28.9999999999997));
#7390=CARTESIAN_POINT('',(-76.7070747015301,43.3999270398031,28.9999999999996));
#7391=CARTESIAN_POINT('',(-76.6083400242419,43.4000000000001,28.9999999999996));
#7392=CARTESIAN_POINT('',(-76.5096034953525,43.4000000000001,28.9999999999996));
#7393=CARTESIAN_POINT('',(-76.5096034953525,43.4000000000001,28.9999999999996));
#7394=CARTESIAN_POINT('',(-73.0064023302352,43.4000000000001,28.9999999999988));
#7395=CARTESIAN_POINT('',(-69.5032011651179,43.4000000000001,28.999999999998));
#7396=CARTESIAN_POINT('',(-66.0000000000006,43.4000000000001,28.9999999999972));
#7397=CARTESIAN_POINT('',(-66.0000000000006,43.4000000000001,28.9999999999972));
#7398=CARTESIAN_POINT('',(-66.0000000000006,43.4000000000001,29.9999999999972));
#7399=CARTESIAN_POINT('',(-66.0000000000006,43.4000000000001,28.9999999999972));
#7400=CARTESIAN_POINT('',(-61.0793939239347,43.4000000000001,28.9999999999961));
#7401=CARTESIAN_POINT('',(-57.6000000000007,39.920606076066,28.9999999999953));
#7402=CARTESIAN_POINT('',(-57.6000000000006,35.,28.9999999999953));
#7403=CARTESIAN_POINT('',(-57.6000000000006,35.,28.9999999999953));
#7404=CARTESIAN_POINT('',(-57.6000000000006,35.,29.9999999999953));
#7405=CARTESIAN_POINT('',(-57.6000000000006,35.,28.9999999999953));
#7406=CARTESIAN_POINT('',(-57.6000000000006,24.6,28.9999999999969));
#7407=CARTESIAN_POINT('',(-57.6000000000005,14.2,28.9999999999985));
#7408=CARTESIAN_POINT('',(-57.6000000000004,3.80000000000002,29.0000000000001));
#7409=CARTESIAN_POINT('',(-57.6000000000007,-34.9999999999997,28.9999999999953));
#7410=CARTESIAN_POINT('',(-57.6000000000007,-34.9999999999997,29.9999999999953));
#7411=CARTESIAN_POINT('',(-57.6000000000007,-34.9999999999997,28.9999999999953));
#7412=CARTESIAN_POINT('',(-57.6000000000007,-39.9206060760658,28.9999999999953));
#7413=CARTESIAN_POINT('',(-61.0793939239346,-43.3999999999998,28.9999999999961));
#7414=CARTESIAN_POINT('',(-66.0000000000007,-43.3999999999998,28.9999999999972));
#7415=CARTESIAN_POINT('',(-66.0000000000007,-43.3999999999998,28.9999999999972));
#7416=CARTESIAN_POINT('',(-66.0000000000007,-43.3999999999998,29.9999999999972));
#7417=CARTESIAN_POINT('',(-66.0000000000007,-43.3999999999998,28.9999999999972));
#7418=CARTESIAN_POINT('',(-69.503201165118,-43.3999999999998,28.999999999998));
#7419=CARTESIAN_POINT('',(-73.0064023302352,-43.3999999999997,28.9999999999988));
#7420=CARTESIAN_POINT('',(-76.5096034953525,-43.3999999999997,28.9999999999996));
#7421=CARTESIAN_POINT('',(-76.5096034953525,-43.3999999999997,28.9999999999996));
#7422=CARTESIAN_POINT('',(-76.5096034953525,-43.3999999999997,29.9999999999996));
#7423=CARTESIAN_POINT('',(-76.5096034953525,-43.3999999999997,28.9999999999996));
#7424=CARTESIAN_POINT('',(-76.608340024242,-43.3999999999997,28.9999999999996));
#7425=CARTESIAN_POINT('',(-76.7070747015301,-43.3999270398027,28.9999999999996));
#7426=CARTESIAN_POINT('',(-76.8058100704695,-43.3991713468755,28.9999999999997));
#7427=CARTESIAN_POINT('',(-76.8447906652304,-43.3988730002944,28.9999999999997));
#7428=CARTESIAN_POINT('',(-76.8837713677962,-43.3984682388872,28.9999999999997));
#7429=CARTESIAN_POINT('',(-76.9227485073772,-43.3978775645219,28.9999999999997));
#7430=CARTESIAN_POINT('',(-77.9096034953526,-41.9999999999999,28.9999999999999));
#7431=CARTESIAN_POINT('',(-77.9096034953526,-39.3695036603249,28.9999999999999));
#7432=CARTESIAN_POINT('',(-77.9096034953526,-36.7390073206499,28.9999999999999));
#7433=CARTESIAN_POINT('',(-77.9096034953526,-34.1085109809749,28.9999999999999));
#7434=CARTESIAN_POINT('',(-77.9096034953526,-34.1085109809749,28.9999999999999));
#7435=CARTESIAN_POINT('',(-77.9096034953526,-34.1085109809749,29.9999999999999));
#7436=CARTESIAN_POINT('',(-77.9096034953526,-34.1085109809749,28.9999999999999));
#7437=CARTESIAN_POINT('',(-77.9096034953526,-33.9357184024864,28.9999999999999));
#7438=CARTESIAN_POINT('',(-77.9097152882534,-33.762923612812,28.9999999999999));
#7439=CARTESIAN_POINT('',(-77.9130227646446,-33.5901589562754,28.9999999999999));
#7440=CARTESIAN_POINT('',(-77.9164238284897,-33.4125057979181,28.9999999999999));
#7441=CARTESIAN_POINT('',(-77.9232039828286,-33.2348845021029,28.9999999999999));
#7442=CARTESIAN_POINT('',(-77.9361587011165,-33.0576745783671,28.9999999999999));
#7443=CARTESIAN_POINT('',(-77.9499189782063,-32.8694452707555,28.9999999999999));
#7444=CARTESIAN_POINT('',(-77.9706455959077,-32.6816800862864,28.9999999999999));
#7445=CARTESIAN_POINT('',(-78.0014612635553,-32.495475056603,28.9999999999999));
#7446=CARTESIAN_POINT('',(-78.0342983369072,-32.2970555938759,28.9999999999999));
#7447=CARTESIAN_POINT('',(-78.0785914891363,-32.1004076811342,28.9999999999999));
#7448=CARTESIAN_POINT('',(-78.1375976749094,-31.9081588193314,29.));
#7449=CARTESIAN_POINT('',(-78.1686192300016,-31.8070870659267,29.));
#7450=CARTESIAN_POINT('',(-78.203707411445,-31.707231193422,29.));
#7451=CARTESIAN_POINT('',(-78.2431441827591,-31.6091295836787,29.));
#7452=CARTESIAN_POINT('',(-78.2747546031167,-31.5304965460742,29.));
#7453=CARTESIAN_POINT('',(-78.3091588940775,-31.452990582603,29.));
#7454=CARTESIAN_POINT('',(-78.3464283163349,-31.3768771891673,29.));
#7455=CARTESIAN_POINT('',(-78.3958199691941,-31.2760071976623,29.));
#7456=CARTESIAN_POINT('',(-78.4502436880371,-31.1775829943534,29.));
#7457=CARTESIAN_POINT('',(-78.5097811268093,-31.0823503731057,29.));
#7458=CARTESIAN_POINT('',(-78.5708181323599,-30.9847191321327,29.0000000000001));
#7459=CARTESIAN_POINT('',(-78.6372296999604,-30.8904422703714,29.0000000000001));
#7460=CARTESIAN_POINT('',(-78.7087399617243,-30.8001980563467,29.0000000000001));
#7461=CARTESIAN_POINT('',(-78.7810030132691,-30.7090038398969,29.0000000000001));
#7462=CARTESIAN_POINT('',(-78.8584726720909,-30.621927621581,29.0000000000001));
#7463=CARTESIAN_POINT('',(-78.9407444820508,-30.539652382558,29.0000000000001));
#7464=CARTESIAN_POINT('',(-79.0230162920107,-30.4573771435349,29.0000000000002));
#7465=CARTESIAN_POINT('',(-79.1100902531087,-30.3799028838047,29.0000000000002));
#7466=CARTESIAN_POINT('',(-79.201286292528,-30.3076414199544,29.0000000000002));
#7467=CARTESIAN_POINT('',(-79.2915323105317,-30.2361327293453,29.0000000000002));
#7468=CARTESIAN_POINT('',(-79.3858149718926,-30.1697287932366,29.0000000000002));
#7469=CARTESIAN_POINT('',(-79.4834476216257,-30.108694265723,29.0000000000003));
#7470=CARTESIAN_POINT('',(-79.5786816170229,-30.049159244107,29.0000000000003));
#7471=CARTESIAN_POINT('',(-79.6771030167411,-29.9947330390767,29.0000000000003));
#7472=CARTESIAN_POINT('',(-79.7779684286309,-29.9453345068477,29.0000000000003));
#7473=CARTESIAN_POINT('',(-79.8540783664297,-29.9080598936293,29.0000000000004));
#7474=CARTESIAN_POINT('',(-79.9315798630406,-29.8736479103402,29.0000000000004));
#7475=CARTESIAN_POINT('',(-80.0102127536781,-29.8420369686983,29.0000000000004));
#7476=CARTESIAN_POINT('',(-80.1083141800673,-29.8025995470363,29.0000000000004));
#7477=CARTESIAN_POINT('',(-80.2081765930244,-29.7675218767961,29.0000000000004));
#7478=CARTESIAN_POINT('',(-80.3092515485746,-29.7365054727711,29.0000000000005));
#7479=CARTESIAN_POINT('',(-80.5015065011871,-29.677509084857,29.0000000000005));
#7480=CARTESIAN_POINT('',(-80.6981484267609,-29.633206337542,29.0000000000005));
#7481=CARTESIAN_POINT('',(-80.8965664451298,-29.6003669480241,29.0000000000006));
#7482=CARTESIAN_POINT('',(-81.0827701193679,-29.5695491067906,29.0000000000006));
#7483=CARTESIAN_POINT('',(-81.2705379491177,-29.5488267258456,29.0000000000007));
#7484=CARTESIAN_POINT('',(-81.4587678051006,-29.5350673272371,29.0000000000007));
#7485=CARTESIAN_POINT('',(-81.6359782451048,-29.5221134360019,29.0000000000008));
#7486=CARTESIAN_POINT('',(-81.8135981986085,-29.5153311321336,29.0000000000008));
#7487=CARTESIAN_POINT('',(-81.9912510599059,-29.5119295925678,29.0000000000008));
#7488=CARTESIAN_POINT('',(-82.1640154275568,-29.5086216535465,29.0000000000009));
#7489=CARTESIAN_POINT('',(-82.3368109168642,-29.5085109809748,29.0000000000009));
#7490=CARTESIAN_POINT('',(-82.5096034953527,-29.5085109809748,29.000000000001));
#7491=CARTESIAN_POINT('',(-82.5096034953527,-29.5085109809748,29.000000000001));
#7492=CARTESIAN_POINT('',(-82.5096034953527,-29.5085109809748,30.000000000001));
#7493=CARTESIAN_POINT('',(-82.5096034953527,-29.5085109809748,29.000000000001));
#7494=CARTESIAN_POINT('',(-82.7397356635685,-29.5085109809748,29.000000000001));
#7495=CARTESIAN_POINT('',(-82.9698678317843,-29.5085109809748,29.000000000001));
#7496=CARTESIAN_POINT('',(-83.2,-29.5085109809749,29.000000000001));
#7497=CARTESIAN_POINT('',(-89.4903965046489,-29.5085109809748,29.0000000000025));
#7498=CARTESIAN_POINT('',(-89.4903965046489,-29.5085109809748,30.0000000000025));
#7499=CARTESIAN_POINT('',(-89.4903965046489,-29.5085109809748,29.0000000000025));
#7500=CARTESIAN_POINT('',(-89.6631890831373,-29.5085109809748,29.0000000000026));
#7501=CARTESIAN_POINT('',(-89.8359838728115,-29.5086227738756,29.0000000000026));
#7502=CARTESIAN_POINT('',(-90.008748529348,-29.5119302502667,29.0000000000027));
#7503=CARTESIAN_POINT('',(-90.1864016877052,-29.5153313141119,29.0000000000027));
#7504=CARTESIAN_POINT('',(-90.3640229835205,-29.5221114684508,29.0000000000027));
#7505=CARTESIAN_POINT('',(-90.5412329072564,-29.5350661867387,29.0000000000028));
#7506=CARTESIAN_POINT('',(-90.729462214868,-29.5488264638284,29.0000000000028));
#7507=CARTESIAN_POINT('',(-90.9172273993372,-29.5695530815297,29.0000000000029));
#7508=CARTESIAN_POINT('',(-91.1034324290206,-29.6003687491773,29.0000000000029));
#7509=CARTESIAN_POINT('',(-91.3018518917478,-29.6332058225293,29.000000000003));
#7510=CARTESIAN_POINT('',(-91.4984998044894,-29.6774989747584,29.000000000003));
#7511=CARTESIAN_POINT('',(-91.6907486662921,-29.7365051605316,29.000000000003));
#7512=CARTESIAN_POINT('',(-91.7918204196969,-29.7675267156237,29.0000000000031));
#7513=CARTESIAN_POINT('',(-91.8916762922017,-29.8026148970671,29.0000000000031));
#7514=CARTESIAN_POINT('',(-91.9897779019449,-29.8420516683812,29.0000000000031));
#7515=CARTESIAN_POINT('',(-92.0684109395495,-29.8736620887389,29.0000000000031));
#7516=CARTESIAN_POINT('',(-92.1459169030208,-29.9080663796996,29.0000000000031));
#7517=CARTESIAN_POINT('',(-92.2220302964565,-29.9453358019571,29.0000000000032));
#7518=CARTESIAN_POINT('',(-92.3229002879614,-29.9947274548162,29.0000000000032));
#7519=CARTESIAN_POINT('',(-92.42132449127,-30.0491511736593,29.0000000000032));
#7520=CARTESIAN_POINT('',(-92.5165571125177,-30.1086886124315,29.0000000000032));
#7521=CARTESIAN_POINT('',(-92.6141883534907,-30.1697256179821,29.0000000000033));
#7522=CARTESIAN_POINT('',(-92.7084652152522,-30.2361371855827,29.0000000000033));
#7523=CARTESIAN_POINT('',(-92.798709429277,-30.3076474473467,29.0000000000033));
#7524=CARTESIAN_POINT('',(-92.8899036457269,-30.3799104988914,29.0000000000033));
#7525=CARTESIAN_POINT('',(-92.9769798640427,-30.4573801577132,29.0000000000033));
#7526=CARTESIAN_POINT('',(-93.0592551030657,-30.539651967673,29.0000000000034));
#7527=CARTESIAN_POINT('',(-93.1415303420888,-30.6219237776329,29.0000000000034));
#7528=CARTESIAN_POINT('',(-93.2190046018191,-30.7089977387309,29.0000000000034));
#7529=CARTESIAN_POINT('',(-93.2912660656694,-30.8001937781503,29.0000000000034));
#7530=CARTESIAN_POINT('',(-93.3627747562783,-30.890439796154,29.0000000000034));
#7531=CARTESIAN_POINT('',(-93.4291786923868,-30.9847224575149,29.0000000000034));
#7532=CARTESIAN_POINT('',(-93.4902132199003,-31.082355107248,29.0000000000035));
#7533=CARTESIAN_POINT('',(-93.5497482415163,-31.1775891026452,29.0000000000035));
#7534=CARTESIAN_POINT('',(-93.6041744465468,-31.2760105023634,29.0000000000035));
#7535=CARTESIAN_POINT('',(-93.6535729787759,-31.3768759142531,29.0000000000035));
#7536=CARTESIAN_POINT('',(-93.6908475919944,-31.452985852052,29.0000000000035));
#7537=CARTESIAN_POINT('',(-93.7252595752835,-31.5304873486627,29.0000000000035));
#7538=CARTESIAN_POINT('',(-93.7568705169255,-31.6091202393004,29.0000000000035));
#7539=CARTESIAN_POINT('',(-93.7963079385874,-31.7072216656894,29.0000000000035));
#7540=CARTESIAN_POINT('',(-93.8313856088277,-31.8070840786466,29.0000000000035));
#7541=CARTESIAN_POINT('',(-93.8624020128528,-31.9081590341968,29.0000000000035));
#7542=CARTESIAN_POINT('',(-93.921398400767,-32.1004139868093,29.0000000000036));
#7543=CARTESIAN_POINT('',(-93.9657011480821,-32.297055912383,29.0000000000036));
#7544=CARTESIAN_POINT('',(-93.9985405376001,-32.495473930752,29.0000000000036));
#7545=CARTESIAN_POINT('',(-94.0293583788336,-32.68167760499,29.0000000000036));
#7546=CARTESIAN_POINT('',(-94.0500807597785,-32.86944543474,29.0000000000036));
#7547=CARTESIAN_POINT('',(-94.063840158387,-33.057675290723,29.0000000000036));
#7548=CARTESIAN_POINT('',(-94.076794049622,-33.2348857307272,29.0000000000036));
#7549=CARTESIAN_POINT('',(-94.0835763534902,-33.4125056842309,29.0000000000036));
#7550=CARTESIAN_POINT('',(-94.086977893056,-33.5901585455282,29.0000000000036));
#7551=CARTESIAN_POINT('',(-94.0902858320772,-33.7629229131791,29.0000000000036));
#7552=CARTESIAN_POINT('',(-94.0903965046488,-33.9357184024863,29.0000000000036));
#7553=CARTESIAN_POINT('',(-94.0903965046488,-34.1085109809748,29.0000000000036));
#7554=CARTESIAN_POINT('',(-94.0903965046488,-34.1085109809748,29.0000000000036));
#7555=CARTESIAN_POINT('',(-94.0903965046488,-34.1085109809748,30.0000000000036));
#7556=CARTESIAN_POINT('',(-94.0903965046488,-34.1085109809748,29.0000000000036));
#7557=CARTESIAN_POINT('',(-94.0903965046488,-36.7390073206498,29.0000000000036));
#7558=CARTESIAN_POINT('',(-94.0903965046487,-39.3695036603248,29.0000000000036));
#7559=CARTESIAN_POINT('',(-94.0903965046487,-41.9999999999998,29.0000000000036));
#7560=CARTESIAN_POINT('',(-94.0903965046487,-41.9999999999998,29.0000000000036));
#7561=CARTESIAN_POINT('',(-94.0903965046487,-41.9999999999998,30.0000000000036));
#7562=CARTESIAN_POINT('',(-94.0903965046487,-41.9999999999998,29.0000000000036));
#7563=CARTESIAN_POINT('',(-94.0903965046487,-42.0987365288893,29.0000000000036));
#7564=CARTESIAN_POINT('',(-94.0904694648459,-42.1974712061775,29.0000000000036));
#7565=CARTESIAN_POINT('',(-94.0912251577731,-42.2962065751169,29.0000000000036));
#7566=CARTESIAN_POINT('',(-94.0915235043542,-42.3351871698775,29.0000000000036));
#7567=CARTESIAN_POINT('',(-94.0919282657613,-42.374167872443,29.0000000000036));
#7568=CARTESIAN_POINT('',(-94.0925189401267,-42.4131450120236,29.0000000000036));
#7569=CARTESIAN_POINT('',(-95.4903965046489,-43.3999999999998,29.0000000000039));
#7570=CARTESIAN_POINT('',(-98.9935976697661,-43.3999999999998,29.0000000000047));
#7571=CARTESIAN_POINT('',(-102.496798834883,-43.3999999999998,29.0000000000055));
#7572=CARTESIAN_POINT('',(-106.000000000001,-43.3999999999998,29.0000000000063));
#7573=CARTESIAN_POINT('',(-106.000000000001,-43.3999999999998,29.0000000000063));
#7574=CARTESIAN_POINT('',(-106.000000000001,-43.3999999999998,30.0000000000063));
#7575=CARTESIAN_POINT('',(-106.000000000001,-43.3999999999998,29.0000000000063));
#7576=CARTESIAN_POINT('',(-110.920606076067,-43.3999999999998,29.0000000000074));
#7577=CARTESIAN_POINT('',(-114.400000000001,-39.9206060760658,29.0000000000082));
#7578=CARTESIAN_POINT('',(-114.400000000001,-34.9999999999998,29.0000000000082));
#7579=CARTESIAN_POINT('',(-114.400000000001,-34.9999999999998,29.0000000000082));
#7580=CARTESIAN_POINT('',(-114.400000000001,-34.9999999999998,30.0000000000082));
#7581=CARTESIAN_POINT('',(-114.400000000001,-34.9999999999998,29.0000000000082));
#7582=CARTESIAN_POINT('',(-114.400000000001,-24.5999999999999,29.0000000000066));
#7583=CARTESIAN_POINT('',(-114.400000000001,-14.2,29.000000000005));
#7584=CARTESIAN_POINT('',(-114.4,-3.8000000000001,29.0000000000034));
#7585=CARTESIAN_POINT('',(-114.400000000001,35.0000000000001,29.0000000000082));
#7586=CARTESIAN_POINT('',(-114.400000000001,35.0000000000001,30.0000000000082));
#7587=CARTESIAN_POINT('',(-114.400000000001,35.0000000000001,29.0000000000082));
#7588=CARTESIAN_POINT('',(-114.400000000001,39.9206060760661,29.0000000000082));
#7589=CARTESIAN_POINT('',(-110.920606076067,43.4000000000001,29.0000000000074));
#7590=CARTESIAN_POINT('',(-106.000000000001,43.4000000000002,29.0000000000063));
#7591=CARTESIAN_POINT('',(-106.000000000001,43.4000000000002,29.0000000000063));
#7592=CARTESIAN_POINT('',(-106.000000000001,43.4000000000002,30.0000000000063));
#7593=CARTESIAN_POINT('',(-106.000000000001,43.4000000000002,29.0000000000063));
#7594=CARTESIAN_POINT('',(-102.496798834883,43.4000000000002,29.0000000000055));
#7595=CARTESIAN_POINT('',(-98.9935976697661,43.4000000000002,29.0000000000047));
#7596=CARTESIAN_POINT('',(-95.4903965046488,43.4000000000001,29.0000000000039));
#7597=CARTESIAN_POINT('',(-95.4903965046488,43.4000000000001,29.0000000000039));
#7598=CARTESIAN_POINT('',(-95.4903965046488,43.4000000000001,30.0000000000039));
#7599=CARTESIAN_POINT('',(-95.4903965046488,43.4000000000001,29.0000000000039));
#7600=CARTESIAN_POINT('',(-95.3916599757593,43.4000000000001,29.0000000000039));
#7601=CARTESIAN_POINT('',(-95.2929252984711,43.3999270398031,29.0000000000039));
#7602=CARTESIAN_POINT('',(-95.1941899295317,43.3991713468759,29.0000000000038));
#7603=CARTESIAN_POINT('',(-95.1552093347708,43.3988730002947,29.0000000000038));
#7604=CARTESIAN_POINT('',(-95.1162286322049,43.3984682388876,29.0000000000038));
#7605=CARTESIAN_POINT('',(-95.077251492624,43.3978775645223,29.0000000000038));
#7606=CARTESIAN_POINT('',(-94.0903965046487,42.0000000000001,29.0000000000036));
#7607=CARTESIAN_POINT('',(-94.0903965046487,39.3695036603251,29.0000000000036));
#7608=CARTESIAN_POINT('',(-94.0903965046488,36.7390073206501,29.0000000000036));
#7609=CARTESIAN_POINT('',(-94.0903965046488,34.1085109809751,29.0000000000036));
#7610=CARTESIAN_POINT('',(-94.0903965046488,34.1085109809751,29.0000000000036));
#7611=CARTESIAN_POINT('',(-94.0903965046488,34.1085109809751,30.0000000000036));
#7612=CARTESIAN_POINT('',(-94.0903965046488,34.1085109809751,29.0000000000036));
#7613=CARTESIAN_POINT('',(-94.0903965046488,33.9357184024866,29.0000000000036));
#7614=CARTESIAN_POINT('',(-94.090284711748,33.7629236128123,29.0000000000036));
#7615=CARTESIAN_POINT('',(-94.0869772353569,33.5901589562757,29.0000000000036));
#7616=CARTESIAN_POINT('',(-94.0835761715118,33.4125057979185,29.0000000000036));
#7617=CARTESIAN_POINT('',(-94.0767960171729,33.2348845021033,29.0000000000036));
#7618=CARTESIAN_POINT('',(-94.0638412988849,33.0576745783675,29.0000000000036));
#7619=CARTESIAN_POINT('',(-94.0500810217951,32.8694452707558,29.0000000000036));
#7620=CARTESIAN_POINT('',(-94.0293544040937,32.6816800862866,29.0000000000036));
#7621=CARTESIAN_POINT('',(-93.9985387364461,32.4954750566031,29.0000000000036));
#7622=CARTESIAN_POINT('',(-93.9657016630941,32.297055593876,29.0000000000036));
#7623=CARTESIAN_POINT('',(-93.921408510865,32.1004076811344,29.0000000000036));
#7624=CARTESIAN_POINT('',(-93.8624023250919,31.9081588193316,29.0000000000035));
#7625=CARTESIAN_POINT('',(-93.8313807699997,31.8070870659268,29.0000000000035));
#7626=CARTESIAN_POINT('',(-93.7962925885564,31.707231193422,29.0000000000035));
#7627=CARTESIAN_POINT('',(-93.7568558172422,31.6091295836788,29.0000000000035));
#7628=CARTESIAN_POINT('',(-93.7252453968846,31.5304965460743,29.0000000000035));
#7629=CARTESIAN_POINT('',(-93.6908411059238,31.4529905826031,29.0000000000035));
#7630=CARTESIAN_POINT('',(-93.6535716836664,31.3768771891674,29.0000000000035));
#7631=CARTESIAN_POINT('',(-93.6041800308072,31.2760071976624,29.0000000000035));
#7632=CARTESIAN_POINT('',(-93.5497563119641,31.1775829943536,29.0000000000035));
#7633=CARTESIAN_POINT('',(-93.4902188731919,31.082350373106,29.0000000000035));
#7634=CARTESIAN_POINT('',(-93.4291818676413,30.984719132133,29.0000000000034));
#7635=CARTESIAN_POINT('',(-93.362770300041,30.8904422703717,29.0000000000034));
#7636=CARTESIAN_POINT('',(-93.2912600382772,30.8001980563471,29.0000000000034));
#7637=CARTESIAN_POINT('',(-93.2189969867324,30.7090038398972,29.0000000000034));
#7638=CARTESIAN_POINT('',(-93.1415273279107,30.6219276215815,29.0000000000034));
#7639=CARTESIAN_POINT('',(-93.0592555179509,30.5396523825585,29.0000000000034));
#7640=CARTESIAN_POINT('',(-92.9769837079911,30.4573771435354,29.0000000000033));
#7641=CARTESIAN_POINT('',(-92.8899097468932,30.3799028838051,29.0000000000033));
#7642=CARTESIAN_POINT('',(-92.7987137074737,30.3076414199548,29.0000000000033));
#7643=CARTESIAN_POINT('',(-92.70846768947,30.2361327293458,29.0000000000033));
#7644=CARTESIAN_POINT('',(-92.6141850281088,30.1697287932371,29.0000000000033));
#7645=CARTESIAN_POINT('',(-92.5165523783756,30.1086942657236,29.0000000000032));
#7646=CARTESIAN_POINT('',(-92.4213183829783,30.0491592441076,29.0000000000032));
#7647=CARTESIAN_POINT('',(-92.3228969832601,29.9947330390773,29.0000000000032));
#7648=CARTESIAN_POINT('',(-92.2220315713703,29.9453345068482,29.0000000000032));
#7649=CARTESIAN_POINT('',(-92.1459216335714,29.9080598936297,29.0000000000031));
#7650=CARTESIAN_POINT('',(-92.0684201369606,29.8736479103406,29.0000000000031));
#7651=CARTESIAN_POINT('',(-91.9897872463229,29.8420369686986,29.0000000000031));
#7652=CARTESIAN_POINT('',(-91.8916858199338,29.8025995470366,29.0000000000031));
#7653=CARTESIAN_POINT('',(-91.7918234069767,29.7675218767965,29.0000000000031));
#7654=CARTESIAN_POINT('',(-91.6907484514266,29.7365054727715,29.000000000003));
#7655=CARTESIAN_POINT('',(-91.4984934988142,29.6775090848574,29.000000000003));
#7656=CARTESIAN_POINT('',(-91.3018515732406,29.6332063375424,29.000000000003));
#7657=CARTESIAN_POINT('',(-91.1034335548716,29.6003669480245,29.0000000000029));
#7658=CARTESIAN_POINT('',(-90.9172298806336,29.569549106791,29.0000000000029));
#7659=CARTESIAN_POINT('',(-90.7294620508837,29.5488267258461,29.0000000000028));
#7660=CARTESIAN_POINT('',(-90.5412321949007,29.5350673272375,29.0000000000028));
#7661=CARTESIAN_POINT('',(-90.3640217548963,29.5221134360023,29.0000000000027));
#7662=CARTESIAN_POINT('',(-90.1864018013925,29.515331132134,29.0000000000027));
#7663=CARTESIAN_POINT('',(-90.0087489400952,29.5119295925681,29.0000000000027));
#7664=CARTESIAN_POINT('',(-89.8359845724443,29.5086216535468,29.0000000000026));
#7665=CARTESIAN_POINT('',(-89.6631890831373,29.5085109809751,29.0000000000026));
#7666=CARTESIAN_POINT('',(-89.4903965046488,29.5085109809751,29.0000000000025));
#7667=CARTESIAN_POINT('',(-89.4903965046488,29.5085109809751,29.0000000000025));
#7668=CARTESIAN_POINT('',(-89.4903965046488,29.5085109809751,30.0000000000025));
#7669=CARTESIAN_POINT('',(-89.4903965046488,29.5085109809751,29.0000000000025));
#7670=CARTESIAN_POINT('',(-89.2602643364325,29.5085109809751,29.0000000000023));
#7671=CARTESIAN_POINT('',(-89.0301321682163,29.5085109809751,29.0000000000021));
#7672=CARTESIAN_POINT('',(-88.8,29.5085109809751,29.0000000000019));
#7673=CARTESIAN_POINT('',(-82.5096034953526,29.5085109809751,29.000000000001));
#7674=CARTESIAN_POINT('',(-82.5096034953526,29.5085109809751,30.000000000001));
#7675=CARTESIAN_POINT('',(-82.5096034953526,29.5085109809751,29.000000000001));
#7676=CARTESIAN_POINT('',(-82.3368109168641,29.5085109809751,29.0000000000009));
#7677=CARTESIAN_POINT('',(-82.1640161271898,29.5086227738758,29.0000000000009));
#7678=CARTESIAN_POINT('',(-81.9912514706532,29.5119302502669,29.0000000000008));
#7679=CARTESIAN_POINT('',(-81.8135983122959,29.515331314112,29.0000000000008));
#7680=CARTESIAN_POINT('',(-81.6359770164806,29.5221114684508,29.0000000000008));
#7681=CARTESIAN_POINT('',(-81.4587670927447,29.5350661867388,29.0000000000007));
#7682=CARTESIAN_POINT('',(-81.2705377851331,29.5488264638285,29.0000000000007));
#7683=CARTESIAN_POINT('',(-81.0827726006641,29.56955308153,29.0000000000006));
#7684=CARTESIAN_POINT('',(-80.8965675709807,29.6003687491776,29.0000000000006));
#7685=CARTESIAN_POINT('',(-80.6981481082536,29.6332058225296,29.0000000000005));
#7686=CARTESIAN_POINT('',(-80.5015001955119,29.6774989747586,29.0000000000005));
#7687=CARTESIAN_POINT('',(-80.309251333709,29.7365051605317,29.0000000000005));
#7688=CARTESIAN_POINT('',(-80.2081795803041,29.7675267156239,29.0000000000004));
#7689=CARTESIAN_POINT('',(-80.1083237077992,29.8026148970673,29.0000000000004));
#7690=CARTESIAN_POINT('',(-80.010222098056,29.8420516683815,29.0000000000004));
#7691=CARTESIAN_POINT('',(-79.9315890604515,29.8736620887392,29.0000000000004));
#7692=CARTESIAN_POINT('',(-79.8540830969803,29.9080663797,29.0000000000004));
#7693=CARTESIAN_POINT('',(-79.7779697035447,29.9453358019575,29.0000000000003));
#7694=CARTESIAN_POINT('',(-79.6770997120397,29.9947274548167,29.0000000000003));
#7695=CARTESIAN_POINT('',(-79.5786755087309,30.0491511736597,29.0000000000003));
#7696=CARTESIAN_POINT('',(-79.4834428874832,30.108688612432,29.0000000000003));
#7697=CARTESIAN_POINT('',(-79.3858116465102,30.1697256179825,29.0000000000002));
#7698=CARTESIAN_POINT('',(-79.2915347847489,30.2361371855829,29.0000000000002));
#7699=CARTESIAN_POINT('',(-79.2012905707242,30.3076474473468,29.0000000000002));
#7700=CARTESIAN_POINT('',(-79.1100963542744,30.3799104988916,29.0000000000002));
#7701=CARTESIAN_POINT('',(-79.0230201359585,30.4573801577134,29.0000000000002));
#7702=CARTESIAN_POINT('',(-78.9407448969355,30.5396519676733,29.0000000000001));
#7703=CARTESIAN_POINT('',(-78.8584696579123,30.6219237776332,29.0000000000001));
#7704=CARTESIAN_POINT('',(-78.7809953981821,30.7089977387312,29.0000000000001));
#7705=CARTESIAN_POINT('',(-78.7087339343319,30.8001937781507,29.0000000000001));
#7706=CARTESIAN_POINT('',(-78.6372252437229,30.8904397961544,29.0000000000001));
#7707=CARTESIAN_POINT('',(-78.5708213076143,30.9847224575154,29.0000000000001));
#7708=CARTESIAN_POINT('',(-78.5097867801007,31.0823551072486,29.));
#7709=CARTESIAN_POINT('',(-78.4502517584848,31.1775891026458,29.));
#7710=CARTESIAN_POINT('',(-78.3958255534545,31.276010502364,29.));
#7711=CARTESIAN_POINT('',(-78.3464270212255,31.3768759142538,29.));
#7712=CARTESIAN_POINT('',(-78.309152408007,31.4529858520526,29.));
#7713=CARTESIAN_POINT('',(-78.274740424718,31.5304873486633,29.));
#7714=CARTESIAN_POINT('',(-78.2431294830762,31.6091202393009,29.));
#7715=CARTESIAN_POINT('',(-78.2036920614142,31.70722166569,29.));
#7716=CARTESIAN_POINT('',(-78.1686143911741,31.8070840786471,29.));
#7717=CARTESIAN_POINT('',(-78.137597987149,31.9081590341973,29.));
#7718=CARTESIAN_POINT('',(-78.078601599235,32.1004139868097,28.9999999999999));
#7719=CARTESIAN_POINT('',(-78.0342988519199,32.2970559123834,28.9999999999999));
#7720=CARTESIAN_POINT('',(-78.001459462402,32.4954739307523,28.9999999999999));
#7721=CARTESIAN_POINT('',(-77.9706416211684,32.6816776049903,28.9999999999999));
#7722=CARTESIAN_POINT('',(-77.9499192402233,32.8694454347402,28.9999999999999));
#7723=CARTESIAN_POINT('',(-77.9361598416149,33.0576752907232,28.9999999999999));
#7724=CARTESIAN_POINT('',(-77.9232059503797,33.2348857307274,28.9999999999999));
#7725=CARTESIAN_POINT('',(-77.9164236465116,33.4125056842312,28.9999999999999));
#7726=CARTESIAN_POINT('',(-77.9130221069458,33.5901585455285,28.9999999999999));
#7727=CARTESIAN_POINT('',(-77.9097141679244,33.7629229131795,28.9999999999999));
#7728=CARTESIAN_POINT('',(-77.9096034953526,33.9357184024867,28.9999999999999));
#7729=CARTESIAN_POINT('',(-77.9096034953526,34.1085109809752,28.9999999999999));
#7730=CARTESIAN_POINT('',(-77.9096034953526,34.1085109809752,28.9999999999999));
#7731=CARTESIAN_POINT('',(-77.9096034953526,34.1085109809752,29.9999999999999));
#7732=CARTESIAN_POINT('',(-77.9096034953526,34.1085109809752,28.9999999999999));
#7733=CARTESIAN_POINT('',(-77.9096034953526,36.7390073206502,28.9999999999999));
#7734=CARTESIAN_POINT('',(-77.9096034953526,39.3695036603252,28.9999999999999));
#7735=CARTESIAN_POINT('',(-77.9096034953526,42.0000000000002,28.9999999999999));
#7736=CARTESIAN_POINT('',(-77.9096034953526,42.0000000000002,28.9999999999999));
#7737=CARTESIAN_POINT('',(-77.9096034953526,42.0000000000002,29.9999999999999));
#7738=CARTESIAN_POINT('',(-77.9096034953526,42.0000000000002,28.9999999999999));
#7739=CARTESIAN_POINT('',(-77.9096034953526,42.0987365288897,28.9999999999999));
#7740=CARTESIAN_POINT('',(-77.9095305351555,42.1974712061779,28.9999999999999));
#7741=CARTESIAN_POINT('',(-77.9087748422283,42.2962065751174,28.9999999999999));
#7742=CARTESIAN_POINT('',(-77.9084764956472,42.3351871698782,28.9999999999999));
#7743=CARTESIAN_POINT('',(-77.90807173424,42.3741678724439,28.9999999999999));
#7744=CARTESIAN_POINT('',(-77.9074810598746,42.4131450120247,28.9999999999999));
#7745=CARTESIAN_POINT('',(-76.9227485073766,-43.397877564522,31.9999999999999));
#7746=CARTESIAN_POINT('',(-76.922748507377,-43.3978775645219,29.9999999999997));
#7747=CARTESIAN_POINT('',(-76.922748507377,-43.3978775645219,29.9999999999997));
#7748=CARTESIAN_POINT('',(-77.4944888188717,-43.3892131948609,29.9999999999998));
#7749=CARTESIAN_POINT('',(-77.8988166902145,-42.9848853235176,29.9999999999999));
#7750=CARTESIAN_POINT('',(-77.9074810598747,-42.4131450120229,29.9999999999999));
#7751=CARTESIAN_POINT('',(-76.9227485073766,-43.397877564522,31.9999999999999));
#7752=CARTESIAN_POINT('',(-77.4944888188712,-43.389213194861,32.0000000000001));
#7753=CARTESIAN_POINT('',(-77.898816690214,-42.9848853235176,32.0000000000001));
#7754=CARTESIAN_POINT('',(-77.9074810598742,-42.413145012023,32.0000000000002));
#7755=CARTESIAN_POINT('',(-77.9074810598742,-42.413145012023,32.0000000000002));
#7756=CARTESIAN_POINT('',(-77.9074810598747,-42.4131450120229,29.9999999999999));
#7757=CARTESIAN_POINT('',(-77.9074810598742,-42.413145012023,32.0000000000002));
#7758=CARTESIAN_POINT('',(-77.9080717342396,-42.3741678724427,32.0000000000002));
#7759=CARTESIAN_POINT('',(-77.9084764956467,-42.3351871698775,32.0000000000002));
#7760=CARTESIAN_POINT('',(-77.9087748422278,-42.2962065751171,32.0000000000002));
#7761=CARTESIAN_POINT('',(-77.909530535155,-42.1974712061777,32.0000000000002));
#7762=CARTESIAN_POINT('',(-77.9096034953522,-42.0987365288895,32.0000000000002));
#7763=CARTESIAN_POINT('',(-77.9096034953521,-42.,32.));
#7764=CARTESIAN_POINT('',(-94.0925189401262,-42.4131450120236,31.9999999999999));
#7765=CARTESIAN_POINT('',(-94.0925189401267,-42.4131450120235,30.0000000000036));
#7766=CARTESIAN_POINT('',(-94.0925189401267,-42.4131450120235,30.0000000000036));
#7767=CARTESIAN_POINT('',(-94.1011833097871,-42.9848853235179,30.0000000000036));
#7768=CARTESIAN_POINT('',(-94.5055111811299,-43.3892131948609,30.0000000000037));
#7769=CARTESIAN_POINT('',(-95.0772514926243,-43.3978775645219,30.0000000000038));
#7770=CARTESIAN_POINT('',(-94.0925189401262,-42.4131450120236,31.9999999999999));
#7771=CARTESIAN_POINT('',(-94.1011833097867,-42.984885323518,32.));
#7772=CARTESIAN_POINT('',(-94.5055111811295,-43.389213194861,32.));
#7773=CARTESIAN_POINT('',(-95.0772514926239,-43.397877564522,32.0000000000001));
#7774=CARTESIAN_POINT('',(-95.0772514926239,-43.397877564522,32.0000000000001));
#7775=CARTESIAN_POINT('',(-95.0772514926243,-43.3978775645219,30.0000000000038));
#7776=CARTESIAN_POINT('',(-95.0772514926239,-43.397877564522,32.0000000000001));
#7777=CARTESIAN_POINT('',(-95.1162286322046,-43.3984682388874,32.0000000000001));
#7778=CARTESIAN_POINT('',(-95.1552093347702,-43.3988730002945,32.0000000000001));
#7779=CARTESIAN_POINT('',(-95.194189929531,-43.3991713468757,32.0000000000001));
#7780=CARTESIAN_POINT('',(-95.2929252984704,-43.3999270398029,32.0000000000001));
#7781=CARTESIAN_POINT('',(-95.3916599757589,-43.3999999999999,32.0000000000002));
#7782=CARTESIAN_POINT('',(-95.4903965046484,-43.3999999999999,32.));
#7783=CARTESIAN_POINT('',(-95.0772514926236,43.3978775645221,32.0000000000001));
#7784=CARTESIAN_POINT('',(-95.077251492624,43.3978775645223,30.0000000000038));
#7785=CARTESIAN_POINT('',(-95.077251492624,43.3978775645223,30.0000000000038));
#7786=CARTESIAN_POINT('',(-94.5055111811304,43.3892131948612,30.0000000000037));
#7787=CARTESIAN_POINT('',(-94.101183309788,42.984885323519,30.0000000000036));
#7788=CARTESIAN_POINT('',(-94.0925189401266,42.4131450120254,30.0000000000036));
#7789=CARTESIAN_POINT('',(-95.0772514926236,43.3978775645221,32.0000000000001));
#7790=CARTESIAN_POINT('',(-94.50551118113,43.3892131948611,32.));
#7791=CARTESIAN_POINT('',(-94.1011833097876,42.9848853235189,31.9999999999999));
#7792=CARTESIAN_POINT('',(-94.0925189401262,42.4131450120254,31.9999999999999));
#7793=CARTESIAN_POINT('',(-94.0925189401262,42.4131450120254,31.9999999999999));
#7794=CARTESIAN_POINT('',(-94.0925189401266,42.4131450120254,30.0000000000036));
#7795=CARTESIAN_POINT('',(-94.0925189401262,42.4131450120254,31.9999999999999));
#7796=CARTESIAN_POINT('',(-94.0919282657607,42.3741678724442,31.9999999999999));
#7797=CARTESIAN_POINT('',(-94.0915235043535,42.3351871698781,31.9999999999999));
#7798=CARTESIAN_POINT('',(-94.0912251577724,42.2962065751169,31.9999999999999));
#7799=CARTESIAN_POINT('',(-94.0904694648451,42.1974712061776,31.9999999999999));
#7800=CARTESIAN_POINT('',(-94.0903965046483,42.0987365288895,31.9999999999999));
#7801=CARTESIAN_POINT('',(-94.0903965046483,42.,32.));
#7802=CARTESIAN_POINT('',(-77.9074810598742,42.4131450120246,32.0000000000001));
#7803=CARTESIAN_POINT('',(-77.9074810598746,42.4131450120247,29.9999999999999));
#7804=CARTESIAN_POINT('',(-77.9074810598746,42.4131450120247,29.9999999999999));
#7805=CARTESIAN_POINT('',(-77.8988166902136,42.9848853235191,29.9999999999999));
#7806=CARTESIAN_POINT('',(-77.4944888188705,43.3892131948618,29.9999999999998));
#7807=CARTESIAN_POINT('',(-76.9227485073761,43.3978775645223,29.9999999999997));
#7808=CARTESIAN_POINT('',(-77.9074810598742,42.4131450120246,32.0000000000001));
#7809=CARTESIAN_POINT('',(-77.8988166902132,42.984885323519,32.0000000000001));
#7810=CARTESIAN_POINT('',(-77.4944888188701,43.3892131948617,32.));
#7811=CARTESIAN_POINT('',(-76.9227485073756,43.3978775645222,32.));
#7812=CARTESIAN_POINT('',(-77.9074810598747,-42.4131450120229,29.9999999999999));
#7813=CARTESIAN_POINT('',(-77.9074810598747,-42.4131450120229,28.9999999999999));
#7814=CARTESIAN_POINT('',(-77.9074810598747,-42.4131450120229,28.9999999999999));
#7815=CARTESIAN_POINT('',(-77.90807173424,-42.3741678724426,28.9999999999999));
#7816=CARTESIAN_POINT('',(-77.9084764956471,-42.3351871698774,28.9999999999999));
#7817=CARTESIAN_POINT('',(-77.9087748422282,-42.296206575117,28.9999999999999));
#7818=CARTESIAN_POINT('',(-77.9095305351555,-42.1974712061776,28.9999999999999));
#7819=CARTESIAN_POINT('',(-77.9096034953526,-42.0987365288894,28.9999999999999));
#7820=CARTESIAN_POINT('',(-77.9096034953526,-41.9999999999999,28.9999999999999));
#7821=CARTESIAN_POINT('',(-76.922748507377,-43.3978775645219,29.9999999999997));
#7822=CARTESIAN_POINT('',(-76.9227485073772,-43.3978775645219,28.9999999999997));
#7823=CARTESIAN_POINT('',(-76.9227485073772,-43.3978775645219,28.9999999999997));
#7824=CARTESIAN_POINT('',(-77.4944888188715,-43.3892131948605,28.9999999999997));
#7825=CARTESIAN_POINT('',(-77.8988166902145,-42.9848853235175,28.9999999999999));
#7826=CARTESIAN_POINT('',(-77.9074810598747,-42.4131450120229,28.9999999999999));
#7827=CARTESIAN_POINT('',(-95.0772514926243,-43.3978775645219,30.0000000000038));
#7828=CARTESIAN_POINT('',(-95.0772514926243,-43.3978775645219,29.0000000000038));
#7829=CARTESIAN_POINT('',(-95.0772514926243,-43.3978775645219,29.0000000000038));
#7830=CARTESIAN_POINT('',(-95.1162286322051,-43.3984682388873,29.0000000000038));
#7831=CARTESIAN_POINT('',(-95.1552093347707,-43.3988730002945,29.0000000000038));
#7832=CARTESIAN_POINT('',(-95.1941899295314,-43.3991713468756,29.0000000000038));
#7833=CARTESIAN_POINT('',(-95.2929252984709,-43.3999270398028,29.0000000000039));
#7834=CARTESIAN_POINT('',(-95.3916599757594,-43.3999999999998,29.0000000000039));
#7835=CARTESIAN_POINT('',(-95.4903965046489,-43.3999999999998,29.0000000000039));
#7836=CARTESIAN_POINT('',(-94.0925189401267,-42.4131450120235,30.0000000000036));
#7837=CARTESIAN_POINT('',(-94.0925189401267,-42.4131450120236,29.0000000000036));
#7838=CARTESIAN_POINT('',(-94.0925189401267,-42.4131450120236,29.0000000000036));
#7839=CARTESIAN_POINT('',(-94.1011833097872,-42.984885323518,29.0000000000036));
#7840=CARTESIAN_POINT('',(-94.50551118113,-43.3892131948609,29.0000000000037));
#7841=CARTESIAN_POINT('',(-95.0772514926243,-43.3978775645219,29.0000000000038));
#7842=CARTESIAN_POINT('',(-94.0925189401266,42.4131450120254,30.0000000000036));
#7843=CARTESIAN_POINT('',(-94.0925189401266,42.4131450120254,29.0000000000036));
#7844=CARTESIAN_POINT('',(-94.0925189401266,42.4131450120254,29.0000000000036));
#7845=CARTESIAN_POINT('',(-94.0919282657612,42.3741678724443,29.0000000000036));
#7846=CARTESIAN_POINT('',(-94.091523504354,42.3351871698782,29.0000000000036));
#7847=CARTESIAN_POINT('',(-94.0912251577728,42.296206575117,29.0000000000036));
#7848=CARTESIAN_POINT('',(-94.0904694648456,42.1974712061777,29.0000000000036));
#7849=CARTESIAN_POINT('',(-94.0903965046487,42.0987365288896,29.0000000000036));
#7850=CARTESIAN_POINT('',(-94.0903965046487,42.0000000000001,29.0000000000036));
#7851=CARTESIAN_POINT('',(-95.077251492624,43.3978775645223,30.0000000000038));
#7852=CARTESIAN_POINT('',(-95.077251492624,43.3978775645223,29.0000000000038));
#7853=CARTESIAN_POINT('',(-95.077251492624,43.3978775645223,29.0000000000038));
#7854=CARTESIAN_POINT('',(-94.5055111811304,43.3892131948612,29.0000000000037));
#7855=CARTESIAN_POINT('',(-94.101183309788,42.984885323519,29.0000000000036));
#7856=CARTESIAN_POINT('',(-94.0925189401266,42.4131450120254,29.0000000000036));
#7857=CARTESIAN_POINT('',(-77.9074810598746,42.4131450120247,29.9999999999999));
#7858=CARTESIAN_POINT('',(-77.9074810598746,42.4131450120247,28.9999999999999));
#7859=CARTESIAN_POINT('',(-77.9074810598746,42.4131450120247,28.9999999999999));
#7860=CARTESIAN_POINT('',(-77.8988166902136,42.9848853235191,28.9999999999999));
#7861=CARTESIAN_POINT('',(-77.4944888188705,43.3892131948618,28.9999999999998));
#7862=CARTESIAN_POINT('',(-76.9227485073761,43.3978775645223,28.9999999999997));
#7863=CARTESIAN_POINT('',(-76.5096034953525,43.4000000000001,28.9999999999996));
#7864=CARTESIAN_POINT('',(-76.509603495352,43.4,32.));
#7865=CARTESIAN_POINT('',(-77.9096034953526,-41.9999999999999,28.9999999999999));
#7866=CARTESIAN_POINT('',(-77.9096034953521,-42.,32.));
#7867=CARTESIAN_POINT('',(-95.4903965046489,-43.3999999999998,29.0000000000039));
#7868=CARTESIAN_POINT('',(-95.4903965046484,-43.3999999999999,32.));
#7869=CARTESIAN_POINT('',(-94.0903965046487,42.0000000000001,29.0000000000036));
#7870=CARTESIAN_POINT('',(-94.0903965046483,42.,32.));
#7871=CARTESIAN_POINT('',(-57.6000000000001,-3.80000000000001,32.));
#7872=CARTESIAN_POINT('',(-57.6000000000002,-14.2,32.));
#7873=CARTESIAN_POINT('',(-57.6000000000002,-24.5999999999999,32.));
#7874=CARTESIAN_POINT('',(-57.6000000000002,-34.9999999999998,32.));
#7875=CARTESIAN_POINT('',(-57.6000000000004,-3.79999999999987,29.0000000000001));
#7876=CARTESIAN_POINT('',(-57.6000000000005,-14.1999999999998,28.9999999999985));
#7877=CARTESIAN_POINT('',(-57.6000000000006,-24.5999999999998,28.9999999999969));
#7878=CARTESIAN_POINT('',(-57.6000000000007,-34.9999999999997,28.9999999999953));
#7879=CARTESIAN_POINT('',(-60.6,-0.8,32.));
#7880=CARTESIAN_POINT('',(-60.6,-0.8,29.0000000000005));
#7881=CARTESIAN_POINT('',(-57.6000000000001,-3.80000000000001,32.));
#7882=CARTESIAN_POINT('',(-57.6000000000004,-3.79999999999987,29.0000000000001));
#7883=CARTESIAN_POINT('',(-60.6,-0.8,32.));
#7884=CARTESIAN_POINT('',(-59.4,-0.800000000000001,32.));
#7885=CARTESIAN_POINT('',(-58.2,-0.800000000000002,32.));
#7886=CARTESIAN_POINT('',(-57.6000000000001,-1.40000000000008,32.));
#7887=CARTESIAN_POINT('',(-57.6000000000001,-2.60000000000005,32.));
#7888=CARTESIAN_POINT('',(-57.6000000000001,-3.80000000000001,32.));
#7889=CARTESIAN_POINT('',(-60.6,-0.8,29.0000000000005));
#7890=CARTESIAN_POINT('',(-59.4,-0.799999999999972,29.0000000000004));
#7891=CARTESIAN_POINT('',(-58.2000000000001,-0.799999999999944,29.0000000000003));
#7892=CARTESIAN_POINT('',(-57.6000000000003,-1.4,29.0000000000002));
#7893=CARTESIAN_POINT('',(-57.6000000000003,-2.59999999999993,29.0000000000002));
#7894=CARTESIAN_POINT('',(-57.6000000000004,-3.79999999999987,29.0000000000001));
#7895=CARTESIAN_POINT('',(-60.6,0.8,29.0000000000005));
#7896=CARTESIAN_POINT('',(-83.2,0.800000000000002,29.0000000000017));
#7897=CARTESIAN_POINT('',(-60.6,0.8,32.));
#7898=CARTESIAN_POINT('',(-83.2,0.800000000000002,32.));
#7899=CARTESIAN_POINT('',(-60.6,0.8,29.0000000000005));
#7900=CARTESIAN_POINT('',(-60.6,0.8,32.));
#7901=CARTESIAN_POINT('',(-57.6000000000004,3.80000000000002,29.0000000000001));
#7902=CARTESIAN_POINT('',(-57.6000000000001,3.80000000000001,32.));
#7903=CARTESIAN_POINT('',(-57.6000000000001,3.80000000000001,32.));
#7904=CARTESIAN_POINT('',(-57.6000000000001,2.60000000000002,32.));
#7905=CARTESIAN_POINT('',(-57.6000000000001,1.40000000000003,32.));
#7906=CARTESIAN_POINT('',(-58.2,0.799999999999988,32.));
#7907=CARTESIAN_POINT('',(-59.4,0.799999999999994,32.));
#7908=CARTESIAN_POINT('',(-60.6,0.8,32.));
#7909=CARTESIAN_POINT('',(-57.6000000000004,3.80000000000002,29.0000000000001));
#7910=CARTESIAN_POINT('',(-57.6000000000003,2.60000000000003,29.0000000000002));
#7911=CARTESIAN_POINT('',(-57.6000000000003,1.40000000000004,29.0000000000002));
#7912=CARTESIAN_POINT('',(-58.2000000000001,0.799999999999989,29.0000000000003));
#7913=CARTESIAN_POINT('',(-59.4000000000001,0.799999999999994,29.0000000000004));
#7914=CARTESIAN_POINT('',(-60.6,0.8,29.0000000000005));
#7915=CARTESIAN_POINT('',(-111.4,-0.8,29.000000000003));
#7916=CARTESIAN_POINT('',(-88.8,-0.799999999999996,29.0000000000018));
#7917=CARTESIAN_POINT('',(-111.4,-0.8,32.));
#7918=CARTESIAN_POINT('',(-88.8,-0.799999999999996,32.));
#7919=CARTESIAN_POINT('',(-114.4,3.79999999999992,32.));
#7920=CARTESIAN_POINT('',(-114.4,14.2,32.));
#7921=CARTESIAN_POINT('',(-114.4,24.6,32.));
#7922=CARTESIAN_POINT('',(-114.4,35.,32.));
#7923=CARTESIAN_POINT('',(-114.4,3.80000000000012,29.0000000000034));
#7924=CARTESIAN_POINT('',(-114.4,14.2000000000001,29.000000000005));
#7925=CARTESIAN_POINT('',(-114.400000000001,24.6000000000001,29.0000000000066));
#7926=CARTESIAN_POINT('',(-114.400000000001,35.0000000000001,29.0000000000082));
#7927=CARTESIAN_POINT('',(-114.4,3.79999999999992,32.));
#7928=CARTESIAN_POINT('',(-114.4,3.80000000000012,29.0000000000034));
#7929=CARTESIAN_POINT('',(-114.4,-3.8000000000001,29.0000000000034));
#7930=CARTESIAN_POINT('',(-114.4,-3.80000000000003,32.));
#7931=CARTESIAN_POINT('',(-111.4,-0.8,29.000000000003));
#7932=CARTESIAN_POINT('',(-111.4,-0.8,32.));
#7933=CARTESIAN_POINT('',(-111.4,0.8,32.));
#7934=CARTESIAN_POINT('',(-111.4,0.8,29.000000000003));
#7935=CARTESIAN_POINT('',(-114.4,-3.80000000000003,32.));
#7936=CARTESIAN_POINT('',(-114.4,-2.60000000000004,32.));
#7937=CARTESIAN_POINT('',(-114.4,-1.40000000000005,32.));
#7938=CARTESIAN_POINT('',(-113.8,-0.799999999999986,32.));
#7939=CARTESIAN_POINT('',(-112.6,-0.799999999999993,32.));
#7940=CARTESIAN_POINT('',(-111.4,-0.8,32.));
#7941=CARTESIAN_POINT('',(-114.4,-3.8000000000001,29.0000000000034));
#7942=CARTESIAN_POINT('',(-114.4,-2.60000000000009,29.0000000000033));
#7943=CARTESIAN_POINT('',(-114.4,-1.40000000000009,29.0000000000032));
#7944=CARTESIAN_POINT('',(-113.8,-0.800000000000012,29.0000000000031));
#7945=CARTESIAN_POINT('',(-112.6,-0.800000000000006,29.0000000000031));
#7946=CARTESIAN_POINT('',(-111.4,-0.8,29.000000000003));
#7947=CARTESIAN_POINT('',(-111.4,0.8,32.));
#7948=CARTESIAN_POINT('',(-112.6,0.799999999999992,32.));
#7949=CARTESIAN_POINT('',(-113.8,0.799999999999985,32.));
#7950=CARTESIAN_POINT('',(-114.4,1.39999999999982,32.));
#7951=CARTESIAN_POINT('',(-114.4,2.59999999999987,32.));
#7952=CARTESIAN_POINT('',(-114.4,3.79999999999992,32.));
#7953=CARTESIAN_POINT('',(-111.4,0.8,29.000000000003));
#7954=CARTESIAN_POINT('',(-112.6,0.800000000000034,29.0000000000031));
#7955=CARTESIAN_POINT('',(-113.8,0.800000000000067,29.0000000000031));
#7956=CARTESIAN_POINT('',(-114.4,1.39999999999994,29.0000000000032));
#7957=CARTESIAN_POINT('',(-114.4,2.60000000000003,29.0000000000033));
#7958=CARTESIAN_POINT('',(-114.4,3.80000000000012,29.0000000000034));
#7959=CARTESIAN_POINT('',(-86.8000000000001,27.508510980975,29.0000000000016));
#7960=CARTESIAN_POINT('',(-86.8,2.8,29.0000000000017));
#7961=CARTESIAN_POINT('',(-86.8,27.508510980975,32.));
#7962=CARTESIAN_POINT('',(-86.8,2.80000000000001,32.));
#7963=CARTESIAN_POINT('',(-86.8000000000001,27.508510980975,29.0000000000016));
#7964=CARTESIAN_POINT('',(-86.8,27.508510980975,32.));
#7965=CARTESIAN_POINT('',(-88.8,29.5085109809751,29.0000000000019));
#7966=CARTESIAN_POINT('',(-88.8,29.508510980975,32.));
#7967=CARTESIAN_POINT('',(-88.8,29.5085109809751,29.0000000000019));
#7968=CARTESIAN_POINT('',(-88.,29.5085109809751,29.0000000000019));
#7969=CARTESIAN_POINT('',(-87.2,29.5085109809751,29.0000000000018));
#7970=CARTESIAN_POINT('',(-86.8,29.108510980975,29.0000000000017));
#7971=CARTESIAN_POINT('',(-86.8,28.308510980975,29.0000000000017));
#7972=CARTESIAN_POINT('',(-86.8000000000001,27.508510980975,29.0000000000016));
#7973=CARTESIAN_POINT('',(-88.8,29.508510980975,32.));
#7974=CARTESIAN_POINT('',(-88.,29.508510980975,32.));
#7975=CARTESIAN_POINT('',(-87.1999999999999,29.508510980975,32.));
#7976=CARTESIAN_POINT('',(-86.8,29.108510980975,32.));
#7977=CARTESIAN_POINT('',(-86.8,28.308510980975,32.));
#7978=CARTESIAN_POINT('',(-86.8,27.508510980975,32.));
#7979=CARTESIAN_POINT('',(-83.2000000000001,29.508510980975,32.));
#7980=CARTESIAN_POINT('',(-82.9698678317841,29.508510980975,32.));
#7981=CARTESIAN_POINT('',(-82.7397356635682,29.508510980975,32.));
#7982=CARTESIAN_POINT('',(-82.5096034953522,29.508510980975,32.));
#7983=CARTESIAN_POINT('',(-83.2,29.5085109809751,29.0000000000013));
#7984=CARTESIAN_POINT('',(-82.9698678317842,29.5085109809751,29.0000000000012));
#7985=CARTESIAN_POINT('',(-82.7397356635684,29.5085109809751,29.0000000000011));
#7986=CARTESIAN_POINT('',(-82.5096034953526,29.5085109809751,29.000000000001));
#7987=CARTESIAN_POINT('',(-85.2,27.508510980975,32.));
#7988=CARTESIAN_POINT('',(-85.2,27.508510980975,29.0000000000016));
#7989=CARTESIAN_POINT('',(-83.2000000000001,29.508510980975,32.));
#7990=CARTESIAN_POINT('',(-83.2,29.5085109809751,29.0000000000013));
#7991=CARTESIAN_POINT('',(-85.2,27.508510980975,32.));
#7992=CARTESIAN_POINT('',(-85.2,28.308510980975,32.));
#7993=CARTESIAN_POINT('',(-85.2,29.108510980975,32.));
#7994=CARTESIAN_POINT('',(-84.8000000000001,29.508510980975,32.));
#7995=CARTESIAN_POINT('',(-84.0000000000001,29.508510980975,32.));
#7996=CARTESIAN_POINT('',(-83.2000000000001,29.508510980975,32.));
#7997=CARTESIAN_POINT('',(-85.2,27.508510980975,29.0000000000016));
#7998=CARTESIAN_POINT('',(-85.2,28.308510980975,29.0000000000015));
#7999=CARTESIAN_POINT('',(-85.2,29.108510980975,29.0000000000015));
#8000=CARTESIAN_POINT('',(-84.8,29.508510980975,29.0000000000014));
#8001=CARTESIAN_POINT('',(-84.,29.508510980975,29.0000000000013));
#8002=CARTESIAN_POINT('',(-83.2,29.5085109809751,29.0000000000013));
#8003=CARTESIAN_POINT('',(-85.2,-27.5085109809749,29.0000000000013));
#8004=CARTESIAN_POINT('',(-85.2,-2.79999999999999,29.0000000000017));
#8005=CARTESIAN_POINT('',(-85.2,-27.5085109809749,32.));
#8006=CARTESIAN_POINT('',(-85.2,-2.79999999999999,32.));
#8007=CARTESIAN_POINT('',(-88.8,-29.5085109809749,32.));
#8008=CARTESIAN_POINT('',(-89.0301321682161,-29.5085109809749,32.));
#8009=CARTESIAN_POINT('',(-89.2602643364323,-29.5085109809749,32.));
#8010=CARTESIAN_POINT('',(-89.4903965046484,-29.5085109809749,32.));
#8011=CARTESIAN_POINT('',(-88.8,-29.5085109809749,29.0000000000022));
#8012=CARTESIAN_POINT('',(-89.0301321682163,-29.5085109809749,29.0000000000023));
#8013=CARTESIAN_POINT('',(-89.2602643364326,-29.5085109809748,29.0000000000024));
#8014=CARTESIAN_POINT('',(-89.4903965046489,-29.5085109809748,29.0000000000025));
#8015=CARTESIAN_POINT('',(-85.2,-27.5085109809749,29.0000000000013));
#8016=CARTESIAN_POINT('',(-85.2,-27.5085109809749,32.));
#8017=CARTESIAN_POINT('',(-86.8,-27.508510980975,32.));
#8018=CARTESIAN_POINT('',(-86.8,-27.508510980975,29.0000000000019));
#8019=CARTESIAN_POINT('',(-88.8,-29.5085109809749,32.));
#8020=CARTESIAN_POINT('',(-88.8,-29.5085109809749,29.0000000000022));
#8021=CARTESIAN_POINT('',(-83.2,-29.5085109809749,29.000000000001));
#8022=CARTESIAN_POINT('',(-83.2,-29.5085109809749,32.));
#8023=CARTESIAN_POINT('',(-83.2,-29.5085109809749,29.000000000001));
#8024=CARTESIAN_POINT('',(-84.0000000000001,-29.5085109809749,29.0000000000011));
#8025=CARTESIAN_POINT('',(-84.8000000000001,-29.5085109809749,29.0000000000011));
#8026=CARTESIAN_POINT('',(-85.2,-29.1085109809749,29.0000000000011));
#8027=CARTESIAN_POINT('',(-85.2,-28.3085109809749,29.0000000000012));
#8028=CARTESIAN_POINT('',(-85.2,-27.5085109809749,29.0000000000013));
#8029=CARTESIAN_POINT('',(-83.2,-29.5085109809749,32.));
#8030=CARTESIAN_POINT('',(-84.,-29.5085109809749,32.));
#8031=CARTESIAN_POINT('',(-84.8,-29.5085109809749,32.));
#8032=CARTESIAN_POINT('',(-85.2,-29.1085109809749,31.9999999999999));
#8033=CARTESIAN_POINT('',(-85.2,-28.3085109809749,31.9999999999999));
#8034=CARTESIAN_POINT('',(-85.2,-27.5085109809749,32.));
#8035=CARTESIAN_POINT('',(-86.8,-27.508510980975,29.0000000000019));
#8036=CARTESIAN_POINT('',(-86.8,-28.308510980975,29.0000000000019));
#8037=CARTESIAN_POINT('',(-86.8,-29.108510980975,29.000000000002));
#8038=CARTESIAN_POINT('',(-87.2000000000001,-29.5085109809749,29.0000000000021));
#8039=CARTESIAN_POINT('',(-88.,-29.5085109809749,29.0000000000022));
#8040=CARTESIAN_POINT('',(-88.8,-29.5085109809749,29.0000000000022));
#8041=CARTESIAN_POINT('',(-86.8,-27.508510980975,32.));
#8042=CARTESIAN_POINT('',(-86.8,-28.308510980975,32.));
#8043=CARTESIAN_POINT('',(-86.8,-29.108510980975,32.));
#8044=CARTESIAN_POINT('',(-87.2000000000001,-29.5085109809749,32.));
#8045=CARTESIAN_POINT('',(-88.,-29.5085109809749,32.));
#8046=CARTESIAN_POINT('',(-88.8,-29.5085109809749,32.));
#8047=CARTESIAN_POINT('',(-85.2,2.80000000000002,29.0000000000017));
#8048=CARTESIAN_POINT('',(-85.2,27.508510980975,29.0000000000016));
#8049=CARTESIAN_POINT('',(-85.2,2.80000000000001,32.));
#8050=CARTESIAN_POINT('',(-85.2,27.508510980975,32.));
#8051=CARTESIAN_POINT('',(-88.8,0.799999999999996,29.0000000000018));
#8052=CARTESIAN_POINT('',(-111.4,0.8,29.000000000003));
#8053=CARTESIAN_POINT('',(-88.8,0.799999999999996,32.));
#8054=CARTESIAN_POINT('',(-111.4,0.8,32.));
#8055=CARTESIAN_POINT('',(-83.2,-0.800000000000002,29.0000000000017));
#8056=CARTESIAN_POINT('',(-60.6,-0.8,29.0000000000005));
#8057=CARTESIAN_POINT('',(-83.2,-0.799999999999999,32.));
#8058=CARTESIAN_POINT('',(-60.6,-0.8,32.));
#8059=CARTESIAN_POINT('',(-83.2,-0.800000000000002,29.0000000000017));
#8060=CARTESIAN_POINT('',(-83.2,-0.799999999999999,32.));
#8061=CARTESIAN_POINT('',(-88.8,0.799999999999996,29.0000000000018));
#8062=CARTESIAN_POINT('',(-88.8,0.799999999999996,32.));
#8063=CARTESIAN_POINT('',(-83.2,0.800000000000002,32.));
#8064=CARTESIAN_POINT('',(-83.2,0.800000000000002,29.0000000000017));
#8065=CARTESIAN_POINT('',(-86.8,2.8,29.0000000000017));
#8066=CARTESIAN_POINT('',(-86.8,2.80000000000001,32.));
#8067=CARTESIAN_POINT('',(-85.2,2.80000000000001,32.));
#8068=CARTESIAN_POINT('',(-85.2,2.80000000000002,29.0000000000017));
#8069=CARTESIAN_POINT('',(-85.2,-2.79999999999999,29.0000000000017));
#8070=CARTESIAN_POINT('',(-85.2,-2.79999999999999,32.));
#8071=CARTESIAN_POINT('',(-85.2,-2.79999999999999,29.0000000000017));
#8072=CARTESIAN_POINT('',(-85.2,-1.99999999999998,29.0000000000017));
#8073=CARTESIAN_POINT('',(-85.2,-1.19999999999997,29.0000000000017));
#8074=CARTESIAN_POINT('',(-84.8,-0.80000000000001,29.0000000000017));
#8075=CARTESIAN_POINT('',(-84.,-0.800000000000006,29.0000000000017));
#8076=CARTESIAN_POINT('',(-83.2,-0.800000000000002,29.0000000000017));
#8077=CARTESIAN_POINT('',(-85.2,-2.79999999999999,32.));
#8078=CARTESIAN_POINT('',(-85.2,-1.99999999999998,32.));
#8079=CARTESIAN_POINT('',(-85.2,-1.19999999999997,32.));
#8080=CARTESIAN_POINT('',(-84.8,-0.800000000000007,32.));
#8081=CARTESIAN_POINT('',(-84.,-0.800000000000003,32.));
#8082=CARTESIAN_POINT('',(-83.2,-0.799999999999999,32.));
#8083=CARTESIAN_POINT('',(-83.2,0.800000000000002,29.0000000000017));
#8084=CARTESIAN_POINT('',(-84.0000000000001,0.799999999999994,29.0000000000017));
#8085=CARTESIAN_POINT('',(-84.8000000000001,0.799999999999986,29.0000000000017));
#8086=CARTESIAN_POINT('',(-85.2,1.20000000000007,29.0000000000017));
#8087=CARTESIAN_POINT('',(-85.2,2.00000000000004,29.0000000000017));
#8088=CARTESIAN_POINT('',(-85.2,2.80000000000002,29.0000000000017));
#8089=CARTESIAN_POINT('',(-83.2,0.800000000000002,32.));
#8090=CARTESIAN_POINT('',(-84.0000000000001,0.799999999999994,32.));
#8091=CARTESIAN_POINT('',(-84.8000000000001,0.799999999999985,32.));
#8092=CARTESIAN_POINT('',(-85.2,1.20000000000007,32.));
#8093=CARTESIAN_POINT('',(-85.2,2.00000000000004,32.));
#8094=CARTESIAN_POINT('',(-85.2,2.80000000000001,32.));
#8095=CARTESIAN_POINT('',(-86.8,2.8,29.0000000000017));
#8096=CARTESIAN_POINT('',(-86.8,2.00000000000001,29.0000000000018));
#8097=CARTESIAN_POINT('',(-86.8,1.20000000000003,29.0000000000018));
#8098=CARTESIAN_POINT('',(-87.2,0.799999999999992,29.0000000000018));
#8099=CARTESIAN_POINT('',(-88.,0.799999999999994,29.0000000000018));
#8100=CARTESIAN_POINT('',(-88.8,0.799999999999996,29.0000000000018));
#8101=CARTESIAN_POINT('',(-86.8,2.80000000000001,32.));
#8102=CARTESIAN_POINT('',(-86.8,2.00000000000002,32.));
#8103=CARTESIAN_POINT('',(-86.8,1.20000000000003,32.));
#8104=CARTESIAN_POINT('',(-87.2,0.799999999999996,32.));
#8105=CARTESIAN_POINT('',(-88.,0.799999999999996,32.));
#8106=CARTESIAN_POINT('',(-88.8,0.799999999999996,32.));
#8107=CARTESIAN_POINT('',(-86.8,-2.80000000000001,29.0000000000017));
#8108=CARTESIAN_POINT('',(-86.8,-27.508510980975,29.0000000000019));
#8109=CARTESIAN_POINT('',(-86.8,-2.79999999999999,32.));
#8110=CARTESIAN_POINT('',(-86.8,-27.508510980975,32.));
#8111=CARTESIAN_POINT('',(-88.8,-0.799999999999996,32.));
#8112=CARTESIAN_POINT('',(-88.8,-0.799999999999996,29.0000000000018));
#8113=CARTESIAN_POINT('',(-86.8,-2.79999999999999,32.));
#8114=CARTESIAN_POINT('',(-86.8,-2.80000000000001,29.0000000000017));
#8115=CARTESIAN_POINT('',(-88.8,-0.799999999999996,29.0000000000018));
#8116=CARTESIAN_POINT('',(-88.,-0.799999999999996,29.0000000000018));
#8117=CARTESIAN_POINT('',(-87.2,-0.799999999999997,29.0000000000018));
#8118=CARTESIAN_POINT('',(-86.8,-1.20000000000001,29.0000000000018));
#8119=CARTESIAN_POINT('',(-86.8,-2.00000000000001,29.0000000000018));
#8120=CARTESIAN_POINT('',(-86.8,-2.80000000000001,29.0000000000017));
#8121=CARTESIAN_POINT('',(-88.8,-0.799999999999996,32.));
#8122=CARTESIAN_POINT('',(-88.,-0.799999999999993,32.));
#8123=CARTESIAN_POINT('',(-87.2,-0.799999999999989,32.));
#8124=CARTESIAN_POINT('',(-86.8,-1.2,32.));
#8125=CARTESIAN_POINT('',(-86.8,-1.99999999999999,32.));
#8126=CARTESIAN_POINT('',(-86.8,-2.79999999999999,32.));
#8127=CARTESIAN_POINT('',(-57.2,-20.,28.));
#8128=CARTESIAN_POINT('',(-57.2,20.,28.));
#8129=CARTESIAN_POINT('',(-116.,-20.,29.2));
#8130=CARTESIAN_POINT('',(-116.,-20.,28.2));
#8131=CARTESIAN_POINT('',(-116.,20.,29.2));
#8132=CARTESIAN_POINT('',(-116.,20.,28.2));
#8133=CARTESIAN_POINT('',(-114.8,-20.,28.));
#8134=CARTESIAN_POINT('',(-114.8,20.,28.));
#8135=CARTESIAN_POINT('',(-57.,-20.,28.2));
#8136=CARTESIAN_POINT('',(-56.0585786437627,-20.,29.1414213562373));
#8137=CARTESIAN_POINT('',(-56.,-20.,28.2));
#8138=CARTESIAN_POINT('',(-56.,-20.,29.2));
#8139=CARTESIAN_POINT('',(-56.,-20.2,28.));
#8140=CARTESIAN_POINT('',(-56.,-34.9999999999999,28.));
#8141=CARTESIAN_POINT('',(-57.2,-20.,28.));
#8142=CARTESIAN_POINT('',(-57.2,-20.2,28.));
#8143=CARTESIAN_POINT('',(-56.,-20.,28.2));
#8144=CARTESIAN_POINT('',(-57.,-20.,28.2));
#8145=CARTESIAN_POINT('',(-56.,-20.2,28.));
#8146=CARTESIAN_POINT('',(-57.2,-20.2,28.));
#8147=CARTESIAN_POINT('',(-56.,-20.,28.2));
#8148=CARTESIAN_POINT('',(-56.,-20.,28.12));
#8149=CARTESIAN_POINT('',(-56.,-20.,28.04));
#8150=CARTESIAN_POINT('',(-56.,-20.04,28.));
#8151=CARTESIAN_POINT('',(-56.,-20.12,28.));
#8152=CARTESIAN_POINT('',(-56.,-20.2,28.));
#8153=CARTESIAN_POINT('',(-57.2,-20.2,28.));
#8154=CARTESIAN_POINT('',(-57.2,-20.185355885371,28.));
#8155=CARTESIAN_POINT('',(-57.1999956505864,-20.1569247822841,28.0000043494136));
#8156=CARTESIAN_POINT('',(-57.1971930792458,-20.1159221349451,28.0028069207542));
#8157=CARTESIAN_POINT('',(-57.1891110228612,-20.0786716476281,28.0108889771388));
#8158=CARTESIAN_POINT('',(-57.1734248395109,-20.0473939181776,28.0265751604891));
#8159=CARTESIAN_POINT('',(-57.1497944735644,-20.024699193686,28.0502055264355));
#8160=CARTESIAN_POINT('',(-57.1195109914798,-20.0104075037781,28.0804890085202));
#8161=CARTESIAN_POINT('',(-57.0834996006688,-20.0027612301429,28.1165003993313));
#8162=CARTESIAN_POINT('',(-57.0429967441649,-20.0000049310262,28.157003255835));
#8163=CARTESIAN_POINT('',(-57.0146425863732,-20.,28.1853574136268));
#8164=CARTESIAN_POINT('',(-57.,-20.,28.2));
#8165=CARTESIAN_POINT('',(-57.,20.,28.2));
#8166=CARTESIAN_POINT('',(-56.0585786437627,20.,29.1414213562373));
#8167=CARTESIAN_POINT('',(-56.,20.,28.2));
#8168=CARTESIAN_POINT('',(-56.,20.,29.2));
#8169=CARTESIAN_POINT('',(-57.2,20.2,28.));
#8170=CARTESIAN_POINT('',(-57.2,20.,28.));
#8171=CARTESIAN_POINT('',(-56.,20.,28.2));
#8172=CARTESIAN_POINT('',(-57.,20.,28.2));
#8173=CARTESIAN_POINT('',(-56.,20.2,28.));
#8174=CARTESIAN_POINT('',(-57.2,20.2,28.));
#8175=CARTESIAN_POINT('',(-56.,20.2,28.));
#8176=CARTESIAN_POINT('',(-56.,20.12,28.));
#8177=CARTESIAN_POINT('',(-56.,20.04,28.));
#8178=CARTESIAN_POINT('',(-56.,20.,28.04));
#8179=CARTESIAN_POINT('',(-56.,20.,28.12));
#8180=CARTESIAN_POINT('',(-56.,20.,28.2));
#8181=CARTESIAN_POINT('',(-57.,20.,28.2));
#8182=CARTESIAN_POINT('',(-57.0146425863732,20.,28.1853574136268));
#8183=CARTESIAN_POINT('',(-57.0429967441649,20.0000049310262,28.157003255835));
#8184=CARTESIAN_POINT('',(-57.0834996006687,20.0027612301429,28.1165003993312));
#8185=CARTESIAN_POINT('',(-57.1195109914798,20.0104075037781,28.0804890085202));
#8186=CARTESIAN_POINT('',(-57.1497944735644,20.024699193686,28.0502055264355));
#8187=CARTESIAN_POINT('',(-57.1734248395109,20.0473939181777,28.0265751604891));
#8188=CARTESIAN_POINT('',(-57.1891110228612,20.0786716476282,28.0108889771388));
#8189=CARTESIAN_POINT('',(-57.1971930792458,20.1159221349451,28.0028069207541));
#8190=CARTESIAN_POINT('',(-57.1999956505864,20.1569247822841,28.0000043494136));
#8191=CARTESIAN_POINT('',(-57.2,20.185355885371,28.));
#8192=CARTESIAN_POINT('',(-57.2,20.2,28.));
#8193=CARTESIAN_POINT('',(-116.,20.2,28.));
#8194=CARTESIAN_POINT('',(-116.,35.,28.));
#8195=CARTESIAN_POINT('',(-114.8,-20.2,28.));
#8196=CARTESIAN_POINT('',(-114.8,-20.,28.));
#8197=CARTESIAN_POINT('',(-114.8,20.,28.));
#8198=CARTESIAN_POINT('',(-114.8,20.2,28.));
#8199=CARTESIAN_POINT('',(-115.,-20.,28.2));
#8200=CARTESIAN_POINT('',(-116.,-20.,28.2));
#8201=CARTESIAN_POINT('',(-115.,20.,28.2));
#8202=CARTESIAN_POINT('',(-116.,20.,28.2));
#8203=CARTESIAN_POINT('',(-114.8,20.2,28.));
#8204=CARTESIAN_POINT('',(-116.,20.2,28.));
#8205=CARTESIAN_POINT('',(-114.8,-20.2,28.));
#8206=CARTESIAN_POINT('',(-116.,-20.2,28.));
#8207=CARTESIAN_POINT('',(-116.,-20.2,28.));
#8208=CARTESIAN_POINT('',(-116.,-20.12,28.));
#8209=CARTESIAN_POINT('',(-116.,-20.04,28.));
#8210=CARTESIAN_POINT('',(-116.,-20.,28.04));
#8211=CARTESIAN_POINT('',(-116.,-20.,28.12));
#8212=CARTESIAN_POINT('',(-116.,-20.,28.2));
#8213=CARTESIAN_POINT('',(-115.,-20.,28.2));
#8214=CARTESIAN_POINT('',(-114.985357413627,-20.,28.1853574136268));
#8215=CARTESIAN_POINT('',(-114.957003255835,-20.0000049310262,28.1570032558351));
#8216=CARTESIAN_POINT('',(-114.916500399331,-20.0027612301429,28.1165003993312));
#8217=CARTESIAN_POINT('',(-114.88048900852,-20.0104075037781,28.0804890085202));
#8218=CARTESIAN_POINT('',(-114.850205526435,-20.024699193686,28.0502055264355));
#8219=CARTESIAN_POINT('',(-114.826575160489,-20.0473939181777,28.0265751604891));
#8220=CARTESIAN_POINT('',(-114.810888977139,-20.0786716476281,28.0108889771388));
#8221=CARTESIAN_POINT('',(-114.802806920754,-20.1159221349451,28.0028069207542));
#8222=CARTESIAN_POINT('',(-114.800004349413,-20.1569247822841,28.0000043494136));
#8223=CARTESIAN_POINT('',(-114.8,-20.185355885371,28.));
#8224=CARTESIAN_POINT('',(-114.8,-20.2,28.));
#8225=CARTESIAN_POINT('',(-116.,20.,28.2));
#8226=CARTESIAN_POINT('',(-116.,20.,28.12));
#8227=CARTESIAN_POINT('',(-116.,20.,28.04));
#8228=CARTESIAN_POINT('',(-116.,20.04,28.));
#8229=CARTESIAN_POINT('',(-116.,20.12,28.));
#8230=CARTESIAN_POINT('',(-116.,20.2,28.));
#8231=CARTESIAN_POINT('',(-114.8,20.2,28.));
#8232=CARTESIAN_POINT('',(-114.8,20.185355885371,28.));
#8233=CARTESIAN_POINT('',(-114.800004349414,20.1569247822841,28.0000043494136));
#8234=CARTESIAN_POINT('',(-114.802806920754,20.1159221349451,28.0028069207541));
#8235=CARTESIAN_POINT('',(-114.810888977139,20.0786716476281,28.0108889771388));
#8236=CARTESIAN_POINT('',(-114.826575160489,20.0473939181776,28.0265751604891));
#8237=CARTESIAN_POINT('',(-114.850205526436,20.024699193686,28.0502055264356));
#8238=CARTESIAN_POINT('',(-114.88048900852,20.0104075037781,28.0804890085202));
#8239=CARTESIAN_POINT('',(-114.916500399331,20.0027612301429,28.1165003993313));
#8240=CARTESIAN_POINT('',(-114.957003255835,20.0000049310262,28.1570032558351));
#8241=CARTESIAN_POINT('',(-114.985357413627,20.,28.1853574136268));
#8242=CARTESIAN_POINT('',(-115.,20.,28.2));
#8243=CARTESIAN_POINT('',(-115.941421356237,-20.,29.1414213562373));
#8244=CARTESIAN_POINT('',(-115.,-20.,28.2));
#8245=CARTESIAN_POINT('',(-115.941421356237,20.,29.1414213562373));
#8246=CARTESIAN_POINT('',(-115.,20.,28.2));
#8247=CARTESIAN_POINT('',(-116.,-20.,29.2));
#8248=CARTESIAN_POINT('',(-116.,-20.,29.2828427124746));
#8249=CARTESIAN_POINT('',(-116.,20.,29.2));
#8250=CARTESIAN_POINT('',(-116.,20.,29.2828427124747));
#8251=CARTESIAN_POINT('',(-115.941421356237,-20.,29.1414213562373));
#8252=CARTESIAN_POINT('',(-115.941421356237,20.,29.1414213562373));
#8253=CARTESIAN_POINT('',(-116.,-20.,29.2828427124746));
#8254=CARTESIAN_POINT('',(-116.,20.,29.2828427124747));
#8255=CARTESIAN_POINT('',(-116.,-20.,29.2828427124746));
#8256=CARTESIAN_POINT('',(-116.,-20.,29.2497056274848));
#8257=CARTESIAN_POINT('',(-116.,-20.,29.2165685424949));
#8258=CARTESIAN_POINT('',(-115.988284271247,-20.,29.1882842712475));
#8259=CARTESIAN_POINT('',(-115.964852813742,-20.,29.1648528137424));
#8260=CARTESIAN_POINT('',(-115.941421356237,-20.,29.1414213562373));
#8261=CARTESIAN_POINT('',(-116.,20.,29.2828427124747));
#8262=CARTESIAN_POINT('',(-116.,20.,29.2497056274848));
#8263=CARTESIAN_POINT('',(-116.,20.,29.2165685424949));
#8264=CARTESIAN_POINT('',(-115.988284271247,20.,29.1882842712475));
#8265=CARTESIAN_POINT('',(-115.964852813742,20.,29.1648528137424));
#8266=CARTESIAN_POINT('',(-115.941421356237,20.,29.1414213562373));
#8267=CARTESIAN_POINT('',(-56.,-20.,29.2828427124746));
#8268=CARTESIAN_POINT('',(-56.,-20.,29.2));
#8269=CARTESIAN_POINT('',(-56.,20.,29.2828427124746));
#8270=CARTESIAN_POINT('',(-56.,20.,29.2));
#8271=CARTESIAN_POINT('',(-56.0585786437627,20.,29.1414213562373));
#8272=CARTESIAN_POINT('',(-56.0585786437627,-20.,29.1414213562373));
#8273=CARTESIAN_POINT('',(-56.,20.,29.2828427124746));
#8274=CARTESIAN_POINT('',(-56.,-20.,29.2828427124746));
#8275=CARTESIAN_POINT('',(-56.0585786437627,-20.,29.1414213562373));
#8276=CARTESIAN_POINT('',(-56.0351471862577,-20.,29.1648528137423));
#8277=CARTESIAN_POINT('',(-56.0117157287526,-20.,29.1882842712474));
#8278=CARTESIAN_POINT('',(-56.,-20.,29.2165685424949));
#8279=CARTESIAN_POINT('',(-56.,-20.,29.2497056274847));
#8280=CARTESIAN_POINT('',(-56.,-20.,29.2828427124746));
#8281=CARTESIAN_POINT('',(-56.0585786437627,20.,29.1414213562373));
#8282=CARTESIAN_POINT('',(-56.0351471862576,20.,29.1648528137423));
#8283=CARTESIAN_POINT('',(-56.0117157287526,20.,29.1882842712474));
#8284=CARTESIAN_POINT('',(-56.,20.,29.2165685424949));
#8285=CARTESIAN_POINT('',(-56.,20.,29.2497056274847));
#8286=CARTESIAN_POINT('',(-56.,20.,29.2828427124746));
#8287=CARTESIAN_POINT('',(28.8,-19.8068535938088,24.));
#8288=CARTESIAN_POINT('',(30.,20.0068535938088,24.7171572875253));
#8289=CARTESIAN_POINT('',(30.,-20.0068535938088,24.7171572875253));
#8290=CARTESIAN_POINT('',(30.,20.0068535938088,24.9102943725152));
#8291=CARTESIAN_POINT('',(30.,-20.0068535938088,24.9102943725152));
#8292=CARTESIAN_POINT('',(30.,20.0068535938088,25.103431457505));
#8293=CARTESIAN_POINT('',(30.,-20.0068535938088,25.103431457505));
#8294=CARTESIAN_POINT('',(29.9317157287525,20.0068535938088,25.1317157287525));
#8295=CARTESIAN_POINT('',(29.9317157287525,-20.0068535938088,25.1317157287525));
#8296=CARTESIAN_POINT('',(29.7951471862576,20.0068535938088,24.9951471862576));
#8297=CARTESIAN_POINT('',(29.7951471862576,-20.0068535938088,24.9951471862576));
#8298=CARTESIAN_POINT('',(29.6585786437627,20.0068535938088,24.8585786437626));
#8299=CARTESIAN_POINT('',(29.6585786437627,-20.0068535938088,24.8585786437626));
#8300=CARTESIAN_POINT('',(-30.,-19.8068535938088,25.2));
#8301=CARTESIAN_POINT('',(-30.,-20.0068535938088,24.7171572875254));
#8302=CARTESIAN_POINT('',(-30.,20.0068535938088,24.7171572875254));
#8303=CARTESIAN_POINT('',(-30.,-20.0068535938088,24.9102943725153));
#8304=CARTESIAN_POINT('',(-30.,20.0068535938088,24.9102943725153));
#8305=CARTESIAN_POINT('',(-30.,-20.0068535938088,25.1034314575051));
#8306=CARTESIAN_POINT('',(-30.,20.0068535938088,25.1034314575051));
#8307=CARTESIAN_POINT('',(-29.9317157287525,-20.0068535938088,25.1317157287525));
#8308=CARTESIAN_POINT('',(-29.9317157287526,20.0068535938088,25.1317157287526));
#8309=CARTESIAN_POINT('',(-29.7951471862576,-20.0068535938088,24.9951471862576));
#8310=CARTESIAN_POINT('',(-29.7951471862577,20.0068535938088,24.9951471862577));
#8311=CARTESIAN_POINT('',(-29.6585786437627,-20.0068535938088,24.8585786437627));
#8312=CARTESIAN_POINT('',(-29.6585786437627,20.0068535938088,24.8585786437627));
#8313=CARTESIAN_POINT('',(-4.0800000000002,45.3770115905445,13.));
#8314=CARTESIAN_POINT('',(20.,35.,8.));
#8315=CARTESIAN_POINT('',(-20.,35.,8.));
#8316=CARTESIAN_POINT('',(5.06270198034811,47.0000000000001,24.));
#8317=CARTESIAN_POINT('',(5.06270198034811,41.,24.));
#8318=CARTESIAN_POINT('',(4.2627019803481,47.0000000000001,24.));
#8319=CARTESIAN_POINT('',(4.2627019803481,41.,24.));
#8320=CARTESIAN_POINT('',(3.46270198034809,47.0000000000001,24.));
#8321=CARTESIAN_POINT('',(3.46270198034809,41.,24.));
#8322=CARTESIAN_POINT('',(3.06270198034811,47.,23.6));
#8323=CARTESIAN_POINT('',(3.06270198034811,40.9999999999999,23.6));
#8324=CARTESIAN_POINT('',(3.06270198034811,47.,22.8));
#8325=CARTESIAN_POINT('',(3.06270198034811,40.9999999999999,22.8));
#8326=CARTESIAN_POINT('',(3.06270198034811,47.,22.));
#8327=CARTESIAN_POINT('',(3.06270198034811,40.9999999999999,22.));
#8328=CARTESIAN_POINT('',(-5.06270198034842,40.9999999999999,24.));
#8329=CARTESIAN_POINT('',(-5.06270198034842,47.,24.));
#8330=CARTESIAN_POINT('',(-4.26270198034844,40.9999999999999,24.));
#8331=CARTESIAN_POINT('',(-4.26270198034841,47.,24.));
#8332=CARTESIAN_POINT('',(-3.46270198034843,40.9999999999999,24.));
#8333=CARTESIAN_POINT('',(-3.46270198034843,47.,24.));
#8334=CARTESIAN_POINT('',(-3.06270198034845,41.,23.6));
#8335=CARTESIAN_POINT('',(-3.06270198034842,47.,23.6));
#8336=CARTESIAN_POINT('',(-3.06270198034845,41.,22.8));
#8337=CARTESIAN_POINT('',(-3.06270198034842,47.,22.8));
#8338=CARTESIAN_POINT('',(-3.06270198034845,41.,22.));
#8339=CARTESIAN_POINT('',(-3.06270198034842,47.,22.));
#8340=CARTESIAN_POINT('',(-3.06270198034842,45.3770115905445,12.));
#8341=CARTESIAN_POINT('',(3.06270198034811,41.2298840945546,12.));
#8342=CARTESIAN_POINT('',(20.,35.,16.));
#8343=CARTESIAN_POINT('',(-20.,35.,16.));
#8344=CARTESIAN_POINT('',(20.,45.,2.48));
#8345=CARTESIAN_POINT('',(19.1111111111112,43.,3.99999999999991));
#8346=CARTESIAN_POINT('',(-4.18393047311741,38.2270487385156,21.9971222918161));
#8347=CARTESIAN_POINT('',(-2.96897217838334,41.5591676301585,12.));
#8348=CARTESIAN_POINT('',(3.99999999999982,37.9370487385151,12.));
#8349=CARTESIAN_POINT('',(-6.00000000000001,43.6599995058104,21.9971222918161));
#8350=CARTESIAN_POINT('',(4.19229173574807,39.6272332091813,19.8000388646586));
#8351=CARTESIAN_POINT('',(-3.90428718401749,39.3272332091813,19.8000388646586));
#8352=CARTESIAN_POINT('',(-3.90428718401749,39.4472332091813,19.8000388646586));
#8353=CARTESIAN_POINT('',(-3.90428718401749,39.5672332091814,19.8000388646586));
#8354=CARTESIAN_POINT('',(-3.90428718401749,39.6272332091813,19.7400388646586));
#8355=CARTESIAN_POINT('',(-3.90428718401749,39.6272332091813,19.6200388646586));
#8356=CARTESIAN_POINT('',(-3.90428718401749,39.6272332091813,19.5000388646586));
#8357=CARTESIAN_POINT('',(3.904287184017,39.3272332091813,19.8000388646586));
#8358=CARTESIAN_POINT('',(3.904287184017,39.4472332091813,19.8000388646586));
#8359=CARTESIAN_POINT('',(3.904287184017,39.5672332091813,19.8000388646586));
#8360=CARTESIAN_POINT('',(3.904287184017,39.6272332091813,19.7400388646586));
#8361=CARTESIAN_POINT('',(3.904287184017,39.6272332091813,19.6200388646586));
#8362=CARTESIAN_POINT('',(3.904287184017,39.6272332091813,19.5000388646586));
#8363=CARTESIAN_POINT('',(-7.20000000000003,40.4947408496149,3.3));
#8364=CARTESIAN_POINT('',(-4.00000000000002,35.972138483132,23.9508188633094));
#8365=CARTESIAN_POINT('',(5.99999999999999,37.9258350546253,24.3786853220736));
#8366=CARTESIAN_POINT('',(-4.0800000000002,-45.3770115905445,13.));
#8367=CARTESIAN_POINT('',(20.,-35.,8.));
#8368=CARTESIAN_POINT('',(-20.,-35.,8.));
#8369=CARTESIAN_POINT('',(5.06270198034811,-47.0000000000001,24.));
#8370=CARTESIAN_POINT('',(4.2627019803481,-47.0000000000001,24.));
#8371=CARTESIAN_POINT('',(3.46270198034809,-47.0000000000001,24.));
#8372=CARTESIAN_POINT('',(3.06270198034811,-47.,23.6));
#8373=CARTESIAN_POINT('',(3.06270198034811,-47.,22.8));
#8374=CARTESIAN_POINT('',(3.06270198034811,-47.,22.));
#8375=CARTESIAN_POINT('',(5.06270198034811,-41.,24.));
#8376=CARTESIAN_POINT('',(4.2627019803481,-41.,24.));
#8377=CARTESIAN_POINT('',(3.46270198034809,-41.,24.));
#8378=CARTESIAN_POINT('',(3.06270198034811,-40.9999999999999,23.6));
#8379=CARTESIAN_POINT('',(3.06270198034811,-40.9999999999999,22.8));
#8380=CARTESIAN_POINT('',(3.06270198034811,-40.9999999999999,22.));
#8381=CARTESIAN_POINT('',(-5.06270198034842,-40.9999999999999,24.));
#8382=CARTESIAN_POINT('',(-4.26270198034844,-40.9999999999999,24.));
#8383=CARTESIAN_POINT('',(-3.46270198034843,-40.9999999999999,24.));
#8384=CARTESIAN_POINT('',(-3.06270198034845,-41.,23.6));
#8385=CARTESIAN_POINT('',(-3.06270198034845,-41.,22.8));
#8386=CARTESIAN_POINT('',(-3.06270198034845,-41.,22.));
#8387=CARTESIAN_POINT('',(-5.06270198034842,-47.,24.));
#8388=CARTESIAN_POINT('',(-4.26270198034841,-47.,24.));
#8389=CARTESIAN_POINT('',(-3.46270198034843,-47.,24.));
#8390=CARTESIAN_POINT('',(-3.06270198034842,-47.,23.6));
#8391=CARTESIAN_POINT('',(-3.06270198034842,-47.,22.8));
#8392=CARTESIAN_POINT('',(-3.06270198034842,-47.,22.));
#8393=CARTESIAN_POINT('',(-3.06270198034842,-45.3770115905445,12.));
#8394=CARTESIAN_POINT('',(3.06270198034811,-41.2298840945546,12.));
#8395=CARTESIAN_POINT('',(20.,-35.,16.));
#8396=CARTESIAN_POINT('',(-20.,-35.,16.));
#8397=CARTESIAN_POINT('',(20.,-45.,2.48));
#8398=CARTESIAN_POINT('',(19.1111111111112,-43.,3.99999999999991));
#8399=CARTESIAN_POINT('',(-4.18393047311741,-38.2270487385156,21.9971222918161));
#8400=CARTESIAN_POINT('',(-2.96897217838334,-41.5591676301585,12.));
#8401=CARTESIAN_POINT('',(3.99999999999982,-37.9370487385151,12.));
#8402=CARTESIAN_POINT('',(-6.00000000000001,-43.6599995058104,21.9971222918161));
#8403=CARTESIAN_POINT('',(4.19229173574807,-39.6272332091813,19.8000388646586));
#8404=CARTESIAN_POINT('',(-3.90428718401749,-39.3272332091813,19.8000388646586));
#8405=CARTESIAN_POINT('',(3.904287184017,-39.3272332091813,19.8000388646586));
#8406=CARTESIAN_POINT('',(-3.90428718401749,-39.4472332091813,19.8000388646586));
#8407=CARTESIAN_POINT('',(3.904287184017,-39.4472332091813,19.8000388646586));
#8408=CARTESIAN_POINT('',(-3.90428718401749,-39.5672332091814,19.8000388646586));
#8409=CARTESIAN_POINT('',(3.904287184017,-39.5672332091813,19.8000388646586));
#8410=CARTESIAN_POINT('',(-3.90428718401749,-39.6272332091813,19.7400388646586));
#8411=CARTESIAN_POINT('',(3.904287184017,-39.6272332091813,19.7400388646586));
#8412=CARTESIAN_POINT('',(-3.90428718401749,-39.6272332091813,19.6200388646586));
#8413=CARTESIAN_POINT('',(3.904287184017,-39.6272332091813,19.6200388646586));
#8414=CARTESIAN_POINT('',(-3.90428718401749,-39.6272332091813,19.5000388646586));
#8415=CARTESIAN_POINT('',(3.904287184017,-39.6272332091813,19.5000388646586));
#8416=CARTESIAN_POINT('',(-7.20000000000003,-40.4947408496149,3.3));
#8417=CARTESIAN_POINT('',(-4.00000000000002,-35.972138483132,23.9508188633094));
#8418=CARTESIAN_POINT('',(5.99999999999999,-37.9258350546253,24.3786853220736));
#8419=CARTESIAN_POINT('',(-36.0000000000001,49.5000000000001,2.8));
#8420=CARTESIAN_POINT('',(30.,35.,2.48));
#8421=CARTESIAN_POINT('',(-30.,-35.,2.48));
#8422=CARTESIAN_POINT('',(28.8,-34.6461699333284,4.));
#8423=CARTESIAN_POINT('',(19.6461699333284,34.6461699333283,27.));
#8424=CARTESIAN_POINT('',(19.6461699333284,43.8,4.));
#8425=CARTESIAN_POINT('',(5.99999999999997,43.8,4.));
#8426=CARTESIAN_POINT('',(-6.00000000000001,38.4474057810873,4.));
#8427=CARTESIAN_POINT('',(-6.00000000000001,43.8,4.));
#8428=CARTESIAN_POINT('',(-19.6461699333284,34.6461699333284,27.));
#8429=CARTESIAN_POINT('',(-28.8,34.6461699333284,4.));
#8430=CARTESIAN_POINT('',(-19.6461699333284,-34.6461699333284,27.));
#8431=CARTESIAN_POINT('',(-19.6461699333284,-43.8,4.));
#8432=CARTESIAN_POINT('',(-6.00000000000001,-43.8,4.));
#8433=CARTESIAN_POINT('',(5.99999999999999,-38.4474057810873,4.));
#8434=CARTESIAN_POINT('',(5.99999999999997,-43.8,4.));
#8435=CARTESIAN_POINT('',(19.6461699333284,-34.6461699333284,27.));
#8436=CARTESIAN_POINT('',(-39.,-19.8068535938088,24.));
#8437=CARTESIAN_POINT('',(-39.,-19.,25.));
#8438=CARTESIAN_POINT('',(-39.,19.,27.));
#8439=CARTESIAN_POINT('',(-39.,19.,25.));
#8440=CARTESIAN_POINT('',(-32.4937298019652,-19.7,24.));
#8441=CARTESIAN_POINT('',(-29.376,-44.676,4.));
#8442=CARTESIAN_POINT('',(2.56897217838289,-19.7,24.));
#8443=CARTESIAN_POINT('',(2.56897217838288,19.7000000000001,24.));
#8444=CARTESIAN_POINT('',(-32.4937298019652,47.3,24.));
#8445=CARTESIAN_POINT('',(-4.28881539106119,39.6272332091813,19.8000388646586));
#8446=CARTESIAN_POINT('',(-4.28881539106119,-39.6272332091813,19.8000388646586));
#8447=CARTESIAN_POINT('',(19.1111111111112,43.,3.99999999999991));
#8448=CARTESIAN_POINT('',(-39.,-19.8068535938088,24.));
#8449=CARTESIAN_POINT('',(-39.,-19.,25.));
#8450=CARTESIAN_POINT('',(-39.,19.,27.));
#8451=CARTESIAN_POINT('',(-39.,19.,25.));
#8452=CARTESIAN_POINT('',(30.,-19.8068535938088,24.));
#8453=CARTESIAN_POINT('',(30.,19.8068535938088,24.));
#8454=CARTESIAN_POINT('',(28.8,-19.8068535938088,24.));
#8455=CARTESIAN_POINT('',(28.8,19.8068535938088,24.));
#8456=CARTESIAN_POINT('',(-30.,-19.8068535938088,24.));
#8457=CARTESIAN_POINT('',(-30.,19.8068535938088,24.));
#8458=CARTESIAN_POINT('',(-28.8,-19.8068535938088,24.));
#8459=CARTESIAN_POINT('',(-28.8,19.8068535938088,24.));
#8460=CARTESIAN_POINT('',(-3.06270198034851,41.2298840945546,13.));
#8461=CARTESIAN_POINT('',(-3.06270198034842,45.,13.));
#8462=CARTESIAN_POINT('',(3.06270198034814,45.,13.));
#8463=CARTESIAN_POINT('',(3.06270198034802,41.2298840945546,13.));
#8464=CARTESIAN_POINT('',(3.51889287319007,39.6272332091814,13.));
#8465=CARTESIAN_POINT('',(-3.51889287319058,39.6272332091813,13.));
#8466=CARTESIAN_POINT('',(30.,35.,24.));
#8467=CARTESIAN_POINT('',(20.,45.,24.));
#8468=CARTESIAN_POINT('',(-20.,45.,24.));
#8469=CARTESIAN_POINT('',(-30.,35.,24.));
#8470=CARTESIAN_POINT('',(-6.00000000000001,43.,21.9971222918161));
#8471=CARTESIAN_POINT('',(5.99999999999999,43.,21.9971222918161));
#8472=CARTESIAN_POINT('',(-3.06270198034842,41.2298840945546,21.9971222918161));
#8473=CARTESIAN_POINT('',(3.06270198034811,43.,21.9971222918161));
#8474=CARTESIAN_POINT('',(3.06270198034808,41.2298840945546,21.9971222918161));
#8475=CARTESIAN_POINT('',(-3.06270198034842,43.,21.9971222918161));
#8476=CARTESIAN_POINT('',(5.06270198034808,45.,24.));
#8477=CARTESIAN_POINT('',(-5.06270198034842,43.,24.));
#8478=CARTESIAN_POINT('',(3.06270198034811,45.,22.));
#8479=CARTESIAN_POINT('',(-3.06270198034842,45.,22.));
#8480=CARTESIAN_POINT('',(-3.06270198034842,43.,22.));
#8481=CARTESIAN_POINT('',(3.06270198034811,43.,22.));
#8482=CARTESIAN_POINT('',(-5.06270198034842,45.,24.));
#8483=CARTESIAN_POINT('',(5.06270198034811,43.,24.));
#8484=CARTESIAN_POINT('',(30.,35.,6.));
#8485=CARTESIAN_POINT('',(20.,45.,6.));
#8486=CARTESIAN_POINT('',(-20.,45.,6.));
#8487=CARTESIAN_POINT('',(-30.,35.,6.));
#8488=CARTESIAN_POINT('',(30.,35.,2.8));
#8489=CARTESIAN_POINT('',(20.,45.,2.8));
#8490=CARTESIAN_POINT('',(-20.,45.,2.8));
#8491=CARTESIAN_POINT('',(-30.,35.,2.8));
#8492=CARTESIAN_POINT('',(-3.91745216620083,38.2270487385156,21.9971222918161));
#8493=CARTESIAN_POINT('',(3.91745216620031,38.2270487385156,21.9971222918161));
#8494=CARTESIAN_POINT('',(-3.91745216620073,38.2270487385156,19.8000388646586));
#8495=CARTESIAN_POINT('',(3.91745216620029,38.2270487385156,19.8000388646586));
#8496=CARTESIAN_POINT('',(-3.60428718401749,39.3272332091814,19.8000388646586));
#8497=CARTESIAN_POINT('',(-3.51889287319058,39.6272332091814,19.5000388646586));
#8498=CARTESIAN_POINT('',(3.51889287319008,39.6272332091813,19.5000388646586));
#8499=CARTESIAN_POINT('',(3.604287184017,39.3272332091813,19.8000388646586));
#8500=CARTESIAN_POINT('',(-6.00000000000001,38.4474057810873,21.9971222918161));
#8501=CARTESIAN_POINT('',(-4.00000000000002,36.4000049418962,21.9971222918161));
#8502=CARTESIAN_POINT('',(-4.00000000000001,40.3414383739362,4.));
#8503=CARTESIAN_POINT('',(-6.00000000000002,42.3888392131272,4.));
#8504=CARTESIAN_POINT('',(5.99999999999999,38.4474057810873,21.9971222918161));
#8505=CARTESIAN_POINT('',(3.99999999999999,40.3414383739362,4.00000000000001));
#8506=CARTESIAN_POINT('',(6.,42.3888392131272,3.99999999999999));
#8507=CARTESIAN_POINT('',(3.99999999999999,36.4000049418962,21.9971222918161));
#8508=CARTESIAN_POINT('',(-3.06270198034851,-41.2298840945546,13.));
#8509=CARTESIAN_POINT('',(-3.06270198034842,-45.,13.));
#8510=CARTESIAN_POINT('',(3.06270198034814,-45.,13.));
#8511=CARTESIAN_POINT('',(3.06270198034802,-41.2298840945546,13.));
#8512=CARTESIAN_POINT('',(3.51889287319007,-39.6272332091814,13.));
#8513=CARTESIAN_POINT('',(-3.51889287319058,-39.6272332091813,13.));
#8514=CARTESIAN_POINT('',(30.,-35.,24.));
#8515=CARTESIAN_POINT('',(20.,-45.,24.));
#8516=CARTESIAN_POINT('',(-20.,-45.,24.));
#8517=CARTESIAN_POINT('',(-30.,-35.,24.));
#8518=CARTESIAN_POINT('',(-6.00000000000001,-43.,21.9971222918161));
#8519=CARTESIAN_POINT('',(5.99999999999999,-43.,21.9971222918161));
#8520=CARTESIAN_POINT('',(-3.06270198034842,-41.2298840945546,21.9971222918161));
#8521=CARTESIAN_POINT('',(3.06270198034811,-43.,21.9971222918161));
#8522=CARTESIAN_POINT('',(3.06270198034808,-41.2298840945546,21.9971222918161));
#8523=CARTESIAN_POINT('',(-3.06270198034842,-43.,21.9971222918161));
#8524=CARTESIAN_POINT('',(5.06270198034808,-45.,24.));
#8525=CARTESIAN_POINT('',(-5.06270198034842,-43.,24.));
#8526=CARTESIAN_POINT('',(3.06270198034811,-45.,22.));
#8527=CARTESIAN_POINT('',(-3.06270198034842,-45.,22.));
#8528=CARTESIAN_POINT('',(-3.06270198034842,-43.,22.));
#8529=CARTESIAN_POINT('',(3.06270198034811,-43.,22.));
#8530=CARTESIAN_POINT('',(-5.06270198034842,-45.,24.));
#8531=CARTESIAN_POINT('',(5.06270198034811,-43.,24.));
#8532=CARTESIAN_POINT('',(30.,-35.,6.));
#8533=CARTESIAN_POINT('',(20.,-45.,6.));
#8534=CARTESIAN_POINT('',(-20.,-45.,6.));
#8535=CARTESIAN_POINT('',(-30.,-35.,6.));
#8536=CARTESIAN_POINT('',(30.,-35.,2.8));
#8537=CARTESIAN_POINT('',(20.,-45.,2.8));
#8538=CARTESIAN_POINT('',(-20.,-45.,2.8));
#8539=CARTESIAN_POINT('',(-30.,-35.,2.8));
#8540=CARTESIAN_POINT('',(-3.91745216620083,-38.2270487385156,21.9971222918161));
#8541=CARTESIAN_POINT('',(3.91745216620031,-38.2270487385156,21.9971222918161));
#8542=CARTESIAN_POINT('',(-3.91745216620073,-38.2270487385156,19.8000388646586));
#8543=CARTESIAN_POINT('',(3.91745216620029,-38.2270487385156,19.8000388646586));
#8544=CARTESIAN_POINT('',(-3.60428718401749,-39.3272332091814,19.8000388646586));
#8545=CARTESIAN_POINT('',(-3.51889287319058,-39.6272332091814,19.5000388646586));
#8546=CARTESIAN_POINT('',(3.51889287319008,-39.6272332091813,19.5000388646586));
#8547=CARTESIAN_POINT('',(3.604287184017,-39.3272332091813,19.8000388646586));
#8548=CARTESIAN_POINT('',(-6.00000000000001,-38.4474057810873,21.9971222918161));
#8549=CARTESIAN_POINT('',(-4.00000000000002,-36.4000049418962,21.9971222918161));
#8550=CARTESIAN_POINT('',(-4.00000000000001,-40.3414383739362,4.));
#8551=CARTESIAN_POINT('',(-6.00000000000002,-42.3888392131272,4.));
#8552=CARTESIAN_POINT('',(5.99999999999999,-38.4474057810873,21.9971222918161));
#8553=CARTESIAN_POINT('',(3.99999999999999,-40.3414383739362,4.00000000000001));
#8554=CARTESIAN_POINT('',(6.,-42.3888392131272,3.99999999999999));
#8555=CARTESIAN_POINT('',(3.99999999999999,-36.4000049418962,21.9971222918161));
#8556=CARTESIAN_POINT('',(28.8,-34.6461699333284,4.));
#8557=CARTESIAN_POINT('',(28.8,34.6461699333284,4.));
#8558=CARTESIAN_POINT('',(19.6461699333284,43.8,4.));
#8559=CARTESIAN_POINT('',(5.99999999999999,43.8,4.));
#8560=CARTESIAN_POINT('',(-6.00000000000001,43.8,4.));
#8561=CARTESIAN_POINT('',(-19.6461699333284,43.8,4.));
#8562=CARTESIAN_POINT('',(-28.8,34.6461699333284,4.));
#8563=CARTESIAN_POINT('',(-28.8,-34.6461699333284,4.));
#8564=CARTESIAN_POINT('',(-19.6461699333284,-43.8,4.));
#8565=CARTESIAN_POINT('',(-6.00000000000001,-43.8,4.));
#8566=CARTESIAN_POINT('',(5.99999999999999,-43.8,4.));
#8567=CARTESIAN_POINT('',(19.6461699333284,-43.8,4.));
#8568=CARTESIAN_POINT('',(5.99999999999997,43.,24.));
#8569=CARTESIAN_POINT('',(-6.00000000000001,43.,24.));
#8570=CARTESIAN_POINT('',(5.99999999999997,-43.,24.));
#8571=CARTESIAN_POINT('',(-6.00000000000001,-42.9999999999999,24.));
#8572=CARTESIAN_POINT('',(-6.00000000000001,43.8,24.));
#8573=CARTESIAN_POINT('',(-19.6461699333284,43.8,24.));
#8574=CARTESIAN_POINT('',(-28.8,34.6461699333284,24.));
#8575=CARTESIAN_POINT('',(-28.8,-34.6461699333284,24.));
#8576=CARTESIAN_POINT('',(-19.6461699333284,-43.8,24.));
#8577=CARTESIAN_POINT('',(-6.00000000000001,-43.8,24.));
#8578=CARTESIAN_POINT('',(28.8,-34.6461699333284,24.));
#8579=CARTESIAN_POINT('',(28.8,34.6461699333284,24.));
#8580=CARTESIAN_POINT('',(19.6461699333284,43.8,24.));
#8581=CARTESIAN_POINT('',(5.99999999999997,43.8,24.));
#8582=CARTESIAN_POINT('',(5.99999999999997,-43.8,24.));
#8583=CARTESIAN_POINT('',(19.6461699333284,-43.8,24.));
#8584=CARTESIAN_POINT('',(29.6585786437627,-19.1141063295214,24.8585786437626));
#8585=CARTESIAN_POINT('',(30.,-19.2282126590428,24.7171572875253));
#8586=CARTESIAN_POINT('',(29.9745949886876,-19.,25.));
#8587=CARTESIAN_POINT('',(29.8110105416333,-19.,25.));
#8588=CARTESIAN_POINT('',(-29.6585786437627,-19.1141063295214,24.8585786437627));
#8589=CARTESIAN_POINT('',(-29.9745949886877,-19.,25.));
#8590=CARTESIAN_POINT('',(-30.,-19.2282126590428,24.7171572875254));
#8591=CARTESIAN_POINT('',(-29.8110105416333,-19.,25.));
#8592=CARTESIAN_POINT('',(29.6585786437627,19.1141063295214,24.8585786437626));
#8593=CARTESIAN_POINT('',(29.8110105416333,19.,25.));
#8594=CARTESIAN_POINT('',(29.9745949886876,19.,25.));
#8595=CARTESIAN_POINT('',(30.,19.2282126590428,24.7171572875253));
#8596=CARTESIAN_POINT('',(-29.6585786437627,19.1141063295214,24.8585786437627));
#8597=CARTESIAN_POINT('',(-29.9745949886877,19.,25.));
#8598=CARTESIAN_POINT('',(-29.8110105416333,19.,25.));
#8599=CARTESIAN_POINT('',(-30.,19.2282126590427,24.7171572875254));
#8600=CARTESIAN_POINT('',(28.8,-19.8068535938088,24.));
#8601=CARTESIAN_POINT('',(28.8,19.8068535938088,24.));
#8602=CARTESIAN_POINT('',(28.8,-19.8068535938088,24.));
#8603=CARTESIAN_POINT('',(30.,-19.8068535938088,24.));
#8604=CARTESIAN_POINT('',(28.8,19.8068535938088,24.));
#8605=CARTESIAN_POINT('',(30.,19.8068535938088,24.));
#8606=CARTESIAN_POINT('',(-28.8,-19.8068535938088,24.));
#8607=CARTESIAN_POINT('',(-28.8,19.8068535938088,24.));
#8608=CARTESIAN_POINT('',(-30.,-19.8068535938088,24.));
#8609=CARTESIAN_POINT('',(-28.8,-19.8068535938088,24.));
#8610=CARTESIAN_POINT('',(-30.,19.8068535938088,24.));
#8611=CARTESIAN_POINT('',(-28.8,19.8068535938088,24.));
#8612=CARTESIAN_POINT('',(-3.06270198034851,41.2298840945546,13.));
#8613=CARTESIAN_POINT('',(-3.06270198034842,45.,13.));
#8614=CARTESIAN_POINT('',(-3.06270198034842,45.,13.));
#8615=CARTESIAN_POINT('',(-1.99999999999982,45.,13.));
#8616=CARTESIAN_POINT('',(1.99999999999942,45.,13.));
#8617=CARTESIAN_POINT('',(3.06270198034814,45.,13.));
#8618=CARTESIAN_POINT('',(3.06270198034814,45.,13.));
#8619=CARTESIAN_POINT('',(3.06270198034802,41.2298840945546,13.));
#8620=CARTESIAN_POINT('',(3.06270198034802,41.2298840945546,13.));
#8621=CARTESIAN_POINT('',(3.51889287319007,39.6272332091814,13.));
#8622=CARTESIAN_POINT('',(3.51889287319007,39.6272332091814,13.));
#8623=CARTESIAN_POINT('',(-3.51889287319058,39.6272332091813,13.));
#8624=CARTESIAN_POINT('',(-3.51889287319058,39.6272332091813,13.));
#8625=CARTESIAN_POINT('',(-3.06270198034851,41.2298840945546,13.));
#8626=CARTESIAN_POINT('',(30.,35.,2.8));
#8627=CARTESIAN_POINT('',(29.9999999999999,44.9999999999999,2.8));
#8628=CARTESIAN_POINT('',(20.,45.,2.8));
#8629=CARTESIAN_POINT('',(-20.,45.,2.8));
#8630=CARTESIAN_POINT('',(-30.0000000000001,45.,2.8));
#8631=CARTESIAN_POINT('',(-30.,35.,2.8));
#8632=CARTESIAN_POINT('',(20.,45.,2.8));
#8633=CARTESIAN_POINT('',(-1.4210854715202E-14,45.,2.8));
#8634=CARTESIAN_POINT('',(-20.,45.,2.8));
#8635=CARTESIAN_POINT('',(30.,35.,2.8));
#8636=CARTESIAN_POINT('',(30.,35.,6.));
#8637=CARTESIAN_POINT('',(20.,45.,2.8));
#8638=CARTESIAN_POINT('',(20.,45.,6.));
#8639=CARTESIAN_POINT('',(-20.,45.,2.8));
#8640=CARTESIAN_POINT('',(-20.,45.,6.));
#8641=CARTESIAN_POINT('',(-30.,35.,2.8));
#8642=CARTESIAN_POINT('',(-30.,35.,6.));
#8643=CARTESIAN_POINT('',(-3.91745216620073,38.2270487385156,19.8000388646586));
#8644=CARTESIAN_POINT('',(3.91745216620029,38.2270487385156,19.8000388646586));
#8645=CARTESIAN_POINT('',(-3.91745216620083,38.2270487385156,21.9971222918161));
#8646=CARTESIAN_POINT('',(-3.91745216620073,38.2270487385156,19.8000388646586));
#8647=CARTESIAN_POINT('',(3.91745216620029,38.2270487385156,19.8000388646586));
#8648=CARTESIAN_POINT('',(3.91745216620031,38.2270487385156,21.9971222918161));
#8649=CARTESIAN_POINT('',(-3.91745216620083,38.2270487385156,21.9971222918161));
#8650=CARTESIAN_POINT('',(3.91745216620031,38.2270487385156,21.9971222918161));
#8651=CARTESIAN_POINT('',(-3.91745216620083,38.2270487385156,21.9971222918161));
#8652=CARTESIAN_POINT('',(-3.06270198034842,41.2298840945546,21.9971222918161));
#8653=CARTESIAN_POINT('',(3.91745216620029,38.2270487385156,19.8000388646586));
#8654=CARTESIAN_POINT('',(3.604287184017,39.3272332091813,19.8000388646586));
#8655=CARTESIAN_POINT('',(-3.60428718401749,39.3272332091814,19.8000388646586));
#8656=CARTESIAN_POINT('',(-3.91745216620073,38.2270487385156,19.8000388646586));
#8657=CARTESIAN_POINT('',(-3.51889287319058,39.6272332091814,19.5000388646586));
#8658=CARTESIAN_POINT('',(-3.51889287319058,39.6272332091813,13.));
#8659=CARTESIAN_POINT('',(-3.51889287319058,39.6272332091814,19.5000388646586));
#8660=CARTESIAN_POINT('',(3.51889287319008,39.6272332091813,19.5000388646586));
#8661=CARTESIAN_POINT('',(-3.60428718401749,39.3272332091814,19.8000388646586));
#8662=CARTESIAN_POINT('',(3.604287184017,39.3272332091813,19.8000388646586));
#8663=CARTESIAN_POINT('',(-3.51889287319058,39.6272332091814,19.5000388646586));
#8664=CARTESIAN_POINT('',(-3.51889287319058,39.6272332091814,19.5117641314846));
#8665=CARTESIAN_POINT('',(-3.51889326278028,39.6272318405081,19.5349907163123));
#8666=CARTESIAN_POINT('',(-3.51908717945859,39.6265505889947,19.5693073282204));
#8667=CARTESIAN_POINT('',(-3.51964323835313,39.6245970903746,19.6024073207721));
#8668=CARTESIAN_POINT('',(-3.52070910610187,39.6208525748263,19.633794333053));
#8669=CARTESIAN_POINT('',(-3.52241229504546,39.6148690768845,19.663058197234));
#8670=CARTESIAN_POINT('',(-3.52486192789508,39.6062632359594,19.6898648368888));
#8671=CARTESIAN_POINT('',(-3.52814790705494,39.5947192146023,19.7139345897491));
#8672=CARTESIAN_POINT('',(-3.53233273373582,39.5800174388973,19.735021241602));
#8673=CARTESIAN_POINT('',(-3.53743725215493,39.5620846807205,19.7529314227044));
#8674=CARTESIAN_POINT('',(-3.54343728810722,39.5410058668246,19.7675941901068));
#8675=CARTESIAN_POINT('',(-3.55028014001793,39.5169661438813,19.7791038682138));
#8676=CARTESIAN_POINT('',(-3.55790079577297,39.4901939068977,19.7876888591211));
#8677=CARTESIAN_POINT('',(-3.56622286222427,39.4609575337574,19.7936626745899));
#8678=CARTESIAN_POINT('',(-3.57515206063483,39.4295882364679,19.7974037138589));
#8679=CARTESIAN_POINT('',(-3.58457124012462,39.3964975794958,19.7993563422762));
#8680=CARTESIAN_POINT('',(-3.59433837391688,39.3621845191842,19.8000374938817));
#8681=CARTESIAN_POINT('',(-3.60094961670688,39.338958465624,19.8000388646586));
#8682=CARTESIAN_POINT('',(-3.60428718401749,39.3272332091814,19.8000388646586));
#8683=CARTESIAN_POINT('',(3.604287184017,39.3272332091813,19.8000388646586));
#8684=CARTESIAN_POINT('',(3.60094961670638,39.338958465624,19.8000388646586));
#8685=CARTESIAN_POINT('',(3.59433837391637,39.3621845191842,19.8000374938817));
#8686=CARTESIAN_POINT('',(3.58457124012411,39.3964975794959,19.7993563422762));
#8687=CARTESIAN_POINT('',(3.57515206063431,39.4295882364679,19.7974037138589));
#8688=CARTESIAN_POINT('',(3.56622286222375,39.4609575337575,19.7936626745899));
#8689=CARTESIAN_POINT('',(3.55790079577246,39.4901939068977,19.7876888591212));
#8690=CARTESIAN_POINT('',(3.55028014001742,39.5169661438813,19.7791038682138));
#8691=CARTESIAN_POINT('',(3.54343728810671,39.5410058668246,19.7675941901068));
#8692=CARTESIAN_POINT('',(3.53743725215442,39.5620846807205,19.7529314227044));
#8693=CARTESIAN_POINT('',(3.5323327337353,39.5800174388973,19.735021241602));
#8694=CARTESIAN_POINT('',(3.52814790705443,39.5947192146023,19.7139345897491));
#8695=CARTESIAN_POINT('',(3.52486192789456,39.6062632359594,19.6898648368888));
#8696=CARTESIAN_POINT('',(3.52241229504494,39.6148690768845,19.663058197234));
#8697=CARTESIAN_POINT('',(3.52070910610136,39.6208525748263,19.633794333053));
#8698=CARTESIAN_POINT('',(3.51964323835261,39.6245970903746,19.6024073207721));
#8699=CARTESIAN_POINT('',(3.51908717945807,39.6265505889946,19.5693073282204));
#8700=CARTESIAN_POINT('',(3.51889326277976,39.6272318405081,19.5349907163123));
#8701=CARTESIAN_POINT('',(3.51889287319008,39.6272332091813,19.5117641314846));
#8702=CARTESIAN_POINT('',(3.51889287319008,39.6272332091813,19.5000388646586));
#8703=CARTESIAN_POINT('',(-4.00000000000002,36.4000049418962,21.9971222918161));
#8704=CARTESIAN_POINT('',(3.99999999999999,36.4000049418962,21.9971222918161));
#8705=CARTESIAN_POINT('',(-4.00000000000002,36.4000049418962,21.9971222918161));
#8706=CARTESIAN_POINT('',(-4.00000000000001,40.3414383739362,4.));
#8707=CARTESIAN_POINT('',(-6.00000000000001,38.4474057810873,21.9971222918161));
#8708=CARTESIAN_POINT('',(-6.00000000000002,42.3888392131272,4.));
#8709=CARTESIAN_POINT('',(5.99999999999999,38.4474057810873,21.9971222918161));
#8710=CARTESIAN_POINT('',(6.,42.3888392131272,3.99999999999999));
#8711=CARTESIAN_POINT('',(30.,35.,6.));
#8712=CARTESIAN_POINT('',(30.,35.,24.));
#8713=CARTESIAN_POINT('',(20.,45.,6.));
#8714=CARTESIAN_POINT('',(20.,45.,24.));
#8715=CARTESIAN_POINT('',(-20.,45.,6.));
#8716=CARTESIAN_POINT('',(-20.,45.,24.));
#8717=CARTESIAN_POINT('',(-30.,35.,6.));
#8718=CARTESIAN_POINT('',(-30.,35.,24.));
#8719=CARTESIAN_POINT('',(30.,35.,24.));
#8720=CARTESIAN_POINT('',(30.,45.,24.));
#8721=CARTESIAN_POINT('',(20.,45.,24.));
#8722=CARTESIAN_POINT('',(20.,45.,24.));
#8723=CARTESIAN_POINT('',(12.531350990174,45.,24.));
#8724=CARTESIAN_POINT('',(5.06270198034808,45.,24.));
#8725=CARTESIAN_POINT('',(-20.,45.,24.));
#8726=CARTESIAN_POINT('',(-30.,45.,24.));
#8727=CARTESIAN_POINT('',(-30.,35.,24.));
#8728=CARTESIAN_POINT('',(5.99999999999999,43.,21.9971222918161));
#8729=CARTESIAN_POINT('',(3.06270198034811,43.,21.9971222918161));
#8730=CARTESIAN_POINT('',(-6.00000000000001,43.,21.9971222918161));
#8731=CARTESIAN_POINT('',(-6.00000000000001,38.4474057810873,21.9971222918161));
#8732=CARTESIAN_POINT('',(3.06270198034811,43.,21.9971222918161));
#8733=CARTESIAN_POINT('',(3.06270198034808,41.2298840945546,21.9971222918161));
#8734=CARTESIAN_POINT('',(-3.06270198034842,41.2298840945546,21.9971222918161));
#8735=CARTESIAN_POINT('',(-3.06270198034842,43.,21.9971222918161));
#8736=CARTESIAN_POINT('',(3.06270198034811,43.,21.9971222918161));
#8737=CARTESIAN_POINT('',(3.06270198034811,43.,22.));
#8738=CARTESIAN_POINT('',(-3.06270198034842,43.,21.9971222918161));
#8739=CARTESIAN_POINT('',(-6.00000000000001,43.,21.9971222918161));
#8740=CARTESIAN_POINT('',(3.06270198034808,41.2298840945546,21.9971222918161));
#8741=CARTESIAN_POINT('',(3.91745216620031,38.2270487385156,21.9971222918161));
#8742=CARTESIAN_POINT('',(-3.06270198034842,43.,22.));
#8743=CARTESIAN_POINT('',(-3.06270198034842,43.,21.9971222918161));
#8744=CARTESIAN_POINT('',(-5.06270198034842,45.,24.));
#8745=CARTESIAN_POINT('',(-12.5313509901742,45.,24.));
#8746=CARTESIAN_POINT('',(-20.,45.,24.));
#8747=CARTESIAN_POINT('',(5.06270198034811,43.,24.));
#8748=CARTESIAN_POINT('',(5.99999999999997,43.,24.));
#8749=CARTESIAN_POINT('',(5.06270198034808,45.,24.));
#8750=CARTESIAN_POINT('',(5.06270198034811,43.,24.));
#8751=CARTESIAN_POINT('',(-5.06270198034842,43.,24.));
#8752=CARTESIAN_POINT('',(-5.06270198034842,45.,24.));
#8753=CARTESIAN_POINT('',(-3.06270198034842,43.,22.));
#8754=CARTESIAN_POINT('',(-3.06270198034842,45.,22.));
#8755=CARTESIAN_POINT('',(3.06270198034811,45.,22.));
#8756=CARTESIAN_POINT('',(3.06270198034811,43.,22.));
#8757=CARTESIAN_POINT('',(3.06270198034811,45.,22.));
#8758=CARTESIAN_POINT('',(3.06270198034811,45.,22.8));
#8759=CARTESIAN_POINT('',(3.06270198034811,45.,23.6));
#8760=CARTESIAN_POINT('',(3.46270198034806,45.,24.));
#8761=CARTESIAN_POINT('',(4.26270198034807,45.,24.));
#8762=CARTESIAN_POINT('',(5.06270198034808,45.,24.));
#8763=CARTESIAN_POINT('',(3.06270198034811,43.,22.));
#8764=CARTESIAN_POINT('',(3.06270198034811,43.,22.8));
#8765=CARTESIAN_POINT('',(3.06270198034811,43.,23.6));
#8766=CARTESIAN_POINT('',(3.46270198034809,43.,24.));
#8767=CARTESIAN_POINT('',(4.2627019803481,43.,24.));
#8768=CARTESIAN_POINT('',(5.06270198034811,43.,24.));
#8769=CARTESIAN_POINT('',(-5.06270198034842,43.,24.));
#8770=CARTESIAN_POINT('',(-4.26270198034844,43.,24.));
#8771=CARTESIAN_POINT('',(-3.46270198034843,43.,24.));
#8772=CARTESIAN_POINT('',(-3.06270198034842,43.,23.6));
#8773=CARTESIAN_POINT('',(-3.06270198034842,43.,22.8));
#8774=CARTESIAN_POINT('',(-3.06270198034842,43.,22.));
#8775=CARTESIAN_POINT('',(-5.06270198034842,45.,24.));
#8776=CARTESIAN_POINT('',(-4.26270198034844,45.,24.));
#8777=CARTESIAN_POINT('',(-3.46270198034843,45.,24.));
#8778=CARTESIAN_POINT('',(-3.06270198034842,45.,23.6));
#8779=CARTESIAN_POINT('',(-3.06270198034842,45.,22.8));
#8780=CARTESIAN_POINT('',(-3.06270198034842,45.,22.));
#8781=CARTESIAN_POINT('',(-3.06270198034842,45.,22.));
#8782=CARTESIAN_POINT('',(-3.06270198034842,45.,13.));
#8783=CARTESIAN_POINT('',(-3.06270198034842,41.2298840945546,21.9971222918161));
#8784=CARTESIAN_POINT('',(-3.06270198034851,41.2298840945546,13.));
#8785=CARTESIAN_POINT('',(3.06270198034808,41.2298840945546,21.9971222918161));
#8786=CARTESIAN_POINT('',(3.06270198034802,41.2298840945546,13.));
#8787=CARTESIAN_POINT('',(3.06270198034814,45.,13.));
#8788=CARTESIAN_POINT('',(3.06270198034811,45.,22.));
#8789=CARTESIAN_POINT('',(3.51889287319007,39.6272332091814,13.));
#8790=CARTESIAN_POINT('',(3.51889287319008,39.6272332091813,19.5000388646586));
#8791=CARTESIAN_POINT('',(5.99999999999999,38.4474057810873,21.9971222918161));
#8792=CARTESIAN_POINT('',(5.99999999999999,43.,21.9971222918161));
#8793=CARTESIAN_POINT('',(3.99999999999999,40.3414383739362,4.00000000000001));
#8794=CARTESIAN_POINT('',(-4.00000000000001,40.3414383739362,4.));
#8795=CARTESIAN_POINT('',(3.99999999999999,40.3414383739362,4.00000000000001));
#8796=CARTESIAN_POINT('',(4.0392156862745,40.3815834884301,4.00000000000001));
#8797=CARTESIAN_POINT('',(4.11764705882351,40.461873717418,4.));
#8798=CARTESIAN_POINT('',(4.23529411764706,40.5823090608998,4.00000000000001));
#8799=CARTESIAN_POINT('',(4.35294117647058,40.7027444043817,4.));
#8800=CARTESIAN_POINT('',(4.47058823529412,40.8231797478635,4.));
#8801=CARTESIAN_POINT('',(4.58823529411764,40.9436150913453,4.));
#8802=CARTESIAN_POINT('',(4.70588235294117,41.0640504348271,4.));
#8803=CARTESIAN_POINT('',(4.82352941176471,41.1844857783089,4.));
#8804=CARTESIAN_POINT('',(4.94117647058823,41.3049211217908,4.));
#8805=CARTESIAN_POINT('',(5.05882352941176,41.4253564652726,4.));
#8806=CARTESIAN_POINT('',(5.1764705882353,41.5457918087544,4.));
#8807=CARTESIAN_POINT('',(5.29411764705883,41.6662271522363,4.));
#8808=CARTESIAN_POINT('',(5.41176470588235,41.7866624957181,4.));
#8809=CARTESIAN_POINT('',(5.52941176470589,41.9070978391999,4.));
#8810=CARTESIAN_POINT('',(5.64705882352942,42.0275331826818,4.));
#8811=CARTESIAN_POINT('',(5.76470588235294,42.1479685261636,3.99999999999999));
#8812=CARTESIAN_POINT('',(5.88235294117648,42.2684038696454,4.));
#8813=CARTESIAN_POINT('',(5.96078431372549,42.3486940986333,3.99999999999999));
#8814=CARTESIAN_POINT('',(6.,42.3888392131272,3.99999999999999));
#8815=CARTESIAN_POINT('',(3.99999999999999,36.4000049418962,21.9971222918161));
#8816=CARTESIAN_POINT('',(3.99999999999999,40.3414383739362,4.00000000000001));
#8817=CARTESIAN_POINT('',(20.,45.,6.));
#8818=CARTESIAN_POINT('',(29.9999999999999,44.9999999999999,6.));
#8819=CARTESIAN_POINT('',(30.,35.,6.));
#8820=CARTESIAN_POINT('',(-30.,35.,6.));
#8821=CARTESIAN_POINT('',(-30.0000000000001,45.,6.00000000000001));
#8822=CARTESIAN_POINT('',(-20.,45.,6.));
#8823=CARTESIAN_POINT('',(-6.00000000000002,42.3888392131272,4.));
#8824=CARTESIAN_POINT('',(-5.9607843137255,42.3486940986333,4.));
#8825=CARTESIAN_POINT('',(-5.88235294117649,42.2684038696454,4.));
#8826=CARTESIAN_POINT('',(-5.76470588235295,42.1479685261636,4.));
#8827=CARTESIAN_POINT('',(-5.64705882352943,42.0275331826817,4.));
#8828=CARTESIAN_POINT('',(-5.5294117647059,41.9070978391999,4.));
#8829=CARTESIAN_POINT('',(-5.41176470588237,41.7866624957181,4.));
#8830=CARTESIAN_POINT('',(-5.29411764705884,41.6662271522363,4.));
#8831=CARTESIAN_POINT('',(-5.17647058823531,41.5457918087544,4.));
#8832=CARTESIAN_POINT('',(-5.05882352941179,41.4253564652726,4.));
#8833=CARTESIAN_POINT('',(-4.94117647058825,41.3049211217908,4.));
#8834=CARTESIAN_POINT('',(-4.82352941176472,41.184485778309,4.));
#8835=CARTESIAN_POINT('',(-4.70588235294119,41.0640504348271,4.));
#8836=CARTESIAN_POINT('',(-4.58823529411766,40.9436150913453,4.));
#8837=CARTESIAN_POINT('',(-4.47058823529413,40.8231797478635,4.));
#8838=CARTESIAN_POINT('',(-4.35294117647061,40.7027444043817,4.));
#8839=CARTESIAN_POINT('',(-4.23529411764707,40.5823090608998,4.));
#8840=CARTESIAN_POINT('',(-4.11764705882355,40.461873717418,4.00000000000001));
#8841=CARTESIAN_POINT('',(-4.03921568627452,40.3815834884301,4.));
#8842=CARTESIAN_POINT('',(-4.00000000000001,40.3414383739362,4.));
#8843=CARTESIAN_POINT('',(-3.06270198034851,-41.2298840945546,13.));
#8844=CARTESIAN_POINT('',(-3.06270198034842,-45.,13.));
#8845=CARTESIAN_POINT('',(-3.06270198034842,-45.,13.));
#8846=CARTESIAN_POINT('',(-1.99999999999982,-45.,13.));
#8847=CARTESIAN_POINT('',(1.99999999999942,-45.,13.));
#8848=CARTESIAN_POINT('',(3.06270198034814,-45.,13.));
#8849=CARTESIAN_POINT('',(3.06270198034814,-45.,13.));
#8850=CARTESIAN_POINT('',(3.06270198034802,-41.2298840945546,13.));
#8851=CARTESIAN_POINT('',(3.06270198034802,-41.2298840945546,13.));
#8852=CARTESIAN_POINT('',(3.51889287319007,-39.6272332091814,13.));
#8853=CARTESIAN_POINT('',(3.51889287319007,-39.6272332091814,13.));
#8854=CARTESIAN_POINT('',(-3.51889287319058,-39.6272332091813,13.));
#8855=CARTESIAN_POINT('',(-3.51889287319058,-39.6272332091813,13.));
#8856=CARTESIAN_POINT('',(-3.06270198034851,-41.2298840945546,13.));
#8857=CARTESIAN_POINT('',(30.,-35.,2.8));
#8858=CARTESIAN_POINT('',(29.9999999999999,-44.9999999999999,2.8));
#8859=CARTESIAN_POINT('',(20.,-45.,2.8));
#8860=CARTESIAN_POINT('',(-20.,-45.,2.8));
#8861=CARTESIAN_POINT('',(-30.0000000000001,-45.,2.8));
#8862=CARTESIAN_POINT('',(-30.,-35.,2.8));
#8863=CARTESIAN_POINT('',(20.,-45.,2.8));
#8864=CARTESIAN_POINT('',(-1.4210854715202E-14,-45.,2.8));
#8865=CARTESIAN_POINT('',(-20.,-45.,2.8));
#8866=CARTESIAN_POINT('',(30.,-35.,2.8));
#8867=CARTESIAN_POINT('',(30.,-35.,6.));
#8868=CARTESIAN_POINT('',(20.,-45.,2.8));
#8869=CARTESIAN_POINT('',(20.,-45.,6.));
#8870=CARTESIAN_POINT('',(-20.,-45.,2.8));
#8871=CARTESIAN_POINT('',(-20.,-45.,6.));
#8872=CARTESIAN_POINT('',(-30.,-35.,2.8));
#8873=CARTESIAN_POINT('',(-30.,-35.,6.));
#8874=CARTESIAN_POINT('',(-3.91745216620073,-38.2270487385156,19.8000388646586));
#8875=CARTESIAN_POINT('',(3.91745216620029,-38.2270487385156,19.8000388646586));
#8876=CARTESIAN_POINT('',(-3.91745216620083,-38.2270487385156,21.9971222918161));
#8877=CARTESIAN_POINT('',(-3.91745216620073,-38.2270487385156,19.8000388646586));
#8878=CARTESIAN_POINT('',(3.91745216620029,-38.2270487385156,19.8000388646586));
#8879=CARTESIAN_POINT('',(3.91745216620031,-38.2270487385156,21.9971222918161));
#8880=CARTESIAN_POINT('',(-3.91745216620083,-38.2270487385156,21.9971222918161));
#8881=CARTESIAN_POINT('',(3.91745216620031,-38.2270487385156,21.9971222918161));
#8882=CARTESIAN_POINT('',(-3.91745216620083,-38.2270487385156,21.9971222918161));
#8883=CARTESIAN_POINT('',(-3.06270198034842,-41.2298840945546,21.9971222918161));
#8884=CARTESIAN_POINT('',(3.91745216620029,-38.2270487385156,19.8000388646586));
#8885=CARTESIAN_POINT('',(3.604287184017,-39.3272332091813,19.8000388646586));
#8886=CARTESIAN_POINT('',(-3.60428718401749,-39.3272332091814,19.8000388646586));
#8887=CARTESIAN_POINT('',(-3.91745216620073,-38.2270487385156,19.8000388646586));
#8888=CARTESIAN_POINT('',(-3.51889287319058,-39.6272332091814,19.5000388646586));
#8889=CARTESIAN_POINT('',(-3.51889287319058,-39.6272332091813,13.));
#8890=CARTESIAN_POINT('',(-3.51889287319058,-39.6272332091814,19.5000388646586));
#8891=CARTESIAN_POINT('',(3.51889287319008,-39.6272332091813,19.5000388646586));
#8892=CARTESIAN_POINT('',(-3.60428718401749,-39.3272332091814,19.8000388646586));
#8893=CARTESIAN_POINT('',(3.604287184017,-39.3272332091813,19.8000388646586));
#8894=CARTESIAN_POINT('',(-3.51889287319058,-39.6272332091814,19.5000388646586));
#8895=CARTESIAN_POINT('',(-3.51889287319058,-39.6272332091814,19.5117641314846));
#8896=CARTESIAN_POINT('',(-3.51889326278028,-39.6272318405081,19.5349907163123));
#8897=CARTESIAN_POINT('',(-3.51908717945859,-39.6265505889947,19.5693073282204));
#8898=CARTESIAN_POINT('',(-3.51964323835313,-39.6245970903746,19.6024073207721));
#8899=CARTESIAN_POINT('',(-3.52070910610187,-39.6208525748263,19.633794333053));
#8900=CARTESIAN_POINT('',(-3.52241229504546,-39.6148690768845,19.663058197234));
#8901=CARTESIAN_POINT('',(-3.52486192789508,-39.6062632359594,19.6898648368888));
#8902=CARTESIAN_POINT('',(-3.52814790705494,-39.5947192146023,19.7139345897491));
#8903=CARTESIAN_POINT('',(-3.53233273373582,-39.5800174388973,19.735021241602));
#8904=CARTESIAN_POINT('',(-3.53743725215493,-39.5620846807205,19.7529314227044));
#8905=CARTESIAN_POINT('',(-3.54343728810722,-39.5410058668246,19.7675941901068));
#8906=CARTESIAN_POINT('',(-3.55028014001793,-39.5169661438813,19.7791038682138));
#8907=CARTESIAN_POINT('',(-3.55790079577297,-39.4901939068977,19.7876888591211));
#8908=CARTESIAN_POINT('',(-3.56622286222427,-39.4609575337574,19.7936626745899));
#8909=CARTESIAN_POINT('',(-3.57515206063483,-39.4295882364679,19.7974037138589));
#8910=CARTESIAN_POINT('',(-3.58457124012462,-39.3964975794958,19.7993563422762));
#8911=CARTESIAN_POINT('',(-3.59433837391688,-39.3621845191842,19.8000374938817));
#8912=CARTESIAN_POINT('',(-3.60094961670688,-39.338958465624,19.8000388646586));
#8913=CARTESIAN_POINT('',(-3.60428718401749,-39.3272332091814,19.8000388646586));
#8914=CARTESIAN_POINT('',(3.604287184017,-39.3272332091813,19.8000388646586));
#8915=CARTESIAN_POINT('',(3.60094961670638,-39.338958465624,19.8000388646586));
#8916=CARTESIAN_POINT('',(3.59433837391637,-39.3621845191842,19.8000374938817));
#8917=CARTESIAN_POINT('',(3.58457124012411,-39.3964975794959,19.7993563422762));
#8918=CARTESIAN_POINT('',(3.57515206063431,-39.4295882364679,19.7974037138589));
#8919=CARTESIAN_POINT('',(3.56622286222375,-39.4609575337575,19.7936626745899));
#8920=CARTESIAN_POINT('',(3.55790079577246,-39.4901939068977,19.7876888591212));
#8921=CARTESIAN_POINT('',(3.55028014001742,-39.5169661438813,19.7791038682138));
#8922=CARTESIAN_POINT('',(3.54343728810671,-39.5410058668246,19.7675941901068));
#8923=CARTESIAN_POINT('',(3.53743725215442,-39.5620846807205,19.7529314227044));
#8924=CARTESIAN_POINT('',(3.5323327337353,-39.5800174388973,19.735021241602));
#8925=CARTESIAN_POINT('',(3.52814790705443,-39.5947192146023,19.7139345897491));
#8926=CARTESIAN_POINT('',(3.52486192789456,-39.6062632359594,19.6898648368888));
#8927=CARTESIAN_POINT('',(3.52241229504494,-39.6148690768845,19.663058197234));
#8928=CARTESIAN_POINT('',(3.52070910610136,-39.6208525748263,19.633794333053));
#8929=CARTESIAN_POINT('',(3.51964323835261,-39.6245970903746,19.6024073207721));
#8930=CARTESIAN_POINT('',(3.51908717945807,-39.6265505889946,19.5693073282204));
#8931=CARTESIAN_POINT('',(3.51889326277976,-39.6272318405081,19.5349907163123));
#8932=CARTESIAN_POINT('',(3.51889287319008,-39.6272332091813,19.5117641314846));
#8933=CARTESIAN_POINT('',(3.51889287319008,-39.6272332091813,19.5000388646586));
#8934=CARTESIAN_POINT('',(-4.00000000000002,-36.4000049418962,21.9971222918161));
#8935=CARTESIAN_POINT('',(3.99999999999999,-36.4000049418962,21.9971222918161));
#8936=CARTESIAN_POINT('',(-4.00000000000002,-36.4000049418962,21.9971222918161));
#8937=CARTESIAN_POINT('',(-4.00000000000001,-40.3414383739362,4.));
#8938=CARTESIAN_POINT('',(-6.00000000000001,-38.4474057810873,21.9971222918161));
#8939=CARTESIAN_POINT('',(-6.00000000000002,-42.3888392131272,4.));
#8940=CARTESIAN_POINT('',(5.99999999999999,-38.4474057810873,21.9971222918161));
#8941=CARTESIAN_POINT('',(6.,-42.3888392131272,3.99999999999999));
#8942=CARTESIAN_POINT('',(30.,-35.,6.));
#8943=CARTESIAN_POINT('',(30.,-35.,24.));
#8944=CARTESIAN_POINT('',(20.,-45.,6.));
#8945=CARTESIAN_POINT('',(20.,-45.,24.));
#8946=CARTESIAN_POINT('',(-20.,-45.,6.));
#8947=CARTESIAN_POINT('',(-20.,-45.,24.));
#8948=CARTESIAN_POINT('',(-30.,-35.,6.));
#8949=CARTESIAN_POINT('',(-30.,-35.,24.));
#8950=CARTESIAN_POINT('',(30.,-35.,24.));
#8951=CARTESIAN_POINT('',(30.,-45.,24.));
#8952=CARTESIAN_POINT('',(20.,-45.,24.));
#8953=CARTESIAN_POINT('',(20.,-45.,24.));
#8954=CARTESIAN_POINT('',(12.531350990174,-45.,24.));
#8955=CARTESIAN_POINT('',(5.06270198034808,-45.,24.));
#8956=CARTESIAN_POINT('',(-20.,-45.,24.));
#8957=CARTESIAN_POINT('',(-30.,-45.,24.));
#8958=CARTESIAN_POINT('',(-30.,-35.,24.));
#8959=CARTESIAN_POINT('',(5.99999999999999,-43.,21.9971222918161));
#8960=CARTESIAN_POINT('',(3.06270198034811,-43.,21.9971222918161));
#8961=CARTESIAN_POINT('',(-6.00000000000001,-43.,21.9971222918161));
#8962=CARTESIAN_POINT('',(-6.00000000000001,-38.4474057810873,21.9971222918161));
#8963=CARTESIAN_POINT('',(3.06270198034811,-43.,21.9971222918161));
#8964=CARTESIAN_POINT('',(3.06270198034808,-41.2298840945546,21.9971222918161));
#8965=CARTESIAN_POINT('',(-3.06270198034842,-41.2298840945546,21.9971222918161));
#8966=CARTESIAN_POINT('',(-3.06270198034842,-43.,21.9971222918161));
#8967=CARTESIAN_POINT('',(3.06270198034811,-43.,21.9971222918161));
#8968=CARTESIAN_POINT('',(3.06270198034811,-43.,22.));
#8969=CARTESIAN_POINT('',(-3.06270198034842,-43.,21.9971222918161));
#8970=CARTESIAN_POINT('',(-6.00000000000001,-43.,21.9971222918161));
#8971=CARTESIAN_POINT('',(3.06270198034808,-41.2298840945546,21.9971222918161));
#8972=CARTESIAN_POINT('',(3.91745216620031,-38.2270487385156,21.9971222918161));
#8973=CARTESIAN_POINT('',(-3.06270198034842,-43.,22.));
#8974=CARTESIAN_POINT('',(-3.06270198034842,-43.,21.9971222918161));
#8975=CARTESIAN_POINT('',(-5.06270198034842,-45.,24.));
#8976=CARTESIAN_POINT('',(-12.5313509901742,-45.,24.));
#8977=CARTESIAN_POINT('',(-20.,-45.,24.));
#8978=CARTESIAN_POINT('',(5.06270198034811,-43.,24.));
#8979=CARTESIAN_POINT('',(5.99999999999997,-43.,24.));
#8980=CARTESIAN_POINT('',(5.06270198034808,-45.,24.));
#8981=CARTESIAN_POINT('',(5.06270198034811,-43.,24.));
#8982=CARTESIAN_POINT('',(-5.06270198034842,-43.,24.));
#8983=CARTESIAN_POINT('',(-5.06270198034842,-45.,24.));
#8984=CARTESIAN_POINT('',(-3.06270198034842,-43.,22.));
#8985=CARTESIAN_POINT('',(-3.06270198034842,-45.,22.));
#8986=CARTESIAN_POINT('',(3.06270198034811,-45.,22.));
#8987=CARTESIAN_POINT('',(3.06270198034811,-43.,22.));
#8988=CARTESIAN_POINT('',(3.06270198034811,-45.,22.));
#8989=CARTESIAN_POINT('',(3.06270198034811,-45.,22.8));
#8990=CARTESIAN_POINT('',(3.06270198034811,-45.,23.6));
#8991=CARTESIAN_POINT('',(3.46270198034806,-45.,24.));
#8992=CARTESIAN_POINT('',(4.26270198034807,-45.,24.));
#8993=CARTESIAN_POINT('',(5.06270198034808,-45.,24.));
#8994=CARTESIAN_POINT('',(3.06270198034811,-43.,22.));
#8995=CARTESIAN_POINT('',(3.06270198034811,-43.,22.8));
#8996=CARTESIAN_POINT('',(3.06270198034811,-43.,23.6));
#8997=CARTESIAN_POINT('',(3.46270198034809,-43.,24.));
#8998=CARTESIAN_POINT('',(4.2627019803481,-43.,24.));
#8999=CARTESIAN_POINT('',(5.06270198034811,-43.,24.));
#9000=CARTESIAN_POINT('',(-5.06270198034842,-43.,24.));
#9001=CARTESIAN_POINT('',(-4.26270198034844,-43.,24.));
#9002=CARTESIAN_POINT('',(-3.46270198034843,-43.,24.));
#9003=CARTESIAN_POINT('',(-3.06270198034842,-43.,23.6));
#9004=CARTESIAN_POINT('',(-3.06270198034842,-43.,22.8));
#9005=CARTESIAN_POINT('',(-3.06270198034842,-43.,22.));
#9006=CARTESIAN_POINT('',(-5.06270198034842,-45.,24.));
#9007=CARTESIAN_POINT('',(-4.26270198034844,-45.,24.));
#9008=CARTESIAN_POINT('',(-3.46270198034843,-45.,24.));
#9009=CARTESIAN_POINT('',(-3.06270198034842,-45.,23.6));
#9010=CARTESIAN_POINT('',(-3.06270198034842,-45.,22.8));
#9011=CARTESIAN_POINT('',(-3.06270198034842,-45.,22.));
#9012=CARTESIAN_POINT('',(-3.06270198034842,-45.,22.));
#9013=CARTESIAN_POINT('',(-3.06270198034842,-45.,13.));
#9014=CARTESIAN_POINT('',(-3.06270198034842,-41.2298840945546,21.9971222918161));
#9015=CARTESIAN_POINT('',(-3.06270198034851,-41.2298840945546,13.));
#9016=CARTESIAN_POINT('',(3.06270198034808,-41.2298840945546,21.9971222918161));
#9017=CARTESIAN_POINT('',(3.06270198034802,-41.2298840945546,13.));
#9018=CARTESIAN_POINT('',(3.06270198034814,-45.,13.));
#9019=CARTESIAN_POINT('',(3.06270198034811,-45.,22.));
#9020=CARTESIAN_POINT('',(3.51889287319007,-39.6272332091814,13.));
#9021=CARTESIAN_POINT('',(3.51889287319008,-39.6272332091813,19.5000388646586));
#9022=CARTESIAN_POINT('',(5.99999999999999,-38.4474057810873,21.9971222918161));
#9023=CARTESIAN_POINT('',(5.99999999999999,-43.,21.9971222918161));
#9024=CARTESIAN_POINT('',(3.99999999999999,-40.3414383739362,4.00000000000001));
#9025=CARTESIAN_POINT('',(-4.00000000000001,-40.3414383739362,4.));
#9026=CARTESIAN_POINT('',(3.99999999999999,-40.3414383739362,4.00000000000001));
#9027=CARTESIAN_POINT('',(4.0392156862745,-40.3815834884301,4.00000000000001));
#9028=CARTESIAN_POINT('',(4.11764705882351,-40.461873717418,4.));
#9029=CARTESIAN_POINT('',(4.23529411764706,-40.5823090608998,4.00000000000001));
#9030=CARTESIAN_POINT('',(4.35294117647058,-40.7027444043817,4.));
#9031=CARTESIAN_POINT('',(4.47058823529412,-40.8231797478635,4.));
#9032=CARTESIAN_POINT('',(4.58823529411764,-40.9436150913453,4.));
#9033=CARTESIAN_POINT('',(4.70588235294117,-41.0640504348271,4.));
#9034=CARTESIAN_POINT('',(4.82352941176471,-41.1844857783089,4.));
#9035=CARTESIAN_POINT('',(4.94117647058823,-41.3049211217908,4.));
#9036=CARTESIAN_POINT('',(5.05882352941176,-41.4253564652726,4.));
#9037=CARTESIAN_POINT('',(5.1764705882353,-41.5457918087544,4.));
#9038=CARTESIAN_POINT('',(5.29411764705883,-41.6662271522363,4.));
#9039=CARTESIAN_POINT('',(5.41176470588235,-41.7866624957181,4.));
#9040=CARTESIAN_POINT('',(5.52941176470589,-41.9070978391999,4.));
#9041=CARTESIAN_POINT('',(5.64705882352942,-42.0275331826818,4.));
#9042=CARTESIAN_POINT('',(5.76470588235294,-42.1479685261636,3.99999999999999));
#9043=CARTESIAN_POINT('',(5.88235294117648,-42.2684038696454,4.));
#9044=CARTESIAN_POINT('',(5.96078431372549,-42.3486940986333,3.99999999999999));
#9045=CARTESIAN_POINT('',(6.,-42.3888392131272,3.99999999999999));
#9046=CARTESIAN_POINT('',(3.99999999999999,-36.4000049418962,21.9971222918161));
#9047=CARTESIAN_POINT('',(3.99999999999999,-40.3414383739362,4.00000000000001));
#9048=CARTESIAN_POINT('',(20.,-45.,6.));
#9049=CARTESIAN_POINT('',(29.9999999999999,-44.9999999999999,6.));
#9050=CARTESIAN_POINT('',(30.,-35.,6.));
#9051=CARTESIAN_POINT('',(-30.,-35.,6.));
#9052=CARTESIAN_POINT('',(-30.0000000000001,-45.,6.00000000000001));
#9053=CARTESIAN_POINT('',(-20.,-45.,6.));
#9054=CARTESIAN_POINT('',(-6.00000000000002,-42.3888392131272,4.));
#9055=CARTESIAN_POINT('',(-5.9607843137255,-42.3486940986333,4.));
#9056=CARTESIAN_POINT('',(-5.88235294117649,-42.2684038696454,4.));
#9057=CARTESIAN_POINT('',(-5.76470588235295,-42.1479685261636,4.));
#9058=CARTESIAN_POINT('',(-5.64705882352943,-42.0275331826817,4.));
#9059=CARTESIAN_POINT('',(-5.5294117647059,-41.9070978391999,4.));
#9060=CARTESIAN_POINT('',(-5.41176470588237,-41.7866624957181,4.));
#9061=CARTESIAN_POINT('',(-5.29411764705884,-41.6662271522363,4.));
#9062=CARTESIAN_POINT('',(-5.17647058823531,-41.5457918087544,4.));
#9063=CARTESIAN_POINT('',(-5.05882352941179,-41.4253564652726,4.));
#9064=CARTESIAN_POINT('',(-4.94117647058825,-41.3049211217908,4.));
#9065=CARTESIAN_POINT('',(-4.82352941176472,-41.184485778309,4.));
#9066=CARTESIAN_POINT('',(-4.70588235294119,-41.0640504348271,4.));
#9067=CARTESIAN_POINT('',(-4.58823529411766,-40.9436150913453,4.));
#9068=CARTESIAN_POINT('',(-4.47058823529413,-40.8231797478635,4.));
#9069=CARTESIAN_POINT('',(-4.35294117647061,-40.7027444043817,4.));
#9070=CARTESIAN_POINT('',(-4.23529411764707,-40.5823090608998,4.));
#9071=CARTESIAN_POINT('',(-4.11764705882355,-40.461873717418,4.00000000000001));
#9072=CARTESIAN_POINT('',(-4.03921568627452,-40.3815834884301,4.));
#9073=CARTESIAN_POINT('',(-4.00000000000001,-40.3414383739362,4.));
#9074=CARTESIAN_POINT('',(30.,35.,2.8));
#9075=CARTESIAN_POINT('',(30.,-35.,2.8));
#9076=CARTESIAN_POINT('',(-30.,-35.,2.8));
#9077=CARTESIAN_POINT('',(-30.,35.,2.8));
#9078=CARTESIAN_POINT('',(28.8,-34.6461699333284,4.));
#9079=CARTESIAN_POINT('',(28.8,34.6461699333284,4.));
#9080=CARTESIAN_POINT('',(28.8,34.6461699333284,4.));
#9081=CARTESIAN_POINT('',(28.8,34.6461699333284,24.));
#9082=CARTESIAN_POINT('',(28.8,-34.6461699333284,4.));
#9083=CARTESIAN_POINT('',(28.8,-34.6461699333284,24.));
#9084=CARTESIAN_POINT('',(28.8,34.6461699333284,4.));
#9085=CARTESIAN_POINT('',(28.8,43.8,4.));
#9086=CARTESIAN_POINT('',(19.6461699333284,43.8,4.));
#9087=CARTESIAN_POINT('',(19.6461699333284,43.8,4.));
#9088=CARTESIAN_POINT('',(19.6461699333284,43.8,24.));
#9089=CARTESIAN_POINT('',(19.6461699333284,43.8,4.));
#9090=CARTESIAN_POINT('',(5.99999999999999,43.8,4.));
#9091=CARTESIAN_POINT('',(5.99999999999999,43.8,4.));
#9092=CARTESIAN_POINT('',(5.99999999999997,43.8,24.));
#9093=CARTESIAN_POINT('',(-6.00000000000001,43.8,4.));
#9094=CARTESIAN_POINT('',(-6.00000000000001,43.8,24.));
#9095=CARTESIAN_POINT('',(-6.00000000000001,43.8,4.));
#9096=CARTESIAN_POINT('',(-19.6461699333284,43.8,4.));
#9097=CARTESIAN_POINT('',(-19.6461699333284,43.8,4.));
#9098=CARTESIAN_POINT('',(-19.6461699333284,43.8,24.));
#9099=CARTESIAN_POINT('',(-19.6461699333284,43.8,4.));
#9100=CARTESIAN_POINT('',(-28.8,43.8,4.));
#9101=CARTESIAN_POINT('',(-28.8,34.6461699333284,4.));
#9102=CARTESIAN_POINT('',(-28.8,34.6461699333284,4.));
#9103=CARTESIAN_POINT('',(-28.8,34.6461699333284,24.));
#9104=CARTESIAN_POINT('',(-28.8,34.6461699333284,4.));
#9105=CARTESIAN_POINT('',(-28.8,-34.6461699333284,4.));
#9106=CARTESIAN_POINT('',(-28.8,-34.6461699333284,4.));
#9107=CARTESIAN_POINT('',(-28.8,-34.6461699333284,24.));
#9108=CARTESIAN_POINT('',(-28.8,-34.6461699333284,4.));
#9109=CARTESIAN_POINT('',(-28.8,-43.8,4.));
#9110=CARTESIAN_POINT('',(-19.6461699333284,-43.8,4.));
#9111=CARTESIAN_POINT('',(-19.6461699333284,-43.8,4.));
#9112=CARTESIAN_POINT('',(-19.6461699333284,-43.8,24.));
#9113=CARTESIAN_POINT('',(-19.6461699333284,-43.8,4.));
#9114=CARTESIAN_POINT('',(-6.00000000000001,-43.8,4.));
#9115=CARTESIAN_POINT('',(-6.00000000000001,-43.8,4.));
#9116=CARTESIAN_POINT('',(-6.00000000000001,-43.8,24.));
#9117=CARTESIAN_POINT('',(5.99999999999999,-43.8,4.));
#9118=CARTESIAN_POINT('',(5.99999999999997,-43.8,24.));
#9119=CARTESIAN_POINT('',(5.99999999999999,-43.8,4.));
#9120=CARTESIAN_POINT('',(19.6461699333284,-43.8,4.));
#9121=CARTESIAN_POINT('',(19.6461699333284,-43.8,4.));
#9122=CARTESIAN_POINT('',(19.6461699333284,-43.8,24.));
#9123=CARTESIAN_POINT('',(19.6461699333284,-43.8,4.));
#9124=CARTESIAN_POINT('',(28.8,-43.8,4.));
#9125=CARTESIAN_POINT('',(28.8,-34.6461699333284,4.));
#9126=CARTESIAN_POINT('',(5.99999999999997,43.,24.));
#9127=CARTESIAN_POINT('',(5.99999999999999,43.,21.9971222918161));
#9128=CARTESIAN_POINT('',(5.99999999999999,38.4474057810873,21.9971222918161));
#9129=CARTESIAN_POINT('',(5.96078431372548,38.4072606665933,21.9971222918161));
#9130=CARTESIAN_POINT('',(5.88235294117645,38.3269704376054,21.9971222918161));
#9131=CARTESIAN_POINT('',(5.76470588235293,38.2065350941236,21.9971222918161));
#9132=CARTESIAN_POINT('',(5.6470588235294,38.0860997506418,21.9971222918161));
#9133=CARTESIAN_POINT('',(5.52941176470586,37.96566440716,21.9971222918161));
#9134=CARTESIAN_POINT('',(5.41176470588235,37.8452290636781,21.9971222918161));
#9135=CARTESIAN_POINT('',(5.29411764705881,37.7247937201963,21.9971222918161));
#9136=CARTESIAN_POINT('',(5.17647058823528,37.6043583767145,21.9971222918161));
#9137=CARTESIAN_POINT('',(5.05882352941175,37.4839230332326,21.9971222918161));
#9138=CARTESIAN_POINT('',(4.94117647058822,37.3634876897508,21.9971222918161));
#9139=CARTESIAN_POINT('',(4.82352941176469,37.243052346269,21.9971222918161));
#9140=CARTESIAN_POINT('',(4.70588235294116,37.1226170027872,21.9971222918161));
#9141=CARTESIAN_POINT('',(4.58823529411764,37.0021816593054,21.9971222918161));
#9142=CARTESIAN_POINT('',(4.4705882352941,36.8817463158235,21.9971222918161));
#9143=CARTESIAN_POINT('',(4.35294117647057,36.7613109723417,21.9971222918161));
#9144=CARTESIAN_POINT('',(4.23529411764705,36.6408756288599,21.9971222918161));
#9145=CARTESIAN_POINT('',(4.11764705882352,36.520440285378,21.9971222918161));
#9146=CARTESIAN_POINT('',(4.0392156862745,36.4401500563902,21.9971222918161));
#9147=CARTESIAN_POINT('',(3.99999999999999,36.4000049418962,21.9971222918161));
#9148=CARTESIAN_POINT('',(-4.00000000000002,36.4000049418962,21.9971222918161));
#9149=CARTESIAN_POINT('',(-4.03921568627452,36.4401500563902,21.9971222918161));
#9150=CARTESIAN_POINT('',(-4.11764705882355,36.520440285378,21.9971222918161));
#9151=CARTESIAN_POINT('',(-4.23529411764707,36.6408756288599,21.9971222918161));
#9152=CARTESIAN_POINT('',(-4.35294117647061,36.7613109723417,21.9971222918161));
#9153=CARTESIAN_POINT('',(-4.47058823529413,36.8817463158235,21.9971222918161));
#9154=CARTESIAN_POINT('',(-4.58823529411767,37.0021816593054,21.9971222918161));
#9155=CARTESIAN_POINT('',(-4.70588235294119,37.1226170027872,21.9971222918161));
#9156=CARTESIAN_POINT('',(-4.82352941176473,37.243052346269,21.9971222918161));
#9157=CARTESIAN_POINT('',(-4.94117647058825,37.3634876897508,21.9971222918161));
#9158=CARTESIAN_POINT('',(-5.05882352941178,37.4839230332326,21.9971222918161));
#9159=CARTESIAN_POINT('',(-5.17647058823531,37.6043583767145,21.9971222918161));
#9160=CARTESIAN_POINT('',(-5.29411764705884,37.7247937201963,21.9971222918161));
#9161=CARTESIAN_POINT('',(-5.41176470588237,37.8452290636781,21.9971222918161));
#9162=CARTESIAN_POINT('',(-5.5294117647059,37.9656644071599,21.9971222918161));
#9163=CARTESIAN_POINT('',(-5.64705882352943,38.0860997506418,21.9971222918161));
#9164=CARTESIAN_POINT('',(-5.76470588235295,38.2065350941236,21.9971222918161));
#9165=CARTESIAN_POINT('',(-5.88235294117648,38.3269704376055,21.9971222918161));
#9166=CARTESIAN_POINT('',(-5.96078431372551,38.4072606665933,21.9971222918161));
#9167=CARTESIAN_POINT('',(-6.00000000000001,38.4474057810873,21.9971222918161));
#9168=CARTESIAN_POINT('',(-6.00000000000001,43.,21.9971222918161));
#9169=CARTESIAN_POINT('',(-6.00000000000001,43.,24.));
#9170=CARTESIAN_POINT('',(5.99999999999997,-43.,24.));
#9171=CARTESIAN_POINT('',(5.99999999999999,-43.,21.9971222918161));
#9172=CARTESIAN_POINT('',(-4.00000000000002,-36.4000049418962,21.9971222918161));
#9173=CARTESIAN_POINT('',(-4.03921568627452,-36.4401500563902,21.9971222918161));
#9174=CARTESIAN_POINT('',(-4.11764705882355,-36.520440285378,21.9971222918161));
#9175=CARTESIAN_POINT('',(-4.23529411764707,-36.6408756288599,21.9971222918161));
#9176=CARTESIAN_POINT('',(-4.35294117647061,-36.7613109723417,21.9971222918161));
#9177=CARTESIAN_POINT('',(-4.47058823529413,-36.8817463158235,21.9971222918161));
#9178=CARTESIAN_POINT('',(-4.58823529411767,-37.0021816593054,21.9971222918161));
#9179=CARTESIAN_POINT('',(-4.70588235294119,-37.1226170027872,21.9971222918161));
#9180=CARTESIAN_POINT('',(-4.82352941176473,-37.243052346269,21.9971222918161));
#9181=CARTESIAN_POINT('',(-4.94117647058825,-37.3634876897508,21.9971222918161));
#9182=CARTESIAN_POINT('',(-5.05882352941178,-37.4839230332326,21.9971222918161));
#9183=CARTESIAN_POINT('',(-5.17647058823531,-37.6043583767145,21.9971222918161));
#9184=CARTESIAN_POINT('',(-5.29411764705884,-37.7247937201963,21.9971222918161));
#9185=CARTESIAN_POINT('',(-5.41176470588237,-37.8452290636781,21.9971222918161));
#9186=CARTESIAN_POINT('',(-5.5294117647059,-37.9656644071599,21.9971222918161));
#9187=CARTESIAN_POINT('',(-5.64705882352943,-38.0860997506418,21.9971222918161));
#9188=CARTESIAN_POINT('',(-5.76470588235295,-38.2065350941236,21.9971222918161));
#9189=CARTESIAN_POINT('',(-5.88235294117648,-38.3269704376055,21.9971222918161));
#9190=CARTESIAN_POINT('',(-5.96078431372551,-38.4072606665933,21.9971222918161));
#9191=CARTESIAN_POINT('',(-6.00000000000001,-38.4474057810873,21.9971222918161));
#9192=CARTESIAN_POINT('',(5.99999999999999,-38.4474057810873,21.9971222918161));
#9193=CARTESIAN_POINT('',(5.96078431372548,-38.4072606665933,21.9971222918161));
#9194=CARTESIAN_POINT('',(5.88235294117645,-38.3269704376054,21.9971222918161));
#9195=CARTESIAN_POINT('',(5.76470588235293,-38.2065350941236,21.9971222918161));
#9196=CARTESIAN_POINT('',(5.6470588235294,-38.0860997506418,21.9971222918161));
#9197=CARTESIAN_POINT('',(5.52941176470586,-37.96566440716,21.9971222918161));
#9198=CARTESIAN_POINT('',(5.41176470588235,-37.8452290636781,21.9971222918161));
#9199=CARTESIAN_POINT('',(5.29411764705881,-37.7247937201963,21.9971222918161));
#9200=CARTESIAN_POINT('',(5.17647058823528,-37.6043583767145,21.9971222918161));
#9201=CARTESIAN_POINT('',(5.05882352941175,-37.4839230332326,21.9971222918161));
#9202=CARTESIAN_POINT('',(4.94117647058822,-37.3634876897508,21.9971222918161));
#9203=CARTESIAN_POINT('',(4.82352941176469,-37.243052346269,21.9971222918161));
#9204=CARTESIAN_POINT('',(4.70588235294116,-37.1226170027872,21.9971222918161));
#9205=CARTESIAN_POINT('',(4.58823529411764,-37.0021816593054,21.9971222918161));
#9206=CARTESIAN_POINT('',(4.4705882352941,-36.8817463158235,21.9971222918161));
#9207=CARTESIAN_POINT('',(4.35294117647057,-36.7613109723417,21.9971222918161));
#9208=CARTESIAN_POINT('',(4.23529411764705,-36.6408756288599,21.9971222918161));
#9209=CARTESIAN_POINT('',(4.11764705882352,-36.520440285378,21.9971222918161));
#9210=CARTESIAN_POINT('',(4.0392156862745,-36.4401500563902,21.9971222918161));
#9211=CARTESIAN_POINT('',(3.99999999999999,-36.4000049418962,21.9971222918161));
#9212=CARTESIAN_POINT('',(-6.00000000000001,-43.,21.9971222918161));
#9213=CARTESIAN_POINT('',(-6.00000000000001,-42.9999999999999,24.));
#9214=CARTESIAN_POINT('',(-6.00000000000001,43.,24.));
#9215=CARTESIAN_POINT('',(-6.00000000000001,43.8,24.));
#9216=CARTESIAN_POINT('',(-6.00000000000001,43.8,24.));
#9217=CARTESIAN_POINT('',(-19.6461699333284,43.8,24.));
#9218=CARTESIAN_POINT('',(-19.6461699333284,43.8,24.));
#9219=CARTESIAN_POINT('',(-28.8,43.8,24.));
#9220=CARTESIAN_POINT('',(-28.8,34.6461699333284,24.));
#9221=CARTESIAN_POINT('',(-28.8,-34.6461699333284,24.));
#9222=CARTESIAN_POINT('',(-28.8,-43.8,24.));
#9223=CARTESIAN_POINT('',(-19.6461699333284,-43.8,24.));
#9224=CARTESIAN_POINT('',(-19.6461699333284,-43.8,24.));
#9225=CARTESIAN_POINT('',(-6.00000000000001,-43.8,24.));
#9226=CARTESIAN_POINT('',(-6.00000000000001,-43.8,24.));
#9227=CARTESIAN_POINT('',(-6.00000000000001,-42.9999999999999,24.));
#9228=CARTESIAN_POINT('',(28.8,34.6461699333284,24.));
#9229=CARTESIAN_POINT('',(28.8,43.7999999999999,24.));
#9230=CARTESIAN_POINT('',(19.6461699333284,43.8,24.));
#9231=CARTESIAN_POINT('',(19.6461699333284,43.8,24.));
#9232=CARTESIAN_POINT('',(5.99999999999997,43.8,24.));
#9233=CARTESIAN_POINT('',(5.99999999999997,43.8,24.));
#9234=CARTESIAN_POINT('',(5.99999999999997,43.,24.));
#9235=CARTESIAN_POINT('',(5.99999999999997,-43.,24.));
#9236=CARTESIAN_POINT('',(5.99999999999997,-43.8,24.));
#9237=CARTESIAN_POINT('',(5.99999999999997,-43.8,24.));
#9238=CARTESIAN_POINT('',(19.6461699333284,-43.8,24.));
#9239=CARTESIAN_POINT('',(19.6461699333284,-43.8,24.));
#9240=CARTESIAN_POINT('',(28.8,-43.8,24.));
#9241=CARTESIAN_POINT('',(28.8,-34.6461699333284,24.));
#9242=CARTESIAN_POINT('',(-6.00000000000001,43.,24.));
#9243=CARTESIAN_POINT('',(-5.06270198034842,43.,24.));
#9244=CARTESIAN_POINT('',(-6.00000000000001,-42.9999999999999,24.));
#9245=CARTESIAN_POINT('',(-5.06270198034842,-43.,24.));
#9246=CARTESIAN_POINT('',(28.8,-19.8068535938088,24.));
#9247=CARTESIAN_POINT('',(29.0861928812542,-19.5759378390463,24.2861928812542));
#9248=CARTESIAN_POINT('',(29.3723857625085,-19.3450220842839,24.5723857625084));
#9249=CARTESIAN_POINT('',(29.6585786437627,-19.1141063295214,24.8585786437626));
#9250=CARTESIAN_POINT('',(30.,-19.2282126590428,24.7171572875253));
#9251=CARTESIAN_POINT('',(30.,-19.176747043746,24.7809428561734));
#9252=CARTESIAN_POINT('',(30.0003610652588,-19.1083506349885,24.8657121492426));
#9253=CARTESIAN_POINT('',(29.9916353769004,-19.0570531647607,24.9292893218813));
#9254=CARTESIAN_POINT('',(29.9885252708478,-19.0387691548256,24.9519501987435));
#9255=CARTESIAN_POINT('',(29.9834871989904,-19.017603045049,24.9781830989115));
#9256=CARTESIAN_POINT('',(29.9745949886876,-19.,25.));
#9257=CARTESIAN_POINT('',(29.8110105416333,-19.,25.));
#9258=CARTESIAN_POINT('',(29.7833639599191,-19.0172000890612,24.9786825153992));
#9259=CARTESIAN_POINT('',(29.7549588905839,-19.0381395062467,24.9527305739983));
#9260=CARTESIAN_POINT('',(29.7303875817397,-19.0570531647607,24.9292893218813));
#9261=CARTESIAN_POINT('',(29.7063682372497,-19.0755419511047,24.9063746487784));
#9262=CARTESIAN_POINT('',(29.681914021966,-19.0952780957552,24.881914021966));
#9263=CARTESIAN_POINT('',(29.6585786437627,-19.1141063295214,24.8585786437626));
#9264=CARTESIAN_POINT('',(29.9745949886876,-19.,25.));
#9265=CARTESIAN_POINT('',(29.9583685187202,-19.,25.0398113942696));
#9266=CARTESIAN_POINT('',(29.9342831294856,-19.,25.0606496790588));
#9267=CARTESIAN_POINT('',(29.9009974966918,-19.,25.0592766110701));
#9268=CARTESIAN_POINT('',(29.8590803637217,-19.,25.0370652582922));
#9269=CARTESIAN_POINT('',(29.8110105416333,-19.,25.));
#9270=CARTESIAN_POINT('',(-29.6585786437627,-19.1141063295214,24.8585786437627));
#9271=CARTESIAN_POINT('',(-29.3723857625085,-19.3450220842838,24.5723857625085));
#9272=CARTESIAN_POINT('',(-29.0861928812542,-19.5759378390463,24.2861928812542));
#9273=CARTESIAN_POINT('',(-28.8,-19.8068535938088,24.));
#9274=CARTESIAN_POINT('',(-29.9745949886877,-19.,25.));
#9275=CARTESIAN_POINT('',(-29.9834871989905,-19.0176030450491,24.9781830989114));
#9276=CARTESIAN_POINT('',(-29.9885252708479,-19.0387691548255,24.9519501987436));
#9277=CARTESIAN_POINT('',(-29.9916353769004,-19.0570531647607,24.9292893218813));
#9278=CARTESIAN_POINT('',(-30.0003610652588,-19.1083506349884,24.8657121492427));
#9279=CARTESIAN_POINT('',(-30.,-19.176747043746,24.7809428561734));
#9280=CARTESIAN_POINT('',(-30.,-19.2282126590428,24.7171572875254));
#9281=CARTESIAN_POINT('',(-29.6585786437627,-19.1141063295214,24.8585786437627));
#9282=CARTESIAN_POINT('',(-29.681914021967,-19.0952780957544,24.881914021967));
#9283=CARTESIAN_POINT('',(-29.7063682372489,-19.0755419511054,24.9063746487776));
#9284=CARTESIAN_POINT('',(-29.7303875817397,-19.0570531647607,24.9292893218813));
#9285=CARTESIAN_POINT('',(-29.754958890584,-19.0381395062466,24.9527305739985));
#9286=CARTESIAN_POINT('',(-29.783363959919,-19.0172000890612,24.978682515399));
#9287=CARTESIAN_POINT('',(-29.8110105416333,-19.,25.));
#9288=CARTESIAN_POINT('',(-29.8110105416333,-19.,25.));
#9289=CARTESIAN_POINT('',(-29.8590803637217,-19.,25.0370652582922));
#9290=CARTESIAN_POINT('',(-29.9009974966918,-19.,25.0592766110701));
#9291=CARTESIAN_POINT('',(-29.9342831294857,-19.,25.0606496790588));
#9292=CARTESIAN_POINT('',(-29.9583685187203,-19.,25.0398113942696));
#9293=CARTESIAN_POINT('',(-29.9745949886877,-19.,25.));
#9294=CARTESIAN_POINT('',(30.,-19.8068535938088,24.));
#9295=CARTESIAN_POINT('',(30.,-19.2282126590428,24.7171572875253));
#9296=CARTESIAN_POINT('',(-30.,-19.2282126590428,24.7171572875254));
#9297=CARTESIAN_POINT('',(-30.,-19.8068535938088,24.));
#9298=CARTESIAN_POINT('',(-30.,-19.2282126590428,24.7171572875254));
#9299=CARTESIAN_POINT('',(-30.,19.2282126590427,24.7171572875254));
#9300=CARTESIAN_POINT('',(-29.6585786437627,-19.1141063295214,24.8585786437627));
#9301=CARTESIAN_POINT('',(-29.6585786437627,19.1141063295214,24.8585786437627));
#9302=CARTESIAN_POINT('',(29.8110105416333,-19.,25.));
#9303=CARTESIAN_POINT('',(29.9745949886876,-19.,25.));
#9304=CARTESIAN_POINT('',(-29.9745949886877,-19.,25.));
#9305=CARTESIAN_POINT('',(-29.8110105416333,-19.,25.));
#9306=CARTESIAN_POINT('',(29.6585786437627,19.1141063295214,24.8585786437626));
#9307=CARTESIAN_POINT('',(29.3723857625085,19.3450220842839,24.5723857625084));
#9308=CARTESIAN_POINT('',(29.0861928812542,19.5759378390464,24.2861928812542));
#9309=CARTESIAN_POINT('',(28.8,19.8068535938088,24.));
#9310=CARTESIAN_POINT('',(29.8110105416333,19.,25.));
#9311=CARTESIAN_POINT('',(29.8590803637217,19.,25.0370652582922));
#9312=CARTESIAN_POINT('',(29.9009974966918,19.,25.05927661107));
#9313=CARTESIAN_POINT('',(29.9342831294856,19.,25.0606496790588));
#9314=CARTESIAN_POINT('',(29.9583685187202,19.,25.0398113942696));
#9315=CARTESIAN_POINT('',(29.9745949886876,19.,25.));
#9316=CARTESIAN_POINT('',(29.9745949886876,19.,25.));
#9317=CARTESIAN_POINT('',(29.9834871989904,19.0176030450491,24.9781830989114));
#9318=CARTESIAN_POINT('',(29.9885252708478,19.0387691548256,24.9519501987436));
#9319=CARTESIAN_POINT('',(29.9916353769004,19.0570531647607,24.9292893218813));
#9320=CARTESIAN_POINT('',(30.0003610652588,19.1083506349884,24.8657121492427));
#9321=CARTESIAN_POINT('',(30.,19.1767470437461,24.7809428561733));
#9322=CARTESIAN_POINT('',(30.,19.2282126590428,24.7171572875253));
#9323=CARTESIAN_POINT('',(29.6585786437627,19.1141063295214,24.8585786437626));
#9324=CARTESIAN_POINT('',(29.6819140219662,19.095278095755,24.8819140219662));
#9325=CARTESIAN_POINT('',(29.7063682372496,19.0755419511049,24.9063746487783));
#9326=CARTESIAN_POINT('',(29.7303875817397,19.0570531647607,24.9292893218813));
#9327=CARTESIAN_POINT('',(29.7549588905839,19.0381395062467,24.9527305739984));
#9328=CARTESIAN_POINT('',(29.7833639599191,19.0172000890612,24.9786825153991));
#9329=CARTESIAN_POINT('',(29.8110105416333,19.,25.));
#9330=CARTESIAN_POINT('',(-28.8,19.8068535938088,24.));
#9331=CARTESIAN_POINT('',(-29.0861928812542,19.5759378390463,24.2861928812542));
#9332=CARTESIAN_POINT('',(-29.3723857625085,19.3450220842838,24.5723857625085));
#9333=CARTESIAN_POINT('',(-29.6585786437627,19.1141063295214,24.8585786437627));
#9334=CARTESIAN_POINT('',(-29.9745949886877,19.,25.));
#9335=CARTESIAN_POINT('',(-29.9583685187203,19.,25.0398113942697));
#9336=CARTESIAN_POINT('',(-29.9342831294857,19.,25.0606496790589));
#9337=CARTESIAN_POINT('',(-29.9009974966918,19.,25.0592766110702));
#9338=CARTESIAN_POINT('',(-29.8590803637217,19.,25.0370652582922));
#9339=CARTESIAN_POINT('',(-29.8110105416333,19.,25.));
#9340=CARTESIAN_POINT('',(-30.,19.2282126590427,24.7171572875254));
#9341=CARTESIAN_POINT('',(-30.,19.1767470437463,24.780942856173));
#9342=CARTESIAN_POINT('',(-30.0003610652588,19.108350634988,24.8657121492431));
#9343=CARTESIAN_POINT('',(-29.9916353769005,19.0570531647607,24.9292893218814));
#9344=CARTESIAN_POINT('',(-29.9885252708479,19.0387691548256,24.9519501987435));
#9345=CARTESIAN_POINT('',(-29.9834871989905,19.017603045049,24.9781830989115));
#9346=CARTESIAN_POINT('',(-29.9745949886877,19.,25.));
#9347=CARTESIAN_POINT('',(-29.8110105416333,19.,25.));
#9348=CARTESIAN_POINT('',(-29.7833639599191,19.0172000890611,24.9786825153992));
#9349=CARTESIAN_POINT('',(-29.7549588905839,19.0381395062467,24.9527305739983));
#9350=CARTESIAN_POINT('',(-29.7303875817397,19.0570531647607,24.9292893218814));
#9351=CARTESIAN_POINT('',(-29.7063682372493,19.0755419511051,24.906374648778));
#9352=CARTESIAN_POINT('',(-29.6819140219665,19.0952780957547,24.8819140219666));
#9353=CARTESIAN_POINT('',(-29.6585786437627,19.1141063295214,24.8585786437627));
#9354=CARTESIAN_POINT('',(30.,19.2282126590428,24.7171572875253));
#9355=CARTESIAN_POINT('',(30.,19.8068535938088,24.));
#9356=CARTESIAN_POINT('',(-30.,19.8068535938088,24.));
#9357=CARTESIAN_POINT('',(-30.,19.2282126590427,24.7171572875254));
#9358=CARTESIAN_POINT('',(30.,19.2282126590428,24.7171572875253));
#9359=CARTESIAN_POINT('',(30.,-19.2282126590428,24.7171572875253));
#9360=CARTESIAN_POINT('',(29.6585786437627,19.1141063295214,24.8585786437626));
#9361=CARTESIAN_POINT('',(29.6585786437627,-19.1141063295214,24.8585786437626));
#9362=CARTESIAN_POINT('',(29.8110105416333,19.,25.));
#9363=CARTESIAN_POINT('',(29.9745949886876,19.,25.));
#9364=CARTESIAN_POINT('',(-29.9745949886877,19.,25.));
#9365=CARTESIAN_POINT('',(-29.8110105416333,19.,25.));
#9366=CARTESIAN_POINT('',(-6.00000000000001,-43.8,4.));
#9367=CARTESIAN_POINT('',(-6.00000000000002,-42.3888392131272,4.));
#9368=CARTESIAN_POINT('',(-6.00000000000002,42.3888392131272,4.));
#9369=CARTESIAN_POINT('',(-6.00000000000001,43.8,4.));
#9370=CARTESIAN_POINT('',(-28.8,-19.8068535938088,24.));
#9371=CARTESIAN_POINT('',(-28.8,-34.6461699333284,24.));
#9372=CARTESIAN_POINT('',(-30.,-35.,24.));
#9373=CARTESIAN_POINT('',(-30.,-19.8068535938088,24.));
#9374=CARTESIAN_POINT('',(6.,-42.3888392131272,3.99999999999999));
#9375=CARTESIAN_POINT('',(5.99999999999999,-43.8,4.));
#9376=CARTESIAN_POINT('',(5.99999999999999,43.8,4.));
#9377=CARTESIAN_POINT('',(6.,42.3888392131272,3.99999999999999));
#9378=CARTESIAN_POINT('',(30.,-19.8068535938088,24.));
#9379=CARTESIAN_POINT('',(30.,-35.,24.));
#9380=CARTESIAN_POINT('',(28.8,-34.6461699333284,24.));
#9381=CARTESIAN_POINT('',(28.8,-19.8068535938088,24.));
#9382=CARTESIAN_POINT('',(30.,35.,24.));
#9383=CARTESIAN_POINT('',(30.,19.8068535938088,24.));
#9384=CARTESIAN_POINT('',(28.8,19.8068535938088,24.));
#9385=CARTESIAN_POINT('',(28.8,34.6461699333284,24.));
#9386=CARTESIAN_POINT('',(-30.,19.8068535938088,24.));
#9387=CARTESIAN_POINT('',(-30.,35.,24.));
#9388=CARTESIAN_POINT('',(-28.8,34.6461699333284,24.));
#9389=CARTESIAN_POINT('',(-28.8,19.8068535938088,24.));
#9390=CARTESIAN_POINT('',(3.99363487245395,37.9423755092436,13.1016790828365));
#9391=CARTESIAN_POINT('',(3.72979881899229,38.869261800286,22.9036347072601));
#9392=CARTESIAN_POINT('',(3.72979881899229,38.869261800286,19.3000388646586));
#9393=CARTESIAN_POINT('',(3.80231410685721,38.614507283869,22.9036347072601));
#9394=CARTESIAN_POINT('',(3.80231410685721,38.614507283869,19.3000388646586));
#9395=CARTESIAN_POINT('',(3.87482939472213,38.3597527674521,22.9036347072601));
#9396=CARTESIAN_POINT('',(3.87482939472213,38.3597527674521,19.3000388646586));
#9397=CARTESIAN_POINT('',(3.77864994924138,38.2323755092436,22.9036347072601));
#9398=CARTESIAN_POINT('',(3.77864994924138,38.2323755092436,19.3000388646586));
#9399=CARTESIAN_POINT('',(3.51377577041494,38.2323755092436,22.9036347072601));
#9400=CARTESIAN_POINT('',(3.51377577041494,38.2323755092436,19.3000388646586));
#9401=CARTESIAN_POINT('',(3.2489015915885,38.2323755092436,22.9036347072601));
#9402=CARTESIAN_POINT('',(3.24890159158851,38.2323755092436,19.3000388646586));
#9403=CARTESIAN_POINT('',(1.84741111297626E-13,41.5558492060966,25.3597065131338));
#9404=CARTESIAN_POINT('',(-3.99999999999976,42.0494902900727,28.971548466433));
#9405=CARTESIAN_POINT('',(-3.99999999999973,42.6692918382684,26.9365078717028));
#9406=CARTESIAN_POINT('',(-4.00636512754575,42.723174959905,26.0255738253833));
#9407=CARTESIAN_POINT('',(-4.00636512754575,42.6937401195569,16.8341670802188));
#9408=CARTESIAN_POINT('',(3.99363487245425,42.6937401195565,16.8341670802186));
#9409=CARTESIAN_POINT('',(-4.00636512754576,42.6914370917927,16.4364834836784));
#9410=CARTESIAN_POINT('',(3.99363487245421,42.6914370917922,16.4364834836782));
#9411=CARTESIAN_POINT('',(-4.00636512754578,42.2774490291265,16.4364834836784));
#9412=CARTESIAN_POINT('',(3.99363487245422,42.277449029126,16.4364834836782));
#9413=CARTESIAN_POINT('',(-4.00636512754578,42.2774490291265,16.4364834836784));
#9414=CARTESIAN_POINT('',(-0.00636512754581425,42.0556839065802,16.8364834836783));
#9415=CARTESIAN_POINT('',(-4.00636512754583,41.235210865283,22.4036347072603));
#9416=CARTESIAN_POINT('',(-4.00636512754603,37.9423755092436,19.8000388646588));
#9417=CARTESIAN_POINT('',(-4.00636512754595,39.6255223873945,19.8000388646588));
#9418=CARTESIAN_POINT('',(-4.00636512754592,40.0461325108075,16.4364834836784));
#9419=CARTESIAN_POINT('',(3.99363487245408,40.0461325108071,16.4364834836782));
#9420=CARTESIAN_POINT('',(-4.00636512754589,40.2271049753988,14.1833446207607));
#9421=CARTESIAN_POINT('',(3.9936348724541,40.2271049753983,14.1833446207605));
#9422=CARTESIAN_POINT('',(-4.00636512754578,42.4802438383164,14.1833446207607));
#9423=CARTESIAN_POINT('',(3.99363487245422,42.480243838316,14.1833446207605));
#9424=CARTESIAN_POINT('',(-4.00636512754565,44.7333827012341,14.1833446207607));
#9425=CARTESIAN_POINT('',(3.99363487245434,44.7333827012337,14.1833446207605));
#9426=CARTESIAN_POINT('',(-4.00636512754564,44.7333827012341,16.4364834836784));
#9427=CARTESIAN_POINT('',(3.99363487245436,44.7333827012336,16.4364834836782));
#9428=CARTESIAN_POINT('',(-3.55808146280879,41.5558492060964,25.0000000000001));
#9429=CARTESIAN_POINT('',(-2.48671161162301,44.733382701234,16.4364834836782));
#9430=CARTESIAN_POINT('',(-3.9999999999997,43.2565651037185,28.971548466433));
#9431=CARTESIAN_POINT('',(3.09096849469292,42.454465139229,28.9715484664328));
#9432=CARTESIAN_POINT('',(3.09096849469291,42.2924751995663,28.9715484664328));
#9433=CARTESIAN_POINT('',(3.0909684946929,42.1304852599037,28.9715484664328));
#9434=CARTESIAN_POINT('',(3.09096849469289,42.0730882956883,28.8940673766823));
#9435=CARTESIAN_POINT('',(3.09096849469289,42.1202843069204,28.7391051971813));
#9436=CARTESIAN_POINT('',(3.09096849469289,42.1674803181524,28.5841430176803));
#9437=CARTESIAN_POINT('',(-3.09096849469277,42.4544651392293,28.971548466433));
#9438=CARTESIAN_POINT('',(-3.09096849469278,42.2924751995667,28.971548466433));
#9439=CARTESIAN_POINT('',(-3.09096849469278,42.130485259904,28.971548466433));
#9440=CARTESIAN_POINT('',(-3.09096849469279,42.0730882956887,28.8940673766825));
#9441=CARTESIAN_POINT('',(-3.09096849469279,42.1202843069207,28.7391051971815));
#9442=CARTESIAN_POINT('',(-3.0909684946928,42.1674803181527,28.5841430176805));
#9443=CARTESIAN_POINT('',(-3.99999999999962,44.9462432838598,26.1990217104459));
#9444=CARTESIAN_POINT('',(4.00000000000038,44.9462432838593,26.1990217104457));
#9445=CARTESIAN_POINT('',(-3.99999999999965,43.6447180177597,28.7704071658192));
#9446=CARTESIAN_POINT('',(4.00000000000033,43.6447180177593,28.770407165819));
#9447=CARTESIAN_POINT('',(-3.99999999999968,43.5367308209832,28.8709778161261));
#9448=CARTESIAN_POINT('',(4.00000000000033,43.5367308209828,28.8709778161259));
#9449=CARTESIAN_POINT('',(-3.99999999999968,43.4287436242067,28.971548466433));
#9450=CARTESIAN_POINT('',(4.00000000000033,43.4287436242063,28.9715484664328));
#9451=CARTESIAN_POINT('',(-3.9999999999997,43.2565651037185,28.971548466433));
#9452=CARTESIAN_POINT('',(4.0000000000003,43.256565103718,28.9715484664328));
#9453=CARTESIAN_POINT('',(-3.03228322371507,44.8328322642426,26.4228385165537));
#9454=CARTESIAN_POINT('',(-3.03228322371507,44.8781988060182,26.3334096636209));
#9455=CARTESIAN_POINT('',(-3.03228322371506,44.9235226036855,26.2439591269438));
#9456=CARTESIAN_POINT('',(-3.03228322371507,44.9451556588156,26.1491393840009));
#9457=CARTESIAN_POINT('',(-3.03228322371507,44.9429697390836,26.0488853835596));
#9458=CARTESIAN_POINT('',(-3.03228322371507,44.9407838193516,25.9486313831182));
#9459=CARTESIAN_POINT('',(3.03228322371505,44.8328322642422,26.4228385165536));
#9460=CARTESIAN_POINT('',(3.03228322371505,44.8781988060179,26.3334096636207));
#9461=CARTESIAN_POINT('',(3.03228322371505,44.9235226036852,26.2439591269436));
#9462=CARTESIAN_POINT('',(3.03228322371505,44.9451556588153,26.1491393840008));
#9463=CARTESIAN_POINT('',(3.03228322371505,44.9429697390833,26.0488853835594));
#9464=CARTESIAN_POINT('',(3.03228322371504,44.9407838193512,25.9486313831181));
#9465=CARTESIAN_POINT('',(-5.00636512754603,38.2323755092436,23.4036347072603));
#9466=CARTESIAN_POINT('',(-4.00636512754583,41.6566125010787,16.809243562407));
#9467=CARTESIAN_POINT('',(5.58436245941884,41.3745464634371,20.5538605956637));
#9468=CARTESIAN_POINT('',(5.58436245941887,41.3188122241753,21.2937702403022));
#9469=CARTESIAN_POINT('',(5.58436245941889,41.2630779849134,22.0336798849408));
#9470=CARTESIAN_POINT('',(5.58436245941886,40.8642079718789,22.40363470726));
#9471=CARTESIAN_POINT('',(5.58436245941882,40.1222021850718,22.40363470726));
#9472=CARTESIAN_POINT('',(5.58436245941878,39.3801963982647,22.40363470726));
#9473=CARTESIAN_POINT('',(-5.59709271451074,41.3745464634378,20.553860595664));
#9474=CARTESIAN_POINT('',(-5.59709271451072,41.3188122241759,21.2937702403025));
#9475=CARTESIAN_POINT('',(-5.59709271451069,41.263077984914,22.0336798849411));
#9476=CARTESIAN_POINT('',(-5.59709271451072,40.8642079718795,22.4036347072604));
#9477=CARTESIAN_POINT('',(-5.59709271451076,40.1222021850724,22.4036347072604));
#9478=CARTESIAN_POINT('',(-5.5970927145108,39.3801963982653,22.4036347072604));
#9479=CARTESIAN_POINT('',(-3.99363487245395,37.9423755092436,13.1016790828365));
#9480=CARTESIAN_POINT('',(-3.72979881899229,38.869261800286,22.9036347072601));
#9481=CARTESIAN_POINT('',(-3.80231410685721,38.614507283869,22.9036347072601));
#9482=CARTESIAN_POINT('',(-3.87482939472213,38.3597527674521,22.9036347072601));
#9483=CARTESIAN_POINT('',(-3.77864994924138,38.2323755092436,22.9036347072601));
#9484=CARTESIAN_POINT('',(-3.51377577041494,38.2323755092436,22.9036347072601));
#9485=CARTESIAN_POINT('',(-3.2489015915885,38.2323755092436,22.9036347072601));
#9486=CARTESIAN_POINT('',(-3.72979881899229,38.869261800286,19.3000388646586));
#9487=CARTESIAN_POINT('',(-3.80231410685721,38.614507283869,19.3000388646586));
#9488=CARTESIAN_POINT('',(-3.87482939472213,38.3597527674521,19.3000388646586));
#9489=CARTESIAN_POINT('',(-3.77864994924138,38.2323755092436,19.3000388646586));
#9490=CARTESIAN_POINT('',(-3.51377577041494,38.2323755092436,19.3000388646586));
#9491=CARTESIAN_POINT('',(-3.24890159158851,38.2323755092436,19.3000388646586));
#9492=CARTESIAN_POINT('',(-1.84741111297626E-13,41.5558492060966,25.3597065131338));
#9493=CARTESIAN_POINT('',(3.99999999999976,42.0494902900727,28.971548466433));
#9494=CARTESIAN_POINT('',(3.99999999999973,42.6692918382684,26.9365078717028));
#9495=CARTESIAN_POINT('',(4.00636512754575,42.723174959905,26.0255738253833));
#9496=CARTESIAN_POINT('',(4.00636512754575,42.6937401195569,16.8341670802188));
#9497=CARTESIAN_POINT('',(4.00636512754576,42.6914370917927,16.4364834836784));
#9498=CARTESIAN_POINT('',(4.00636512754578,42.2774490291265,16.4364834836784));
#9499=CARTESIAN_POINT('',(-3.99363487245425,42.6937401195565,16.8341670802186));
#9500=CARTESIAN_POINT('',(-3.99363487245421,42.6914370917922,16.4364834836782));
#9501=CARTESIAN_POINT('',(-3.99363487245422,42.277449029126,16.4364834836782));
#9502=CARTESIAN_POINT('',(4.00636512754578,42.2774490291265,16.4364834836784));
#9503=CARTESIAN_POINT('',(0.00636512754581425,42.0556839065802,16.8364834836783));
#9504=CARTESIAN_POINT('',(4.00636512754583,41.235210865283,22.4036347072603));
#9505=CARTESIAN_POINT('',(4.00636512754603,37.9423755092436,19.8000388646588));
#9506=CARTESIAN_POINT('',(4.00636512754595,39.6255223873945,19.8000388646588));
#9507=CARTESIAN_POINT('',(4.00636512754592,40.0461325108075,16.4364834836784));
#9508=CARTESIAN_POINT('',(4.00636512754589,40.2271049753988,14.1833446207607));
#9509=CARTESIAN_POINT('',(4.00636512754578,42.4802438383164,14.1833446207607));
#9510=CARTESIAN_POINT('',(4.00636512754565,44.7333827012341,14.1833446207607));
#9511=CARTESIAN_POINT('',(4.00636512754564,44.7333827012341,16.4364834836784));
#9512=CARTESIAN_POINT('',(-3.99363487245408,40.0461325108071,16.4364834836782));
#9513=CARTESIAN_POINT('',(-3.9936348724541,40.2271049753983,14.1833446207605));
#9514=CARTESIAN_POINT('',(-3.99363487245422,42.480243838316,14.1833446207605));
#9515=CARTESIAN_POINT('',(-3.99363487245434,44.7333827012337,14.1833446207605));
#9516=CARTESIAN_POINT('',(-3.99363487245436,44.7333827012336,16.4364834836782));
#9517=CARTESIAN_POINT('',(3.55808146280879,41.5558492060964,25.0000000000001));
#9518=CARTESIAN_POINT('',(2.48671161162301,44.733382701234,16.4364834836782));
#9519=CARTESIAN_POINT('',(3.9999999999997,43.2565651037185,28.971548466433));
#9520=CARTESIAN_POINT('',(-3.09096849469292,42.454465139229,28.9715484664328));
#9521=CARTESIAN_POINT('',(3.09096849469277,42.4544651392293,28.971548466433));
#9522=CARTESIAN_POINT('',(-3.09096849469291,42.2924751995663,28.9715484664328));
#9523=CARTESIAN_POINT('',(3.09096849469278,42.2924751995667,28.971548466433));
#9524=CARTESIAN_POINT('',(-3.0909684946929,42.1304852599037,28.9715484664328));
#9525=CARTESIAN_POINT('',(3.09096849469278,42.130485259904,28.971548466433));
#9526=CARTESIAN_POINT('',(-3.09096849469289,42.0730882956883,28.8940673766823));
#9527=CARTESIAN_POINT('',(3.09096849469279,42.0730882956887,28.8940673766825));
#9528=CARTESIAN_POINT('',(-3.09096849469289,42.1202843069204,28.7391051971813));
#9529=CARTESIAN_POINT('',(3.09096849469279,42.1202843069207,28.7391051971815));
#9530=CARTESIAN_POINT('',(-3.09096849469289,42.1674803181524,28.5841430176803));
#9531=CARTESIAN_POINT('',(3.0909684946928,42.1674803181527,28.5841430176805));
#9532=CARTESIAN_POINT('',(3.99999999999962,44.9462432838598,26.1990217104459));
#9533=CARTESIAN_POINT('',(3.99999999999965,43.6447180177597,28.7704071658192));
#9534=CARTESIAN_POINT('',(3.99999999999968,43.5367308209832,28.8709778161261));
#9535=CARTESIAN_POINT('',(3.99999999999968,43.4287436242067,28.971548466433));
#9536=CARTESIAN_POINT('',(3.9999999999997,43.2565651037185,28.971548466433));
#9537=CARTESIAN_POINT('',(-4.00000000000038,44.9462432838593,26.1990217104457));
#9538=CARTESIAN_POINT('',(-4.00000000000033,43.6447180177593,28.770407165819));
#9539=CARTESIAN_POINT('',(-4.00000000000033,43.5367308209828,28.8709778161259));
#9540=CARTESIAN_POINT('',(-4.00000000000033,43.4287436242063,28.9715484664328));
#9541=CARTESIAN_POINT('',(-4.0000000000003,43.256565103718,28.9715484664328));
#9542=CARTESIAN_POINT('',(3.03228322371507,44.8328322642426,26.4228385165537));
#9543=CARTESIAN_POINT('',(-3.03228322371505,44.8328322642422,26.4228385165536));
#9544=CARTESIAN_POINT('',(3.03228322371507,44.8781988060182,26.3334096636209));
#9545=CARTESIAN_POINT('',(-3.03228322371505,44.8781988060179,26.3334096636207));
#9546=CARTESIAN_POINT('',(3.03228322371506,44.9235226036855,26.2439591269438));
#9547=CARTESIAN_POINT('',(-3.03228322371505,44.9235226036852,26.2439591269436));
#9548=CARTESIAN_POINT('',(3.03228322371507,44.9451556588156,26.1491393840009));
#9549=CARTESIAN_POINT('',(-3.03228322371505,44.9451556588153,26.1491393840008));
#9550=CARTESIAN_POINT('',(3.03228322371507,44.9429697390836,26.0488853835596));
#9551=CARTESIAN_POINT('',(-3.03228322371505,44.9429697390833,26.0488853835594));
#9552=CARTESIAN_POINT('',(3.03228322371507,44.9407838193516,25.9486313831182));
#9553=CARTESIAN_POINT('',(-3.03228322371504,44.9407838193512,25.9486313831181));
#9554=CARTESIAN_POINT('',(5.00636512754603,38.2323755092436,23.4036347072603));
#9555=CARTESIAN_POINT('',(4.00636512754583,41.6566125010787,16.809243562407));
#9556=CARTESIAN_POINT('',(-5.58436245941884,41.3745464634371,20.5538605956637));
#9557=CARTESIAN_POINT('',(5.59709271451074,41.3745464634378,20.553860595664));
#9558=CARTESIAN_POINT('',(-5.58436245941887,41.3188122241753,21.2937702403022));
#9559=CARTESIAN_POINT('',(5.59709271451072,41.3188122241759,21.2937702403025));
#9560=CARTESIAN_POINT('',(-5.58436245941889,41.2630779849134,22.0336798849408));
#9561=CARTESIAN_POINT('',(5.59709271451069,41.263077984914,22.0336798849411));
#9562=CARTESIAN_POINT('',(-5.58436245941886,40.8642079718789,22.40363470726));
#9563=CARTESIAN_POINT('',(5.59709271451072,40.8642079718795,22.4036347072604));
#9564=CARTESIAN_POINT('',(-5.58436245941882,40.1222021850718,22.40363470726));
#9565=CARTESIAN_POINT('',(5.59709271451076,40.1222021850724,22.4036347072604));
#9566=CARTESIAN_POINT('',(-5.58436245941878,39.3801963982647,22.40363470726));
#9567=CARTESIAN_POINT('',(5.5970927145108,39.3801963982653,22.4036347072604));
#9568=CARTESIAN_POINT('',(3.02435807204937,41.3475559867897,25.652968700232));
#9569=CARTESIAN_POINT('',(2.965067885674,41.5558492060964,25.));
#9570=CARTESIAN_POINT('',(2.48096301237463,43.2565651037181,28.9715484664328));
#9571=CARTESIAN_POINT('',(2.64812899827525,42.669291838268,26.9365078717026));
#9572=CARTESIAN_POINT('',(2.64116985117015,42.6937401195566,16.8341670802187));
#9573=CARTESIAN_POINT('',(2.75966615373916,42.2774490291261,16.4364834836782));
#9574=CARTESIAN_POINT('',(2.82279108642338,42.05568390658,16.4364834836782));
#9575=CARTESIAN_POINT('',(2.93638584523525,41.6566125010783,16.8092435624068));
#9576=CARTESIAN_POINT('',(3.51453098018676,39.6255223873941,19.8000388646586));
#9577=CARTESIAN_POINT('',(3.39480527480113,40.0461325108071,16.4364834836782));
#9578=CARTESIAN_POINT('',(2.06059027585151,44.7333827012338,16.4364834836782));
#9579=CARTESIAN_POINT('',(2.63372616812991,42.7198906311122,25.));
#9580=CARTESIAN_POINT('',(2.70927892464745,42.454465139229,28.9715484664328));
#9581=CARTESIAN_POINT('',(2.79096849469289,42.1674803181524,28.5841430176803));
#9582=CARTESIAN_POINT('',(2.03226012048229,44.8328907014532,26.422870630606));
#9583=CARTESIAN_POINT('',(2.00155402403015,44.9407838193514,25.9486313831181));
#9584=CARTESIAN_POINT('',(3.72979881899225,38.869261800286,22.4036347072601));
#9585=CARTESIAN_POINT('',(3.24890159158851,38.2323755092436,22.4036347072601));
#9586=CARTESIAN_POINT('',(3.24890159158851,38.2323755092436,19.8000388646586));
#9587=CARTESIAN_POINT('',(3.72979881899228,38.869261800286,19.8000388646586));
#9588=CARTESIAN_POINT('',(3.01667529487537,41.3745464634373,20.5538605956637));
#9589=CARTESIAN_POINT('',(3.58436245941881,39.3801963982648,22.4036347072601));
#9590=CARTESIAN_POINT('',(0.,41.5558492060965,25.0000000000001));
#9591=CARTESIAN_POINT('',(0.,41.3475559867899,25.6529687002321));
#9592=CARTESIAN_POINT('',(0.,42.6692918382682,26.9365078717027));
#9593=CARTESIAN_POINT('',(0.,42.1674803181526,28.5841430176804));
#9594=CARTESIAN_POINT('',(0.,42.6937401195567,16.8341670802187));
#9595=CARTESIAN_POINT('',(0.,42.7198906311124,25.0000000000001));
#9596=CARTESIAN_POINT('',(0.,42.2774490291263,16.4364834836783));
#9597=CARTESIAN_POINT('',(0.,42.0556839065802,16.4364834836783));
#9598=CARTESIAN_POINT('',(0.,41.6566125010785,16.8092435624069));
#9599=CARTESIAN_POINT('',(0.,38.2323755092436,22.4036347072602));
#9600=CARTESIAN_POINT('',(0.,39.380196398265,22.4036347072602));
#9601=CARTESIAN_POINT('',(0.,39.6255223873943,19.8000388646587));
#9602=CARTESIAN_POINT('',(0.,38.2323755092436,19.8000388646587));
#9603=CARTESIAN_POINT('',(0.,40.0461325108073,16.4364834836783));
#9604=CARTESIAN_POINT('',(0.,44.7333827012339,16.4364834836783));
#9605=CARTESIAN_POINT('',(0.,44.9407838193515,25.9486313831182));
#9606=CARTESIAN_POINT('',(0.,42.4544651392292,28.9715484664329));
#9607=CARTESIAN_POINT('',(0.,43.2565651037182,28.9715484664329));
#9608=CARTESIAN_POINT('',(0.,44.8328906554488,26.422870721356));
#9609=CARTESIAN_POINT('',(0.,41.3745464634374,20.5538605956638));
#9610=CARTESIAN_POINT('',(-3.02435807204937,41.3475559867897,25.652968700232));
#9611=CARTESIAN_POINT('',(-2.965067885674,41.5558492060964,25.));
#9612=CARTESIAN_POINT('',(-2.48096301237463,43.2565651037181,28.9715484664328));
#9613=CARTESIAN_POINT('',(-2.64812899827525,42.669291838268,26.9365078717026));
#9614=CARTESIAN_POINT('',(-2.64116985117015,42.6937401195566,16.8341670802187));
#9615=CARTESIAN_POINT('',(-2.75966615373916,42.2774490291261,16.4364834836782));
#9616=CARTESIAN_POINT('',(-2.82279108642338,42.05568390658,16.4364834836782));
#9617=CARTESIAN_POINT('',(-2.93638584523525,41.6566125010783,16.8092435624068));
#9618=CARTESIAN_POINT('',(-3.51453098018676,39.6255223873941,19.8000388646586));
#9619=CARTESIAN_POINT('',(-3.39480527480113,40.0461325108071,16.4364834836782));
#9620=CARTESIAN_POINT('',(-2.06059027585151,44.7333827012338,16.4364834836782));
#9621=CARTESIAN_POINT('',(-2.63372616812991,42.7198906311122,25.));
#9622=CARTESIAN_POINT('',(-2.70927892464745,42.454465139229,28.9715484664328));
#9623=CARTESIAN_POINT('',(-2.79096849469289,42.1674803181524,28.5841430176803));
#9624=CARTESIAN_POINT('',(-2.03226012048229,44.8328907014532,26.422870630606));
#9625=CARTESIAN_POINT('',(-2.00155402403015,44.9407838193514,25.9486313831181));
#9626=CARTESIAN_POINT('',(-3.72979881899225,38.869261800286,22.4036347072601));
#9627=CARTESIAN_POINT('',(-3.24890159158851,38.2323755092436,22.4036347072601));
#9628=CARTESIAN_POINT('',(-3.24890159158851,38.2323755092436,19.8000388646586));
#9629=CARTESIAN_POINT('',(-3.72979881899228,38.869261800286,19.8000388646586));
#9630=CARTESIAN_POINT('',(-3.01667529487537,41.3745464634373,20.5538605956637));
#9631=CARTESIAN_POINT('',(-3.58436245941881,39.3801963982648,22.4036347072601));
#9632=CARTESIAN_POINT('',(0.,41.5558492060965,25.0000000000001));
#9633=CARTESIAN_POINT('',(1.93109775161807E-30,41.2930288930031,25.0000000000001));
#9634=CARTESIAN_POINT('',(9.43257305812201E-17,41.2131561259608,25.2503894128344));
#9635=CARTESIAN_POINT('',(1.74203583831727E-30,41.1332833589185,25.5007788256688));
#9636=CARTESIAN_POINT('',(1.11022302462516E-16,41.3475559867899,25.6529687002321));
#9637=CARTESIAN_POINT('',(0.,42.6692918382682,26.9365078717027));
#9638=CARTESIAN_POINT('',(-8.53597225792752E-15,42.4183860782104,27.7603254446916));
#9639=CARTESIAN_POINT('',(0.,42.1674803181526,28.5841430176804));
#9640=CARTESIAN_POINT('',(1.11022302462516E-16,42.0556839065802,16.4364834836783));
#9641=CARTESIAN_POINT('',(1.46549439250521E-14,42.1665664678532,16.4364834836783));
#9642=CARTESIAN_POINT('',(-1.11022302462516E-16,42.2774490291263,16.4364834836783));
#9643=CARTESIAN_POINT('',(0.,41.5558492060965,25.0000000000001));
#9644=CARTESIAN_POINT('',(2.965067885674,41.5558492060964,25.));
#9645=CARTESIAN_POINT('',(1.11022302462516E-16,41.3475559867899,25.6529687002321));
#9646=CARTESIAN_POINT('',(3.02435807204937,41.3475559867897,25.652968700232));
#9647=CARTESIAN_POINT('',(-1.11022302462516E-16,43.2565651037183,28.9715484664329));
#9648=CARTESIAN_POINT('',(2.48096301237463,43.2565651037181,28.9715484664328));
#9649=CARTESIAN_POINT('',(0.,42.6692918382682,26.9365078717027));
#9650=CARTESIAN_POINT('',(2.64812899827525,42.669291838268,26.9365078717026));
#9651=CARTESIAN_POINT('',(3.02435807204937,41.3475559867897,25.652968700232));
#9652=CARTESIAN_POINT('',(3.04171528209811,41.2865781187772,25.609658389549));
#9653=CARTESIAN_POINT('',(3.05503184322272,41.2397955134877,25.5477838037518));
#9654=CARTESIAN_POINT('',(3.06905958168862,41.1905144606984,25.4024212062394));
#9655=CARTESIAN_POINT('',(3.06926551062712,41.1897910087383,25.3236356292701));
#9656=CARTESIAN_POINT('',(3.06261468368514,41.2131561259607,25.2503894128343));
#9657=CARTESIAN_POINT('',(3.0558574430856,41.2368950865569,25.1759712522387));
#9658=CARTESIAN_POINT('',(3.04249206501946,41.2838491913563,25.1122966528039));
#9659=CARTESIAN_POINT('',(3.00734013225774,41.4073419595091,25.023396574035));
#9660=CARTESIAN_POINT('',(2.9863845225595,41.4809614178617,25.));
#9661=CARTESIAN_POINT('',(2.965067885674,41.5558492060964,25.));
#9662=CARTESIAN_POINT('',(2.48096301237463,43.2565651037181,28.9715484664328));
#9663=CARTESIAN_POINT('',(2.70927892464745,42.454465139229,28.9715484664328));
#9664=CARTESIAN_POINT('',(2.64812899827525,42.669291838268,26.9365078717026));
#9665=CARTESIAN_POINT('',(2.77353868953328,42.2287132211086,26.5086614812124));
#9666=CARTESIAN_POINT('',(2.89894838079131,41.7881346039491,26.0808150907222));
#9667=CARTESIAN_POINT('',(3.02435807204937,41.3475559867897,25.652968700232));
#9668=CARTESIAN_POINT('',(-1.11022302462516E-16,41.6566125010785,16.8092435624069));
#9669=CARTESIAN_POINT('',(-5.77301793524591E-15,41.6820564568661,16.4364834836783));
#9670=CARTESIAN_POINT('',(1.11022302462516E-16,42.0556839065802,16.4364834836783));
#9671=CARTESIAN_POINT('',(-1.11022302462516E-16,40.0461325108073,16.4364834836783));
#9672=CARTESIAN_POINT('',(1.4210854715202E-14,39.8358274491008,18.1182611741685));
#9673=CARTESIAN_POINT('',(-1.11022302462516E-16,39.6255223873943,19.8000388646587));
#9674=CARTESIAN_POINT('',(-2.22044604925031E-16,42.7198906311124,25.0000000000001));
#9675=CARTESIAN_POINT('',(0.,41.5558492060965,25.0000000000001));
#9676=CARTESIAN_POINT('',(-1.11022302462516E-16,42.4544651392292,28.9715484664329));
#9677=CARTESIAN_POINT('',(-1.2944540928698E-14,42.8555151214737,28.9715484664329));
#9678=CARTESIAN_POINT('',(-1.11022302462516E-16,43.2565651037183,28.9715484664329));
#9679=CARTESIAN_POINT('',(0.,42.1674803181526,28.5841430176804));
#9680=CARTESIAN_POINT('',(-1.28785870856518E-14,42.1202843069205,28.7391051971814));
#9681=CARTESIAN_POINT('',(-1.06581410364015E-14,42.0730882956885,28.8940673766824));
#9682=CARTESIAN_POINT('',(-2.44249065417534E-15,42.1304852599038,28.9715484664329));
#9683=CARTESIAN_POINT('',(6.21724893790088E-15,42.2924751995665,28.9715484664329));
#9684=CARTESIAN_POINT('',(-1.11022302462516E-16,42.4544651392292,28.9715484664329));
#9685=CARTESIAN_POINT('',(-1.11022302462516E-16,43.2565651037183,28.9715484664329));
#9686=CARTESIAN_POINT('',(-9.60067615354237E-15,43.4287436242065,28.9715484664329));
#9687=CARTESIAN_POINT('',(-9.60067615354237E-15,43.536730820983,28.870977816126));
#9688=CARTESIAN_POINT('',(5.6172042772788E-15,43.6394321029962,28.7753300446518));
#9689=CARTESIAN_POINT('',(0.,44.8328906554487,26.422870721356));
#9690=CARTESIAN_POINT('',(-1.11022302462516E-16,38.2323755092436,22.4036347072602));
#9691=CARTESIAN_POINT('',(2.22044604925031E-16,38.2323755092436,19.8000388646587));
#9692=CARTESIAN_POINT('',(-3.33066907387547E-16,39.380196398265,22.4036347072602));
#9693=CARTESIAN_POINT('',(9.10382880192628E-15,40.1222021850721,22.4036347072602));
#9694=CARTESIAN_POINT('',(5.15143483426073E-14,40.8642079718792,22.4036347072602));
#9695=CARTESIAN_POINT('',(7.86037901434611E-14,41.2630779849137,22.0336798849409));
#9696=CARTESIAN_POINT('',(5.7065463465733E-14,41.3188122241756,21.2937702403024));
#9697=CARTESIAN_POINT('',(-1.11022302462516E-16,41.3745464634374,20.5538605956638));
#9698=CARTESIAN_POINT('',(0.,42.6937401195567,16.8341670802187));
#9699=CARTESIAN_POINT('',(2.64116985117015,42.6937401195566,16.8341670802187));
#9700=CARTESIAN_POINT('',(-1.11022302462516E-16,42.2774490291263,16.4364834836783));
#9701=CARTESIAN_POINT('',(2.75966615373916,42.2774490291261,16.4364834836782));
#9702=CARTESIAN_POINT('',(1.11022302462516E-16,42.0556839065802,16.4364834836783));
#9703=CARTESIAN_POINT('',(2.82279108642338,42.05568390658,16.4364834836782));
#9704=CARTESIAN_POINT('',(-1.11022302462516E-16,41.6566125010785,16.8092435624069));
#9705=CARTESIAN_POINT('',(2.93638584523525,41.6566125010783,16.8092435624068));
#9706=CARTESIAN_POINT('',(-1.11022302462516E-16,39.6255223873943,19.8000388646587));
#9707=CARTESIAN_POINT('',(3.51453098018676,39.6255223873941,19.8000388646586));
#9708=CARTESIAN_POINT('',(-1.11022302462516E-16,40.0461325108073,16.4364834836783));
#9709=CARTESIAN_POINT('',(3.39480527480113,40.0461325108071,16.4364834836782));
#9710=CARTESIAN_POINT('',(1.11022302462516E-16,44.7333827012339,16.4364834836783));
#9711=CARTESIAN_POINT('',(2.06059027585151,44.7333827012338,16.4364834836782));
#9712=CARTESIAN_POINT('',(2.64116985117015,42.6937401195566,16.8341670802187));
#9713=CARTESIAN_POINT('',(2.64126037983517,42.6934220819819,16.7792487989518));
#9714=CARTESIAN_POINT('',(2.64469884131226,42.6813423727687,16.7253892409868));
#9715=CARTESIAN_POINT('',(2.65756895898507,42.6361281744872,16.6263175338141));
#9716=CARTESIAN_POINT('',(2.66679928097874,42.603700995521,16.5825138317074));
#9717=CARTESIAN_POINT('',(2.7005293990933,42.4852032251616,16.474392605085));
#9718=CARTESIAN_POINT('',(2.72991953669346,42.381952303727,16.4364834836782));
#9719=CARTESIAN_POINT('',(2.75966615373916,42.2774490291261,16.4364834836782));
#9720=CARTESIAN_POINT('',(2.75966615373916,42.2774490291261,16.4364834836782));
#9721=CARTESIAN_POINT('',(2.82279108642338,42.05568390658,16.4364834836782));
#9722=CARTESIAN_POINT('',(2.82279108642338,42.05568390658,16.4364834836782));
#9723=CARTESIAN_POINT('',(2.85095346918622,41.9567462285657,16.4364834836782));
#9724=CARTESIAN_POINT('',(2.87844352595694,41.8601705088095,16.4732212388727));
#9725=CARTESIAN_POINT('',(2.91019826464979,41.7486124727342,16.5752667549501));
#9726=CARTESIAN_POINT('',(2.91892133353328,41.7179673320951,16.616145761246));
#9727=CARTESIAN_POINT('',(2.93158830147517,41.673466822099,16.7079723447302));
#9728=CARTESIAN_POINT('',(2.93538877025777,41.6601153397375,16.7579261326302));
#9729=CARTESIAN_POINT('',(2.93638584523525,41.6566125010783,16.8092435624068));
#9730=CARTESIAN_POINT('',(2.93638584523525,41.6566125010783,16.8092435624068));
#9731=CARTESIAN_POINT('',(2.96314899511527,41.5625904885313,18.0574492401591));
#9732=CARTESIAN_POINT('',(2.98991214499532,41.4685684759843,19.3056549179114));
#9733=CARTESIAN_POINT('',(3.01667529487537,41.3745464634373,20.5538605956637));
#9734=CARTESIAN_POINT('',(3.51453098018676,39.6255223873941,19.8000388646586));
#9735=CARTESIAN_POINT('',(3.47462241172487,39.7657257618651,18.6788537376652));
#9736=CARTESIAN_POINT('',(3.43471384326303,39.905929136336,17.5576686106717));
#9737=CARTESIAN_POINT('',(3.39480527480113,40.0461325108071,16.4364834836782));
#9738=CARTESIAN_POINT('',(3.39480527480113,40.0461325108071,16.4364834836782));
#9739=CARTESIAN_POINT('',(3.38771995704444,40.0710240440536,16.126579537561));
#9740=CARTESIAN_POINT('',(3.36266606613084,40.1590412339729,15.8258384490995));
#9741=CARTESIAN_POINT('',(3.28336606778326,40.4376312158334,15.2769866457546));
#9742=CARTESIAN_POINT('',(3.22966378540936,40.6262934880178,15.0320435835728));
#9743=CARTESIAN_POINT('',(3.03815348371411,41.2990911246778,14.4202332245446));
#9744=CARTESIAN_POINT('',(2.87208893793526,41.8824949047561,14.1833446207605));
#9745=CARTESIAN_POINT('',(2.70194107717229,42.4802438383161,14.1833446207605));
#9746=CARTESIAN_POINT('',(2.53618924074742,43.0625490345983,14.1833446207605));
#9747=CARTESIAN_POINT('',(2.37475657261335,43.6296804977026,14.4093015011464));
#9748=CARTESIAN_POINT('',(2.19330971936175,44.2671240867235,15.0323727550196));
#9749=CARTESIAN_POINT('',(2.14475424110255,44.4377050462378,15.2809025355212));
#9750=CARTESIAN_POINT('',(2.0779771457761,44.6723006346784,15.834782631723));
#9751=CARTESIAN_POINT('',(2.06059027585151,44.7333827012338,16.1335326646151));
#9752=CARTESIAN_POINT('',(2.06059027585151,44.7333827012338,16.4364834836782));
#9753=CARTESIAN_POINT('',(1.11022302462516E-16,41.3475559867899,25.6529687002321));
#9754=CARTESIAN_POINT('',(-1.3988810110277E-14,42.008423912529,26.2947382859674));
#9755=CARTESIAN_POINT('',(0.,42.6692918382682,26.9365078717027));
#9756=CARTESIAN_POINT('',(0.,42.6937401195567,16.8341670802187));
#9757=CARTESIAN_POINT('',(0.,42.7068153753345,20.9170835401094));
#9758=CARTESIAN_POINT('',(-2.22044604925031E-16,42.7198906311124,25.0000000000001));
#9759=CARTESIAN_POINT('',(-1.11022302462516E-16,42.2774490291263,16.4364834836783));
#9760=CARTESIAN_POINT('',(-1.09589612980826E-14,42.6914370917925,16.4364834836783));
#9761=CARTESIAN_POINT('',(0.,42.6937401195567,16.8341670802187));
#9762=CARTESIAN_POINT('',(2.63372616812991,42.7198906311122,25.));
#9763=CARTESIAN_POINT('',(2.63620739580998,42.711173793927,22.2780556934062));
#9764=CARTESIAN_POINT('',(2.63868862349008,42.7024569567418,19.5561113868124));
#9765=CARTESIAN_POINT('',(2.64116985117015,42.6937401195566,16.8341670802187));
#9766=CARTESIAN_POINT('',(2.63372616812991,42.7198906311122,25.));
#9767=CARTESIAN_POINT('',(-2.22044604925031E-16,42.7198906311124,25.0000000000001));
#9768=CARTESIAN_POINT('',(-1.11022302462516E-16,38.2323755092436,22.4036347072602));
#9769=CARTESIAN_POINT('',(-2.1815451129819E-15,38.8062859537543,22.4036347072602));
#9770=CARTESIAN_POINT('',(-3.33066907387547E-16,39.380196398265,22.4036347072602));
#9771=CARTESIAN_POINT('',(-1.11022302462516E-16,39.6255223873943,19.8000388646587));
#9772=CARTESIAN_POINT('',(1.91078104365459E-14,38.9289489483189,19.8000388646587));
#9773=CARTESIAN_POINT('',(2.22044604925031E-16,38.2323755092436,19.8000388646587));
#9774=CARTESIAN_POINT('',(2.965067885674,41.5558492060964,25.));
#9775=CARTESIAN_POINT('',(2.63372616812991,42.7198906311122,25.));
#9776=CARTESIAN_POINT('',(1.11022302462516E-16,44.7333827012339,16.4364834836783));
#9777=CARTESIAN_POINT('',(1.23095248760808E-13,44.7333827012339,14.1833446207606));
#9778=CARTESIAN_POINT('',(0.,42.4802438383162,14.1833446207606));
#9779=CARTESIAN_POINT('',(-1.1807095289302E-13,40.2271049753985,14.1833446207606));
#9780=CARTESIAN_POINT('',(-1.11022302462516E-16,40.0461325108073,16.4364834836783));
#9781=CARTESIAN_POINT('',(2.06059027585151,44.7333827012338,16.4364834836782));
#9782=CARTESIAN_POINT('',(2.00155402403015,44.9407838193514,25.9486313831181));
#9783=CARTESIAN_POINT('',(-1.11022302462516E-16,44.9407838193515,25.9486313831182));
#9784=CARTESIAN_POINT('',(1.11022302462516E-16,44.7333827012339,16.4364834836783));
#9785=CARTESIAN_POINT('',(2.79096849469289,42.1674803181524,28.5841430176803));
#9786=CARTESIAN_POINT('',(2.74335532922034,42.3347508248576,28.0349313023544));
#9787=CARTESIAN_POINT('',(2.69574216374781,42.5020213315628,27.4857195870285));
#9788=CARTESIAN_POINT('',(2.64812899827525,42.669291838268,26.9365078717026));
#9789=CARTESIAN_POINT('',(2.70927892464745,42.454465139229,28.9715484664328));
#9790=CARTESIAN_POINT('',(-1.11022302462516E-16,42.4544651392292,28.9715484664329));
#9791=CARTESIAN_POINT('',(2.79096849469289,42.1674803181524,28.5841430176803));
#9792=CARTESIAN_POINT('',(0.,42.1674803181526,28.5841430176804));
#9793=CARTESIAN_POINT('',(0.,44.8328906554488,26.422870721356));
#9794=CARTESIAN_POINT('',(3.5527136788005E-15,44.878198806018,26.3334096636208));
#9795=CARTESIAN_POINT('',(4.66293670342566E-15,44.9235226036853,26.2439591269437));
#9796=CARTESIAN_POINT('',(1.77635683940025E-15,44.9451556588155,26.1491393840008));
#9797=CARTESIAN_POINT('',(-8.88178419700125E-16,44.9429697390834,26.0488853835595));
#9798=CARTESIAN_POINT('',(-1.11022302462516E-16,44.9407838193515,25.9486313831182));
#9799=CARTESIAN_POINT('',(2.70927892464745,42.454465139229,28.9715484664328));
#9800=CARTESIAN_POINT('',(2.71377993538409,42.4386525727019,28.9715484664328));
#9801=CARTESIAN_POINT('',(2.72267014565406,42.4074202452182,28.9715470487589));
#9802=CARTESIAN_POINT('',(2.73574223687007,42.3614964907335,28.9706751060421));
#9803=CARTESIAN_POINT('',(2.74820379557262,42.3177176069348,28.9681759146083));
#9804=CARTESIAN_POINT('',(2.75980722890258,42.2769534159099,28.9633898187679));
#9805=CARTESIAN_POINT('',(2.7703513989263,42.2399105382699,28.9557481276695));
#9806=CARTESIAN_POINT('',(2.77968013633094,42.2071376147075,28.9447502782185));
#9807=CARTESIAN_POINT('',(2.78767126769759,42.1790638544443,28.9299333533762));
#9808=CARTESIAN_POINT('',(2.79420749730583,42.1561013307881,28.9108888901859));
#9809=CARTESIAN_POINT('',(2.79916048034453,42.1387009337685,28.8874555053883));
#9810=CARTESIAN_POINT('',(2.80246314068627,42.1270983095078,28.8598958336107));
#9811=CARTESIAN_POINT('',(2.80418093571857,42.1210634987025,28.8286449614403));
#9812=CARTESIAN_POINT('',(2.80446040201509,42.1200817015764,28.7940286987322));
#9813=CARTESIAN_POINT('',(2.80346859358689,42.1235660382445,28.756332278215));
#9814=CARTESIAN_POINT('',(2.80139022909621,42.1308675708778,28.7159280393781));
#9815=CARTESIAN_POINT('',(2.79843971317412,42.141233071437,28.6733185222596));
#9816=CARTESIAN_POINT('',(2.79486889047141,42.1537777808028,28.6291383501032));
#9817=CARTESIAN_POINT('',(2.7922797769654,42.162873633258,28.5992684893648));
#9818=CARTESIAN_POINT('',(2.79096849469289,42.1674803181524,28.5841430176803));
#9819=CARTESIAN_POINT('',(-1.11022302462516E-16,41.3745464634374,20.5538605956638));
#9820=CARTESIAN_POINT('',(1.11022302462516E-15,41.515579482258,18.6815520790354));
#9821=CARTESIAN_POINT('',(-1.11022302462516E-16,41.6566125010785,16.8092435624069));
#9822=CARTESIAN_POINT('',(2.03226012048229,44.8328907014532,26.422870630606));
#9823=CARTESIAN_POINT('',(2.1235001390976,44.5123585444434,27.0551858316751));
#9824=CARTESIAN_POINT('',(2.37377513043552,43.6331260747115,28.781195895587));
#9825=CARTESIAN_POINT('',(2.40121493667906,43.5367277077512,28.8709761052557));
#9826=CARTESIAN_POINT('',(2.4230906194495,43.4598765785376,28.9425510780652));
#9827=CARTESIAN_POINT('',(2.4523219704142,43.3571840100029,28.9715480666304));
#9828=CARTESIAN_POINT('',(2.48096301237463,43.2565651037181,28.9715484664328));
#9829=CARTESIAN_POINT('',(-1.11022302462516E-16,44.9407838193515,25.9486313831182));
#9830=CARTESIAN_POINT('',(2.00155402403015,44.9407838193514,25.9486313831181));
#9831=CARTESIAN_POINT('',(3.01667529487537,41.3745464634373,20.5538605956637));
#9832=CARTESIAN_POINT('',(-1.11022302462516E-16,41.3745464634374,20.5538605956638));
#9833=CARTESIAN_POINT('',(0.,44.8328906554488,26.422870721356));
#9834=CARTESIAN_POINT('',(2.03226012048229,44.8328907014532,26.422870630606));
#9835=CARTESIAN_POINT('',(2.00155402403015,44.9407838193514,25.9486313831181));
#9836=CARTESIAN_POINT('',(2.00149288115423,44.940998213343,25.9584564115322));
#9837=CARTESIAN_POINT('',(2.00137098844078,44.9414256214428,25.9780844395025));
#9838=CARTESIAN_POINT('',(2.00126652964158,44.9417913737418,26.0074821343337));
#9839=CARTESIAN_POINT('',(2.00130855870155,44.941642496602,26.0367724712315));
#9840=CARTESIAN_POINT('',(2.00155554871952,44.9407735671231,26.0659097779093));
#9841=CARTESIAN_POINT('',(2.00205634848291,44.939012973784,26.0948550514396));
#9842=CARTESIAN_POINT('',(2.002850121001,44.9362231323781,26.1235759795578));
#9843=CARTESIAN_POINT('',(2.00396625490273,44.9323007973008,26.1520470445263));
#9844=CARTESIAN_POINT('',(2.00542427916609,44.9271773610394,26.1802497329872));
#9845=CARTESIAN_POINT('',(2.00723380028018,44.9208190751785,26.2081728773853));
#9846=CARTESIAN_POINT('',(2.00939449573203,44.9132270722916,26.2358130572315));
#9847=CARTESIAN_POINT('',(2.01189612999323,44.904437313404,26.2631750574495));
#9848=CARTESIAN_POINT('',(2.0147187462236,44.8945199008192,26.2902719723566));
#9849=CARTESIAN_POINT('',(2.01783240709286,44.8835800400914,26.317126102748));
#9850=CARTESIAN_POINT('',(2.0211987378997,44.8717524250931,26.3437661317198));
#9851=CARTESIAN_POINT('',(2.02476567563868,44.8592204148127,26.3702376552155));
#9852=CARTESIAN_POINT('',(2.02848762693234,44.8461424717288,26.3965626406314));
#9853=CARTESIAN_POINT('',(2.03099489605864,44.8373359911407,26.4141073529753));
#9854=CARTESIAN_POINT('',(2.03226012048229,44.8328907014532,26.422870630606));
#9855=CARTESIAN_POINT('',(-1.11022302462516E-16,38.2323755092436,22.4036347072602));
#9856=CARTESIAN_POINT('',(3.24890159158851,38.2323755092436,22.4036347072601));
#9857=CARTESIAN_POINT('',(3.24890159158851,38.2323755092436,19.8000388646586));
#9858=CARTESIAN_POINT('',(2.22044604925031E-16,38.2323755092436,19.8000388646587));
#9859=CARTESIAN_POINT('',(3.24890159158851,38.2323755092436,22.4036347072601));
#9860=CARTESIAN_POINT('',(3.51377577041494,38.2323755092436,22.4036347072601));
#9861=CARTESIAN_POINT('',(3.77864994924137,38.2323755092436,22.4036347072601));
#9862=CARTESIAN_POINT('',(3.87482939472211,38.3597527674521,22.4036347072601));
#9863=CARTESIAN_POINT('',(3.80231410685718,38.614507283869,22.4036347072601));
#9864=CARTESIAN_POINT('',(3.72979881899225,38.869261800286,22.4036347072601));
#9865=CARTESIAN_POINT('',(3.72979881899228,38.869261800286,19.8000388646586));
#9866=CARTESIAN_POINT('',(3.51453098018676,39.6255223873941,19.8000388646586));
#9867=CARTESIAN_POINT('',(3.72979881899228,38.869261800286,19.8000388646586));
#9868=CARTESIAN_POINT('',(3.8023141068572,38.614507283869,19.8000388646586));
#9869=CARTESIAN_POINT('',(3.87482939472212,38.3597527674521,19.8000388646586));
#9870=CARTESIAN_POINT('',(3.77864994924137,38.2323755092436,19.8000388646586));
#9871=CARTESIAN_POINT('',(3.51377577041494,38.2323755092436,19.8000388646586));
#9872=CARTESIAN_POINT('',(3.24890159158851,38.2323755092436,19.8000388646586));
#9873=CARTESIAN_POINT('',(3.72979881899225,38.869261800286,22.4036347072601));
#9874=CARTESIAN_POINT('',(3.72979881899228,38.869261800286,19.8000388646586));
#9875=CARTESIAN_POINT('',(3.24890159158851,38.2323755092436,22.4036347072601));
#9876=CARTESIAN_POINT('',(3.24890159158851,38.2323755092436,19.8000388646586));
#9877=CARTESIAN_POINT('',(3.58436245941881,39.3801963982648,22.4036347072601));
#9878=CARTESIAN_POINT('',(3.72979881899225,38.869261800286,22.4036347072601));
#9879=CARTESIAN_POINT('',(3.58436245941881,39.3801963982648,22.4036347072601));
#9880=CARTESIAN_POINT('',(-3.33066907387547E-16,39.380196398265,22.4036347072602));
#9881=CARTESIAN_POINT('',(3.01667529487537,41.3745464634373,20.5538605956637));
#9882=CARTESIAN_POINT('',(3.01822585992903,41.3690991507112,20.6261773488253));
#9883=CARTESIAN_POINT('',(3.02130235095303,41.3582910851824,20.7695429613358));
#9884=CARTESIAN_POINT('',(3.02704449443298,41.338118277096,20.9812941230075));
#9885=CARTESIAN_POINT('',(3.03486977692265,41.3106271629437,21.1855275101086));
#9886=CARTESIAN_POINT('',(3.04562695461673,41.2728359649473,21.3791681547209));
#9887=CARTESIAN_POINT('',(3.06004871982516,41.2221706510566,21.5596550844287));
#9888=CARTESIAN_POINT('',(3.07875731346656,41.1564452176165,21.7248828984599));
#9889=CARTESIAN_POINT('',(3.10225387052572,41.073899119996,21.873099528589));
#9890=CARTESIAN_POINT('',(3.13087442656555,40.9733518267536,22.0028354605577));
#9891=CARTESIAN_POINT('',(3.16472828259605,40.8544193509154,22.1130275776993));
#9892=CARTESIAN_POINT('',(3.20369103191138,40.7175387474957,22.2033357664873));
#9893=CARTESIAN_POINT('',(3.24748009749723,40.5637027419287,22.274325187384));
#9894=CARTESIAN_POINT('',(3.2957287492706,40.3941996990229,22.3273317699975));
#9895=CARTESIAN_POINT('',(3.34799516056957,40.2105818064743,22.3642358332925));
#9896=CARTESIAN_POINT('',(3.40373441569622,40.0147634155759,22.3873510181117));
#9897=CARTESIAN_POINT('',(3.462273467388,39.8091090184917,22.3994165991388));
#9898=CARTESIAN_POINT('',(3.52279946153913,39.5964742648471,22.4036258104152));
#9899=CARTESIAN_POINT('',(3.5637197843426,39.4527164814283,22.4036347072601));
#9900=CARTESIAN_POINT('',(3.58436245941881,39.3801963982648,22.4036347072601));
#9901=CARTESIAN_POINT('',(0.,41.5558492060965,25.0000000000001));
#9902=CARTESIAN_POINT('',(-2.965067885674,41.5558492060964,25.));
#9903=CARTESIAN_POINT('',(-1.11022302462516E-16,41.3475559867899,25.6529687002321));
#9904=CARTESIAN_POINT('',(-3.02435807204937,41.3475559867897,25.652968700232));
#9905=CARTESIAN_POINT('',(1.11022302462516E-16,43.2565651037183,28.9715484664329));
#9906=CARTESIAN_POINT('',(-2.48096301237463,43.2565651037181,28.9715484664328));
#9907=CARTESIAN_POINT('',(0.,42.6692918382682,26.9365078717027));
#9908=CARTESIAN_POINT('',(-2.64812899827525,42.669291838268,26.9365078717026));
#9909=CARTESIAN_POINT('',(-3.02435807204937,41.3475559867897,25.652968700232));
#9910=CARTESIAN_POINT('',(-3.04171528209811,41.2865781187772,25.609658389549));
#9911=CARTESIAN_POINT('',(-3.05503184322272,41.2397955134877,25.5477838037518));
#9912=CARTESIAN_POINT('',(-3.06905958168862,41.1905144606984,25.4024212062394));
#9913=CARTESIAN_POINT('',(-3.06926551062712,41.1897910087383,25.3236356292701));
#9914=CARTESIAN_POINT('',(-3.06261468368514,41.2131561259607,25.2503894128343));
#9915=CARTESIAN_POINT('',(-3.0558574430856,41.2368950865569,25.1759712522387));
#9916=CARTESIAN_POINT('',(-3.04249206501946,41.2838491913563,25.1122966528039));
#9917=CARTESIAN_POINT('',(-3.00734013225774,41.4073419595091,25.023396574035));
#9918=CARTESIAN_POINT('',(-2.9863845225595,41.4809614178617,25.));
#9919=CARTESIAN_POINT('',(-2.965067885674,41.5558492060964,25.));
#9920=CARTESIAN_POINT('',(-2.48096301237463,43.2565651037181,28.9715484664328));
#9921=CARTESIAN_POINT('',(-2.70927892464745,42.454465139229,28.9715484664328));
#9922=CARTESIAN_POINT('',(-2.64812899827525,42.669291838268,26.9365078717026));
#9923=CARTESIAN_POINT('',(-2.77353868953328,42.2287132211086,26.5086614812124));
#9924=CARTESIAN_POINT('',(-2.89894838079131,41.7881346039491,26.0808150907222));
#9925=CARTESIAN_POINT('',(-3.02435807204937,41.3475559867897,25.652968700232));
#9926=CARTESIAN_POINT('',(0.,42.6937401195567,16.8341670802187));
#9927=CARTESIAN_POINT('',(-2.64116985117015,42.6937401195566,16.8341670802187));
#9928=CARTESIAN_POINT('',(1.11022302462516E-16,42.2774490291263,16.4364834836783));
#9929=CARTESIAN_POINT('',(-2.75966615373916,42.2774490291261,16.4364834836782));
#9930=CARTESIAN_POINT('',(-1.11022302462516E-16,42.0556839065802,16.4364834836783));
#9931=CARTESIAN_POINT('',(-2.82279108642338,42.05568390658,16.4364834836782));
#9932=CARTESIAN_POINT('',(1.11022302462516E-16,41.6566125010785,16.8092435624069));
#9933=CARTESIAN_POINT('',(-2.93638584523525,41.6566125010783,16.8092435624068));
#9934=CARTESIAN_POINT('',(1.11022302462516E-16,39.6255223873943,19.8000388646587));
#9935=CARTESIAN_POINT('',(-3.51453098018676,39.6255223873941,19.8000388646586));
#9936=CARTESIAN_POINT('',(1.11022302462516E-16,40.0461325108073,16.4364834836783));
#9937=CARTESIAN_POINT('',(-3.39480527480113,40.0461325108071,16.4364834836782));
#9938=CARTESIAN_POINT('',(-1.11022302462516E-16,44.7333827012339,16.4364834836783));
#9939=CARTESIAN_POINT('',(-2.06059027585151,44.7333827012338,16.4364834836782));
#9940=CARTESIAN_POINT('',(-2.64116985117015,42.6937401195566,16.8341670802187));
#9941=CARTESIAN_POINT('',(-2.64126037983517,42.6934220819819,16.7792487989518));
#9942=CARTESIAN_POINT('',(-2.64469884131226,42.6813423727687,16.7253892409868));
#9943=CARTESIAN_POINT('',(-2.65756895898507,42.6361281744872,16.6263175338141));
#9944=CARTESIAN_POINT('',(-2.66679928097874,42.603700995521,16.5825138317074));
#9945=CARTESIAN_POINT('',(-2.7005293990933,42.4852032251616,16.474392605085));
#9946=CARTESIAN_POINT('',(-2.72991953669346,42.381952303727,16.4364834836782));
#9947=CARTESIAN_POINT('',(-2.75966615373916,42.2774490291261,16.4364834836782));
#9948=CARTESIAN_POINT('',(-2.75966615373916,42.2774490291261,16.4364834836782));
#9949=CARTESIAN_POINT('',(-2.82279108642338,42.05568390658,16.4364834836782));
#9950=CARTESIAN_POINT('',(-2.82279108642338,42.05568390658,16.4364834836782));
#9951=CARTESIAN_POINT('',(-2.85095346918622,41.9567462285657,16.4364834836782));
#9952=CARTESIAN_POINT('',(-2.87844352595694,41.8601705088095,16.4732212388727));
#9953=CARTESIAN_POINT('',(-2.91019826464979,41.7486124727342,16.5752667549501));
#9954=CARTESIAN_POINT('',(-2.91892133353328,41.7179673320951,16.616145761246));
#9955=CARTESIAN_POINT('',(-2.93158830147517,41.673466822099,16.7079723447302));
#9956=CARTESIAN_POINT('',(-2.93538877025777,41.6601153397375,16.7579261326302));
#9957=CARTESIAN_POINT('',(-2.93638584523525,41.6566125010783,16.8092435624068));
#9958=CARTESIAN_POINT('',(-2.93638584523525,41.6566125010783,16.8092435624068));
#9959=CARTESIAN_POINT('',(-2.96314899511527,41.5625904885313,18.0574492401591));
#9960=CARTESIAN_POINT('',(-2.98991214499532,41.4685684759843,19.3056549179114));
#9961=CARTESIAN_POINT('',(-3.01667529487537,41.3745464634373,20.5538605956637));
#9962=CARTESIAN_POINT('',(-3.51453098018676,39.6255223873941,19.8000388646586));
#9963=CARTESIAN_POINT('',(-3.47462241172487,39.7657257618651,18.6788537376652));
#9964=CARTESIAN_POINT('',(-3.43471384326303,39.905929136336,17.5576686106717));
#9965=CARTESIAN_POINT('',(-3.39480527480113,40.0461325108071,16.4364834836782));
#9966=CARTESIAN_POINT('',(-3.39480527480113,40.0461325108071,16.4364834836782));
#9967=CARTESIAN_POINT('',(-3.38771995704444,40.0710240440536,16.126579537561));
#9968=CARTESIAN_POINT('',(-3.36266606613084,40.1590412339729,15.8258384490995));
#9969=CARTESIAN_POINT('',(-3.28336606778326,40.4376312158334,15.2769866457546));
#9970=CARTESIAN_POINT('',(-3.22966378540936,40.6262934880178,15.0320435835728));
#9971=CARTESIAN_POINT('',(-3.03815348371411,41.2990911246778,14.4202332245446));
#9972=CARTESIAN_POINT('',(-2.87208893793526,41.8824949047561,14.1833446207605));
#9973=CARTESIAN_POINT('',(-2.70194107717229,42.4802438383161,14.1833446207605));
#9974=CARTESIAN_POINT('',(-2.53618924074742,43.0625490345983,14.1833446207605));
#9975=CARTESIAN_POINT('',(-2.37475657261335,43.6296804977026,14.4093015011464));
#9976=CARTESIAN_POINT('',(-2.19330971936175,44.2671240867235,15.0323727550196));
#9977=CARTESIAN_POINT('',(-2.14475424110255,44.4377050462378,15.2809025355212));
#9978=CARTESIAN_POINT('',(-2.0779771457761,44.6723006346784,15.834782631723));
#9979=CARTESIAN_POINT('',(-2.06059027585151,44.7333827012338,16.1335326646151));
#9980=CARTESIAN_POINT('',(-2.06059027585151,44.7333827012338,16.4364834836782));
#9981=CARTESIAN_POINT('',(-2.63372616812991,42.7198906311122,25.));
#9982=CARTESIAN_POINT('',(-2.63620739580998,42.711173793927,22.2780556934062));
#9983=CARTESIAN_POINT('',(-2.63868862349008,42.7024569567418,19.5561113868124));
#9984=CARTESIAN_POINT('',(-2.64116985117015,42.6937401195566,16.8341670802187));
#9985=CARTESIAN_POINT('',(-2.63372616812991,42.7198906311122,25.));
#9986=CARTESIAN_POINT('',(2.22044604925031E-16,42.7198906311124,25.0000000000001));
#9987=CARTESIAN_POINT('',(-2.965067885674,41.5558492060964,25.));
#9988=CARTESIAN_POINT('',(-2.63372616812991,42.7198906311122,25.));
#9989=CARTESIAN_POINT('',(-2.06059027585151,44.7333827012338,16.4364834836782));
#9990=CARTESIAN_POINT('',(-2.00155402403015,44.9407838193514,25.9486313831181));
#9991=CARTESIAN_POINT('',(-2.79096849469289,42.1674803181524,28.5841430176803));
#9992=CARTESIAN_POINT('',(-2.74335532922034,42.3347508248576,28.0349313023544));
#9993=CARTESIAN_POINT('',(-2.69574216374781,42.5020213315628,27.4857195870285));
#9994=CARTESIAN_POINT('',(-2.64812899827525,42.669291838268,26.9365078717026));
#9995=CARTESIAN_POINT('',(-2.70927892464745,42.454465139229,28.9715484664328));
#9996=CARTESIAN_POINT('',(1.11022302462516E-16,42.4544651392292,28.9715484664329));
#9997=CARTESIAN_POINT('',(-2.79096849469289,42.1674803181524,28.5841430176803));
#9998=CARTESIAN_POINT('',(0.,42.1674803181526,28.5841430176804));
#9999=CARTESIAN_POINT('',(-2.70927892464745,42.454465139229,28.9715484664328));
#10000=CARTESIAN_POINT('',(-2.71377993538409,42.4386525727019,28.9715484664328));
#10001=CARTESIAN_POINT('',(-2.72267014565406,42.4074202452182,28.9715470487589));
#10002=CARTESIAN_POINT('',(-2.73574223687007,42.3614964907335,28.9706751060421));
#10003=CARTESIAN_POINT('',(-2.74820379557262,42.3177176069348,28.9681759146083));
#10004=CARTESIAN_POINT('',(-2.75980722890258,42.2769534159099,28.9633898187679));
#10005=CARTESIAN_POINT('',(-2.7703513989263,42.2399105382699,28.9557481276695));
#10006=CARTESIAN_POINT('',(-2.77968013633094,42.2071376147075,28.9447502782185));
#10007=CARTESIAN_POINT('',(-2.78767126769759,42.1790638544443,28.9299333533762));
#10008=CARTESIAN_POINT('',(-2.79420749730583,42.1561013307881,28.9108888901859));
#10009=CARTESIAN_POINT('',(-2.79916048034453,42.1387009337685,28.8874555053883));
#10010=CARTESIAN_POINT('',(-2.80246314068627,42.1270983095078,28.8598958336107));
#10011=CARTESIAN_POINT('',(-2.80418093571857,42.1210634987025,28.8286449614403));
#10012=CARTESIAN_POINT('',(-2.80446040201509,42.1200817015764,28.7940286987322));
#10013=CARTESIAN_POINT('',(-2.80346859358689,42.1235660382445,28.756332278215));
#10014=CARTESIAN_POINT('',(-2.80139022909621,42.1308675708778,28.7159280393781));
#10015=CARTESIAN_POINT('',(-2.79843971317412,42.141233071437,28.6733185222596));
#10016=CARTESIAN_POINT('',(-2.79486889047141,42.1537777808028,28.6291383501032));
#10017=CARTESIAN_POINT('',(-2.7922797769654,42.162873633258,28.5992684893648));
#10018=CARTESIAN_POINT('',(-2.79096849469289,42.1674803181524,28.5841430176803));
#10019=CARTESIAN_POINT('',(-2.03226012048229,44.8328907014532,26.422870630606));
#10020=CARTESIAN_POINT('',(-2.1235001390976,44.5123585444434,27.0551858316751));
#10021=CARTESIAN_POINT('',(-2.37377513043552,43.6331260747115,28.781195895587));
#10022=CARTESIAN_POINT('',(-2.40121493667906,43.5367277077512,28.8709761052557));
#10023=CARTESIAN_POINT('',(-2.4230906194495,43.4598765785376,28.9425510780652));
#10024=CARTESIAN_POINT('',(-2.4523219704142,43.3571840100029,28.9715480666304));
#10025=CARTESIAN_POINT('',(-2.48096301237463,43.2565651037181,28.9715484664328));
#10026=CARTESIAN_POINT('',(1.11022302462516E-16,44.9407838193515,25.9486313831182));
#10027=CARTESIAN_POINT('',(-2.00155402403015,44.9407838193514,25.9486313831181));
#10028=CARTESIAN_POINT('',(-3.01667529487537,41.3745464634373,20.5538605956637));
#10029=CARTESIAN_POINT('',(1.11022302462516E-16,41.3745464634374,20.5538605956638));
#10030=CARTESIAN_POINT('',(0.,44.8328906554488,26.422870721356));
#10031=CARTESIAN_POINT('',(-2.03226012048229,44.8328907014532,26.422870630606));
#10032=CARTESIAN_POINT('',(-2.00155402403015,44.9407838193514,25.9486313831181));
#10033=CARTESIAN_POINT('',(-2.00149288115423,44.940998213343,25.9584564115322));
#10034=CARTESIAN_POINT('',(-2.00137098844078,44.9414256214428,25.9780844395025));
#10035=CARTESIAN_POINT('',(-2.00126652964158,44.9417913737418,26.0074821343337));
#10036=CARTESIAN_POINT('',(-2.00130855870155,44.941642496602,26.0367724712315));
#10037=CARTESIAN_POINT('',(-2.00155554871952,44.9407735671231,26.0659097779093));
#10038=CARTESIAN_POINT('',(-2.00205634848291,44.939012973784,26.0948550514396));
#10039=CARTESIAN_POINT('',(-2.002850121001,44.9362231323781,26.1235759795578));
#10040=CARTESIAN_POINT('',(-2.00396625490273,44.9323007973008,26.1520470445263));
#10041=CARTESIAN_POINT('',(-2.00542427916609,44.9271773610394,26.1802497329872));
#10042=CARTESIAN_POINT('',(-2.00723380028018,44.9208190751785,26.2081728773853));
#10043=CARTESIAN_POINT('',(-2.00939449573203,44.9132270722916,26.2358130572315));
#10044=CARTESIAN_POINT('',(-2.01189612999323,44.904437313404,26.2631750574495));
#10045=CARTESIAN_POINT('',(-2.0147187462236,44.8945199008192,26.2902719723566));
#10046=CARTESIAN_POINT('',(-2.01783240709286,44.8835800400914,26.317126102748));
#10047=CARTESIAN_POINT('',(-2.0211987378997,44.8717524250931,26.3437661317198));
#10048=CARTESIAN_POINT('',(-2.02476567563868,44.8592204148127,26.3702376552155));
#10049=CARTESIAN_POINT('',(-2.02848762693234,44.8461424717288,26.3965626406314));
#10050=CARTESIAN_POINT('',(-2.03099489605864,44.8373359911407,26.4141073529753));
#10051=CARTESIAN_POINT('',(-2.03226012048229,44.8328907014532,26.422870630606));
#10052=CARTESIAN_POINT('',(1.11022302462516E-16,38.2323755092436,22.4036347072602));
#10053=CARTESIAN_POINT('',(-3.24890159158851,38.2323755092436,22.4036347072601));
#10054=CARTESIAN_POINT('',(-3.24890159158851,38.2323755092436,19.8000388646586));
#10055=CARTESIAN_POINT('',(-2.22044604925031E-16,38.2323755092436,19.8000388646587));
#10056=CARTESIAN_POINT('',(-3.24890159158851,38.2323755092436,22.4036347072601));
#10057=CARTESIAN_POINT('',(-3.51377577041494,38.2323755092436,22.4036347072601));
#10058=CARTESIAN_POINT('',(-3.77864994924137,38.2323755092436,22.4036347072601));
#10059=CARTESIAN_POINT('',(-3.87482939472211,38.3597527674521,22.4036347072601));
#10060=CARTESIAN_POINT('',(-3.80231410685718,38.614507283869,22.4036347072601));
#10061=CARTESIAN_POINT('',(-3.72979881899225,38.869261800286,22.4036347072601));
#10062=CARTESIAN_POINT('',(-3.72979881899228,38.869261800286,19.8000388646586));
#10063=CARTESIAN_POINT('',(-3.51453098018676,39.6255223873941,19.8000388646586));
#10064=CARTESIAN_POINT('',(-3.72979881899228,38.869261800286,19.8000388646586));
#10065=CARTESIAN_POINT('',(-3.8023141068572,38.614507283869,19.8000388646586));
#10066=CARTESIAN_POINT('',(-3.87482939472212,38.3597527674521,19.8000388646586));
#10067=CARTESIAN_POINT('',(-3.77864994924137,38.2323755092436,19.8000388646586));
#10068=CARTESIAN_POINT('',(-3.51377577041494,38.2323755092436,19.8000388646586));
#10069=CARTESIAN_POINT('',(-3.24890159158851,38.2323755092436,19.8000388646586));
#10070=CARTESIAN_POINT('',(-3.72979881899225,38.869261800286,22.4036347072601));
#10071=CARTESIAN_POINT('',(-3.72979881899228,38.869261800286,19.8000388646586));
#10072=CARTESIAN_POINT('',(-3.24890159158851,38.2323755092436,22.4036347072601));
#10073=CARTESIAN_POINT('',(-3.24890159158851,38.2323755092436,19.8000388646586));
#10074=CARTESIAN_POINT('',(-3.58436245941881,39.3801963982648,22.4036347072601));
#10075=CARTESIAN_POINT('',(-3.72979881899225,38.869261800286,22.4036347072601));
#10076=CARTESIAN_POINT('',(-3.58436245941881,39.3801963982648,22.4036347072601));
#10077=CARTESIAN_POINT('',(3.33066907387547E-16,39.380196398265,22.4036347072602));
#10078=CARTESIAN_POINT('',(-3.01667529487537,41.3745464634373,20.5538605956637));
#10079=CARTESIAN_POINT('',(-3.01822585992903,41.3690991507112,20.6261773488253));
#10080=CARTESIAN_POINT('',(-3.02130235095303,41.3582910851824,20.7695429613358));
#10081=CARTESIAN_POINT('',(-3.02704449443298,41.338118277096,20.9812941230075));
#10082=CARTESIAN_POINT('',(-3.03486977692265,41.3106271629437,21.1855275101086));
#10083=CARTESIAN_POINT('',(-3.04562695461673,41.2728359649473,21.3791681547209));
#10084=CARTESIAN_POINT('',(-3.06004871982516,41.2221706510566,21.5596550844287));
#10085=CARTESIAN_POINT('',(-3.07875731346656,41.1564452176165,21.7248828984599));
#10086=CARTESIAN_POINT('',(-3.10225387052572,41.073899119996,21.873099528589));
#10087=CARTESIAN_POINT('',(-3.13087442656555,40.9733518267536,22.0028354605577));
#10088=CARTESIAN_POINT('',(-3.16472828259605,40.8544193509154,22.1130275776993));
#10089=CARTESIAN_POINT('',(-3.20369103191138,40.7175387474957,22.2033357664873));
#10090=CARTESIAN_POINT('',(-3.24748009749723,40.5637027419287,22.274325187384));
#10091=CARTESIAN_POINT('',(-3.2957287492706,40.3941996990229,22.3273317699975));
#10092=CARTESIAN_POINT('',(-3.34799516056957,40.2105818064743,22.3642358332925));
#10093=CARTESIAN_POINT('',(-3.40373441569622,40.0147634155759,22.3873510181117));
#10094=CARTESIAN_POINT('',(-3.462273467388,39.8091090184917,22.3994165991388));
#10095=CARTESIAN_POINT('',(-3.52279946153913,39.5964742648471,22.4036258104152));
#10096=CARTESIAN_POINT('',(-3.5637197843426,39.4527164814283,22.4036347072601));
#10097=CARTESIAN_POINT('',(-3.58436245941881,39.3801963982648,22.4036347072601));
#10098=CARTESIAN_POINT('',(0.,0.,0.));
ENDSEC;
END-ISO-10303-21;
