ISO-10303-21;
HEADER;
/* Generated by software containing ST-Developer
 * from STEP Tools, Inc. (www.steptools.com) 
 */
/* OPTION: using custom schema-name function */

FILE_DESCRIPTION(
/* description */ (''),
/* implementation_level */ '2;1');

FILE_NAME(
/* name */ 'snapfit_box',
/* time_stamp */ '2026-02-18T17:30:40+03:00',
/* author */ (''),
/* organization */ (''),
/* preprocessor_version */ 'ST-DEVELOPER v16.5',
/* originating_system */ 'Rhino 7.23',
/* authorisation */ '');

FILE_SCHEMA (('CONFIG_CONTROL_DESIGN'));
ENDSEC;

DATA;
#10=SHAPE_REPRESENTATION_RELATIONSHIP('','',#4367,#14);
#11=MANIFOLD_SOLID_BREP('brep_1',#15);
#12=MANIFOLD_SOLID_BREP('brep_2',#16);
#13=MANIFOLD_SOLID_BREP('brep_3',#17);
#14=ADVANCED_BREP_SHAPE_REPRESENTATION('brep_rep_0',(#11,#12,#13,#4552),
#4366);
#15=CLOSED_SHELL('',(#22,#23,#24,#25,#26,#27,#28,#29,#30,#31,#32,#33,#34,
#35,#36,#37,#38,#39,#40,#41,#42,#43,#44,#45,#46,#47,#48,#49,#50,#51,#52,
#53,#54,#55,#56,#57,#58,#59,#60,#61,#62,#63,#64,#65,#66,#67,#68,#69,#70,
#71,#72,#73,#74,#75,#76,#77,#78,#79,#80,#81,#82,#83,#84,#85,#86,#87,#88,
#89,#90,#91,#92,#93,#94,#95,#96,#97,#98,#99,#100,#101,#102,#103,#104,#105,
#106,#107,#108,#109,#110,#111,#112,#113,#114,#115,#116,#117,#118,#119,#120,
#121,#122,#123,#124,#125,#126,#127,#128,#129,#130,#131,#132,#133,#134,#135,
#136,#137,#138,#139,#140,#141,#142,#143,#144,#145,#146,#147,#148,#149,#150,
#151));
#16=CLOSED_SHELL('',(#152,#153,#154,#155,#156,#157,#158,#159,#160,#161,
#162,#163,#164,#165,#166,#167,#168,#169,#170,#171,#172,#173,#174,#175,#176,
#177,#178,#179,#180,#181,#182,#183,#184,#185,#186,#187,#188,#189,#190,#191,
#192,#193,#194,#195));
#17=CLOSED_SHELL('',(#196,#197,#198,#199,#200,#201,#202,#203,#204,#205,
#206,#207,#208,#209,#210,#211,#212,#213,#214,#215,#216,#217,#218,#219,#220,
#221,#222,#223,#224,#225,#226,#227,#228,#229,#230,#231,#232,#233,#234,#235,
#236,#237,#238,#239,#240,#241,#242,#243,#244,#245,#246,#247,#248,#249,#250,
#251,#252,#253,#254,#255,#256,#257,#258,#259,#260,#261,#262,#263,#264,#265,
#266,#267,#268,#269,#270,#271,#272,#273));
#18=FACE_BOUND('',#598,.T.);
#19=FACE_BOUND('',#599,.T.);
#20=FACE_BOUND('',#600,.T.);
#21=FACE_BOUND('',#601,.T.);
#22=ADVANCED_FACE('',(#274),#4134,.T.);
#23=ADVANCED_FACE('',(#275),#4098,.T.);
#24=ADVANCED_FACE('',(#276),#4099,.T.);
#25=ADVANCED_FACE('',(#277),#4052,.T.);
#26=ADVANCED_FACE('',(#278),#4135,.T.);
#27=ADVANCED_FACE('',(#279),#4053,.T.);
#28=ADVANCED_FACE('',(#280),#4136,.T.);
#29=ADVANCED_FACE('',(#281),#4137,.T.);
#30=ADVANCED_FACE('',(#282),#4138,.T.);
#31=ADVANCED_FACE('',(#283),#4054,.T.);
#32=ADVANCED_FACE('',(#284),#4139,.T.);
#33=ADVANCED_FACE('',(#285),#4055,.T.);
#34=ADVANCED_FACE('',(#286),#4056,.T.);
#35=ADVANCED_FACE('',(#287),#4057,.T.);
#36=ADVANCED_FACE('',(#288),#4100,.T.);
#37=ADVANCED_FACE('',(#289),#4101,.T.);
#38=ADVANCED_FACE('',(#290),#4058,.T.);
#39=ADVANCED_FACE('',(#291),#4140,.T.);
#40=ADVANCED_FACE('',(#292),#4059,.T.);
#41=ADVANCED_FACE('',(#293),#4141,.T.);
#42=ADVANCED_FACE('',(#294),#4142,.T.);
#43=ADVANCED_FACE('',(#295),#4143,.T.);
#44=ADVANCED_FACE('',(#296),#4060,.T.);
#45=ADVANCED_FACE('',(#297),#4144,.T.);
#46=ADVANCED_FACE('',(#298),#4061,.T.);
#47=ADVANCED_FACE('',(#299),#4062,.T.);
#48=ADVANCED_FACE('',(#300),#4063,.T.);
#49=ADVANCED_FACE('',(#301),#4102,.F.);
#50=ADVANCED_FACE('',(#302),#4103,.F.);
#51=ADVANCED_FACE('',(#303),#4030,.T.);
#52=ADVANCED_FACE('',(#304),#4031,.T.);
#53=ADVANCED_FACE('',(#305),#4032,.T.);
#54=ADVANCED_FACE('',(#306),#4033,.T.);
#55=ADVANCED_FACE('',(#307),#4104,.F.);
#56=ADVANCED_FACE('',(#308),#4105,.F.);
#57=ADVANCED_FACE('',(#309),#4034,.T.);
#58=ADVANCED_FACE('',(#310),#4035,.T.);
#59=ADVANCED_FACE('',(#311),#4036,.T.);
#60=ADVANCED_FACE('',(#312),#4037,.T.);
#61=ADVANCED_FACE('',(#313),#4106,.F.);
#62=ADVANCED_FACE('',(#314),#4107,.F.);
#63=ADVANCED_FACE('',(#315),#4038,.T.);
#64=ADVANCED_FACE('',(#316),#4039,.T.);
#65=ADVANCED_FACE('',(#317),#4108,.F.);
#66=ADVANCED_FACE('',(#318),#4109,.F.);
#67=ADVANCED_FACE('',(#319),#4040,.T.);
#68=ADVANCED_FACE('',(#320),#4041,.T.);
#69=ADVANCED_FACE('',(#321),#4110,.F.);
#70=ADVANCED_FACE('',(#322),#4111,.F.);
#71=ADVANCED_FACE('',(#323),#4112,.F.);
#72=ADVANCED_FACE('',(#324),#4113,.F.);
#73=ADVANCED_FACE('',(#325),#4114,.F.);
#74=ADVANCED_FACE('',(#326),#4115,.F.);
#75=ADVANCED_FACE('',(#327),#4042,.T.);
#76=ADVANCED_FACE('',(#328),#4116,.F.);
#77=ADVANCED_FACE('',(#329),#4043,.T.);
#78=ADVANCED_FACE('',(#330),#4117,.F.);
#79=ADVANCED_FACE('',(#331),#4044,.T.);
#80=ADVANCED_FACE('',(#332),#4045,.T.);
#81=ADVANCED_FACE('',(#333),#4145,.T.);
#82=ADVANCED_FACE('',(#334),#4146,.T.);
#83=ADVANCED_FACE('',(#335),#4147,.T.);
#84=ADVANCED_FACE('',(#336),#4148,.T.);
#85=ADVANCED_FACE('',(#337),#4149,.T.);
#86=ADVANCED_FACE('',(#338),#4150,.T.);
#87=ADVANCED_FACE('',(#339),#4151,.T.);
#88=ADVANCED_FACE('',(#340),#4152,.T.);
#89=ADVANCED_FACE('',(#341),#4153,.T.);
#90=ADVANCED_FACE('',(#342),#4154,.T.);
#91=ADVANCED_FACE('',(#343),#4155,.T.);
#92=ADVANCED_FACE('',(#344),#4156,.T.);
#93=ADVANCED_FACE('',(#345,#18,#19,#20,#21),#4157,.T.);
#94=ADVANCED_FACE('',(#346),#4158,.T.);
#95=ADVANCED_FACE('',(#347),#4064,.T.);
#96=ADVANCED_FACE('',(#348),#4159,.T.);
#97=ADVANCED_FACE('',(#349),#4065,.T.);
#98=ADVANCED_FACE('',(#350),#4160,.T.);
#99=ADVANCED_FACE('',(#351),#4161,.T.);
#100=ADVANCED_FACE('',(#352),#4066,.T.);
#101=ADVANCED_FACE('',(#353),#4067,.T.);
#102=ADVANCED_FACE('',(#354),#4162,.T.);
#103=ADVANCED_FACE('',(#355),#4068,.T.);
#104=ADVANCED_FACE('',(#356),#4163,.T.);
#105=ADVANCED_FACE('',(#357),#4164,.T.);
#106=ADVANCED_FACE('',(#358),#4165,.T.);
#107=ADVANCED_FACE('',(#359),#4166,.T.);
#108=ADVANCED_FACE('',(#360),#4069,.T.);
#109=ADVANCED_FACE('',(#361),#4070,.T.);
#110=ADVANCED_FACE('',(#362),#4167,.T.);
#111=ADVANCED_FACE('',(#363),#4168,.T.);
#112=ADVANCED_FACE('',(#364),#4169,.T.);
#113=ADVANCED_FACE('',(#365),#4170,.T.);
#114=ADVANCED_FACE('',(#366),#4171,.T.);
#115=ADVANCED_FACE('',(#367),#4172,.T.);
#116=ADVANCED_FACE('',(#368),#4173,.T.);
#117=ADVANCED_FACE('',(#369),#4174,.T.);
#118=ADVANCED_FACE('',(#370),#4071,.T.);
#119=ADVANCED_FACE('',(#371),#4175,.T.);
#120=ADVANCED_FACE('',(#372),#4072,.T.);
#121=ADVANCED_FACE('',(#373),#4176,.T.);
#122=ADVANCED_FACE('',(#374),#4073,.T.);
#123=ADVANCED_FACE('',(#375),#4074,.T.);
#124=ADVANCED_FACE('',(#376),#4075,.T.);
#125=ADVANCED_FACE('',(#377),#4177,.T.);
#126=ADVANCED_FACE('',(#378),#4076,.T.);
#127=ADVANCED_FACE('',(#379),#4178,.T.);
#128=ADVANCED_FACE('',(#380),#4179,.T.);
#129=ADVANCED_FACE('',(#381),#4077,.T.);
#130=ADVANCED_FACE('',(#382),#4180,.T.);
#131=ADVANCED_FACE('',(#383),#4181,.T.);
#132=ADVANCED_FACE('',(#384),#4078,.T.);
#133=ADVANCED_FACE('',(#385),#4182,.T.);
#134=ADVANCED_FACE('',(#386),#4183,.T.);
#135=ADVANCED_FACE('',(#387),#4184,.T.);
#136=ADVANCED_FACE('',(#388),#4079,.T.);
#137=ADVANCED_FACE('',(#389),#4185,.T.);
#138=ADVANCED_FACE('',(#390),#4186,.T.);
#139=ADVANCED_FACE('',(#391),#4080,.T.);
#140=ADVANCED_FACE('',(#392),#4187,.T.);
#141=ADVANCED_FACE('',(#393),#4081,.T.);
#142=ADVANCED_FACE('',(#394),#4188,.T.);
#143=ADVANCED_FACE('',(#395),#4189,.T.);
#144=ADVANCED_FACE('',(#396),#4190,.T.);
#145=ADVANCED_FACE('',(#397),#4191,.T.);
#146=ADVANCED_FACE('',(#398),#4192,.T.);
#147=ADVANCED_FACE('',(#399),#4193,.T.);
#148=ADVANCED_FACE('',(#400),#4194,.T.);
#149=ADVANCED_FACE('',(#401),#4195,.T.);
#150=ADVANCED_FACE('',(#402),#4196,.T.);
#151=ADVANCED_FACE('',(#403),#4197,.T.);
#152=ADVANCED_FACE('',(#404),#4198,.T.);
#153=ADVANCED_FACE('',(#405),#4082,.T.);
#154=ADVANCED_FACE('',(#406),#4118,.T.);
#155=ADVANCED_FACE('',(#407),#4199,.T.);
#156=ADVANCED_FACE('',(#408),#4200,.T.);
#157=ADVANCED_FACE('',(#409),#4201,.T.);
#158=ADVANCED_FACE('',(#410),#4046,.T.);
#159=ADVANCED_FACE('',(#411),#4202,.T.);
#160=ADVANCED_FACE('',(#412),#4119,.F.);
#161=ADVANCED_FACE('',(#413),#4203,.T.);
#162=ADVANCED_FACE('',(#414),#4204,.T.);
#163=ADVANCED_FACE('',(#415),#4205,.T.);
#164=ADVANCED_FACE('',(#416),#4047,.T.);
#165=ADVANCED_FACE('',(#417),#4206,.T.);
#166=ADVANCED_FACE('',(#418),#4207,.T.);
#167=ADVANCED_FACE('',(#419),#4208,.T.);
#168=ADVANCED_FACE('',(#420),#4083,.T.);
#169=ADVANCED_FACE('',(#421),#4048,.T.);
#170=ADVANCED_FACE('',(#422),#4084,.T.);
#171=ADVANCED_FACE('',(#423),#4209,.T.);
#172=ADVANCED_FACE('',(#424),#4210,.T.);
#173=ADVANCED_FACE('',(#425),#4085,.T.);
#174=ADVANCED_FACE('',(#426),#4211,.T.);
#175=ADVANCED_FACE('',(#427),#4086,.T.);
#176=ADVANCED_FACE('',(#428),#4120,.T.);
#177=ADVANCED_FACE('',(#429),#4212,.T.);
#178=ADVANCED_FACE('',(#430),#4213,.T.);
#179=ADVANCED_FACE('',(#431),#4214,.T.);
#180=ADVANCED_FACE('',(#432),#4049,.T.);
#181=ADVANCED_FACE('',(#433),#4215,.T.);
#182=ADVANCED_FACE('',(#434),#4121,.F.);
#183=ADVANCED_FACE('',(#435),#4216,.T.);
#184=ADVANCED_FACE('',(#436),#4217,.T.);
#185=ADVANCED_FACE('',(#437),#4218,.T.);
#186=ADVANCED_FACE('',(#438),#4050,.T.);
#187=ADVANCED_FACE('',(#439),#4219,.T.);
#188=ADVANCED_FACE('',(#440),#4220,.T.);
#189=ADVANCED_FACE('',(#441),#4221,.T.);
#190=ADVANCED_FACE('',(#442),#4087,.T.);
#191=ADVANCED_FACE('',(#443),#4051,.T.);
#192=ADVANCED_FACE('',(#444),#4088,.T.);
#193=ADVANCED_FACE('',(#445),#4222,.T.);
#194=ADVANCED_FACE('',(#446),#4223,.T.);
#195=ADVANCED_FACE('',(#447),#4089,.T.);
#196=ADVANCED_FACE('',(#448),#4224,.T.);
#197=ADVANCED_FACE('',(#449),#4090,.T.);
#198=ADVANCED_FACE('',(#450),#4225,.T.);
#199=ADVANCED_FACE('',(#451),#4091,.T.);
#200=ADVANCED_FACE('',(#452),#4226,.T.);
#201=ADVANCED_FACE('',(#453),#4122,.T.);
#202=ADVANCED_FACE('',(#454),#4123,.T.);
#203=ADVANCED_FACE('',(#455),#4092,.T.);
#204=ADVANCED_FACE('',(#456),#4093,.T.);
#205=ADVANCED_FACE('',(#457),#4227,.T.);
#206=ADVANCED_FACE('',(#458),#4228,.T.);
#207=ADVANCED_FACE('',(#459),#4124,.T.);
#208=ADVANCED_FACE('',(#460),#4125,.T.);
#209=ADVANCED_FACE('',(#461),#4229,.T.);
#210=ADVANCED_FACE('',(#462),#4276,.T.);
#211=ADVANCED_FACE('',(#463),#4231,.T.);
#212=ADVANCED_FACE('',(#464),#4274,.T.);
#213=ADVANCED_FACE('',(#465),#4232,.T.);
#214=ADVANCED_FACE('',(#466),#4233,.T.);
#215=ADVANCED_FACE('',(#467),#4234,.T.);
#216=ADVANCED_FACE('',(#468),#4235,.T.);
#217=ADVANCED_FACE('',(#469),#4094,.T.);
#218=ADVANCED_FACE('',(#470),#4230,.T.);
#219=ADVANCED_FACE('',(#471),#4236,.T.);
#220=ADVANCED_FACE('',(#472),#4237,.T.);
#221=ADVANCED_FACE('',(#473),#4238,.T.);
#222=ADVANCED_FACE('',(#474),#4239,.T.);
#223=ADVANCED_FACE('',(#475),#4126,.T.);
#224=ADVANCED_FACE('',(#476),#4127,.T.);
#225=ADVANCED_FACE('',(#477),#4095,.T.);
#226=ADVANCED_FACE('',(#478),#4096,.T.);
#227=ADVANCED_FACE('',(#479),#4240,.T.);
#228=ADVANCED_FACE('',(#480),#4241,.T.);
#229=ADVANCED_FACE('',(#481),#4128,.T.);
#230=ADVANCED_FACE('',(#482),#4129,.T.);
#231=ADVANCED_FACE('',(#483),#4242,.T.);
#232=ADVANCED_FACE('',(#484),#4243,.T.);
#233=ADVANCED_FACE('',(#485),#4244,.T.);
#234=ADVANCED_FACE('',(#486),#4275,.T.);
#235=ADVANCED_FACE('',(#487),#4245,.T.);
#236=ADVANCED_FACE('',(#488),#4246,.T.);
#237=ADVANCED_FACE('',(#489),#4247,.T.);
#238=ADVANCED_FACE('',(#490),#4248,.T.);
#239=ADVANCED_FACE('',(#491),#4097,.T.);
#240=ADVANCED_FACE('',(#492),#4243,.T.);
#241=ADVANCED_FACE('',(#493),#4249,.T.);
#242=ADVANCED_FACE('',(#494),#4250,.T.);
#243=ADVANCED_FACE('',(#495),#4251,.T.);
#244=ADVANCED_FACE('',(#496),#4252,.T.);
#245=ADVANCED_FACE('',(#497),#4253,.T.);
#246=ADVANCED_FACE('',(#498),#4254,.T.);
#247=ADVANCED_FACE('',(#499),#4260,.T.);
#248=ADVANCED_FACE('',(#500),#4255,.T.);
#249=ADVANCED_FACE('',(#501),#4130,.F.);
#250=ADVANCED_FACE('',(#502),#4256,.T.);
#251=ADVANCED_FACE('',(#503),#4257,.T.);
#252=ADVANCED_FACE('',(#504),#4258,.T.);
#253=ADVANCED_FACE('',(#505),#4259,.T.);
#254=ADVANCED_FACE('',(#506),#4131,.F.);
#255=ADVANCED_FACE('',(#507),#4132,.F.);
#256=ADVANCED_FACE('',(#508),#4261,.T.);
#257=ADVANCED_FACE('',(#509),#4262,.T.);
#258=ADVANCED_FACE('',(#510),#4263,.T.);
#259=ADVANCED_FACE('',(#511),#4264,.T.);
#260=ADVANCED_FACE('',(#512),#4133,.F.);
#261=ADVANCED_FACE('',(#513),#4277,.T.);
#262=ADVANCED_FACE('',(#514),#4265,.T.);
#263=ADVANCED_FACE('',(#515),#4278,.T.);
#264=ADVANCED_FACE('',(#516),#4266,.T.);
#265=ADVANCED_FACE('',(#517),#4279,.T.);
#266=ADVANCED_FACE('',(#518),#4267,.T.);
#267=ADVANCED_FACE('',(#519),#4280,.T.);
#268=ADVANCED_FACE('',(#520),#4268,.T.);
#269=ADVANCED_FACE('',(#521),#4269,.T.);
#270=ADVANCED_FACE('',(#522),#4270,.T.);
#271=ADVANCED_FACE('',(#523),#4271,.T.);
#272=ADVANCED_FACE('',(#524),#4272,.T.);
#273=ADVANCED_FACE('',(#525),#4273,.T.);
#274=FACE_OUTER_BOUND('',#526,.T.);
#275=FACE_OUTER_BOUND('',#527,.T.);
#276=FACE_OUTER_BOUND('',#528,.T.);
#277=FACE_OUTER_BOUND('',#529,.T.);
#278=FACE_OUTER_BOUND('',#530,.T.);
#279=FACE_OUTER_BOUND('',#531,.T.);
#280=FACE_OUTER_BOUND('',#532,.T.);
#281=FACE_OUTER_BOUND('',#533,.T.);
#282=FACE_OUTER_BOUND('',#534,.T.);
#283=FACE_OUTER_BOUND('',#535,.T.);
#284=FACE_OUTER_BOUND('',#536,.T.);
#285=FACE_OUTER_BOUND('',#537,.T.);
#286=FACE_OUTER_BOUND('',#538,.T.);
#287=FACE_OUTER_BOUND('',#539,.T.);
#288=FACE_OUTER_BOUND('',#540,.T.);
#289=FACE_OUTER_BOUND('',#541,.T.);
#290=FACE_OUTER_BOUND('',#542,.T.);
#291=FACE_OUTER_BOUND('',#543,.T.);
#292=FACE_OUTER_BOUND('',#544,.T.);
#293=FACE_OUTER_BOUND('',#545,.T.);
#294=FACE_OUTER_BOUND('',#546,.T.);
#295=FACE_OUTER_BOUND('',#547,.T.);
#296=FACE_OUTER_BOUND('',#548,.T.);
#297=FACE_OUTER_BOUND('',#549,.T.);
#298=FACE_OUTER_BOUND('',#550,.T.);
#299=FACE_OUTER_BOUND('',#551,.T.);
#300=FACE_OUTER_BOUND('',#552,.T.);
#301=FACE_OUTER_BOUND('',#553,.T.);
#302=FACE_OUTER_BOUND('',#554,.T.);
#303=FACE_OUTER_BOUND('',#555,.T.);
#304=FACE_OUTER_BOUND('',#556,.T.);
#305=FACE_OUTER_BOUND('',#557,.T.);
#306=FACE_OUTER_BOUND('',#558,.T.);
#307=FACE_OUTER_BOUND('',#559,.T.);
#308=FACE_OUTER_BOUND('',#560,.T.);
#309=FACE_OUTER_BOUND('',#561,.T.);
#310=FACE_OUTER_BOUND('',#562,.T.);
#311=FACE_OUTER_BOUND('',#563,.T.);
#312=FACE_OUTER_BOUND('',#564,.T.);
#313=FACE_OUTER_BOUND('',#565,.T.);
#314=FACE_OUTER_BOUND('',#566,.T.);
#315=FACE_OUTER_BOUND('',#567,.T.);
#316=FACE_OUTER_BOUND('',#568,.T.);
#317=FACE_OUTER_BOUND('',#569,.T.);
#318=FACE_OUTER_BOUND('',#570,.T.);
#319=FACE_OUTER_BOUND('',#571,.T.);
#320=FACE_OUTER_BOUND('',#572,.T.);
#321=FACE_OUTER_BOUND('',#573,.T.);
#322=FACE_OUTER_BOUND('',#574,.T.);
#323=FACE_OUTER_BOUND('',#575,.T.);
#324=FACE_OUTER_BOUND('',#576,.T.);
#325=FACE_OUTER_BOUND('',#577,.T.);
#326=FACE_OUTER_BOUND('',#578,.T.);
#327=FACE_OUTER_BOUND('',#579,.T.);
#328=FACE_OUTER_BOUND('',#580,.T.);
#329=FACE_OUTER_BOUND('',#581,.T.);
#330=FACE_OUTER_BOUND('',#582,.T.);
#331=FACE_OUTER_BOUND('',#583,.T.);
#332=FACE_OUTER_BOUND('',#584,.T.);
#333=FACE_OUTER_BOUND('',#585,.T.);
#334=FACE_OUTER_BOUND('',#586,.T.);
#335=FACE_OUTER_BOUND('',#587,.T.);
#336=FACE_OUTER_BOUND('',#588,.T.);
#337=FACE_OUTER_BOUND('',#589,.T.);
#338=FACE_OUTER_BOUND('',#590,.T.);
#339=FACE_OUTER_BOUND('',#591,.T.);
#340=FACE_OUTER_BOUND('',#592,.T.);
#341=FACE_OUTER_BOUND('',#593,.T.);
#342=FACE_OUTER_BOUND('',#594,.T.);
#343=FACE_OUTER_BOUND('',#595,.T.);
#344=FACE_OUTER_BOUND('',#596,.T.);
#345=FACE_OUTER_BOUND('',#597,.T.);
#346=FACE_OUTER_BOUND('',#602,.T.);
#347=FACE_OUTER_BOUND('',#603,.T.);
#348=FACE_OUTER_BOUND('',#604,.T.);
#349=FACE_OUTER_BOUND('',#605,.T.);
#350=FACE_OUTER_BOUND('',#606,.T.);
#351=FACE_OUTER_BOUND('',#607,.T.);
#352=FACE_OUTER_BOUND('',#608,.T.);
#353=FACE_OUTER_BOUND('',#609,.T.);
#354=FACE_OUTER_BOUND('',#610,.T.);
#355=FACE_OUTER_BOUND('',#611,.T.);
#356=FACE_OUTER_BOUND('',#612,.T.);
#357=FACE_OUTER_BOUND('',#613,.T.);
#358=FACE_OUTER_BOUND('',#614,.T.);
#359=FACE_OUTER_BOUND('',#615,.T.);
#360=FACE_OUTER_BOUND('',#616,.T.);
#361=FACE_OUTER_BOUND('',#617,.T.);
#362=FACE_OUTER_BOUND('',#618,.T.);
#363=FACE_OUTER_BOUND('',#619,.T.);
#364=FACE_OUTER_BOUND('',#620,.T.);
#365=FACE_OUTER_BOUND('',#621,.T.);
#366=FACE_OUTER_BOUND('',#622,.T.);
#367=FACE_OUTER_BOUND('',#623,.T.);
#368=FACE_OUTER_BOUND('',#624,.T.);
#369=FACE_OUTER_BOUND('',#625,.T.);
#370=FACE_OUTER_BOUND('',#626,.T.);
#371=FACE_OUTER_BOUND('',#627,.T.);
#372=FACE_OUTER_BOUND('',#628,.T.);
#373=FACE_OUTER_BOUND('',#629,.T.);
#374=FACE_OUTER_BOUND('',#630,.T.);
#375=FACE_OUTER_BOUND('',#631,.T.);
#376=FACE_OUTER_BOUND('',#632,.T.);
#377=FACE_OUTER_BOUND('',#633,.T.);
#378=FACE_OUTER_BOUND('',#634,.T.);
#379=FACE_OUTER_BOUND('',#635,.T.);
#380=FACE_OUTER_BOUND('',#636,.T.);
#381=FACE_OUTER_BOUND('',#637,.T.);
#382=FACE_OUTER_BOUND('',#638,.T.);
#383=FACE_OUTER_BOUND('',#639,.T.);
#384=FACE_OUTER_BOUND('',#640,.T.);
#385=FACE_OUTER_BOUND('',#641,.T.);
#386=FACE_OUTER_BOUND('',#642,.T.);
#387=FACE_OUTER_BOUND('',#643,.T.);
#388=FACE_OUTER_BOUND('',#644,.T.);
#389=FACE_OUTER_BOUND('',#645,.T.);
#390=FACE_OUTER_BOUND('',#646,.T.);
#391=FACE_OUTER_BOUND('',#647,.T.);
#392=FACE_OUTER_BOUND('',#648,.T.);
#393=FACE_OUTER_BOUND('',#649,.T.);
#394=FACE_OUTER_BOUND('',#650,.T.);
#395=FACE_OUTER_BOUND('',#651,.T.);
#396=FACE_OUTER_BOUND('',#652,.T.);
#397=FACE_OUTER_BOUND('',#653,.T.);
#398=FACE_OUTER_BOUND('',#654,.T.);
#399=FACE_OUTER_BOUND('',#655,.T.);
#400=FACE_OUTER_BOUND('',#656,.T.);
#401=FACE_OUTER_BOUND('',#657,.T.);
#402=FACE_OUTER_BOUND('',#658,.T.);
#403=FACE_OUTER_BOUND('',#659,.T.);
#404=FACE_OUTER_BOUND('',#660,.T.);
#405=FACE_OUTER_BOUND('',#661,.T.);
#406=FACE_OUTER_BOUND('',#662,.T.);
#407=FACE_OUTER_BOUND('',#663,.T.);
#408=FACE_OUTER_BOUND('',#664,.T.);
#409=FACE_OUTER_BOUND('',#665,.T.);
#410=FACE_OUTER_BOUND('',#666,.T.);
#411=FACE_OUTER_BOUND('',#667,.T.);
#412=FACE_OUTER_BOUND('',#668,.T.);
#413=FACE_OUTER_BOUND('',#669,.T.);
#414=FACE_OUTER_BOUND('',#670,.T.);
#415=FACE_OUTER_BOUND('',#671,.T.);
#416=FACE_OUTER_BOUND('',#672,.T.);
#417=FACE_OUTER_BOUND('',#673,.T.);
#418=FACE_OUTER_BOUND('',#674,.T.);
#419=FACE_OUTER_BOUND('',#675,.T.);
#420=FACE_OUTER_BOUND('',#676,.T.);
#421=FACE_OUTER_BOUND('',#677,.T.);
#422=FACE_OUTER_BOUND('',#678,.T.);
#423=FACE_OUTER_BOUND('',#679,.T.);
#424=FACE_OUTER_BOUND('',#680,.T.);
#425=FACE_OUTER_BOUND('',#681,.T.);
#426=FACE_OUTER_BOUND('',#682,.T.);
#427=FACE_OUTER_BOUND('',#683,.T.);
#428=FACE_OUTER_BOUND('',#684,.T.);
#429=FACE_OUTER_BOUND('',#685,.T.);
#430=FACE_OUTER_BOUND('',#686,.T.);
#431=FACE_OUTER_BOUND('',#687,.T.);
#432=FACE_OUTER_BOUND('',#688,.T.);
#433=FACE_OUTER_BOUND('',#689,.T.);
#434=FACE_OUTER_BOUND('',#690,.T.);
#435=FACE_OUTER_BOUND('',#691,.T.);
#436=FACE_OUTER_BOUND('',#692,.T.);
#437=FACE_OUTER_BOUND('',#693,.T.);
#438=FACE_OUTER_BOUND('',#694,.T.);
#439=FACE_OUTER_BOUND('',#695,.T.);
#440=FACE_OUTER_BOUND('',#696,.T.);
#441=FACE_OUTER_BOUND('',#697,.T.);
#442=FACE_OUTER_BOUND('',#698,.T.);
#443=FACE_OUTER_BOUND('',#699,.T.);
#444=FACE_OUTER_BOUND('',#700,.T.);
#445=FACE_OUTER_BOUND('',#701,.T.);
#446=FACE_OUTER_BOUND('',#702,.T.);
#447=FACE_OUTER_BOUND('',#703,.T.);
#448=FACE_OUTER_BOUND('',#704,.T.);
#449=FACE_OUTER_BOUND('',#705,.T.);
#450=FACE_OUTER_BOUND('',#706,.T.);
#451=FACE_OUTER_BOUND('',#707,.T.);
#452=FACE_OUTER_BOUND('',#708,.T.);
#453=FACE_OUTER_BOUND('',#709,.T.);
#454=FACE_OUTER_BOUND('',#710,.T.);
#455=FACE_OUTER_BOUND('',#711,.T.);
#456=FACE_OUTER_BOUND('',#712,.T.);
#457=FACE_OUTER_BOUND('',#713,.T.);
#458=FACE_OUTER_BOUND('',#714,.T.);
#459=FACE_OUTER_BOUND('',#715,.T.);
#460=FACE_OUTER_BOUND('',#716,.T.);
#461=FACE_OUTER_BOUND('',#717,.T.);
#462=FACE_OUTER_BOUND('',#718,.T.);
#463=FACE_OUTER_BOUND('',#719,.T.);
#464=FACE_OUTER_BOUND('',#720,.T.);
#465=FACE_OUTER_BOUND('',#721,.T.);
#466=FACE_OUTER_BOUND('',#722,.T.);
#467=FACE_OUTER_BOUND('',#723,.T.);
#468=FACE_OUTER_BOUND('',#724,.T.);
#469=FACE_OUTER_BOUND('',#725,.T.);
#470=FACE_OUTER_BOUND('',#726,.T.);
#471=FACE_OUTER_BOUND('',#727,.T.);
#472=FACE_OUTER_BOUND('',#728,.T.);
#473=FACE_OUTER_BOUND('',#729,.T.);
#474=FACE_OUTER_BOUND('',#730,.T.);
#475=FACE_OUTER_BOUND('',#731,.T.);
#476=FACE_OUTER_BOUND('',#732,.T.);
#477=FACE_OUTER_BOUND('',#733,.T.);
#478=FACE_OUTER_BOUND('',#734,.T.);
#479=FACE_OUTER_BOUND('',#735,.T.);
#480=FACE_OUTER_BOUND('',#736,.T.);
#481=FACE_OUTER_BOUND('',#737,.T.);
#482=FACE_OUTER_BOUND('',#738,.T.);
#483=FACE_OUTER_BOUND('',#739,.T.);
#484=FACE_OUTER_BOUND('',#740,.T.);
#485=FACE_OUTER_BOUND('',#741,.T.);
#486=FACE_OUTER_BOUND('',#742,.T.);
#487=FACE_OUTER_BOUND('',#743,.T.);
#488=FACE_OUTER_BOUND('',#744,.T.);
#489=FACE_OUTER_BOUND('',#745,.T.);
#490=FACE_OUTER_BOUND('',#746,.T.);
#491=FACE_OUTER_BOUND('',#747,.T.);
#492=FACE_OUTER_BOUND('',#748,.T.);
#493=FACE_OUTER_BOUND('',#749,.T.);
#494=FACE_OUTER_BOUND('',#750,.T.);
#495=FACE_OUTER_BOUND('',#751,.T.);
#496=FACE_OUTER_BOUND('',#752,.T.);
#497=FACE_OUTER_BOUND('',#753,.T.);
#498=FACE_OUTER_BOUND('',#754,.T.);
#499=FACE_OUTER_BOUND('',#755,.T.);
#500=FACE_OUTER_BOUND('',#756,.T.);
#501=FACE_OUTER_BOUND('',#757,.T.);
#502=FACE_OUTER_BOUND('',#758,.T.);
#503=FACE_OUTER_BOUND('',#759,.T.);
#504=FACE_OUTER_BOUND('',#760,.T.);
#505=FACE_OUTER_BOUND('',#761,.T.);
#506=FACE_OUTER_BOUND('',#762,.T.);
#507=FACE_OUTER_BOUND('',#763,.T.);
#508=FACE_OUTER_BOUND('',#764,.T.);
#509=FACE_OUTER_BOUND('',#765,.T.);
#510=FACE_OUTER_BOUND('',#766,.T.);
#511=FACE_OUTER_BOUND('',#767,.T.);
#512=FACE_OUTER_BOUND('',#768,.T.);
#513=FACE_OUTER_BOUND('',#769,.T.);
#514=FACE_OUTER_BOUND('',#770,.T.);
#515=FACE_OUTER_BOUND('',#771,.T.);
#516=FACE_OUTER_BOUND('',#772,.T.);
#517=FACE_OUTER_BOUND('',#773,.T.);
#518=FACE_OUTER_BOUND('',#774,.T.);
#519=FACE_OUTER_BOUND('',#775,.T.);
#520=FACE_OUTER_BOUND('',#776,.T.);
#521=FACE_OUTER_BOUND('',#777,.T.);
#522=FACE_OUTER_BOUND('',#778,.T.);
#523=FACE_OUTER_BOUND('',#779,.T.);
#524=FACE_OUTER_BOUND('',#780,.T.);
#525=FACE_OUTER_BOUND('',#781,.T.);
#526=EDGE_LOOP('',(#782,#783,#784,#785));
#527=EDGE_LOOP('',(#786,#787,#788,#789));
#528=EDGE_LOOP('',(#790,#791,#792,#793));
#529=EDGE_LOOP('',(#794,#795,#796,#797));
#530=EDGE_LOOP('',(#798,#799,#800,#801));
#531=EDGE_LOOP('',(#802,#803,#804,#805));
#532=EDGE_LOOP('',(#806,#807,#808,#809,#810,#811));
#533=EDGE_LOOP('',(#812,#813,#814,#815));
#534=EDGE_LOOP('',(#816,#817,#818,#819,#820,#821));
#535=EDGE_LOOP('',(#822,#823,#824,#825));
#536=EDGE_LOOP('',(#826,#827,#828,#829));
#537=EDGE_LOOP('',(#830,#831,#832,#833));
#538=EDGE_LOOP('',(#834,#835,#836,#837));
#539=EDGE_LOOP('',(#838,#839,#840,#841));
#540=EDGE_LOOP('',(#842,#843,#844,#845));
#541=EDGE_LOOP('',(#846,#847,#848,#849));
#542=EDGE_LOOP('',(#850,#851,#852,#853));
#543=EDGE_LOOP('',(#854,#855,#856,#857));
#544=EDGE_LOOP('',(#858,#859,#860,#861));
#545=EDGE_LOOP('',(#862,#863,#864,#865,#866,#867));
#546=EDGE_LOOP('',(#868,#869,#870,#871));
#547=EDGE_LOOP('',(#872,#873,#874,#875,#876,#877));
#548=EDGE_LOOP('',(#878,#879,#880,#881));
#549=EDGE_LOOP('',(#882,#883,#884,#885));
#550=EDGE_LOOP('',(#886,#887,#888,#889));
#551=EDGE_LOOP('',(#890,#891,#892,#893));
#552=EDGE_LOOP('',(#894,#895,#896,#897));
#553=EDGE_LOOP('',(#898,#899,#900,#901));
#554=EDGE_LOOP('',(#902,#903,#904,#905));
#555=EDGE_LOOP('',(#906,#907,#908,#909));
#556=EDGE_LOOP('',(#910,#911,#912,#913));
#557=EDGE_LOOP('',(#914,#915,#916,#917));
#558=EDGE_LOOP('',(#918,#919,#920,#921));
#559=EDGE_LOOP('',(#922,#923,#924,#925));
#560=EDGE_LOOP('',(#926,#927,#928,#929));
#561=EDGE_LOOP('',(#930,#931,#932,#933));
#562=EDGE_LOOP('',(#934,#935,#936,#937));
#563=EDGE_LOOP('',(#938,#939,#940,#941));
#564=EDGE_LOOP('',(#942,#943,#944,#945));
#565=EDGE_LOOP('',(#946,#947,#948,#949));
#566=EDGE_LOOP('',(#950,#951,#952,#953));
#567=EDGE_LOOP('',(#954,#955,#956,#957));
#568=EDGE_LOOP('',(#958,#959,#960,#961));
#569=EDGE_LOOP('',(#962,#963,#964,#965));
#570=EDGE_LOOP('',(#966,#967,#968,#969));
#571=EDGE_LOOP('',(#970,#971,#972,#973));
#572=EDGE_LOOP('',(#974,#975,#976,#977));
#573=EDGE_LOOP('',(#978,#979,#980,#981));
#574=EDGE_LOOP('',(#982,#983,#984,#985));
#575=EDGE_LOOP('',(#986,#987,#988,#989));
#576=EDGE_LOOP('',(#990,#991,#992,#993));
#577=EDGE_LOOP('',(#994,#995,#996,#997));
#578=EDGE_LOOP('',(#998,#999,#1000,#1001));
#579=EDGE_LOOP('',(#1002,#1003,#1004,#1005));
#580=EDGE_LOOP('',(#1006,#1007,#1008,#1009));
#581=EDGE_LOOP('',(#1010,#1011,#1012,#1013));
#582=EDGE_LOOP('',(#1014,#1015,#1016,#1017));
#583=EDGE_LOOP('',(#1018,#1019,#1020,#1021));
#584=EDGE_LOOP('',(#1022,#1023,#1024,#1025));
#585=EDGE_LOOP('',(#1026,#1027,#1028,#1029,#1030));
#586=EDGE_LOOP('',(#1031,#1032,#1033,#1034,#1035));
#587=EDGE_LOOP('',(#1036,#1037,#1038,#1039,#1040,#1041));
#588=EDGE_LOOP('',(#1042,#1043,#1044,#1045,#1046));
#589=EDGE_LOOP('',(#1047,#1048,#1049,#1050,#1051,#1052));
#590=EDGE_LOOP('',(#1053,#1054,#1055,#1056,#1057));
#591=EDGE_LOOP('',(#1058,#1059,#1060,#1061,#1062,#1063));
#592=EDGE_LOOP('',(#1064,#1065,#1066,#1067,#1068));
#593=EDGE_LOOP('',(#1069,#1070,#1071,#1072,#1073,#1074));
#594=EDGE_LOOP('',(#1075,#1076,#1077,#1078,#1079));
#595=EDGE_LOOP('',(#1080,#1081,#1082,#1083,#1084));
#596=EDGE_LOOP('',(#1085,#1086,#1087,#1088,#1089));
#597=EDGE_LOOP('',(#1090,#1091,#1092,#1093,#1094,#1095,#1096,#1097,#1098,
#1099,#1100,#1101,#1102,#1103,#1104,#1105,#1106,#1107,#1108,#1109,#1110,
#1111,#1112,#1113));
#598=EDGE_LOOP('',(#1114,#1115,#1116,#1117,#1118,#1119,#1120,#1121,#1122,
#1123,#1124,#1125,#1126,#1127));
#599=EDGE_LOOP('',(#1128,#1129,#1130,#1131,#1132,#1133,#1134,#1135,#1136,
#1137,#1138,#1139,#1140,#1141));
#600=EDGE_LOOP('',(#1142,#1143,#1144,#1145,#1146,#1147,#1148,#1149,#1150,
#1151,#1152,#1153,#1154,#1155));
#601=EDGE_LOOP('',(#1156,#1157,#1158,#1159,#1160,#1161,#1162,#1163,#1164,
#1165,#1166,#1167,#1168,#1169));
#602=EDGE_LOOP('',(#1170,#1171,#1172,#1173,#1174));
#603=EDGE_LOOP('',(#1175,#1176,#1177,#1178));
#604=EDGE_LOOP('',(#1179,#1180,#1181,#1182,#1183));
#605=EDGE_LOOP('',(#1184,#1185,#1186,#1187));
#606=EDGE_LOOP('',(#1188,#1189,#1190,#1191,#1192));
#607=EDGE_LOOP('',(#1193,#1194,#1195,#1196,#1197));
#608=EDGE_LOOP('',(#1198,#1199,#1200,#1201));
#609=EDGE_LOOP('',(#1202,#1203,#1204,#1205));
#610=EDGE_LOOP('',(#1206,#1207,#1208,#1209,#1210,#1211,#1212,#1213));
#611=EDGE_LOOP('',(#1214,#1215,#1216,#1217));
#612=EDGE_LOOP('',(#1218,#1219,#1220,#1221,#1222,#1223,#1224,#1225,#1226,
#1227,#1228,#1229,#1230,#1231));
#613=EDGE_LOOP('',(#1232,#1233,#1234,#1235,#1236));
#614=EDGE_LOOP('',(#1237,#1238,#1239,#1240));
#615=EDGE_LOOP('',(#1241,#1242,#1243,#1244));
#616=EDGE_LOOP('',(#1245,#1246,#1247,#1248));
#617=EDGE_LOOP('',(#1249,#1250,#1251,#1252));
#618=EDGE_LOOP('',(#1253,#1254,#1255,#1256,#1257,#1258,#1259,#1260,#1261,
#1262,#1263,#1264,#1265,#1266));
#619=EDGE_LOOP('',(#1267,#1268,#1269,#1270,#1271));
#620=EDGE_LOOP('',(#1272,#1273,#1274,#1275,#1276,#1277,#1278,#1279,#1280,
#1281,#1282,#1283,#1284,#1285));
#621=EDGE_LOOP('',(#1286,#1287,#1288,#1289,#1290,#1291,#1292,#1293,#1294,
#1295,#1296,#1297,#1298,#1299));
#622=EDGE_LOOP('',(#1300,#1301,#1302,#1303));
#623=EDGE_LOOP('',(#1304,#1305,#1306,#1307));
#624=EDGE_LOOP('',(#1308,#1309,#1310,#1311));
#625=EDGE_LOOP('',(#1312,#1313,#1314,#1315,#1316));
#626=EDGE_LOOP('',(#1317,#1318,#1319,#1320));
#627=EDGE_LOOP('',(#1321,#1322,#1323,#1324));
#628=EDGE_LOOP('',(#1325,#1326,#1327,#1328));
#629=EDGE_LOOP('',(#1329,#1330,#1331,#1332));
#630=EDGE_LOOP('',(#1333,#1334,#1335,#1336));
#631=EDGE_LOOP('',(#1337,#1338,#1339,#1340));
#632=EDGE_LOOP('',(#1341,#1342,#1343,#1344));
#633=EDGE_LOOP('',(#1345,#1346,#1347,#1348));
#634=EDGE_LOOP('',(#1349,#1350,#1351,#1352));
#635=EDGE_LOOP('',(#1353,#1354,#1355,#1356));
#636=EDGE_LOOP('',(#1357,#1358,#1359,#1360));
#637=EDGE_LOOP('',(#1361,#1362,#1363,#1364));
#638=EDGE_LOOP('',(#1365,#1366,#1367,#1368));
#639=EDGE_LOOP('',(#1369,#1370,#1371,#1372));
#640=EDGE_LOOP('',(#1373,#1374,#1375,#1376));
#641=EDGE_LOOP('',(#1377,#1378,#1379,#1380,#1381));
#642=EDGE_LOOP('',(#1382,#1383,#1384,#1385));
#643=EDGE_LOOP('',(#1386,#1387,#1388,#1389));
#644=EDGE_LOOP('',(#1390,#1391,#1392,#1393));
#645=EDGE_LOOP('',(#1394,#1395,#1396,#1397));
#646=EDGE_LOOP('',(#1398,#1399,#1400,#1401));
#647=EDGE_LOOP('',(#1402,#1403,#1404,#1405));
#648=EDGE_LOOP('',(#1406,#1407,#1408,#1409,#1410,#1411,#1412,#1413));
#649=EDGE_LOOP('',(#1414,#1415,#1416,#1417));
#650=EDGE_LOOP('',(#1418,#1419,#1420,#1421,#1422,#1423,#1424,#1425,#1426,
#1427,#1428,#1429));
#651=EDGE_LOOP('',(#1430,#1431,#1432,#1433,#1434,#1435,#1436,#1437,#1438,
#1439,#1440,#1441));
#652=EDGE_LOOP('',(#1442,#1443,#1444,#1445));
#653=EDGE_LOOP('',(#1446,#1447,#1448,#1449));
#654=EDGE_LOOP('',(#1450,#1451,#1452,#1453,#1454,#1455,#1456,#1457,#1458,
#1459,#1460,#1461,#1462,#1463));
#655=EDGE_LOOP('',(#1464,#1465,#1466,#1467,#1468,#1469,#1470,#1471,#1472,
#1473,#1474,#1475,#1476,#1477));
#656=EDGE_LOOP('',(#1478,#1479,#1480,#1481));
#657=EDGE_LOOP('',(#1482,#1483,#1484,#1485,#1486,#1487,#1488,#1489,#1490,
#1491,#1492,#1493,#1494,#1495,#1496,#1497,#1498,#1499,#1500,#1501,#1502,
#1503,#1504,#1505,#1506,#1507,#1508,#1509));
#658=EDGE_LOOP('',(#1510,#1511,#1512,#1513));
#659=EDGE_LOOP('',(#1514,#1515,#1516,#1517));
#660=EDGE_LOOP('',(#1518,#1519,#1520,#1521,#1522,#1523,#1524,#1525,#1526,
#1527,#1528,#1529,#1530,#1531,#1532,#1533,#1534,#1535,#1536,#1537));
#661=EDGE_LOOP('',(#1538,#1539,#1540,#1541));
#662=EDGE_LOOP('',(#1542,#1543,#1544,#1545));
#663=EDGE_LOOP('',(#1546,#1547,#1548,#1549));
#664=EDGE_LOOP('',(#1550,#1551,#1552,#1553));
#665=EDGE_LOOP('',(#1554,#1555,#1556,#1557));
#666=EDGE_LOOP('',(#1558,#1559,#1560,#1561));
#667=EDGE_LOOP('',(#1562,#1563,#1564,#1565));
#668=EDGE_LOOP('',(#1566,#1567,#1568,#1569));
#669=EDGE_LOOP('',(#1570,#1571,#1572,#1573,#1574));
#670=EDGE_LOOP('',(#1575,#1576,#1577,#1578,#1579));
#671=EDGE_LOOP('',(#1580,#1581,#1582,#1583));
#672=EDGE_LOOP('',(#1584,#1585,#1586,#1587));
#673=EDGE_LOOP('',(#1588,#1589,#1590,#1591));
#674=EDGE_LOOP('',(#1592,#1593,#1594,#1595));
#675=EDGE_LOOP('',(#1596,#1597,#1598,#1599));
#676=EDGE_LOOP('',(#1600,#1601,#1602,#1603));
#677=EDGE_LOOP('',(#1604,#1605,#1606,#1607));
#678=EDGE_LOOP('',(#1608,#1609,#1610,#1611));
#679=EDGE_LOOP('',(#1612,#1613,#1614,#1615));
#680=EDGE_LOOP('',(#1616,#1617,#1618,#1619));
#681=EDGE_LOOP('',(#1620,#1621,#1622,#1623));
#682=EDGE_LOOP('',(#1624,#1625,#1626,#1627,#1628,#1629,#1630,#1631,#1632,
#1633,#1634,#1635,#1636,#1637,#1638,#1639,#1640,#1641,#1642,#1643));
#683=EDGE_LOOP('',(#1644,#1645,#1646,#1647));
#684=EDGE_LOOP('',(#1648,#1649,#1650,#1651));
#685=EDGE_LOOP('',(#1652,#1653,#1654,#1655));
#686=EDGE_LOOP('',(#1656,#1657,#1658,#1659));
#687=EDGE_LOOP('',(#1660,#1661,#1662,#1663));
#688=EDGE_LOOP('',(#1664,#1665,#1666,#1667));
#689=EDGE_LOOP('',(#1668,#1669,#1670,#1671));
#690=EDGE_LOOP('',(#1672,#1673,#1674,#1675));
#691=EDGE_LOOP('',(#1676,#1677,#1678,#1679,#1680));
#692=EDGE_LOOP('',(#1681,#1682,#1683,#1684,#1685));
#693=EDGE_LOOP('',(#1686,#1687,#1688,#1689));
#694=EDGE_LOOP('',(#1690,#1691,#1692,#1693));
#695=EDGE_LOOP('',(#1694,#1695,#1696,#1697));
#696=EDGE_LOOP('',(#1698,#1699,#1700,#1701));
#697=EDGE_LOOP('',(#1702,#1703,#1704,#1705));
#698=EDGE_LOOP('',(#1706,#1707,#1708,#1709));
#699=EDGE_LOOP('',(#1710,#1711,#1712,#1713));
#700=EDGE_LOOP('',(#1714,#1715,#1716,#1717));
#701=EDGE_LOOP('',(#1718,#1719,#1720,#1721));
#702=EDGE_LOOP('',(#1722,#1723,#1724,#1725));
#703=EDGE_LOOP('',(#1726,#1727,#1728,#1729));
#704=EDGE_LOOP('',(#1730,#1731,#1732,#1733));
#705=EDGE_LOOP('',(#1734,#1735,#1736,#1737,#1738,#1739,#1740,#1741));
#706=EDGE_LOOP('',(#1742,#1743,#1744,#1745));
#707=EDGE_LOOP('',(#1746,#1747,#1748,#1749,#1750,#1751,#1752,#1753));
#708=EDGE_LOOP('',(#1754,#1755,#1756,#1757,#1758,#1759));
#709=EDGE_LOOP('',(#1760,#1761,#1762,#1763));
#710=EDGE_LOOP('',(#1764,#1765,#1766,#1767));
#711=EDGE_LOOP('',(#1768,#1769,#1770,#1771));
#712=EDGE_LOOP('',(#1772,#1773,#1774,#1775));
#713=EDGE_LOOP('',(#1776,#1777,#1778,#1779,#1780,#1781));
#714=EDGE_LOOP('',(#1782,#1783,#1784,#1785,#1786,#1787));
#715=EDGE_LOOP('',(#1788,#1789,#1790,#1791));
#716=EDGE_LOOP('',(#1792,#1793,#1794,#1795));
#717=EDGE_LOOP('',(#1796,#1797,#1798,#1799,#1800,#1801,#1802,#1803,#1804,
#1805,#1806,#1807));
#718=EDGE_LOOP('',(#1808,#1809,#1810,#1811,#1812));
#719=EDGE_LOOP('',(#1813,#1814,#1815,#1816));
#720=EDGE_LOOP('',(#1817,#1818,#1819,#1820));
#721=EDGE_LOOP('',(#1821,#1822,#1823,#1824,#1825,#1826,#1827));
#722=EDGE_LOOP('',(#1828,#1829,#1830,#1831,#1832,#1833,#1834));
#723=EDGE_LOOP('',(#1835,#1836,#1837,#1838,#1839,#1840,#1841,#1842,#1843,
#1844,#1845,#1846));
#724=EDGE_LOOP('',(#1847,#1848,#1849,#1850));
#725=EDGE_LOOP('',(#1851,#1852,#1853,#1854));
#726=EDGE_LOOP('',(#1855,#1856,#1857,#1858,#1859));
#727=EDGE_LOOP('',(#1860,#1861,#1862,#1863));
#728=EDGE_LOOP('',(#1864,#1865,#1866,#1867));
#729=EDGE_LOOP('',(#1868,#1869,#1870,#1871));
#730=EDGE_LOOP('',(#1872,#1873,#1874,#1875,#1876,#1877));
#731=EDGE_LOOP('',(#1878,#1879,#1880,#1881));
#732=EDGE_LOOP('',(#1882,#1883,#1884,#1885));
#733=EDGE_LOOP('',(#1886,#1887,#1888,#1889));
#734=EDGE_LOOP('',(#1890,#1891,#1892,#1893));
#735=EDGE_LOOP('',(#1894,#1895,#1896,#1897,#1898,#1899));
#736=EDGE_LOOP('',(#1900,#1901,#1902,#1903,#1904,#1905));
#737=EDGE_LOOP('',(#1906,#1907,#1908,#1909));
#738=EDGE_LOOP('',(#1910,#1911,#1912,#1913));
#739=EDGE_LOOP('',(#1914,#1915,#1916,#1917,#1918,#1919,#1920,#1921,#1922,
#1923,#1924,#1925));
#740=EDGE_LOOP('',(#1926,#1927,#1928,#1929,#1930));
#741=EDGE_LOOP('',(#1931,#1932,#1933,#1934));
#742=EDGE_LOOP('',(#1935,#1936,#1937,#1938));
#743=EDGE_LOOP('',(#1939,#1940,#1941,#1942,#1943,#1944,#1945));
#744=EDGE_LOOP('',(#1946,#1947,#1948,#1949,#1950,#1951,#1952));
#745=EDGE_LOOP('',(#1953,#1954,#1955,#1956,#1957,#1958,#1959,#1960,#1961,
#1962,#1963,#1964));
#746=EDGE_LOOP('',(#1965,#1966,#1967,#1968));
#747=EDGE_LOOP('',(#1969,#1970,#1971,#1972));
#748=EDGE_LOOP('',(#1973,#1974,#1975,#1976,#1977));
#749=EDGE_LOOP('',(#1978,#1979,#1980,#1981));
#750=EDGE_LOOP('',(#1982,#1983,#1984,#1985));
#751=EDGE_LOOP('',(#1986,#1987,#1988,#1989));
#752=EDGE_LOOP('',(#1990,#1991,#1992,#1993,#1994,#1995,#1996,#1997));
#753=EDGE_LOOP('',(#1998,#1999,#2000,#2001,#2002,#2003,#2004,#2005,#2006,
#2007));
#754=EDGE_LOOP('',(#2008,#2009,#2010,#2011,#2012,#2013,#2014,#2015,#2016,
#2017));
#755=EDGE_LOOP('',(#2018,#2019,#2020,#2021,#2022,#2023));
#756=EDGE_LOOP('',(#2024,#2025,#2026,#2027,#2028,#2029));
#757=EDGE_LOOP('',(#2030,#2031,#2032,#2033));
#758=EDGE_LOOP('',(#2034,#2035,#2036,#2037));
#759=EDGE_LOOP('',(#2038,#2039,#2040,#2041,#2042,#2043));
#760=EDGE_LOOP('',(#2044,#2045,#2046,#2047,#2048,#2049));
#761=EDGE_LOOP('',(#2050,#2051,#2052,#2053));
#762=EDGE_LOOP('',(#2054,#2055,#2056,#2057));
#763=EDGE_LOOP('',(#2058,#2059,#2060,#2061));
#764=EDGE_LOOP('',(#2062,#2063,#2064,#2065));
#765=EDGE_LOOP('',(#2066,#2067,#2068,#2069,#2070,#2071));
#766=EDGE_LOOP('',(#2072,#2073,#2074,#2075,#2076,#2077));
#767=EDGE_LOOP('',(#2078,#2079,#2080,#2081));
#768=EDGE_LOOP('',(#2082,#2083,#2084,#2085));
#769=EDGE_LOOP('',(#2086,#2087,#2088,#2089,#2090,#2091));
#770=EDGE_LOOP('',(#2092,#2093,#2094,#2095,#2096,#2097));
#771=EDGE_LOOP('',(#2098,#2099));
#772=EDGE_LOOP('',(#2100,#2101));
#773=EDGE_LOOP('',(#2102,#2103));
#774=EDGE_LOOP('',(#2104,#2105));
#775=EDGE_LOOP('',(#2106,#2107,#2108,#2109,#2110,#2111));
#776=EDGE_LOOP('',(#2112,#2113,#2114,#2115,#2116,#2117));
#777=EDGE_LOOP('',(#2118,#2119,#2120,#2121,#2122,#2123,#2124,#2125,#2126,
#2127));
#778=EDGE_LOOP('',(#2128,#2129,#2130,#2131,#2132,#2133,#2134,#2135,#2136,
#2137,#2138,#2139,#2140,#2141,#2142,#2143,#2144,#2145,#2146,#2147));
#779=EDGE_LOOP('',(#2148,#2149,#2150,#2151,#2152,#2153,#2154,#2155,#2156,
#2157));
#780=EDGE_LOOP('',(#2158,#2159,#2160,#2161,#2162,#2163,#2164,#2165,#2166,
#2167));
#781=EDGE_LOOP('',(#2168,#2169,#2170,#2171,#2172,#2173,#2174,#2175,#2176,
#2177));
#782=ORIENTED_EDGE('',*,*,#2181,.F.);
#783=ORIENTED_EDGE('',*,*,#2180,.F.);
#784=ORIENTED_EDGE('',*,*,#2179,.F.);
#785=ORIENTED_EDGE('',*,*,#2178,.F.);
#786=ORIENTED_EDGE('',*,*,#2192,.F.);
#787=ORIENTED_EDGE('',*,*,#2191,.F.);
#788=ORIENTED_EDGE('',*,*,#2193,.T.);
#789=ORIENTED_EDGE('',*,*,#2197,.F.);
#790=ORIENTED_EDGE('',*,*,#2196,.F.);
#791=ORIENTED_EDGE('',*,*,#2195,.F.);
#792=ORIENTED_EDGE('',*,*,#2194,.T.);
#793=ORIENTED_EDGE('',*,*,#2198,.F.);
#794=ORIENTED_EDGE('',*,*,#2201,.T.);
#795=ORIENTED_EDGE('',*,*,#2203,.T.);
#796=ORIENTED_EDGE('',*,*,#2202,.F.);
#797=ORIENTED_EDGE('',*,*,#2204,.F.);
#798=ORIENTED_EDGE('',*,*,#2205,.T.);
#799=ORIENTED_EDGE('',*,*,#2201,.F.);
#800=ORIENTED_EDGE('',*,*,#2200,.T.);
#801=ORIENTED_EDGE('',*,*,#2208,.F.);
#802=ORIENTED_EDGE('',*,*,#2208,.T.);
#803=ORIENTED_EDGE('',*,*,#2210,.F.);
#804=ORIENTED_EDGE('',*,*,#2207,.F.);
#805=ORIENTED_EDGE('',*,*,#2209,.T.);
#806=ORIENTED_EDGE('',*,*,#2234,.T.);
#807=ORIENTED_EDGE('',*,*,#2221,.T.);
#808=ORIENTED_EDGE('',*,*,#2199,.F.);
#809=ORIENTED_EDGE('',*,*,#2194,.F.);
#810=ORIENTED_EDGE('',*,*,#2228,.F.);
#811=ORIENTED_EDGE('',*,*,#2230,.F.);
#812=ORIENTED_EDGE('',*,*,#2214,.T.);
#813=ORIENTED_EDGE('',*,*,#2202,.T.);
#814=ORIENTED_EDGE('',*,*,#2212,.T.);
#815=ORIENTED_EDGE('',*,*,#2215,.F.);
#816=ORIENTED_EDGE('',*,*,#2211,.F.);
#817=ORIENTED_EDGE('',*,*,#2192,.T.);
#818=ORIENTED_EDGE('',*,*,#2213,.F.);
#819=ORIENTED_EDGE('',*,*,#2216,.T.);
#820=ORIENTED_EDGE('',*,*,#2233,.T.);
#821=ORIENTED_EDGE('',*,*,#2225,.F.);
#822=ORIENTED_EDGE('',*,*,#2215,.T.);
#823=ORIENTED_EDGE('',*,*,#2217,.T.);
#824=ORIENTED_EDGE('',*,*,#2216,.F.);
#825=ORIENTED_EDGE('',*,*,#2218,.F.);
#826=ORIENTED_EDGE('',*,*,#2219,.T.);
#827=ORIENTED_EDGE('',*,*,#2207,.T.);
#828=ORIENTED_EDGE('',*,*,#2206,.T.);
#829=ORIENTED_EDGE('',*,*,#2220,.F.);
#830=ORIENTED_EDGE('',*,*,#2220,.T.);
#831=ORIENTED_EDGE('',*,*,#2223,.F.);
#832=ORIENTED_EDGE('',*,*,#2221,.F.);
#833=ORIENTED_EDGE('',*,*,#2222,.T.);
#834=ORIENTED_EDGE('',*,*,#2226,.F.);
#835=ORIENTED_EDGE('',*,*,#2225,.T.);
#836=ORIENTED_EDGE('',*,*,#2227,.T.);
#837=ORIENTED_EDGE('',*,*,#2224,.F.);
#838=ORIENTED_EDGE('',*,*,#2232,.T.);
#839=ORIENTED_EDGE('',*,*,#2230,.T.);
#840=ORIENTED_EDGE('',*,*,#2231,.F.);
#841=ORIENTED_EDGE('',*,*,#2229,.F.);
#842=ORIENTED_EDGE('',*,*,#2241,.T.);
#843=ORIENTED_EDGE('',*,*,#2237,.F.);
#844=ORIENTED_EDGE('',*,*,#2235,.T.);
#845=ORIENTED_EDGE('',*,*,#2236,.T.);
#846=ORIENTED_EDGE('',*,*,#2242,.T.);
#847=ORIENTED_EDGE('',*,*,#2238,.F.);
#848=ORIENTED_EDGE('',*,*,#2239,.T.);
#849=ORIENTED_EDGE('',*,*,#2240,.T.);
#850=ORIENTED_EDGE('',*,*,#2248,.T.);
#851=ORIENTED_EDGE('',*,*,#2246,.T.);
#852=ORIENTED_EDGE('',*,*,#2247,.F.);
#853=ORIENTED_EDGE('',*,*,#2245,.F.);
#854=ORIENTED_EDGE('',*,*,#2252,.T.);
#855=ORIENTED_EDGE('',*,*,#2244,.F.);
#856=ORIENTED_EDGE('',*,*,#2245,.T.);
#857=ORIENTED_EDGE('',*,*,#2249,.F.);
#858=ORIENTED_EDGE('',*,*,#2253,.F.);
#859=ORIENTED_EDGE('',*,*,#2251,.T.);
#860=ORIENTED_EDGE('',*,*,#2254,.T.);
#861=ORIENTED_EDGE('',*,*,#2252,.F.);
#862=ORIENTED_EDGE('',*,*,#2274,.T.);
#863=ORIENTED_EDGE('',*,*,#2272,.T.);
#864=ORIENTED_EDGE('',*,*,#2238,.T.);
#865=ORIENTED_EDGE('',*,*,#2243,.T.);
#866=ORIENTED_EDGE('',*,*,#2265,.F.);
#867=ORIENTED_EDGE('',*,*,#2278,.F.);
#868=ORIENTED_EDGE('',*,*,#2259,.T.);
#869=ORIENTED_EDGE('',*,*,#2256,.F.);
#870=ORIENTED_EDGE('',*,*,#2246,.F.);
#871=ORIENTED_EDGE('',*,*,#2258,.F.);
#872=ORIENTED_EDGE('',*,*,#2269,.T.);
#873=ORIENTED_EDGE('',*,*,#2277,.F.);
#874=ORIENTED_EDGE('',*,*,#2260,.F.);
#875=ORIENTED_EDGE('',*,*,#2257,.T.);
#876=ORIENTED_EDGE('',*,*,#2236,.F.);
#877=ORIENTED_EDGE('',*,*,#2255,.T.);
#878=ORIENTED_EDGE('',*,*,#2262,.T.);
#879=ORIENTED_EDGE('',*,*,#2260,.T.);
#880=ORIENTED_EDGE('',*,*,#2261,.F.);
#881=ORIENTED_EDGE('',*,*,#2259,.F.);
#882=ORIENTED_EDGE('',*,*,#2264,.T.);
#883=ORIENTED_EDGE('',*,*,#2250,.F.);
#884=ORIENTED_EDGE('',*,*,#2251,.F.);
#885=ORIENTED_EDGE('',*,*,#2263,.F.);
#886=ORIENTED_EDGE('',*,*,#2266,.F.);
#887=ORIENTED_EDGE('',*,*,#2265,.T.);
#888=ORIENTED_EDGE('',*,*,#2267,.T.);
#889=ORIENTED_EDGE('',*,*,#2264,.F.);
#890=ORIENTED_EDGE('',*,*,#2268,.T.);
#891=ORIENTED_EDGE('',*,*,#2271,.F.);
#892=ORIENTED_EDGE('',*,*,#2269,.F.);
#893=ORIENTED_EDGE('',*,*,#2270,.T.);
#894=ORIENTED_EDGE('',*,*,#2273,.T.);
#895=ORIENTED_EDGE('',*,*,#2275,.T.);
#896=ORIENTED_EDGE('',*,*,#2274,.F.);
#897=ORIENTED_EDGE('',*,*,#2276,.F.);
#898=ORIENTED_EDGE('',*,*,#2317,.T.);
#899=ORIENTED_EDGE('',*,*,#2281,.T.);
#900=ORIENTED_EDGE('',*,*,#2318,.F.);
#901=ORIENTED_EDGE('',*,*,#2295,.F.);
#902=ORIENTED_EDGE('',*,*,#2319,.T.);
#903=ORIENTED_EDGE('',*,*,#2282,.T.);
#904=ORIENTED_EDGE('',*,*,#2320,.F.);
#905=ORIENTED_EDGE('',*,*,#2296,.F.);
#906=ORIENTED_EDGE('',*,*,#2298,.F.);
#907=ORIENTED_EDGE('',*,*,#2321,.T.);
#908=ORIENTED_EDGE('',*,*,#2283,.T.);
#909=ORIENTED_EDGE('',*,*,#2381,.F.);
#910=ORIENTED_EDGE('',*,*,#2322,.T.);
#911=ORIENTED_EDGE('',*,*,#2284,.T.);
#912=ORIENTED_EDGE('',*,*,#2323,.F.);
#913=ORIENTED_EDGE('',*,*,#2300,.F.);
#914=ORIENTED_EDGE('',*,*,#2324,.T.);
#915=ORIENTED_EDGE('',*,*,#2285,.T.);
#916=ORIENTED_EDGE('',*,*,#2325,.F.);
#917=ORIENTED_EDGE('',*,*,#2302,.F.);
#918=ORIENTED_EDGE('',*,*,#2304,.F.);
#919=ORIENTED_EDGE('',*,*,#2326,.T.);
#920=ORIENTED_EDGE('',*,*,#2286,.T.);
#921=ORIENTED_EDGE('',*,*,#2386,.F.);
#922=ORIENTED_EDGE('',*,*,#2327,.T.);
#923=ORIENTED_EDGE('',*,*,#2287,.T.);
#924=ORIENTED_EDGE('',*,*,#2328,.F.);
#925=ORIENTED_EDGE('',*,*,#2306,.F.);
#926=ORIENTED_EDGE('',*,*,#2329,.T.);
#927=ORIENTED_EDGE('',*,*,#2288,.T.);
#928=ORIENTED_EDGE('',*,*,#2330,.F.);
#929=ORIENTED_EDGE('',*,*,#2307,.F.);
#930=ORIENTED_EDGE('',*,*,#2309,.F.);
#931=ORIENTED_EDGE('',*,*,#2331,.T.);
#932=ORIENTED_EDGE('',*,*,#2289,.T.);
#933=ORIENTED_EDGE('',*,*,#2391,.F.);
#934=ORIENTED_EDGE('',*,*,#2332,.T.);
#935=ORIENTED_EDGE('',*,*,#2290,.T.);
#936=ORIENTED_EDGE('',*,*,#2333,.F.);
#937=ORIENTED_EDGE('',*,*,#2311,.F.);
#938=ORIENTED_EDGE('',*,*,#2334,.T.);
#939=ORIENTED_EDGE('',*,*,#2291,.T.);
#940=ORIENTED_EDGE('',*,*,#2335,.F.);
#941=ORIENTED_EDGE('',*,*,#2313,.F.);
#942=ORIENTED_EDGE('',*,*,#2315,.F.);
#943=ORIENTED_EDGE('',*,*,#2336,.T.);
#944=ORIENTED_EDGE('',*,*,#2292,.T.);
#945=ORIENTED_EDGE('',*,*,#2396,.F.);
#946=ORIENTED_EDGE('',*,*,#2281,.F.);
#947=ORIENTED_EDGE('',*,*,#2340,.F.);
#948=ORIENTED_EDGE('',*,*,#2341,.T.);
#949=ORIENTED_EDGE('',*,*,#2342,.T.);
#950=ORIENTED_EDGE('',*,*,#2282,.F.);
#951=ORIENTED_EDGE('',*,*,#2343,.F.);
#952=ORIENTED_EDGE('',*,*,#2344,.T.);
#953=ORIENTED_EDGE('',*,*,#2345,.T.);
#954=ORIENTED_EDGE('',*,*,#2284,.F.);
#955=ORIENTED_EDGE('',*,*,#2350,.F.);
#956=ORIENTED_EDGE('',*,*,#2351,.T.);
#957=ORIENTED_EDGE('',*,*,#2352,.T.);
#958=ORIENTED_EDGE('',*,*,#2285,.F.);
#959=ORIENTED_EDGE('',*,*,#2354,.F.);
#960=ORIENTED_EDGE('',*,*,#2355,.T.);
#961=ORIENTED_EDGE('',*,*,#2356,.T.);
#962=ORIENTED_EDGE('',*,*,#2287,.F.);
#963=ORIENTED_EDGE('',*,*,#2361,.F.);
#964=ORIENTED_EDGE('',*,*,#2362,.T.);
#965=ORIENTED_EDGE('',*,*,#2363,.T.);
#966=ORIENTED_EDGE('',*,*,#2288,.F.);
#967=ORIENTED_EDGE('',*,*,#2364,.F.);
#968=ORIENTED_EDGE('',*,*,#2365,.T.);
#969=ORIENTED_EDGE('',*,*,#2366,.T.);
#970=ORIENTED_EDGE('',*,*,#2290,.F.);
#971=ORIENTED_EDGE('',*,*,#2371,.F.);
#972=ORIENTED_EDGE('',*,*,#2372,.T.);
#973=ORIENTED_EDGE('',*,*,#2373,.T.);
#974=ORIENTED_EDGE('',*,*,#2291,.F.);
#975=ORIENTED_EDGE('',*,*,#2375,.F.);
#976=ORIENTED_EDGE('',*,*,#2376,.T.);
#977=ORIENTED_EDGE('',*,*,#2377,.T.);
#978=ORIENTED_EDGE('',*,*,#2411,.T.);
#979=ORIENTED_EDGE('',*,*,#2412,.T.);
#980=ORIENTED_EDGE('',*,*,#2337,.F.);
#981=ORIENTED_EDGE('',*,*,#2397,.F.);
#982=ORIENTED_EDGE('',*,*,#2383,.F.);
#983=ORIENTED_EDGE('',*,*,#2381,.T.);
#984=ORIENTED_EDGE('',*,*,#2382,.T.);
#985=ORIENTED_EDGE('',*,*,#2384,.F.);
#986=ORIENTED_EDGE('',*,*,#2388,.F.);
#987=ORIENTED_EDGE('',*,*,#2386,.T.);
#988=ORIENTED_EDGE('',*,*,#2387,.T.);
#989=ORIENTED_EDGE('',*,*,#2389,.F.);
#990=ORIENTED_EDGE('',*,*,#2393,.F.);
#991=ORIENTED_EDGE('',*,*,#2391,.T.);
#992=ORIENTED_EDGE('',*,*,#2392,.T.);
#993=ORIENTED_EDGE('',*,*,#2394,.F.);
#994=ORIENTED_EDGE('',*,*,#2396,.T.);
#995=ORIENTED_EDGE('',*,*,#2397,.T.);
#996=ORIENTED_EDGE('',*,*,#2316,.F.);
#997=ORIENTED_EDGE('',*,*,#2398,.F.);
#998=ORIENTED_EDGE('',*,*,#2401,.T.);
#999=ORIENTED_EDGE('',*,*,#2402,.T.);
#1000=ORIENTED_EDGE('',*,*,#2399,.F.);
#1001=ORIENTED_EDGE('',*,*,#2382,.F.);
#1002=ORIENTED_EDGE('',*,*,#2283,.F.);
#1003=ORIENTED_EDGE('',*,*,#2347,.F.);
#1004=ORIENTED_EDGE('',*,*,#2348,.T.);
#1005=ORIENTED_EDGE('',*,*,#2401,.F.);
#1006=ORIENTED_EDGE('',*,*,#2405,.T.);
#1007=ORIENTED_EDGE('',*,*,#2406,.T.);
#1008=ORIENTED_EDGE('',*,*,#2403,.F.);
#1009=ORIENTED_EDGE('',*,*,#2387,.F.);
#1010=ORIENTED_EDGE('',*,*,#2286,.F.);
#1011=ORIENTED_EDGE('',*,*,#2358,.F.);
#1012=ORIENTED_EDGE('',*,*,#2359,.T.);
#1013=ORIENTED_EDGE('',*,*,#2405,.F.);
#1014=ORIENTED_EDGE('',*,*,#2409,.T.);
#1015=ORIENTED_EDGE('',*,*,#2410,.T.);
#1016=ORIENTED_EDGE('',*,*,#2407,.F.);
#1017=ORIENTED_EDGE('',*,*,#2392,.F.);
#1018=ORIENTED_EDGE('',*,*,#2289,.F.);
#1019=ORIENTED_EDGE('',*,*,#2368,.F.);
#1020=ORIENTED_EDGE('',*,*,#2369,.T.);
#1021=ORIENTED_EDGE('',*,*,#2409,.F.);
#1022=ORIENTED_EDGE('',*,*,#2292,.F.);
#1023=ORIENTED_EDGE('',*,*,#2379,.F.);
#1024=ORIENTED_EDGE('',*,*,#2380,.T.);
#1025=ORIENTED_EDGE('',*,*,#2411,.F.);
#1026=ORIENTED_EDGE('',*,*,#2316,.T.);
#1027=ORIENTED_EDGE('',*,*,#2337,.T.);
#1028=ORIENTED_EDGE('',*,*,#2338,.T.);
#1029=ORIENTED_EDGE('',*,*,#2413,.T.);
#1030=ORIENTED_EDGE('',*,*,#2293,.F.);
#1031=ORIENTED_EDGE('',*,*,#2413,.F.);
#1032=ORIENTED_EDGE('',*,*,#2339,.T.);
#1033=ORIENTED_EDGE('',*,*,#2340,.T.);
#1034=ORIENTED_EDGE('',*,*,#2317,.F.);
#1035=ORIENTED_EDGE('',*,*,#2294,.F.);
#1036=ORIENTED_EDGE('',*,*,#2320,.T.);
#1037=ORIENTED_EDGE('',*,*,#2345,.F.);
#1038=ORIENTED_EDGE('',*,*,#2346,.T.);
#1039=ORIENTED_EDGE('',*,*,#2347,.T.);
#1040=ORIENTED_EDGE('',*,*,#2321,.F.);
#1041=ORIENTED_EDGE('',*,*,#2297,.F.);
#1042=ORIENTED_EDGE('',*,*,#2414,.F.);
#1043=ORIENTED_EDGE('',*,*,#2349,.T.);
#1044=ORIENTED_EDGE('',*,*,#2350,.T.);
#1045=ORIENTED_EDGE('',*,*,#2322,.F.);
#1046=ORIENTED_EDGE('',*,*,#2299,.F.);
#1047=ORIENTED_EDGE('',*,*,#2325,.T.);
#1048=ORIENTED_EDGE('',*,*,#2356,.F.);
#1049=ORIENTED_EDGE('',*,*,#2357,.T.);
#1050=ORIENTED_EDGE('',*,*,#2358,.T.);
#1051=ORIENTED_EDGE('',*,*,#2326,.F.);
#1052=ORIENTED_EDGE('',*,*,#2303,.F.);
#1053=ORIENTED_EDGE('',*,*,#2415,.F.);
#1054=ORIENTED_EDGE('',*,*,#2360,.T.);
#1055=ORIENTED_EDGE('',*,*,#2361,.T.);
#1056=ORIENTED_EDGE('',*,*,#2327,.F.);
#1057=ORIENTED_EDGE('',*,*,#2305,.F.);
#1058=ORIENTED_EDGE('',*,*,#2330,.T.);
#1059=ORIENTED_EDGE('',*,*,#2366,.F.);
#1060=ORIENTED_EDGE('',*,*,#2367,.T.);
#1061=ORIENTED_EDGE('',*,*,#2368,.T.);
#1062=ORIENTED_EDGE('',*,*,#2331,.F.);
#1063=ORIENTED_EDGE('',*,*,#2308,.F.);
#1064=ORIENTED_EDGE('',*,*,#2416,.F.);
#1065=ORIENTED_EDGE('',*,*,#2370,.T.);
#1066=ORIENTED_EDGE('',*,*,#2371,.T.);
#1067=ORIENTED_EDGE('',*,*,#2332,.F.);
#1068=ORIENTED_EDGE('',*,*,#2310,.F.);
#1069=ORIENTED_EDGE('',*,*,#2335,.T.);
#1070=ORIENTED_EDGE('',*,*,#2377,.F.);
#1071=ORIENTED_EDGE('',*,*,#2378,.T.);
#1072=ORIENTED_EDGE('',*,*,#2379,.T.);
#1073=ORIENTED_EDGE('',*,*,#2336,.F.);
#1074=ORIENTED_EDGE('',*,*,#2314,.F.);
#1075=ORIENTED_EDGE('',*,*,#2399,.T.);
#1076=ORIENTED_EDGE('',*,*,#2400,.T.);
#1077=ORIENTED_EDGE('',*,*,#2414,.T.);
#1078=ORIENTED_EDGE('',*,*,#2385,.F.);
#1079=ORIENTED_EDGE('',*,*,#2384,.T.);
#1080=ORIENTED_EDGE('',*,*,#2403,.T.);
#1081=ORIENTED_EDGE('',*,*,#2404,.T.);
#1082=ORIENTED_EDGE('',*,*,#2415,.T.);
#1083=ORIENTED_EDGE('',*,*,#2390,.F.);
#1084=ORIENTED_EDGE('',*,*,#2389,.T.);
#1085=ORIENTED_EDGE('',*,*,#2407,.T.);
#1086=ORIENTED_EDGE('',*,*,#2408,.T.);
#1087=ORIENTED_EDGE('',*,*,#2416,.T.);
#1088=ORIENTED_EDGE('',*,*,#2395,.F.);
#1089=ORIENTED_EDGE('',*,*,#2394,.T.);
#1090=ORIENTED_EDGE('',*,*,#2279,.T.);
#1091=ORIENTED_EDGE('',*,*,#2198,.T.);
#1092=ORIENTED_EDGE('',*,*,#2199,.T.);
#1093=ORIENTED_EDGE('',*,*,#2223,.T.);
#1094=ORIENTED_EDGE('',*,*,#2206,.F.);
#1095=ORIENTED_EDGE('',*,*,#2210,.T.);
#1096=ORIENTED_EDGE('',*,*,#2200,.F.);
#1097=ORIENTED_EDGE('',*,*,#2204,.T.);
#1098=ORIENTED_EDGE('',*,*,#2214,.F.);
#1099=ORIENTED_EDGE('',*,*,#2218,.T.);
#1100=ORIENTED_EDGE('',*,*,#2213,.T.);
#1101=ORIENTED_EDGE('',*,*,#2197,.T.);
#1102=ORIENTED_EDGE('',*,*,#2280,.T.);
#1103=ORIENTED_EDGE('',*,*,#2241,.F.);
#1104=ORIENTED_EDGE('',*,*,#2257,.F.);
#1105=ORIENTED_EDGE('',*,*,#2262,.F.);
#1106=ORIENTED_EDGE('',*,*,#2258,.T.);
#1107=ORIENTED_EDGE('',*,*,#2248,.F.);
#1108=ORIENTED_EDGE('',*,*,#2244,.T.);
#1109=ORIENTED_EDGE('',*,*,#2254,.F.);
#1110=ORIENTED_EDGE('',*,*,#2250,.T.);
#1111=ORIENTED_EDGE('',*,*,#2267,.F.);
#1112=ORIENTED_EDGE('',*,*,#2243,.F.);
#1113=ORIENTED_EDGE('',*,*,#2242,.F.);
#1114=ORIENTED_EDGE('',*,*,#2493,.T.);
#1115=ORIENTED_EDGE('',*,*,#2492,.T.);
#1116=ORIENTED_EDGE('',*,*,#2487,.T.);
#1117=ORIENTED_EDGE('',*,*,#2436,.T.);
#1118=ORIENTED_EDGE('',*,*,#2427,.T.);
#1119=ORIENTED_EDGE('',*,*,#2302,.T.);
#1120=ORIENTED_EDGE('',*,*,#2303,.T.);
#1121=ORIENTED_EDGE('',*,*,#2304,.T.);
#1122=ORIENTED_EDGE('',*,*,#2388,.T.);
#1123=ORIENTED_EDGE('',*,*,#2390,.T.);
#1124=ORIENTED_EDGE('',*,*,#2305,.T.);
#1125=ORIENTED_EDGE('',*,*,#2306,.T.);
#1126=ORIENTED_EDGE('',*,*,#2462,.T.);
#1127=ORIENTED_EDGE('',*,*,#2497,.T.);
#1128=ORIENTED_EDGE('',*,*,#2448,.T.);
#1129=ORIENTED_EDGE('',*,*,#2307,.T.);
#1130=ORIENTED_EDGE('',*,*,#2308,.T.);
#1131=ORIENTED_EDGE('',*,*,#2309,.T.);
#1132=ORIENTED_EDGE('',*,*,#2393,.T.);
#1133=ORIENTED_EDGE('',*,*,#2395,.T.);
#1134=ORIENTED_EDGE('',*,*,#2310,.T.);
#1135=ORIENTED_EDGE('',*,*,#2311,.T.);
#1136=ORIENTED_EDGE('',*,*,#2312,.T.);
#1137=ORIENTED_EDGE('',*,*,#2420,.T.);
#1138=ORIENTED_EDGE('',*,*,#2444,.T.);
#1139=ORIENTED_EDGE('',*,*,#2454,.T.);
#1140=ORIENTED_EDGE('',*,*,#2447,.T.);
#1141=ORIENTED_EDGE('',*,*,#2456,.T.);
#1142=ORIENTED_EDGE('',*,*,#2470,.T.);
#1143=ORIENTED_EDGE('',*,*,#2469,.T.);
#1144=ORIENTED_EDGE('',*,*,#2464,.T.);
#1145=ORIENTED_EDGE('',*,*,#2425,.T.);
#1146=ORIENTED_EDGE('',*,*,#2421,.T.);
#1147=ORIENTED_EDGE('',*,*,#2313,.T.);
#1148=ORIENTED_EDGE('',*,*,#2314,.T.);
#1149=ORIENTED_EDGE('',*,*,#2315,.T.);
#1150=ORIENTED_EDGE('',*,*,#2398,.T.);
#1151=ORIENTED_EDGE('',*,*,#2293,.T.);
#1152=ORIENTED_EDGE('',*,*,#2294,.T.);
#1153=ORIENTED_EDGE('',*,*,#2295,.T.);
#1154=ORIENTED_EDGE('',*,*,#2461,.T.);
#1155=ORIENTED_EDGE('',*,*,#2474,.T.);
#1156=ORIENTED_EDGE('',*,*,#2481,.T.);
#1157=ORIENTED_EDGE('',*,*,#2480,.T.);
#1158=ORIENTED_EDGE('',*,*,#2476,.T.);
#1159=ORIENTED_EDGE('',*,*,#2296,.T.);
#1160=ORIENTED_EDGE('',*,*,#2297,.T.);
#1161=ORIENTED_EDGE('',*,*,#2298,.T.);
#1162=ORIENTED_EDGE('',*,*,#2383,.T.);
#1163=ORIENTED_EDGE('',*,*,#2385,.T.);
#1164=ORIENTED_EDGE('',*,*,#2299,.T.);
#1165=ORIENTED_EDGE('',*,*,#2300,.T.);
#1166=ORIENTED_EDGE('',*,*,#2301,.T.);
#1167=ORIENTED_EDGE('',*,*,#2434,.T.);
#1168=ORIENTED_EDGE('',*,*,#2459,.T.);
#1169=ORIENTED_EDGE('',*,*,#2485,.T.);
#1170=ORIENTED_EDGE('',*,*,#2418,.T.);
#1171=ORIENTED_EDGE('',*,*,#2312,.F.);
#1172=ORIENTED_EDGE('',*,*,#2333,.T.);
#1173=ORIENTED_EDGE('',*,*,#2373,.F.);
#1174=ORIENTED_EDGE('',*,*,#2374,.T.);
#1175=ORIENTED_EDGE('',*,*,#2417,.T.);
#1176=ORIENTED_EDGE('',*,*,#2420,.F.);
#1177=ORIENTED_EDGE('',*,*,#2418,.F.);
#1178=ORIENTED_EDGE('',*,*,#2419,.T.);
#1179=ORIENTED_EDGE('',*,*,#2424,.T.);
#1180=ORIENTED_EDGE('',*,*,#2422,.T.);
#1181=ORIENTED_EDGE('',*,*,#2375,.T.);
#1182=ORIENTED_EDGE('',*,*,#2334,.F.);
#1183=ORIENTED_EDGE('',*,*,#2421,.F.);
#1184=ORIENTED_EDGE('',*,*,#2423,.T.);
#1185=ORIENTED_EDGE('',*,*,#2426,.T.);
#1186=ORIENTED_EDGE('',*,*,#2424,.F.);
#1187=ORIENTED_EDGE('',*,*,#2425,.F.);
#1188=ORIENTED_EDGE('',*,*,#2431,.T.);
#1189=ORIENTED_EDGE('',*,*,#2428,.T.);
#1190=ORIENTED_EDGE('',*,*,#2354,.T.);
#1191=ORIENTED_EDGE('',*,*,#2324,.F.);
#1192=ORIENTED_EDGE('',*,*,#2427,.F.);
#1193=ORIENTED_EDGE('',*,*,#2432,.T.);
#1194=ORIENTED_EDGE('',*,*,#2301,.F.);
#1195=ORIENTED_EDGE('',*,*,#2323,.T.);
#1196=ORIENTED_EDGE('',*,*,#2352,.F.);
#1197=ORIENTED_EDGE('',*,*,#2353,.T.);
#1198=ORIENTED_EDGE('',*,*,#2429,.T.);
#1199=ORIENTED_EDGE('',*,*,#2434,.F.);
#1200=ORIENTED_EDGE('',*,*,#2432,.F.);
#1201=ORIENTED_EDGE('',*,*,#2433,.T.);
#1202=ORIENTED_EDGE('',*,*,#2430,.T.);
#1203=ORIENTED_EDGE('',*,*,#2435,.T.);
#1204=ORIENTED_EDGE('',*,*,#2431,.F.);
#1205=ORIENTED_EDGE('',*,*,#2436,.F.);
#1206=ORIENTED_EDGE('',*,*,#2515,.T.);
#1207=ORIENTED_EDGE('',*,*,#2501,.F.);
#1208=ORIENTED_EDGE('',*,*,#2502,.F.);
#1209=ORIENTED_EDGE('',*,*,#2500,.F.);
#1210=ORIENTED_EDGE('',*,*,#2438,.T.);
#1211=ORIENTED_EDGE('',*,*,#2508,.F.);
#1212=ORIENTED_EDGE('',*,*,#2511,.F.);
#1213=ORIENTED_EDGE('',*,*,#2509,.F.);
#1214=ORIENTED_EDGE('',*,*,#2510,.T.);
#1215=ORIENTED_EDGE('',*,*,#2516,.T.);
#1216=ORIENTED_EDGE('',*,*,#2503,.T.);
#1217=ORIENTED_EDGE('',*,*,#2515,.F.);
#1218=ORIENTED_EDGE('',*,*,#2452,.F.);
#1219=ORIENTED_EDGE('',*,*,#2445,.F.);
#1220=ORIENTED_EDGE('',*,*,#2419,.F.);
#1221=ORIENTED_EDGE('',*,*,#2374,.F.);
#1222=ORIENTED_EDGE('',*,*,#2372,.F.);
#1223=ORIENTED_EDGE('',*,*,#2370,.F.);
#1224=ORIENTED_EDGE('',*,*,#2408,.F.);
#1225=ORIENTED_EDGE('',*,*,#2410,.F.);
#1226=ORIENTED_EDGE('',*,*,#2369,.F.);
#1227=ORIENTED_EDGE('',*,*,#2367,.F.);
#1228=ORIENTED_EDGE('',*,*,#2365,.F.);
#1229=ORIENTED_EDGE('',*,*,#2535,.F.);
#1230=ORIENTED_EDGE('',*,*,#2455,.F.);
#1231=ORIENTED_EDGE('',*,*,#2446,.T.);
#1232=ORIENTED_EDGE('',*,*,#2364,.T.);
#1233=ORIENTED_EDGE('',*,*,#2329,.F.);
#1234=ORIENTED_EDGE('',*,*,#2448,.F.);
#1235=ORIENTED_EDGE('',*,*,#2450,.F.);
#1236=ORIENTED_EDGE('',*,*,#2535,.T.);
#1237=ORIENTED_EDGE('',*,*,#2451,.T.);
#1238=ORIENTED_EDGE('',*,*,#2444,.F.);
#1239=ORIENTED_EDGE('',*,*,#2417,.F.);
#1240=ORIENTED_EDGE('',*,*,#2445,.T.);
#1241=ORIENTED_EDGE('',*,*,#2446,.F.);
#1242=ORIENTED_EDGE('',*,*,#2449,.T.);
#1243=ORIENTED_EDGE('',*,*,#2447,.F.);
#1244=ORIENTED_EDGE('',*,*,#2453,.F.);
#1245=ORIENTED_EDGE('',*,*,#2453,.T.);
#1246=ORIENTED_EDGE('',*,*,#2454,.F.);
#1247=ORIENTED_EDGE('',*,*,#2451,.F.);
#1248=ORIENTED_EDGE('',*,*,#2452,.T.);
#1249=ORIENTED_EDGE('',*,*,#2455,.T.);
#1250=ORIENTED_EDGE('',*,*,#2450,.T.);
#1251=ORIENTED_EDGE('',*,*,#2456,.F.);
#1252=ORIENTED_EDGE('',*,*,#2449,.F.);
#1253=ORIENTED_EDGE('',*,*,#2484,.F.);
#1254=ORIENTED_EDGE('',*,*,#2460,.F.);
#1255=ORIENTED_EDGE('',*,*,#2433,.F.);
#1256=ORIENTED_EDGE('',*,*,#2353,.F.);
#1257=ORIENTED_EDGE('',*,*,#2351,.F.);
#1258=ORIENTED_EDGE('',*,*,#2349,.F.);
#1259=ORIENTED_EDGE('',*,*,#2400,.F.);
#1260=ORIENTED_EDGE('',*,*,#2402,.F.);
#1261=ORIENTED_EDGE('',*,*,#2348,.F.);
#1262=ORIENTED_EDGE('',*,*,#2346,.F.);
#1263=ORIENTED_EDGE('',*,*,#2344,.F.);
#1264=ORIENTED_EDGE('',*,*,#2507,.F.);
#1265=ORIENTED_EDGE('',*,*,#2479,.F.);
#1266=ORIENTED_EDGE('',*,*,#2475,.T.);
#1267=ORIENTED_EDGE('',*,*,#2343,.T.);
#1268=ORIENTED_EDGE('',*,*,#2319,.F.);
#1269=ORIENTED_EDGE('',*,*,#2476,.F.);
#1270=ORIENTED_EDGE('',*,*,#2478,.F.);
#1271=ORIENTED_EDGE('',*,*,#2507,.T.);
#1272=ORIENTED_EDGE('',*,*,#2496,.F.);
#1273=ORIENTED_EDGE('',*,*,#2527,.T.);
#1274=ORIENTED_EDGE('',*,*,#2362,.F.);
#1275=ORIENTED_EDGE('',*,*,#2360,.F.);
#1276=ORIENTED_EDGE('',*,*,#2404,.F.);
#1277=ORIENTED_EDGE('',*,*,#2406,.F.);
#1278=ORIENTED_EDGE('',*,*,#2359,.F.);
#1279=ORIENTED_EDGE('',*,*,#2357,.F.);
#1280=ORIENTED_EDGE('',*,*,#2355,.F.);
#1281=ORIENTED_EDGE('',*,*,#2428,.F.);
#1282=ORIENTED_EDGE('',*,*,#2435,.F.);
#1283=ORIENTED_EDGE('',*,*,#2488,.F.);
#1284=ORIENTED_EDGE('',*,*,#2491,.F.);
#1285=ORIENTED_EDGE('',*,*,#2486,.T.);
#1286=ORIENTED_EDGE('',*,*,#2473,.F.);
#1287=ORIENTED_EDGE('',*,*,#2517,.T.);
#1288=ORIENTED_EDGE('',*,*,#2341,.F.);
#1289=ORIENTED_EDGE('',*,*,#2339,.F.);
#1290=ORIENTED_EDGE('',*,*,#2338,.F.);
#1291=ORIENTED_EDGE('',*,*,#2412,.F.);
#1292=ORIENTED_EDGE('',*,*,#2380,.F.);
#1293=ORIENTED_EDGE('',*,*,#2378,.F.);
#1294=ORIENTED_EDGE('',*,*,#2376,.F.);
#1295=ORIENTED_EDGE('',*,*,#2422,.F.);
#1296=ORIENTED_EDGE('',*,*,#2426,.F.);
#1297=ORIENTED_EDGE('',*,*,#2465,.F.);
#1298=ORIENTED_EDGE('',*,*,#2468,.F.);
#1299=ORIENTED_EDGE('',*,*,#2463,.T.);
#1300=ORIENTED_EDGE('',*,*,#2482,.T.);
#1301=ORIENTED_EDGE('',*,*,#2459,.F.);
#1302=ORIENTED_EDGE('',*,*,#2429,.F.);
#1303=ORIENTED_EDGE('',*,*,#2460,.T.);
#1304=ORIENTED_EDGE('',*,*,#2465,.T.);
#1305=ORIENTED_EDGE('',*,*,#2423,.F.);
#1306=ORIENTED_EDGE('',*,*,#2464,.F.);
#1307=ORIENTED_EDGE('',*,*,#2467,.F.);
#1308=ORIENTED_EDGE('',*,*,#2488,.T.);
#1309=ORIENTED_EDGE('',*,*,#2430,.F.);
#1310=ORIENTED_EDGE('',*,*,#2487,.F.);
#1311=ORIENTED_EDGE('',*,*,#2490,.F.);
#1312=ORIENTED_EDGE('',*,*,#2527,.F.);
#1313=ORIENTED_EDGE('',*,*,#2494,.F.);
#1314=ORIENTED_EDGE('',*,*,#2462,.F.);
#1315=ORIENTED_EDGE('',*,*,#2328,.T.);
#1316=ORIENTED_EDGE('',*,*,#2363,.F.);
#1317=ORIENTED_EDGE('',*,*,#2468,.T.);
#1318=ORIENTED_EDGE('',*,*,#2467,.T.);
#1319=ORIENTED_EDGE('',*,*,#2469,.F.);
#1320=ORIENTED_EDGE('',*,*,#2466,.F.);
#1321=ORIENTED_EDGE('',*,*,#2472,.T.);
#1322=ORIENTED_EDGE('',*,*,#2463,.F.);
#1323=ORIENTED_EDGE('',*,*,#2466,.T.);
#1324=ORIENTED_EDGE('',*,*,#2470,.F.);
#1325=ORIENTED_EDGE('',*,*,#2474,.F.);
#1326=ORIENTED_EDGE('',*,*,#2471,.T.);
#1327=ORIENTED_EDGE('',*,*,#2473,.T.);
#1328=ORIENTED_EDGE('',*,*,#2472,.F.);
#1329=ORIENTED_EDGE('',*,*,#2475,.F.);
#1330=ORIENTED_EDGE('',*,*,#2477,.T.);
#1331=ORIENTED_EDGE('',*,*,#2481,.F.);
#1332=ORIENTED_EDGE('',*,*,#2483,.F.);
#1333=ORIENTED_EDGE('',*,*,#2479,.T.);
#1334=ORIENTED_EDGE('',*,*,#2478,.T.);
#1335=ORIENTED_EDGE('',*,*,#2480,.F.);
#1336=ORIENTED_EDGE('',*,*,#2477,.F.);
#1337=ORIENTED_EDGE('',*,*,#2483,.T.);
#1338=ORIENTED_EDGE('',*,*,#2485,.F.);
#1339=ORIENTED_EDGE('',*,*,#2482,.F.);
#1340=ORIENTED_EDGE('',*,*,#2484,.T.);
#1341=ORIENTED_EDGE('',*,*,#2491,.T.);
#1342=ORIENTED_EDGE('',*,*,#2490,.T.);
#1343=ORIENTED_EDGE('',*,*,#2492,.F.);
#1344=ORIENTED_EDGE('',*,*,#2489,.F.);
#1345=ORIENTED_EDGE('',*,*,#2495,.T.);
#1346=ORIENTED_EDGE('',*,*,#2486,.F.);
#1347=ORIENTED_EDGE('',*,*,#2489,.T.);
#1348=ORIENTED_EDGE('',*,*,#2493,.F.);
#1349=ORIENTED_EDGE('',*,*,#2497,.F.);
#1350=ORIENTED_EDGE('',*,*,#2494,.T.);
#1351=ORIENTED_EDGE('',*,*,#2496,.T.);
#1352=ORIENTED_EDGE('',*,*,#2495,.F.);
#1353=ORIENTED_EDGE('',*,*,#2500,.T.);
#1354=ORIENTED_EDGE('',*,*,#2506,.T.);
#1355=ORIENTED_EDGE('',*,*,#2498,.T.);
#1356=ORIENTED_EDGE('',*,*,#2437,.T.);
#1357=ORIENTED_EDGE('',*,*,#2501,.T.);
#1358=ORIENTED_EDGE('',*,*,#2503,.F.);
#1359=ORIENTED_EDGE('',*,*,#2504,.T.);
#1360=ORIENTED_EDGE('',*,*,#2505,.F.);
#1361=ORIENTED_EDGE('',*,*,#2502,.T.);
#1362=ORIENTED_EDGE('',*,*,#2505,.T.);
#1363=ORIENTED_EDGE('',*,*,#2499,.T.);
#1364=ORIENTED_EDGE('',*,*,#2506,.F.);
#1365=ORIENTED_EDGE('',*,*,#2508,.T.);
#1366=ORIENTED_EDGE('',*,*,#2188,.T.);
#1367=ORIENTED_EDGE('',*,*,#2189,.F.);
#1368=ORIENTED_EDGE('',*,*,#2514,.F.);
#1369=ORIENTED_EDGE('',*,*,#2509,.T.);
#1370=ORIENTED_EDGE('',*,*,#2513,.T.);
#1371=ORIENTED_EDGE('',*,*,#2512,.F.);
#1372=ORIENTED_EDGE('',*,*,#2510,.F.);
#1373=ORIENTED_EDGE('',*,*,#2511,.T.);
#1374=ORIENTED_EDGE('',*,*,#2514,.T.);
#1375=ORIENTED_EDGE('',*,*,#2190,.F.);
#1376=ORIENTED_EDGE('',*,*,#2513,.F.);
#1377=ORIENTED_EDGE('',*,*,#2517,.F.);
#1378=ORIENTED_EDGE('',*,*,#2471,.F.);
#1379=ORIENTED_EDGE('',*,*,#2461,.F.);
#1380=ORIENTED_EDGE('',*,*,#2318,.T.);
#1381=ORIENTED_EDGE('',*,*,#2342,.F.);
#1382=ORIENTED_EDGE('',*,*,#2518,.T.);
#1383=ORIENTED_EDGE('',*,*,#2185,.T.);
#1384=ORIENTED_EDGE('',*,*,#2186,.F.);
#1385=ORIENTED_EDGE('',*,*,#2524,.F.);
#1386=ORIENTED_EDGE('',*,*,#2519,.T.);
#1387=ORIENTED_EDGE('',*,*,#2523,.T.);
#1388=ORIENTED_EDGE('',*,*,#2522,.F.);
#1389=ORIENTED_EDGE('',*,*,#2520,.F.);
#1390=ORIENTED_EDGE('',*,*,#2521,.T.);
#1391=ORIENTED_EDGE('',*,*,#2524,.T.);
#1392=ORIENTED_EDGE('',*,*,#2187,.F.);
#1393=ORIENTED_EDGE('',*,*,#2523,.F.);
#1394=ORIENTED_EDGE('',*,*,#2534,.T.);
#1395=ORIENTED_EDGE('',*,*,#2183,.T.);
#1396=ORIENTED_EDGE('',*,*,#2182,.T.);
#1397=ORIENTED_EDGE('',*,*,#2528,.F.);
#1398=ORIENTED_EDGE('',*,*,#2530,.T.);
#1399=ORIENTED_EDGE('',*,*,#2532,.T.);
#1400=ORIENTED_EDGE('',*,*,#2533,.F.);
#1401=ORIENTED_EDGE('',*,*,#2529,.F.);
#1402=ORIENTED_EDGE('',*,*,#2533,.T.);
#1403=ORIENTED_EDGE('',*,*,#2184,.T.);
#1404=ORIENTED_EDGE('',*,*,#2534,.F.);
#1405=ORIENTED_EDGE('',*,*,#2531,.F.);
#1406=ORIENTED_EDGE('',*,*,#2529,.T.);
#1407=ORIENTED_EDGE('',*,*,#2531,.T.);
#1408=ORIENTED_EDGE('',*,*,#2528,.T.);
#1409=ORIENTED_EDGE('',*,*,#2439,.F.);
#1410=ORIENTED_EDGE('',*,*,#2518,.F.);
#1411=ORIENTED_EDGE('',*,*,#2521,.F.);
#1412=ORIENTED_EDGE('',*,*,#2519,.F.);
#1413=ORIENTED_EDGE('',*,*,#2525,.T.);
#1414=ORIENTED_EDGE('',*,*,#2525,.F.);
#1415=ORIENTED_EDGE('',*,*,#2520,.T.);
#1416=ORIENTED_EDGE('',*,*,#2526,.T.);
#1417=ORIENTED_EDGE('',*,*,#2530,.F.);
#1418=ORIENTED_EDGE('',*,*,#2516,.F.);
#1419=ORIENTED_EDGE('',*,*,#2512,.T.);
#1420=ORIENTED_EDGE('',*,*,#2190,.T.);
#1421=ORIENTED_EDGE('',*,*,#2189,.T.);
#1422=ORIENTED_EDGE('',*,*,#2440,.T.);
#1423=ORIENTED_EDGE('',*,*,#2237,.T.);
#1424=ORIENTED_EDGE('',*,*,#2280,.F.);
#1425=ORIENTED_EDGE('',*,*,#2193,.F.);
#1426=ORIENTED_EDGE('',*,*,#2441,.T.);
#1427=ORIENTED_EDGE('',*,*,#2498,.F.);
#1428=ORIENTED_EDGE('',*,*,#2499,.F.);
#1429=ORIENTED_EDGE('',*,*,#2504,.F.);
#1430=ORIENTED_EDGE('',*,*,#2526,.F.);
#1431=ORIENTED_EDGE('',*,*,#2522,.T.);
#1432=ORIENTED_EDGE('',*,*,#2187,.T.);
#1433=ORIENTED_EDGE('',*,*,#2186,.T.);
#1434=ORIENTED_EDGE('',*,*,#2442,.T.);
#1435=ORIENTED_EDGE('',*,*,#2196,.T.);
#1436=ORIENTED_EDGE('',*,*,#2279,.F.);
#1437=ORIENTED_EDGE('',*,*,#2240,.F.);
#1438=ORIENTED_EDGE('',*,*,#2443,.T.);
#1439=ORIENTED_EDGE('',*,*,#2183,.F.);
#1440=ORIENTED_EDGE('',*,*,#2184,.F.);
#1441=ORIENTED_EDGE('',*,*,#2532,.F.);
#1442=ORIENTED_EDGE('',*,*,#2178,.T.);
#1443=ORIENTED_EDGE('',*,*,#2457,.F.);
#1444=ORIENTED_EDGE('',*,*,#2224,.T.);
#1445=ORIENTED_EDGE('',*,*,#2458,.T.);
#1446=ORIENTED_EDGE('',*,*,#2180,.T.);
#1447=ORIENTED_EDGE('',*,*,#2537,.T.);
#1448=ORIENTED_EDGE('',*,*,#2229,.T.);
#1449=ORIENTED_EDGE('',*,*,#2536,.F.);
#1450=ORIENTED_EDGE('',*,*,#2181,.T.);
#1451=ORIENTED_EDGE('',*,*,#2458,.F.);
#1452=ORIENTED_EDGE('',*,*,#2227,.F.);
#1453=ORIENTED_EDGE('',*,*,#2233,.F.);
#1454=ORIENTED_EDGE('',*,*,#2217,.F.);
#1455=ORIENTED_EDGE('',*,*,#2212,.F.);
#1456=ORIENTED_EDGE('',*,*,#2203,.F.);
#1457=ORIENTED_EDGE('',*,*,#2205,.F.);
#1458=ORIENTED_EDGE('',*,*,#2209,.F.);
#1459=ORIENTED_EDGE('',*,*,#2219,.F.);
#1460=ORIENTED_EDGE('',*,*,#2222,.F.);
#1461=ORIENTED_EDGE('',*,*,#2234,.F.);
#1462=ORIENTED_EDGE('',*,*,#2232,.F.);
#1463=ORIENTED_EDGE('',*,*,#2537,.F.);
#1464=ORIENTED_EDGE('',*,*,#2540,.T.);
#1465=ORIENTED_EDGE('',*,*,#2542,.T.);
#1466=ORIENTED_EDGE('',*,*,#2276,.T.);
#1467=ORIENTED_EDGE('',*,*,#2278,.T.);
#1468=ORIENTED_EDGE('',*,*,#2266,.T.);
#1469=ORIENTED_EDGE('',*,*,#2263,.T.);
#1470=ORIENTED_EDGE('',*,*,#2253,.T.);
#1471=ORIENTED_EDGE('',*,*,#2249,.T.);
#1472=ORIENTED_EDGE('',*,*,#2247,.T.);
#1473=ORIENTED_EDGE('',*,*,#2256,.T.);
#1474=ORIENTED_EDGE('',*,*,#2261,.T.);
#1475=ORIENTED_EDGE('',*,*,#2277,.T.);
#1476=ORIENTED_EDGE('',*,*,#2271,.T.);
#1477=ORIENTED_EDGE('',*,*,#2545,.T.);
#1478=ORIENTED_EDGE('',*,*,#2541,.F.);
#1479=ORIENTED_EDGE('',*,*,#2539,.F.);
#1480=ORIENTED_EDGE('',*,*,#2540,.F.);
#1481=ORIENTED_EDGE('',*,*,#2538,.F.);
#1482=ORIENTED_EDGE('',*,*,#2544,.F.);
#1483=ORIENTED_EDGE('',*,*,#2270,.F.);
#1484=ORIENTED_EDGE('',*,*,#2255,.F.);
#1485=ORIENTED_EDGE('',*,*,#2235,.F.);
#1486=ORIENTED_EDGE('',*,*,#2440,.F.);
#1487=ORIENTED_EDGE('',*,*,#2188,.F.);
#1488=ORIENTED_EDGE('',*,*,#2438,.F.);
#1489=ORIENTED_EDGE('',*,*,#2437,.F.);
#1490=ORIENTED_EDGE('',*,*,#2441,.F.);
#1491=ORIENTED_EDGE('',*,*,#2191,.T.);
#1492=ORIENTED_EDGE('',*,*,#2211,.T.);
#1493=ORIENTED_EDGE('',*,*,#2226,.T.);
#1494=ORIENTED_EDGE('',*,*,#2457,.T.);
#1495=ORIENTED_EDGE('',*,*,#2179,.T.);
#1496=ORIENTED_EDGE('',*,*,#2536,.T.);
#1497=ORIENTED_EDGE('',*,*,#2231,.T.);
#1498=ORIENTED_EDGE('',*,*,#2228,.T.);
#1499=ORIENTED_EDGE('',*,*,#2195,.T.);
#1500=ORIENTED_EDGE('',*,*,#2442,.F.);
#1501=ORIENTED_EDGE('',*,*,#2185,.F.);
#1502=ORIENTED_EDGE('',*,*,#2439,.T.);
#1503=ORIENTED_EDGE('',*,*,#2182,.F.);
#1504=ORIENTED_EDGE('',*,*,#2443,.F.);
#1505=ORIENTED_EDGE('',*,*,#2239,.F.);
#1506=ORIENTED_EDGE('',*,*,#2272,.F.);
#1507=ORIENTED_EDGE('',*,*,#2275,.F.);
#1508=ORIENTED_EDGE('',*,*,#2543,.F.);
#1509=ORIENTED_EDGE('',*,*,#2541,.T.);
#1510=ORIENTED_EDGE('',*,*,#2539,.T.);
#1511=ORIENTED_EDGE('',*,*,#2543,.T.);
#1512=ORIENTED_EDGE('',*,*,#2273,.F.);
#1513=ORIENTED_EDGE('',*,*,#2542,.F.);
#1514=ORIENTED_EDGE('',*,*,#2538,.T.);
#1515=ORIENTED_EDGE('',*,*,#2545,.F.);
#1516=ORIENTED_EDGE('',*,*,#2268,.F.);
#1517=ORIENTED_EDGE('',*,*,#2544,.T.);
#1518=ORIENTED_EDGE('',*,*,#2606,.T.);
#1519=ORIENTED_EDGE('',*,*,#2604,.T.);
#1520=ORIENTED_EDGE('',*,*,#2602,.T.);
#1521=ORIENTED_EDGE('',*,*,#2575,.T.);
#1522=ORIENTED_EDGE('',*,*,#2576,.T.);
#1523=ORIENTED_EDGE('',*,*,#2586,.T.);
#1524=ORIENTED_EDGE('',*,*,#2598,.T.);
#1525=ORIENTED_EDGE('',*,*,#2594,.T.);
#1526=ORIENTED_EDGE('',*,*,#2554,.T.);
#1527=ORIENTED_EDGE('',*,*,#2592,.T.);
#1528=ORIENTED_EDGE('',*,*,#2588,.T.);
#1529=ORIENTED_EDGE('',*,*,#2555,.T.);
#1530=ORIENTED_EDGE('',*,*,#2553,.T.);
#1531=ORIENTED_EDGE('',*,*,#2584,.T.);
#1532=ORIENTED_EDGE('',*,*,#2580,.T.);
#1533=ORIENTED_EDGE('',*,*,#2571,.T.);
#1534=ORIENTED_EDGE('',*,*,#2572,.T.);
#1535=ORIENTED_EDGE('',*,*,#2573,.T.);
#1536=ORIENTED_EDGE('',*,*,#2574,.T.);
#1537=ORIENTED_EDGE('',*,*,#2608,.T.);
#1538=ORIENTED_EDGE('',*,*,#2601,.F.);
#1539=ORIENTED_EDGE('',*,*,#2605,.T.);
#1540=ORIENTED_EDGE('',*,*,#2603,.F.);
#1541=ORIENTED_EDGE('',*,*,#2604,.F.);
#1542=ORIENTED_EDGE('',*,*,#2549,.T.);
#1543=ORIENTED_EDGE('',*,*,#2553,.F.);
#1544=ORIENTED_EDGE('',*,*,#2550,.F.);
#1545=ORIENTED_EDGE('',*,*,#2546,.F.);
#1546=ORIENTED_EDGE('',*,*,#2552,.T.);
#1547=ORIENTED_EDGE('',*,*,#2588,.F.);
#1548=ORIENTED_EDGE('',*,*,#2590,.T.);
#1549=ORIENTED_EDGE('',*,*,#2547,.F.);
#1550=ORIENTED_EDGE('',*,*,#2550,.T.);
#1551=ORIENTED_EDGE('',*,*,#2555,.F.);
#1552=ORIENTED_EDGE('',*,*,#2552,.F.);
#1553=ORIENTED_EDGE('',*,*,#2577,.F.);
#1554=ORIENTED_EDGE('',*,*,#2564,.T.);
#1555=ORIENTED_EDGE('',*,*,#2580,.F.);
#1556=ORIENTED_EDGE('',*,*,#2581,.T.);
#1557=ORIENTED_EDGE('',*,*,#2578,.F.);
#1558=ORIENTED_EDGE('',*,*,#2565,.T.);
#1559=ORIENTED_EDGE('',*,*,#2571,.F.);
#1560=ORIENTED_EDGE('',*,*,#2564,.F.);
#1561=ORIENTED_EDGE('',*,*,#2579,.F.);
#1562=ORIENTED_EDGE('',*,*,#2566,.T.);
#1563=ORIENTED_EDGE('',*,*,#2572,.F.);
#1564=ORIENTED_EDGE('',*,*,#2565,.F.);
#1565=ORIENTED_EDGE('',*,*,#2548,.F.);
#1566=ORIENTED_EDGE('',*,*,#2567,.T.);
#1567=ORIENTED_EDGE('',*,*,#2573,.F.);
#1568=ORIENTED_EDGE('',*,*,#2566,.F.);
#1569=ORIENTED_EDGE('',*,*,#2556,.F.);
#1570=ORIENTED_EDGE('',*,*,#2599,.T.);
#1571=ORIENTED_EDGE('',*,*,#2601,.T.);
#1572=ORIENTED_EDGE('',*,*,#2606,.F.);
#1573=ORIENTED_EDGE('',*,*,#2607,.T.);
#1574=ORIENTED_EDGE('',*,*,#2582,.F.);
#1575=ORIENTED_EDGE('',*,*,#2568,.T.);
#1576=ORIENTED_EDGE('',*,*,#2602,.F.);
#1577=ORIENTED_EDGE('',*,*,#2603,.T.);
#1578=ORIENTED_EDGE('',*,*,#2600,.T.);
#1579=ORIENTED_EDGE('',*,*,#2583,.F.);
#1580=ORIENTED_EDGE('',*,*,#2569,.T.);
#1581=ORIENTED_EDGE('',*,*,#2575,.F.);
#1582=ORIENTED_EDGE('',*,*,#2568,.F.);
#1583=ORIENTED_EDGE('',*,*,#2557,.F.);
#1584=ORIENTED_EDGE('',*,*,#2570,.T.);
#1585=ORIENTED_EDGE('',*,*,#2576,.F.);
#1586=ORIENTED_EDGE('',*,*,#2569,.F.);
#1587=ORIENTED_EDGE('',*,*,#2585,.F.);
#1588=ORIENTED_EDGE('',*,*,#2581,.F.);
#1589=ORIENTED_EDGE('',*,*,#2584,.F.);
#1590=ORIENTED_EDGE('',*,*,#2549,.F.);
#1591=ORIENTED_EDGE('',*,*,#2558,.F.);
#1592=ORIENTED_EDGE('',*,*,#2595,.T.);
#1593=ORIENTED_EDGE('',*,*,#2586,.F.);
#1594=ORIENTED_EDGE('',*,*,#2570,.F.);
#1595=ORIENTED_EDGE('',*,*,#2587,.F.);
#1596=ORIENTED_EDGE('',*,*,#2589,.F.);
#1597=ORIENTED_EDGE('',*,*,#2554,.F.);
#1598=ORIENTED_EDGE('',*,*,#2551,.F.);
#1599=ORIENTED_EDGE('',*,*,#2559,.F.);
#1600=ORIENTED_EDGE('',*,*,#2590,.F.);
#1601=ORIENTED_EDGE('',*,*,#2592,.F.);
#1602=ORIENTED_EDGE('',*,*,#2589,.T.);
#1603=ORIENTED_EDGE('',*,*,#2560,.F.);
#1604=ORIENTED_EDGE('',*,*,#2551,.T.);
#1605=ORIENTED_EDGE('',*,*,#2594,.F.);
#1606=ORIENTED_EDGE('',*,*,#2597,.F.);
#1607=ORIENTED_EDGE('',*,*,#2561,.F.);
#1608=ORIENTED_EDGE('',*,*,#2597,.T.);
#1609=ORIENTED_EDGE('',*,*,#2598,.F.);
#1610=ORIENTED_EDGE('',*,*,#2595,.F.);
#1611=ORIENTED_EDGE('',*,*,#2591,.F.);
#1612=ORIENTED_EDGE('',*,*,#2562,.T.);
#1613=ORIENTED_EDGE('',*,*,#2600,.F.);
#1614=ORIENTED_EDGE('',*,*,#2605,.F.);
#1615=ORIENTED_EDGE('',*,*,#2599,.F.);
#1616=ORIENTED_EDGE('',*,*,#2596,.F.);
#1617=ORIENTED_EDGE('',*,*,#2574,.F.);
#1618=ORIENTED_EDGE('',*,*,#2567,.F.);
#1619=ORIENTED_EDGE('',*,*,#2593,.F.);
#1620=ORIENTED_EDGE('',*,*,#2607,.F.);
#1621=ORIENTED_EDGE('',*,*,#2608,.F.);
#1622=ORIENTED_EDGE('',*,*,#2596,.T.);
#1623=ORIENTED_EDGE('',*,*,#2563,.F.);
#1624=ORIENTED_EDGE('',*,*,#2651,.F.);
#1625=ORIENTED_EDGE('',*,*,#2626,.F.);
#1626=ORIENTED_EDGE('',*,*,#2625,.F.);
#1627=ORIENTED_EDGE('',*,*,#2624,.F.);
#1628=ORIENTED_EDGE('',*,*,#2623,.F.);
#1629=ORIENTED_EDGE('',*,*,#2629,.F.);
#1630=ORIENTED_EDGE('',*,*,#2631,.F.);
#1631=ORIENTED_EDGE('',*,*,#2613,.F.);
#1632=ORIENTED_EDGE('',*,*,#2615,.F.);
#1633=ORIENTED_EDGE('',*,*,#2633,.F.);
#1634=ORIENTED_EDGE('',*,*,#2636,.F.);
#1635=ORIENTED_EDGE('',*,*,#2614,.F.);
#1636=ORIENTED_EDGE('',*,*,#2637,.F.);
#1637=ORIENTED_EDGE('',*,*,#2641,.F.);
#1638=ORIENTED_EDGE('',*,*,#2632,.F.);
#1639=ORIENTED_EDGE('',*,*,#2628,.F.);
#1640=ORIENTED_EDGE('',*,*,#2627,.F.);
#1641=ORIENTED_EDGE('',*,*,#2645,.F.);
#1642=ORIENTED_EDGE('',*,*,#2647,.F.);
#1643=ORIENTED_EDGE('',*,*,#2649,.F.);
#1644=ORIENTED_EDGE('',*,*,#2647,.T.);
#1645=ORIENTED_EDGE('',*,*,#2646,.T.);
#1646=ORIENTED_EDGE('',*,*,#2648,.F.);
#1647=ORIENTED_EDGE('',*,*,#2644,.T.);
#1648=ORIENTED_EDGE('',*,*,#2546,.T.);
#1649=ORIENTED_EDGE('',*,*,#2610,.T.);
#1650=ORIENTED_EDGE('',*,*,#2613,.T.);
#1651=ORIENTED_EDGE('',*,*,#2609,.F.);
#1652=ORIENTED_EDGE('',*,*,#2547,.T.);
#1653=ORIENTED_EDGE('',*,*,#2635,.F.);
#1654=ORIENTED_EDGE('',*,*,#2633,.T.);
#1655=ORIENTED_EDGE('',*,*,#2612,.F.);
#1656=ORIENTED_EDGE('',*,*,#2577,.T.);
#1657=ORIENTED_EDGE('',*,*,#2612,.T.);
#1658=ORIENTED_EDGE('',*,*,#2615,.T.);
#1659=ORIENTED_EDGE('',*,*,#2610,.F.);
#1660=ORIENTED_EDGE('',*,*,#2578,.T.);
#1661=ORIENTED_EDGE('',*,*,#2630,.F.);
#1662=ORIENTED_EDGE('',*,*,#2629,.T.);
#1663=ORIENTED_EDGE('',*,*,#2616,.F.);
#1664=ORIENTED_EDGE('',*,*,#2579,.T.);
#1665=ORIENTED_EDGE('',*,*,#2616,.T.);
#1666=ORIENTED_EDGE('',*,*,#2623,.T.);
#1667=ORIENTED_EDGE('',*,*,#2617,.F.);
#1668=ORIENTED_EDGE('',*,*,#2548,.T.);
#1669=ORIENTED_EDGE('',*,*,#2617,.T.);
#1670=ORIENTED_EDGE('',*,*,#2624,.T.);
#1671=ORIENTED_EDGE('',*,*,#2618,.F.);
#1672=ORIENTED_EDGE('',*,*,#2556,.T.);
#1673=ORIENTED_EDGE('',*,*,#2618,.T.);
#1674=ORIENTED_EDGE('',*,*,#2625,.T.);
#1675=ORIENTED_EDGE('',*,*,#2619,.F.);
#1676=ORIENTED_EDGE('',*,*,#2582,.T.);
#1677=ORIENTED_EDGE('',*,*,#2650,.F.);
#1678=ORIENTED_EDGE('',*,*,#2649,.T.);
#1679=ORIENTED_EDGE('',*,*,#2644,.F.);
#1680=ORIENTED_EDGE('',*,*,#2642,.F.);
#1681=ORIENTED_EDGE('',*,*,#2583,.T.);
#1682=ORIENTED_EDGE('',*,*,#2643,.F.);
#1683=ORIENTED_EDGE('',*,*,#2646,.F.);
#1684=ORIENTED_EDGE('',*,*,#2645,.T.);
#1685=ORIENTED_EDGE('',*,*,#2620,.F.);
#1686=ORIENTED_EDGE('',*,*,#2557,.T.);
#1687=ORIENTED_EDGE('',*,*,#2620,.T.);
#1688=ORIENTED_EDGE('',*,*,#2627,.T.);
#1689=ORIENTED_EDGE('',*,*,#2621,.F.);
#1690=ORIENTED_EDGE('',*,*,#2585,.T.);
#1691=ORIENTED_EDGE('',*,*,#2621,.T.);
#1692=ORIENTED_EDGE('',*,*,#2628,.T.);
#1693=ORIENTED_EDGE('',*,*,#2622,.F.);
#1694=ORIENTED_EDGE('',*,*,#2558,.T.);
#1695=ORIENTED_EDGE('',*,*,#2609,.T.);
#1696=ORIENTED_EDGE('',*,*,#2631,.T.);
#1697=ORIENTED_EDGE('',*,*,#2630,.T.);
#1698=ORIENTED_EDGE('',*,*,#2587,.T.);
#1699=ORIENTED_EDGE('',*,*,#2622,.T.);
#1700=ORIENTED_EDGE('',*,*,#2632,.T.);
#1701=ORIENTED_EDGE('',*,*,#2638,.F.);
#1702=ORIENTED_EDGE('',*,*,#2559,.T.);
#1703=ORIENTED_EDGE('',*,*,#2611,.T.);
#1704=ORIENTED_EDGE('',*,*,#2614,.T.);
#1705=ORIENTED_EDGE('',*,*,#2634,.T.);
#1706=ORIENTED_EDGE('',*,*,#2560,.T.);
#1707=ORIENTED_EDGE('',*,*,#2634,.F.);
#1708=ORIENTED_EDGE('',*,*,#2636,.T.);
#1709=ORIENTED_EDGE('',*,*,#2635,.T.);
#1710=ORIENTED_EDGE('',*,*,#2561,.T.);
#1711=ORIENTED_EDGE('',*,*,#2640,.T.);
#1712=ORIENTED_EDGE('',*,*,#2637,.T.);
#1713=ORIENTED_EDGE('',*,*,#2611,.F.);
#1714=ORIENTED_EDGE('',*,*,#2591,.T.);
#1715=ORIENTED_EDGE('',*,*,#2638,.T.);
#1716=ORIENTED_EDGE('',*,*,#2641,.T.);
#1717=ORIENTED_EDGE('',*,*,#2640,.F.);
#1718=ORIENTED_EDGE('',*,*,#2642,.T.);
#1719=ORIENTED_EDGE('',*,*,#2648,.T.);
#1720=ORIENTED_EDGE('',*,*,#2643,.T.);
#1721=ORIENTED_EDGE('',*,*,#2562,.F.);
#1722=ORIENTED_EDGE('',*,*,#2593,.T.);
#1723=ORIENTED_EDGE('',*,*,#2619,.T.);
#1724=ORIENTED_EDGE('',*,*,#2626,.T.);
#1725=ORIENTED_EDGE('',*,*,#2639,.T.);
#1726=ORIENTED_EDGE('',*,*,#2563,.T.);
#1727=ORIENTED_EDGE('',*,*,#2639,.F.);
#1728=ORIENTED_EDGE('',*,*,#2651,.T.);
#1729=ORIENTED_EDGE('',*,*,#2650,.T.);
#1730=ORIENTED_EDGE('',*,*,#2850,.T.);
#1731=ORIENTED_EDGE('',*,*,#2652,.F.);
#1732=ORIENTED_EDGE('',*,*,#2836,.T.);
#1733=ORIENTED_EDGE('',*,*,#2861,.F.);
#1734=ORIENTED_EDGE('',*,*,#2861,.T.);
#1735=ORIENTED_EDGE('',*,*,#2838,.F.);
#1736=ORIENTED_EDGE('',*,*,#2839,.F.);
#1737=ORIENTED_EDGE('',*,*,#2837,.F.);
#1738=ORIENTED_EDGE('',*,*,#2860,.F.);
#1739=ORIENTED_EDGE('',*,*,#2852,.F.);
#1740=ORIENTED_EDGE('',*,*,#2851,.F.);
#1741=ORIENTED_EDGE('',*,*,#2853,.F.);
#1742=ORIENTED_EDGE('',*,*,#2854,.T.);
#1743=ORIENTED_EDGE('',*,*,#2847,.F.);
#1744=ORIENTED_EDGE('',*,*,#2840,.T.);
#1745=ORIENTED_EDGE('',*,*,#2655,.T.);
#1746=ORIENTED_EDGE('',*,*,#2855,.F.);
#1747=ORIENTED_EDGE('',*,*,#2856,.F.);
#1748=ORIENTED_EDGE('',*,*,#2846,.F.);
#1749=ORIENTED_EDGE('',*,*,#2841,.F.);
#1750=ORIENTED_EDGE('',*,*,#2843,.F.);
#1751=ORIENTED_EDGE('',*,*,#2842,.F.);
#1752=ORIENTED_EDGE('',*,*,#2847,.T.);
#1753=ORIENTED_EDGE('',*,*,#2857,.F.);
#1754=ORIENTED_EDGE('',*,*,#2663,.F.);
#1755=ORIENTED_EDGE('',*,*,#2662,.F.);
#1756=ORIENTED_EDGE('',*,*,#2661,.F.);
#1757=ORIENTED_EDGE('',*,*,#2660,.F.);
#1758=ORIENTED_EDGE('',*,*,#2659,.F.);
#1759=ORIENTED_EDGE('',*,*,#2658,.F.);
#1760=ORIENTED_EDGE('',*,*,#2721,.F.);
#1761=ORIENTED_EDGE('',*,*,#2688,.T.);
#1762=ORIENTED_EDGE('',*,*,#2691,.F.);
#1763=ORIENTED_EDGE('',*,*,#2687,.F.);
#1764=ORIENTED_EDGE('',*,*,#2722,.F.);
#1765=ORIENTED_EDGE('',*,*,#2690,.T.);
#1766=ORIENTED_EDGE('',*,*,#2693,.F.);
#1767=ORIENTED_EDGE('',*,*,#2689,.F.);
#1768=ORIENTED_EDGE('',*,*,#2708,.F.);
#1769=ORIENTED_EDGE('',*,*,#2707,.T.);
#1770=ORIENTED_EDGE('',*,*,#2709,.T.);
#1771=ORIENTED_EDGE('',*,*,#2704,.F.);
#1772=ORIENTED_EDGE('',*,*,#2710,.T.);
#1773=ORIENTED_EDGE('',*,*,#2706,.T.);
#1774=ORIENTED_EDGE('',*,*,#2711,.F.);
#1775=ORIENTED_EDGE('',*,*,#2705,.F.);
#1776=ORIENTED_EDGE('',*,*,#2658,.T.);
#1777=ORIENTED_EDGE('',*,*,#2712,.F.);
#1778=ORIENTED_EDGE('',*,*,#2706,.F.);
#1779=ORIENTED_EDGE('',*,*,#2701,.T.);
#1780=ORIENTED_EDGE('',*,*,#2697,.F.);
#1781=ORIENTED_EDGE('',*,*,#2713,.T.);
#1782=ORIENTED_EDGE('',*,*,#2660,.T.);
#1783=ORIENTED_EDGE('',*,*,#2714,.F.);
#1784=ORIENTED_EDGE('',*,*,#2696,.F.);
#1785=ORIENTED_EDGE('',*,*,#2698,.T.);
#1786=ORIENTED_EDGE('',*,*,#2707,.F.);
#1787=ORIENTED_EDGE('',*,*,#2715,.F.);
#1788=ORIENTED_EDGE('',*,*,#2721,.T.);
#1789=ORIENTED_EDGE('',*,*,#2667,.F.);
#1790=ORIENTED_EDGE('',*,*,#2664,.T.);
#1791=ORIENTED_EDGE('',*,*,#2668,.T.);
#1792=ORIENTED_EDGE('',*,*,#2722,.T.);
#1793=ORIENTED_EDGE('',*,*,#2669,.F.);
#1794=ORIENTED_EDGE('',*,*,#2665,.T.);
#1795=ORIENTED_EDGE('',*,*,#2670,.T.);
#1796=ORIENTED_EDGE('',*,*,#2689,.T.);
#1797=ORIENTED_EDGE('',*,*,#2702,.F.);
#1798=ORIENTED_EDGE('',*,*,#2711,.T.);
#1799=ORIENTED_EDGE('',*,*,#2712,.T.);
#1800=ORIENTED_EDGE('',*,*,#2659,.T.);
#1801=ORIENTED_EDGE('',*,*,#2715,.T.);
#1802=ORIENTED_EDGE('',*,*,#2708,.T.);
#1803=ORIENTED_EDGE('',*,*,#2692,.F.);
#1804=ORIENTED_EDGE('',*,*,#2688,.F.);
#1805=ORIENTED_EDGE('',*,*,#2668,.F.);
#1806=ORIENTED_EDGE('',*,*,#2666,.T.);
#1807=ORIENTED_EDGE('',*,*,#2669,.T.);
#1808=ORIENTED_EDGE('',*,*,#2703,.F.);
#1809=ORIENTED_EDGE('',*,*,#2709,.F.);
#1810=ORIENTED_EDGE('',*,*,#2698,.F.);
#1811=ORIENTED_EDGE('',*,*,#2694,.F.);
#1812=ORIENTED_EDGE('',*,*,#2814,.F.);
#1813=ORIENTED_EDGE('',*,*,#2674,.T.);
#1814=ORIENTED_EDGE('',*,*,#2673,.F.);
#1815=ORIENTED_EDGE('',*,*,#2671,.F.);
#1816=ORIENTED_EDGE('',*,*,#2672,.F.);
#1817=ORIENTED_EDGE('',*,*,#2677,.T.);
#1818=ORIENTED_EDGE('',*,*,#2671,.T.);
#1819=ORIENTED_EDGE('',*,*,#2676,.T.);
#1820=ORIENTED_EDGE('',*,*,#2680,.F.);
#1821=ORIENTED_EDGE('',*,*,#2681,.F.);
#1822=ORIENTED_EDGE('',*,*,#2678,.T.);
#1823=ORIENTED_EDGE('',*,*,#2663,.T.);
#1824=ORIENTED_EDGE('',*,*,#2713,.F.);
#1825=ORIENTED_EDGE('',*,*,#2675,.F.);
#1826=ORIENTED_EDGE('',*,*,#2672,.T.);
#1827=ORIENTED_EDGE('',*,*,#2677,.F.);
#1828=ORIENTED_EDGE('',*,*,#2682,.F.);
#1829=ORIENTED_EDGE('',*,*,#2676,.F.);
#1830=ORIENTED_EDGE('',*,*,#2673,.T.);
#1831=ORIENTED_EDGE('',*,*,#2700,.F.);
#1832=ORIENTED_EDGE('',*,*,#2714,.T.);
#1833=ORIENTED_EDGE('',*,*,#2661,.T.);
#1834=ORIENTED_EDGE('',*,*,#2716,.T.);
#1835=ORIENTED_EDGE('',*,*,#2815,.F.);
#1836=ORIENTED_EDGE('',*,*,#2717,.T.);
#1837=ORIENTED_EDGE('',*,*,#2694,.T.);
#1838=ORIENTED_EDGE('',*,*,#2696,.T.);
#1839=ORIENTED_EDGE('',*,*,#2700,.T.);
#1840=ORIENTED_EDGE('',*,*,#2674,.F.);
#1841=ORIENTED_EDGE('',*,*,#2675,.T.);
#1842=ORIENTED_EDGE('',*,*,#2697,.T.);
#1843=ORIENTED_EDGE('',*,*,#2699,.T.);
#1844=ORIENTED_EDGE('',*,*,#2695,.T.);
#1845=ORIENTED_EDGE('',*,*,#2816,.F.);
#1846=ORIENTED_EDGE('',*,*,#2683,.T.);
#1847=ORIENTED_EDGE('',*,*,#2679,.T.);
#1848=ORIENTED_EDGE('',*,*,#2716,.F.);
#1849=ORIENTED_EDGE('',*,*,#2662,.T.);
#1850=ORIENTED_EDGE('',*,*,#2678,.F.);
#1851=ORIENTED_EDGE('',*,*,#2680,.T.);
#1852=ORIENTED_EDGE('',*,*,#2682,.T.);
#1853=ORIENTED_EDGE('',*,*,#2679,.F.);
#1854=ORIENTED_EDGE('',*,*,#2681,.T.);
#1855=ORIENTED_EDGE('',*,*,#2699,.F.);
#1856=ORIENTED_EDGE('',*,*,#2701,.F.);
#1857=ORIENTED_EDGE('',*,*,#2710,.F.);
#1858=ORIENTED_EDGE('',*,*,#2834,.F.);
#1859=ORIENTED_EDGE('',*,*,#2817,.F.);
#1860=ORIENTED_EDGE('',*,*,#2683,.F.);
#1861=ORIENTED_EDGE('',*,*,#2684,.T.);
#1862=ORIENTED_EDGE('',*,*,#2718,.F.);
#1863=ORIENTED_EDGE('',*,*,#2720,.F.);
#1864=ORIENTED_EDGE('',*,*,#2816,.T.);
#1865=ORIENTED_EDGE('',*,*,#2685,.T.);
#1866=ORIENTED_EDGE('',*,*,#2723,.T.);
#1867=ORIENTED_EDGE('',*,*,#2684,.F.);
#1868=ORIENTED_EDGE('',*,*,#2815,.T.);
#1869=ORIENTED_EDGE('',*,*,#2720,.T.);
#1870=ORIENTED_EDGE('',*,*,#2719,.T.);
#1871=ORIENTED_EDGE('',*,*,#2686,.F.);
#1872=ORIENTED_EDGE('',*,*,#2724,.T.);
#1873=ORIENTED_EDGE('',*,*,#2725,.T.);
#1874=ORIENTED_EDGE('',*,*,#2726,.T.);
#1875=ORIENTED_EDGE('',*,*,#2727,.T.);
#1876=ORIENTED_EDGE('',*,*,#2728,.T.);
#1877=ORIENTED_EDGE('',*,*,#2729,.T.);
#1878=ORIENTED_EDGE('',*,*,#2753,.T.);
#1879=ORIENTED_EDGE('',*,*,#2757,.T.);
#1880=ORIENTED_EDGE('',*,*,#2754,.F.);
#1881=ORIENTED_EDGE('',*,*,#2787,.T.);
#1882=ORIENTED_EDGE('',*,*,#2755,.T.);
#1883=ORIENTED_EDGE('',*,*,#2759,.T.);
#1884=ORIENTED_EDGE('',*,*,#2756,.F.);
#1885=ORIENTED_EDGE('',*,*,#2788,.T.);
#1886=ORIENTED_EDGE('',*,*,#2770,.T.);
#1887=ORIENTED_EDGE('',*,*,#2775,.F.);
#1888=ORIENTED_EDGE('',*,*,#2773,.F.);
#1889=ORIENTED_EDGE('',*,*,#2774,.T.);
#1890=ORIENTED_EDGE('',*,*,#2771,.T.);
#1891=ORIENTED_EDGE('',*,*,#2777,.T.);
#1892=ORIENTED_EDGE('',*,*,#2772,.F.);
#1893=ORIENTED_EDGE('',*,*,#2776,.F.);
#1894=ORIENTED_EDGE('',*,*,#2779,.F.);
#1895=ORIENTED_EDGE('',*,*,#2763,.T.);
#1896=ORIENTED_EDGE('',*,*,#2767,.F.);
#1897=ORIENTED_EDGE('',*,*,#2772,.T.);
#1898=ORIENTED_EDGE('',*,*,#2778,.T.);
#1899=ORIENTED_EDGE('',*,*,#2724,.F.);
#1900=ORIENTED_EDGE('',*,*,#2781,.T.);
#1901=ORIENTED_EDGE('',*,*,#2773,.T.);
#1902=ORIENTED_EDGE('',*,*,#2764,.F.);
#1903=ORIENTED_EDGE('',*,*,#2762,.T.);
#1904=ORIENTED_EDGE('',*,*,#2780,.T.);
#1905=ORIENTED_EDGE('',*,*,#2726,.F.);
#1906=ORIENTED_EDGE('',*,*,#2734,.F.);
#1907=ORIENTED_EDGE('',*,*,#2730,.F.);
#1908=ORIENTED_EDGE('',*,*,#2733,.T.);
#1909=ORIENTED_EDGE('',*,*,#2787,.F.);
#1910=ORIENTED_EDGE('',*,*,#2736,.F.);
#1911=ORIENTED_EDGE('',*,*,#2731,.F.);
#1912=ORIENTED_EDGE('',*,*,#2735,.T.);
#1913=ORIENTED_EDGE('',*,*,#2788,.F.);
#1914=ORIENTED_EDGE('',*,*,#2735,.F.);
#1915=ORIENTED_EDGE('',*,*,#2732,.F.);
#1916=ORIENTED_EDGE('',*,*,#2734,.T.);
#1917=ORIENTED_EDGE('',*,*,#2754,.T.);
#1918=ORIENTED_EDGE('',*,*,#2758,.T.);
#1919=ORIENTED_EDGE('',*,*,#2774,.F.);
#1920=ORIENTED_EDGE('',*,*,#2781,.F.);
#1921=ORIENTED_EDGE('',*,*,#2725,.F.);
#1922=ORIENTED_EDGE('',*,*,#2778,.F.);
#1923=ORIENTED_EDGE('',*,*,#2777,.F.);
#1924=ORIENTED_EDGE('',*,*,#2768,.T.);
#1925=ORIENTED_EDGE('',*,*,#2755,.F.);
#1926=ORIENTED_EDGE('',*,*,#2818,.T.);
#1927=ORIENTED_EDGE('',*,*,#2760,.T.);
#1928=ORIENTED_EDGE('',*,*,#2764,.T.);
#1929=ORIENTED_EDGE('',*,*,#2775,.T.);
#1930=ORIENTED_EDGE('',*,*,#2769,.T.);
#1931=ORIENTED_EDGE('',*,*,#2738,.T.);
#1932=ORIENTED_EDGE('',*,*,#2737,.T.);
#1933=ORIENTED_EDGE('',*,*,#2739,.T.);
#1934=ORIENTED_EDGE('',*,*,#2740,.F.);
#1935=ORIENTED_EDGE('',*,*,#2746,.T.);
#1936=ORIENTED_EDGE('',*,*,#2742,.F.);
#1937=ORIENTED_EDGE('',*,*,#2737,.F.);
#1938=ORIENTED_EDGE('',*,*,#2743,.F.);
#1939=ORIENTED_EDGE('',*,*,#2743,.T.);
#1940=ORIENTED_EDGE('',*,*,#2738,.F.);
#1941=ORIENTED_EDGE('',*,*,#2741,.T.);
#1942=ORIENTED_EDGE('',*,*,#2779,.T.);
#1943=ORIENTED_EDGE('',*,*,#2729,.F.);
#1944=ORIENTED_EDGE('',*,*,#2744,.F.);
#1945=ORIENTED_EDGE('',*,*,#2747,.T.);
#1946=ORIENTED_EDGE('',*,*,#2782,.F.);
#1947=ORIENTED_EDGE('',*,*,#2727,.F.);
#1948=ORIENTED_EDGE('',*,*,#2780,.F.);
#1949=ORIENTED_EDGE('',*,*,#2766,.T.);
#1950=ORIENTED_EDGE('',*,*,#2739,.F.);
#1951=ORIENTED_EDGE('',*,*,#2742,.T.);
#1952=ORIENTED_EDGE('',*,*,#2748,.T.);
#1953=ORIENTED_EDGE('',*,*,#2749,.F.);
#1954=ORIENTED_EDGE('',*,*,#2819,.T.);
#1955=ORIENTED_EDGE('',*,*,#2761,.F.);
#1956=ORIENTED_EDGE('',*,*,#2765,.F.);
#1957=ORIENTED_EDGE('',*,*,#2763,.F.);
#1958=ORIENTED_EDGE('',*,*,#2741,.F.);
#1959=ORIENTED_EDGE('',*,*,#2740,.T.);
#1960=ORIENTED_EDGE('',*,*,#2766,.F.);
#1961=ORIENTED_EDGE('',*,*,#2762,.F.);
#1962=ORIENTED_EDGE('',*,*,#2760,.F.);
#1963=ORIENTED_EDGE('',*,*,#2783,.F.);
#1964=ORIENTED_EDGE('',*,*,#2820,.T.);
#1965=ORIENTED_EDGE('',*,*,#2744,.T.);
#1966=ORIENTED_EDGE('',*,*,#2728,.F.);
#1967=ORIENTED_EDGE('',*,*,#2782,.T.);
#1968=ORIENTED_EDGE('',*,*,#2745,.F.);
#1969=ORIENTED_EDGE('',*,*,#2747,.F.);
#1970=ORIENTED_EDGE('',*,*,#2745,.T.);
#1971=ORIENTED_EDGE('',*,*,#2748,.F.);
#1972=ORIENTED_EDGE('',*,*,#2746,.F.);
#1973=ORIENTED_EDGE('',*,*,#2821,.T.);
#1974=ORIENTED_EDGE('',*,*,#2835,.T.);
#1975=ORIENTED_EDGE('',*,*,#2776,.T.);
#1976=ORIENTED_EDGE('',*,*,#2767,.T.);
#1977=ORIENTED_EDGE('',*,*,#2765,.T.);
#1978=ORIENTED_EDGE('',*,*,#2786,.T.);
#1979=ORIENTED_EDGE('',*,*,#2784,.T.);
#1980=ORIENTED_EDGE('',*,*,#2750,.F.);
#1981=ORIENTED_EDGE('',*,*,#2749,.T.);
#1982=ORIENTED_EDGE('',*,*,#2750,.T.);
#1983=ORIENTED_EDGE('',*,*,#2789,.F.);
#1984=ORIENTED_EDGE('',*,*,#2751,.F.);
#1985=ORIENTED_EDGE('',*,*,#2819,.F.);
#1986=ORIENTED_EDGE('',*,*,#2752,.T.);
#1987=ORIENTED_EDGE('',*,*,#2785,.F.);
#1988=ORIENTED_EDGE('',*,*,#2786,.F.);
#1989=ORIENTED_EDGE('',*,*,#2820,.F.);
#1990=ORIENTED_EDGE('',*,*,#2791,.T.);
#1991=ORIENTED_EDGE('',*,*,#2665,.F.);
#1992=ORIENTED_EDGE('',*,*,#2666,.F.);
#1993=ORIENTED_EDGE('',*,*,#2664,.F.);
#1994=ORIENTED_EDGE('',*,*,#2790,.T.);
#1995=ORIENTED_EDGE('',*,*,#2730,.T.);
#1996=ORIENTED_EDGE('',*,*,#2732,.T.);
#1997=ORIENTED_EDGE('',*,*,#2731,.T.);
#1998=ORIENTED_EDGE('',*,*,#2860,.T.);
#1999=ORIENTED_EDGE('',*,*,#2844,.F.);
#2000=ORIENTED_EDGE('',*,*,#2870,.T.);
#2001=ORIENTED_EDGE('',*,*,#2753,.F.);
#2002=ORIENTED_EDGE('',*,*,#2733,.F.);
#2003=ORIENTED_EDGE('',*,*,#2790,.F.);
#2004=ORIENTED_EDGE('',*,*,#2667,.T.);
#2005=ORIENTED_EDGE('',*,*,#2687,.T.);
#2006=ORIENTED_EDGE('',*,*,#2872,.T.);
#2007=ORIENTED_EDGE('',*,*,#2858,.F.);
#2008=ORIENTED_EDGE('',*,*,#2874,.T.);
#2009=ORIENTED_EDGE('',*,*,#2690,.F.);
#2010=ORIENTED_EDGE('',*,*,#2670,.F.);
#2011=ORIENTED_EDGE('',*,*,#2791,.F.);
#2012=ORIENTED_EDGE('',*,*,#2736,.T.);
#2013=ORIENTED_EDGE('',*,*,#2756,.T.);
#2014=ORIENTED_EDGE('',*,*,#2867,.T.);
#2015=ORIENTED_EDGE('',*,*,#2845,.F.);
#2016=ORIENTED_EDGE('',*,*,#2846,.T.);
#2017=ORIENTED_EDGE('',*,*,#2859,.F.);
#2018=ORIENTED_EDGE('',*,*,#2866,.T.);
#2019=ORIENTED_EDGE('',*,*,#2805,.F.);
#2020=ORIENTED_EDGE('',*,*,#2804,.F.);
#2021=ORIENTED_EDGE('',*,*,#2803,.T.);
#2022=ORIENTED_EDGE('',*,*,#2875,.T.);
#2023=ORIENTED_EDGE('',*,*,#2655,.F.);
#2024=ORIENTED_EDGE('',*,*,#2871,.T.);
#2025=ORIENTED_EDGE('',*,*,#2652,.T.);
#2026=ORIENTED_EDGE('',*,*,#2873,.T.);
#2027=ORIENTED_EDGE('',*,*,#2793,.F.);
#2028=ORIENTED_EDGE('',*,*,#2792,.F.);
#2029=ORIENTED_EDGE('',*,*,#2794,.T.);
#2030=ORIENTED_EDGE('',*,*,#2828,.T.);
#2031=ORIENTED_EDGE('',*,*,#2796,.F.);
#2032=ORIENTED_EDGE('',*,*,#2795,.F.);
#2033=ORIENTED_EDGE('',*,*,#2793,.T.);
#2034=ORIENTED_EDGE('',*,*,#2829,.T.);
#2035=ORIENTED_EDGE('',*,*,#2798,.F.);
#2036=ORIENTED_EDGE('',*,*,#2797,.F.);
#2037=ORIENTED_EDGE('',*,*,#2796,.T.);
#2038=ORIENTED_EDGE('',*,*,#2869,.F.);
#2039=ORIENTED_EDGE('',*,*,#2798,.T.);
#2040=ORIENTED_EDGE('',*,*,#2830,.T.);
#2041=ORIENTED_EDGE('',*,*,#2814,.T.);
#2042=ORIENTED_EDGE('',*,*,#2717,.F.);
#2043=ORIENTED_EDGE('',*,*,#2686,.T.);
#2044=ORIENTED_EDGE('',*,*,#2685,.F.);
#2045=ORIENTED_EDGE('',*,*,#2695,.F.);
#2046=ORIENTED_EDGE('',*,*,#2817,.T.);
#2047=ORIENTED_EDGE('',*,*,#2822,.T.);
#2048=ORIENTED_EDGE('',*,*,#2799,.F.);
#2049=ORIENTED_EDGE('',*,*,#2865,.F.);
#2050=ORIENTED_EDGE('',*,*,#2823,.T.);
#2051=ORIENTED_EDGE('',*,*,#2801,.F.);
#2052=ORIENTED_EDGE('',*,*,#2800,.F.);
#2053=ORIENTED_EDGE('',*,*,#2799,.T.);
#2054=ORIENTED_EDGE('',*,*,#2824,.T.);
#2055=ORIENTED_EDGE('',*,*,#2803,.F.);
#2056=ORIENTED_EDGE('',*,*,#2802,.F.);
#2057=ORIENTED_EDGE('',*,*,#2801,.T.);
#2058=ORIENTED_EDGE('',*,*,#2825,.T.);
#2059=ORIENTED_EDGE('',*,*,#2807,.F.);
#2060=ORIENTED_EDGE('',*,*,#2806,.F.);
#2061=ORIENTED_EDGE('',*,*,#2805,.T.);
#2062=ORIENTED_EDGE('',*,*,#2826,.T.);
#2063=ORIENTED_EDGE('',*,*,#2809,.F.);
#2064=ORIENTED_EDGE('',*,*,#2808,.F.);
#2065=ORIENTED_EDGE('',*,*,#2807,.T.);
#2066=ORIENTED_EDGE('',*,*,#2761,.T.);
#2067=ORIENTED_EDGE('',*,*,#2751,.T.);
#2068=ORIENTED_EDGE('',*,*,#2864,.F.);
#2069=ORIENTED_EDGE('',*,*,#2809,.T.);
#2070=ORIENTED_EDGE('',*,*,#2827,.T.);
#2071=ORIENTED_EDGE('',*,*,#2821,.F.);
#2072=ORIENTED_EDGE('',*,*,#2818,.F.);
#2073=ORIENTED_EDGE('',*,*,#2831,.T.);
#2074=ORIENTED_EDGE('',*,*,#2810,.F.);
#2075=ORIENTED_EDGE('',*,*,#2868,.F.);
#2076=ORIENTED_EDGE('',*,*,#2752,.F.);
#2077=ORIENTED_EDGE('',*,*,#2783,.T.);
#2078=ORIENTED_EDGE('',*,*,#2832,.T.);
#2079=ORIENTED_EDGE('',*,*,#2812,.F.);
#2080=ORIENTED_EDGE('',*,*,#2811,.F.);
#2081=ORIENTED_EDGE('',*,*,#2810,.T.);
#2082=ORIENTED_EDGE('',*,*,#2833,.T.);
#2083=ORIENTED_EDGE('',*,*,#2794,.F.);
#2084=ORIENTED_EDGE('',*,*,#2813,.F.);
#2085=ORIENTED_EDGE('',*,*,#2812,.T.);
#2086=ORIENTED_EDGE('',*,*,#2837,.T.);
#2087=ORIENTED_EDGE('',*,*,#2848,.F.);
#2088=ORIENTED_EDGE('',*,*,#2838,.T.);
#2089=ORIENTED_EDGE('',*,*,#2836,.F.);
#2090=ORIENTED_EDGE('',*,*,#2653,.T.);
#2091=ORIENTED_EDGE('',*,*,#2844,.T.);
#2092=ORIENTED_EDGE('',*,*,#2842,.T.);
#2093=ORIENTED_EDGE('',*,*,#2849,.F.);
#2094=ORIENTED_EDGE('',*,*,#2841,.T.);
#2095=ORIENTED_EDGE('',*,*,#2845,.T.);
#2096=ORIENTED_EDGE('',*,*,#2656,.T.);
#2097=ORIENTED_EDGE('',*,*,#2840,.F.);
#2098=ORIENTED_EDGE('',*,*,#2839,.T.);
#2099=ORIENTED_EDGE('',*,*,#2848,.T.);
#2100=ORIENTED_EDGE('',*,*,#2843,.T.);
#2101=ORIENTED_EDGE('',*,*,#2849,.T.);
#2102=ORIENTED_EDGE('',*,*,#2855,.T.);
#2103=ORIENTED_EDGE('',*,*,#2863,.F.);
#2104=ORIENTED_EDGE('',*,*,#2851,.T.);
#2105=ORIENTED_EDGE('',*,*,#2862,.F.);
#2106=ORIENTED_EDGE('',*,*,#2853,.T.);
#2107=ORIENTED_EDGE('',*,*,#2862,.T.);
#2108=ORIENTED_EDGE('',*,*,#2852,.T.);
#2109=ORIENTED_EDGE('',*,*,#2858,.T.);
#2110=ORIENTED_EDGE('',*,*,#2654,.F.);
#2111=ORIENTED_EDGE('',*,*,#2850,.F.);
#2112=ORIENTED_EDGE('',*,*,#2857,.T.);
#2113=ORIENTED_EDGE('',*,*,#2854,.F.);
#2114=ORIENTED_EDGE('',*,*,#2657,.F.);
#2115=ORIENTED_EDGE('',*,*,#2859,.T.);
#2116=ORIENTED_EDGE('',*,*,#2856,.T.);
#2117=ORIENTED_EDGE('',*,*,#2863,.T.);
#2118=ORIENTED_EDGE('',*,*,#2656,.F.);
#2119=ORIENTED_EDGE('',*,*,#2867,.F.);
#2120=ORIENTED_EDGE('',*,*,#2759,.F.);
#2121=ORIENTED_EDGE('',*,*,#2768,.F.);
#2122=ORIENTED_EDGE('',*,*,#2771,.F.);
#2123=ORIENTED_EDGE('',*,*,#2835,.F.);
#2124=ORIENTED_EDGE('',*,*,#2827,.F.);
#2125=ORIENTED_EDGE('',*,*,#2826,.F.);
#2126=ORIENTED_EDGE('',*,*,#2825,.F.);
#2127=ORIENTED_EDGE('',*,*,#2866,.F.);
#2128=ORIENTED_EDGE('',*,*,#2868,.T.);
#2129=ORIENTED_EDGE('',*,*,#2811,.T.);
#2130=ORIENTED_EDGE('',*,*,#2813,.T.);
#2131=ORIENTED_EDGE('',*,*,#2792,.T.);
#2132=ORIENTED_EDGE('',*,*,#2795,.T.);
#2133=ORIENTED_EDGE('',*,*,#2797,.T.);
#2134=ORIENTED_EDGE('',*,*,#2869,.T.);
#2135=ORIENTED_EDGE('',*,*,#2719,.F.);
#2136=ORIENTED_EDGE('',*,*,#2718,.T.);
#2137=ORIENTED_EDGE('',*,*,#2723,.F.);
#2138=ORIENTED_EDGE('',*,*,#2865,.T.);
#2139=ORIENTED_EDGE('',*,*,#2800,.T.);
#2140=ORIENTED_EDGE('',*,*,#2802,.T.);
#2141=ORIENTED_EDGE('',*,*,#2804,.T.);
#2142=ORIENTED_EDGE('',*,*,#2806,.T.);
#2143=ORIENTED_EDGE('',*,*,#2808,.T.);
#2144=ORIENTED_EDGE('',*,*,#2864,.T.);
#2145=ORIENTED_EDGE('',*,*,#2789,.T.);
#2146=ORIENTED_EDGE('',*,*,#2784,.F.);
#2147=ORIENTED_EDGE('',*,*,#2785,.T.);
#2148=ORIENTED_EDGE('',*,*,#2653,.F.);
#2149=ORIENTED_EDGE('',*,*,#2871,.F.);
#2150=ORIENTED_EDGE('',*,*,#2833,.F.);
#2151=ORIENTED_EDGE('',*,*,#2832,.F.);
#2152=ORIENTED_EDGE('',*,*,#2831,.F.);
#2153=ORIENTED_EDGE('',*,*,#2769,.F.);
#2154=ORIENTED_EDGE('',*,*,#2770,.F.);
#2155=ORIENTED_EDGE('',*,*,#2758,.F.);
#2156=ORIENTED_EDGE('',*,*,#2757,.F.);
#2157=ORIENTED_EDGE('',*,*,#2870,.F.);
#2158=ORIENTED_EDGE('',*,*,#2691,.T.);
#2159=ORIENTED_EDGE('',*,*,#2692,.T.);
#2160=ORIENTED_EDGE('',*,*,#2704,.T.);
#2161=ORIENTED_EDGE('',*,*,#2703,.T.);
#2162=ORIENTED_EDGE('',*,*,#2830,.F.);
#2163=ORIENTED_EDGE('',*,*,#2829,.F.);
#2164=ORIENTED_EDGE('',*,*,#2828,.F.);
#2165=ORIENTED_EDGE('',*,*,#2873,.F.);
#2166=ORIENTED_EDGE('',*,*,#2654,.T.);
#2167=ORIENTED_EDGE('',*,*,#2872,.F.);
#2168=ORIENTED_EDGE('',*,*,#2657,.T.);
#2169=ORIENTED_EDGE('',*,*,#2875,.F.);
#2170=ORIENTED_EDGE('',*,*,#2824,.F.);
#2171=ORIENTED_EDGE('',*,*,#2823,.F.);
#2172=ORIENTED_EDGE('',*,*,#2822,.F.);
#2173=ORIENTED_EDGE('',*,*,#2834,.T.);
#2174=ORIENTED_EDGE('',*,*,#2705,.T.);
#2175=ORIENTED_EDGE('',*,*,#2702,.T.);
#2176=ORIENTED_EDGE('',*,*,#2693,.T.);
#2177=ORIENTED_EDGE('',*,*,#2874,.F.);
#2178=EDGE_CURVE('',#3574,#3575,#3093,.T.);
#2179=EDGE_CURVE('',#3575,#3576,#3094,.T.);
#2180=EDGE_CURVE('',#3576,#3577,#3095,.T.);
#2181=EDGE_CURVE('',#3577,#3574,#3096,.T.);
#2182=EDGE_CURVE('',#3578,#3809,#3097,.T.);
#2183=EDGE_CURVE('',#3580,#3578,#3098,.T.);
#2184=EDGE_CURVE('',#3579,#3580,#3099,.T.);
#2185=EDGE_CURVE('',#3804,#3581,#3100,.T.);
#2186=EDGE_CURVE('',#3583,#3581,#3101,.T.);
#2187=EDGE_CURVE('',#3582,#3583,#3102,.T.);
#2188=EDGE_CURVE('',#3799,#3584,#3103,.T.);
#2189=EDGE_CURVE('',#3586,#3584,#3104,.T.);
#2190=EDGE_CURVE('',#3585,#3586,#3105,.T.);
#2191=EDGE_CURVE('',#3587,#3588,#2876,.T.);
#2192=EDGE_CURVE('',#3588,#3591,#2877,.T.);
#2193=EDGE_CURVE('',#3587,#3592,#2878,.T.);
#2194=EDGE_CURVE('',#3589,#3594,#2879,.T.);
#2195=EDGE_CURVE('',#3589,#3590,#2880,.T.);
#2196=EDGE_CURVE('',#3590,#3593,#2881,.T.);
#2197=EDGE_CURVE('',#3591,#3592,#2882,.T.);
#2198=EDGE_CURVE('',#3593,#3594,#2883,.T.);
#2199=EDGE_CURVE('',#3594,#3607,#2884,.T.);
#2200=EDGE_CURVE('',#3596,#3602,#3106,.T.);
#2201=EDGE_CURVE('',#3596,#3595,#3107,.T.);
#2202=EDGE_CURVE('',#3597,#3598,#3108,.T.);
#2203=EDGE_CURVE('',#3595,#3598,#3109,.T.);
#2204=EDGE_CURVE('',#3596,#3597,#3110,.T.);
#2205=EDGE_CURVE('',#3599,#3595,#3111,.T.);
#2206=EDGE_CURVE('',#3600,#3608,#3112,.T.);
#2207=EDGE_CURVE('',#3601,#3600,#3113,.T.);
#2208=EDGE_CURVE('',#3599,#3602,#3114,.T.);
#2209=EDGE_CURVE('',#3601,#3599,#3115,.T.);
#2210=EDGE_CURVE('',#3600,#3602,#3116,.T.);
#2211=EDGE_CURVE('',#3588,#3614,#3117,.T.);
#2212=EDGE_CURVE('',#3598,#3605,#3118,.T.);
#2213=EDGE_CURVE('',#3603,#3591,#2885,.T.);
#2214=EDGE_CURVE('',#3604,#3597,#3119,.T.);
#2215=EDGE_CURVE('',#3604,#3605,#3120,.T.);
#2216=EDGE_CURVE('',#3603,#3606,#3121,.T.);
#2217=EDGE_CURVE('',#3605,#3606,#3122,.T.);
#2218=EDGE_CURVE('',#3604,#3603,#3123,.T.);
#2219=EDGE_CURVE('',#3609,#3601,#3124,.T.);
#2220=EDGE_CURVE('',#3609,#3608,#3125,.T.);
#2221=EDGE_CURVE('',#3610,#3607,#3126,.T.);
#2222=EDGE_CURVE('',#3610,#3609,#3127,.T.);
#2223=EDGE_CURVE('',#3607,#3608,#3128,.T.);
#2224=EDGE_CURVE('',#3612,#3613,#3129,.T.);
#2225=EDGE_CURVE('',#3614,#3611,#3130,.T.);
#2226=EDGE_CURVE('',#3614,#3612,#3131,.T.);
#2227=EDGE_CURVE('',#3611,#3613,#3132,.T.);
#2228=EDGE_CURVE('',#3618,#3589,#3133,.T.);
#2229=EDGE_CURVE('',#3616,#3615,#3134,.T.);
#2230=EDGE_CURVE('',#3617,#3618,#3135,.T.);
#2231=EDGE_CURVE('',#3615,#3618,#3136,.T.);
#2232=EDGE_CURVE('',#3616,#3617,#3137,.T.);
#2233=EDGE_CURVE('',#3606,#3611,#3138,.T.);
#2234=EDGE_CURVE('',#3617,#3610,#3139,.T.);
#2235=EDGE_CURVE('',#3619,#3620,#2886,.T.);
#2236=EDGE_CURVE('',#3620,#3623,#2887,.T.);
#2237=EDGE_CURVE('',#3619,#3624,#2888,.T.);
#2238=EDGE_CURVE('',#3621,#3626,#2889,.T.);
#2239=EDGE_CURVE('',#3621,#3622,#2890,.T.);
#2240=EDGE_CURVE('',#3622,#3625,#2891,.T.);
#2241=EDGE_CURVE('',#3623,#3624,#2892,.T.);
#2242=EDGE_CURVE('',#3625,#3626,#2893,.T.);
#2243=EDGE_CURVE('',#3626,#3639,#2894,.T.);
#2244=EDGE_CURVE('',#3628,#3634,#3140,.T.);
#2245=EDGE_CURVE('',#3628,#3627,#3141,.T.);
#2246=EDGE_CURVE('',#3629,#3630,#3142,.T.);
#2247=EDGE_CURVE('',#3627,#3630,#3143,.T.);
#2248=EDGE_CURVE('',#3628,#3629,#3144,.T.);
#2249=EDGE_CURVE('',#3631,#3627,#3145,.T.);
#2250=EDGE_CURVE('',#3632,#3640,#3146,.T.);
#2251=EDGE_CURVE('',#3633,#3632,#3147,.T.);
#2252=EDGE_CURVE('',#3631,#3634,#3148,.T.);
#2253=EDGE_CURVE('',#3633,#3631,#3149,.T.);
#2254=EDGE_CURVE('',#3632,#3634,#3150,.T.);
#2255=EDGE_CURVE('',#3620,#3646,#3151,.T.);
#2256=EDGE_CURVE('',#3630,#3637,#3152,.T.);
#2257=EDGE_CURVE('',#3635,#3623,#2895,.T.);
#2258=EDGE_CURVE('',#3636,#3629,#3153,.T.);
#2259=EDGE_CURVE('',#3636,#3637,#3154,.T.);
#2260=EDGE_CURVE('',#3635,#3638,#3155,.T.);
#2261=EDGE_CURVE('',#3637,#3638,#3156,.T.);
#2262=EDGE_CURVE('',#3636,#3635,#3157,.T.);
#2263=EDGE_CURVE('',#3641,#3633,#3158,.T.);
#2264=EDGE_CURVE('',#3641,#3640,#3159,.T.);
#2265=EDGE_CURVE('',#3642,#3639,#3160,.T.);
#2266=EDGE_CURVE('',#3642,#3641,#3161,.T.);
#2267=EDGE_CURVE('',#3639,#3640,#3162,.T.);
#2268=EDGE_CURVE('',#3644,#3645,#3163,.T.);
#2269=EDGE_CURVE('',#3646,#3643,#3164,.T.);
#2270=EDGE_CURVE('',#3646,#3644,#3165,.T.);
#2271=EDGE_CURVE('',#3643,#3645,#3166,.T.);
#2272=EDGE_CURVE('',#3650,#3621,#3167,.T.);
#2273=EDGE_CURVE('',#3648,#3647,#3168,.T.);
#2274=EDGE_CURVE('',#3649,#3650,#3169,.T.);
#2275=EDGE_CURVE('',#3647,#3650,#3170,.T.);
#2276=EDGE_CURVE('',#3648,#3649,#3171,.T.);
#2277=EDGE_CURVE('',#3638,#3643,#3172,.T.);
#2278=EDGE_CURVE('',#3649,#3642,#3173,.T.);
#2279=EDGE_CURVE('',#3625,#3593,#3174,.T.);
#2280=EDGE_CURVE('',#3592,#3624,#3175,.T.);
#2281=EDGE_CURVE('',#3652,#3653,#2896,.T.);
#2282=EDGE_CURVE('',#3654,#3655,#2897,.T.);
#2283=EDGE_CURVE('',#3656,#3723,#2898,.T.);
#2284=EDGE_CURVE('',#3657,#3658,#2899,.T.);
#2285=EDGE_CURVE('',#3659,#3660,#2900,.T.);
#2286=EDGE_CURVE('',#3661,#3727,#2901,.T.);
#2287=EDGE_CURVE('',#3662,#3663,#2902,.T.);
#2288=EDGE_CURVE('',#3664,#3665,#2903,.T.);
#2289=EDGE_CURVE('',#3666,#3731,#2904,.T.);
#2290=EDGE_CURVE('',#3667,#3668,#2905,.T.);
#2291=EDGE_CURVE('',#3669,#3670,#2906,.T.);
#2292=EDGE_CURVE('',#3671,#3735,#2907,.T.);
#2293=EDGE_CURVE('',#3672,#3673,#2908,.T.);
#2294=EDGE_CURVE('',#3673,#3674,#2909,.T.);
#2295=EDGE_CURVE('',#3674,#3675,#2910,.T.);
#2296=EDGE_CURVE('',#3676,#3677,#2911,.T.);
#2297=EDGE_CURVE('',#3677,#3678,#2912,.T.);
#2298=EDGE_CURVE('',#3678,#3722,#2913,.T.);
#2299=EDGE_CURVE('',#3679,#3680,#2914,.T.);
#2300=EDGE_CURVE('',#3680,#3681,#2915,.T.);
#2301=EDGE_CURVE('',#3681,#3751,#2916,.T.);
#2302=EDGE_CURVE('',#3682,#3683,#2917,.T.);
#2303=EDGE_CURVE('',#3683,#3684,#2918,.T.);
#2304=EDGE_CURVE('',#3684,#3726,#2919,.T.);
#2305=EDGE_CURVE('',#3685,#3686,#2920,.T.);
#2306=EDGE_CURVE('',#3686,#3687,#2921,.T.);
#2307=EDGE_CURVE('',#3688,#3689,#2922,.T.);
#2308=EDGE_CURVE('',#3689,#3690,#2923,.T.);
#2309=EDGE_CURVE('',#3690,#3730,#2924,.T.);
#2310=EDGE_CURVE('',#3691,#3692,#2925,.T.);
#2311=EDGE_CURVE('',#3692,#3693,#2926,.T.);
#2312=EDGE_CURVE('',#3693,#3743,#2927,.T.);
#2313=EDGE_CURVE('',#3694,#3695,#2928,.T.);
#2314=EDGE_CURVE('',#3695,#3696,#2929,.T.);
#2315=EDGE_CURVE('',#3696,#3734,#2930,.T.);
#2316=EDGE_CURVE('',#3672,#3651,#2931,.T.);
#2317=EDGE_CURVE('',#3674,#3652,#2932,.T.);
#2318=EDGE_CURVE('',#3675,#3653,#2933,.T.);
#2319=EDGE_CURVE('',#3676,#3654,#2934,.T.);
#2320=EDGE_CURVE('',#3677,#3655,#2935,.T.);
#2321=EDGE_CURVE('',#3678,#3656,#2936,.T.);
#2322=EDGE_CURVE('',#3680,#3657,#2937,.T.);
#2323=EDGE_CURVE('',#3681,#3658,#2938,.T.);
#2324=EDGE_CURVE('',#3682,#3659,#2939,.T.);
#2325=EDGE_CURVE('',#3683,#3660,#2940,.T.);
#2326=EDGE_CURVE('',#3684,#3661,#2941,.T.);
#2327=EDGE_CURVE('',#3686,#3662,#2942,.T.);
#2328=EDGE_CURVE('',#3687,#3663,#2943,.T.);
#2329=EDGE_CURVE('',#3688,#3664,#2944,.T.);
#2330=EDGE_CURVE('',#3689,#3665,#2945,.T.);
#2331=EDGE_CURVE('',#3690,#3666,#2946,.T.);
#2332=EDGE_CURVE('',#3692,#3667,#2947,.T.);
#2333=EDGE_CURVE('',#3693,#3668,#2948,.T.);
#2334=EDGE_CURVE('',#3694,#3669,#2949,.T.);
#2335=EDGE_CURVE('',#3695,#3670,#2950,.T.);
#2336=EDGE_CURVE('',#3696,#3671,#2951,.T.);
#2337=EDGE_CURVE('',#3651,#3697,#3176,.T.);
#2338=EDGE_CURVE('',#3697,#3698,#2952,.T.);
#2339=EDGE_CURVE('',#3698,#3699,#2953,.T.);
#2340=EDGE_CURVE('',#3699,#3652,#3177,.T.);
#2341=EDGE_CURVE('',#3699,#3700,#2954,.T.);
#2342=EDGE_CURVE('',#3700,#3653,#3178,.T.);
#2343=EDGE_CURVE('',#3701,#3654,#3179,.T.);
#2344=EDGE_CURVE('',#3701,#3702,#2955,.T.);
#2345=EDGE_CURVE('',#3702,#3655,#3180,.T.);
#2346=EDGE_CURVE('',#3702,#3703,#2956,.T.);
#2347=EDGE_CURVE('',#3703,#3656,#3181,.T.);
#2348=EDGE_CURVE('',#3703,#3737,#2957,.T.);
#2349=EDGE_CURVE('',#3704,#3705,#2958,.T.);
#2350=EDGE_CURVE('',#3705,#3657,#3182,.T.);
#2351=EDGE_CURVE('',#3705,#3706,#2959,.T.);
#2352=EDGE_CURVE('',#3706,#3658,#3183,.T.);
#2353=EDGE_CURVE('',#3706,#3752,#2960,.T.);
#2354=EDGE_CURVE('',#3707,#3659,#3184,.T.);
#2355=EDGE_CURVE('',#3707,#3708,#2961,.T.);
#2356=EDGE_CURVE('',#3708,#3660,#3185,.T.);
#2357=EDGE_CURVE('',#3708,#3709,#2962,.T.);
#2358=EDGE_CURVE('',#3709,#3661,#3186,.T.);
#2359=EDGE_CURVE('',#3709,#3739,#2963,.T.);
#2360=EDGE_CURVE('',#3710,#3711,#2964,.T.);
#2361=EDGE_CURVE('',#3711,#3662,#3187,.T.);
#2362=EDGE_CURVE('',#3711,#3712,#2965,.T.);
#2363=EDGE_CURVE('',#3712,#3663,#3188,.T.);
#2364=EDGE_CURVE('',#3713,#3664,#3189,.T.);
#2365=EDGE_CURVE('',#3713,#3714,#2966,.T.);
#2366=EDGE_CURVE('',#3714,#3665,#3190,.T.);
#2367=EDGE_CURVE('',#3714,#3715,#2967,.T.);
#2368=EDGE_CURVE('',#3715,#3666,#3191,.T.);
#2369=EDGE_CURVE('',#3715,#3741,#2968,.T.);
#2370=EDGE_CURVE('',#3716,#3717,#2969,.T.);
#2371=EDGE_CURVE('',#3717,#3667,#3192,.T.);
#2372=EDGE_CURVE('',#3717,#3718,#2970,.T.);
#2373=EDGE_CURVE('',#3718,#3668,#3193,.T.);
#2374=EDGE_CURVE('',#3718,#3744,#2971,.T.);
#2375=EDGE_CURVE('',#3719,#3669,#3194,.T.);
#2376=EDGE_CURVE('',#3719,#3720,#2972,.T.);
#2377=EDGE_CURVE('',#3720,#3670,#3195,.T.);
#2378=EDGE_CURVE('',#3720,#3721,#2973,.T.);
#2379=EDGE_CURVE('',#3721,#3671,#3196,.T.);
#2380=EDGE_CURVE('',#3721,#3742,#2974,.T.);
#2381=EDGE_CURVE('',#3722,#3723,#2975,.T.);
#2382=EDGE_CURVE('',#3723,#3725,#2976,.T.);
#2383=EDGE_CURVE('',#3722,#3724,#2977,.T.);
#2384=EDGE_CURVE('',#3724,#3725,#2978,.T.);
#2385=EDGE_CURVE('',#3724,#3679,#2979,.T.);
#2386=EDGE_CURVE('',#3726,#3727,#2980,.T.);
#2387=EDGE_CURVE('',#3727,#3729,#2981,.T.);
#2388=EDGE_CURVE('',#3726,#3728,#2982,.T.);
#2389=EDGE_CURVE('',#3728,#3729,#2983,.T.);
#2390=EDGE_CURVE('',#3728,#3685,#2984,.T.);
#2391=EDGE_CURVE('',#3730,#3731,#2985,.T.);
#2392=EDGE_CURVE('',#3731,#3733,#2986,.T.);
#2393=EDGE_CURVE('',#3730,#3732,#2987,.T.);
#2394=EDGE_CURVE('',#3732,#3733,#2988,.T.);
#2395=EDGE_CURVE('',#3732,#3691,#2989,.T.);
#2396=EDGE_CURVE('',#3734,#3735,#2990,.T.);
#2397=EDGE_CURVE('',#3735,#3651,#2991,.T.);
#2398=EDGE_CURVE('',#3734,#3672,#2992,.T.);
#2399=EDGE_CURVE('',#3725,#3736,#3197,.T.);
#2400=EDGE_CURVE('',#3736,#3704,#2993,.T.);
#2401=EDGE_CURVE('',#3723,#3737,#3198,.T.);
#2402=EDGE_CURVE('',#3737,#3736,#2994,.T.);
#2403=EDGE_CURVE('',#3729,#3738,#3199,.T.);
#2404=EDGE_CURVE('',#3738,#3710,#2995,.T.);
#2405=EDGE_CURVE('',#3727,#3739,#3200,.T.);
#2406=EDGE_CURVE('',#3739,#3738,#2996,.T.);
#2407=EDGE_CURVE('',#3733,#3740,#3201,.T.);
#2408=EDGE_CURVE('',#3740,#3716,#2997,.T.);
#2409=EDGE_CURVE('',#3731,#3741,#3202,.T.);
#2410=EDGE_CURVE('',#3741,#3740,#2998,.T.);
#2411=EDGE_CURVE('',#3735,#3742,#3203,.T.);
#2412=EDGE_CURVE('',#3742,#3697,#2999,.T.);
#2413=EDGE_CURVE('',#3698,#3673,#3204,.T.);
#2414=EDGE_CURVE('',#3704,#3679,#3205,.T.);
#2415=EDGE_CURVE('',#3710,#3685,#3206,.T.);
#2416=EDGE_CURVE('',#3716,#3691,#3207,.T.);
#2417=EDGE_CURVE('',#3745,#3746,#3208,.T.);
#2418=EDGE_CURVE('',#3744,#3743,#3209,.T.);
#2419=EDGE_CURVE('',#3744,#3745,#3210,.T.);
#2420=EDGE_CURVE('',#3743,#3746,#3211,.T.);
#2421=EDGE_CURVE('',#3749,#3694,#3000,.T.);
#2422=EDGE_CURVE('',#3750,#3719,#3001,.T.);
#2423=EDGE_CURVE('',#3748,#3747,#3212,.T.);
#2424=EDGE_CURVE('',#3749,#3750,#3213,.T.);
#2425=EDGE_CURVE('',#3748,#3749,#3214,.T.);
#2426=EDGE_CURVE('',#3747,#3750,#3215,.T.);
#2427=EDGE_CURVE('',#3757,#3682,#3002,.T.);
#2428=EDGE_CURVE('',#3758,#3707,#3003,.T.);
#2429=EDGE_CURVE('',#3753,#3754,#3216,.T.);
#2430=EDGE_CURVE('',#3756,#3755,#3217,.T.);
#2431=EDGE_CURVE('',#3757,#3758,#3218,.T.);
#2432=EDGE_CURVE('',#3752,#3751,#3219,.T.);
#2433=EDGE_CURVE('',#3752,#3753,#3220,.T.);
#2434=EDGE_CURVE('',#3751,#3754,#3221,.T.);
#2435=EDGE_CURVE('',#3755,#3758,#3222,.T.);
#2436=EDGE_CURVE('',#3756,#3757,#3223,.T.);
#2437=EDGE_CURVE('',#3759,#3760,#3224,.T.);
#2438=EDGE_CURVE('',#3760,#3799,#3225,.T.);
#2439=EDGE_CURVE('',#3804,#3809,#3226,.T.);
#2440=EDGE_CURVE('',#3584,#3619,#3227,.T.);
#2441=EDGE_CURVE('',#3587,#3759,#3228,.T.);
#2442=EDGE_CURVE('',#3581,#3590,#3229,.T.);
#2443=EDGE_CURVE('',#3622,#3578,#3230,.T.);
#2444=EDGE_CURVE('',#3746,#3767,#3231,.T.);
#2445=EDGE_CURVE('',#3745,#3768,#3232,.T.);
#2446=EDGE_CURVE('',#3762,#3761,#3233,.T.);
#2447=EDGE_CURVE('',#3764,#3763,#3234,.T.);
#2448=EDGE_CURVE('',#3765,#3688,#3235,.T.);
#2449=EDGE_CURVE('',#3762,#3763,#3236,.T.);
#2450=EDGE_CURVE('',#3766,#3765,#3237,.T.);
#2451=EDGE_CURVE('',#3768,#3767,#3238,.T.);
#2452=EDGE_CURVE('',#3768,#3761,#3239,.T.);
#2453=EDGE_CURVE('',#3761,#3764,#3240,.T.);
#2454=EDGE_CURVE('',#3767,#3764,#3241,.T.);
#2455=EDGE_CURVE('',#3762,#3766,#3242,.T.);
#2456=EDGE_CURVE('',#3763,#3765,#3243,.T.);
#2457=EDGE_CURVE('',#3612,#3575,#3244,.T.);
#2458=EDGE_CURVE('',#3613,#3574,#3245,.T.);
#2459=EDGE_CURVE('',#3754,#3782,#3246,.T.);
#2460=EDGE_CURVE('',#3753,#3783,#3247,.T.);
#2461=EDGE_CURVE('',#3675,#3774,#3248,.T.);
#2462=EDGE_CURVE('',#3687,#3790,#3249,.T.);
#2463=EDGE_CURVE('',#3769,#3776,#3250,.T.);
#2464=EDGE_CURVE('',#3771,#3748,#3251,.T.);
#2465=EDGE_CURVE('',#3772,#3747,#3252,.T.);
#2466=EDGE_CURVE('',#3769,#3770,#3253,.T.);
#2467=EDGE_CURVE('',#3772,#3771,#3254,.T.);
#2468=EDGE_CURVE('',#3769,#3772,#3255,.T.);
#2469=EDGE_CURVE('',#3770,#3771,#3256,.T.);
#2470=EDGE_CURVE('',#3773,#3770,#3257,.T.);
#2471=EDGE_CURVE('',#3774,#3775,#3258,.T.);
#2472=EDGE_CURVE('',#3773,#3776,#3259,.T.);
#2473=EDGE_CURVE('',#3775,#3776,#3260,.T.);
#2474=EDGE_CURVE('',#3774,#3773,#3261,.T.);
#2475=EDGE_CURVE('',#3777,#3784,#3262,.T.);
#2476=EDGE_CURVE('',#3779,#3676,#3263,.T.);
#2477=EDGE_CURVE('',#3777,#3778,#3264,.T.);
#2478=EDGE_CURVE('',#3780,#3779,#3265,.T.);
#2479=EDGE_CURVE('',#3777,#3780,#3266,.T.);
#2480=EDGE_CURVE('',#3778,#3779,#3267,.T.);
#2481=EDGE_CURVE('',#3781,#3778,#3268,.T.);
#2482=EDGE_CURVE('',#3783,#3782,#3269,.T.);
#2483=EDGE_CURVE('',#3784,#3781,#3270,.T.);
#2484=EDGE_CURVE('',#3783,#3784,#3271,.T.);
#2485=EDGE_CURVE('',#3782,#3781,#3272,.T.);
#2486=EDGE_CURVE('',#3785,#3792,#3273,.T.);
#2487=EDGE_CURVE('',#3787,#3756,#3274,.T.);
#2488=EDGE_CURVE('',#3788,#3755,#3275,.T.);
#2489=EDGE_CURVE('',#3785,#3786,#3276,.T.);
#2490=EDGE_CURVE('',#3788,#3787,#3277,.T.);
#2491=EDGE_CURVE('',#3785,#3788,#3278,.T.);
#2492=EDGE_CURVE('',#3786,#3787,#3279,.T.);
#2493=EDGE_CURVE('',#3789,#3786,#3280,.T.);
#2494=EDGE_CURVE('',#3790,#3791,#3281,.T.);
#2495=EDGE_CURVE('',#3789,#3792,#3282,.T.);
#2496=EDGE_CURVE('',#3791,#3792,#3283,.T.);
#2497=EDGE_CURVE('',#3790,#3789,#3284,.T.);
#2498=EDGE_CURVE('',#3794,#3759,#3285,.T.);
#2499=EDGE_CURVE('',#3793,#3794,#3286,.T.);
#2500=EDGE_CURVE('',#3760,#3795,#3287,.T.);
#2501=EDGE_CURVE('',#3796,#3797,#3288,.T.);
#2502=EDGE_CURVE('',#3795,#3796,#3289,.T.);
#2503=EDGE_CURVE('',#3798,#3797,#3290,.T.);
#2504=EDGE_CURVE('',#3798,#3793,#3291,.T.);
#2505=EDGE_CURVE('',#3796,#3793,#3292,.T.);
#2506=EDGE_CURVE('',#3795,#3794,#3293,.T.);
#2507=EDGE_CURVE('',#3780,#3701,#3294,.T.);
#2508=EDGE_CURVE('',#3800,#3799,#3295,.T.);
#2509=EDGE_CURVE('',#3802,#3803,#3296,.T.);
#2510=EDGE_CURVE('',#3802,#3801,#3297,.T.);
#2511=EDGE_CURVE('',#3803,#3800,#3298,.T.);
#2512=EDGE_CURVE('',#3801,#3585,#3299,.T.);
#2513=EDGE_CURVE('',#3803,#3585,#3300,.T.);
#2514=EDGE_CURVE('',#3800,#3586,#3301,.T.);
#2515=EDGE_CURVE('',#3802,#3797,#3302,.T.);
#2516=EDGE_CURVE('',#3801,#3798,#3303,.T.);
#2517=EDGE_CURVE('',#3775,#3700,#3304,.T.);
#2518=EDGE_CURVE('',#3805,#3804,#3305,.T.);
#2519=EDGE_CURVE('',#3807,#3808,#3306,.T.);
#2520=EDGE_CURVE('',#3807,#3806,#3307,.T.);
#2521=EDGE_CURVE('',#3808,#3805,#3308,.T.);
#2522=EDGE_CURVE('',#3806,#3582,#3309,.T.);
#2523=EDGE_CURVE('',#3808,#3582,#3310,.T.);
#2524=EDGE_CURVE('',#3805,#3583,#3311,.T.);
#2525=EDGE_CURVE('',#3807,#3812,#3312,.T.);
#2526=EDGE_CURVE('',#3806,#3811,#3313,.T.);
#2527=EDGE_CURVE('',#3791,#3712,#3314,.T.);
#2528=EDGE_CURVE('',#3810,#3809,#3315,.T.);
#2529=EDGE_CURVE('',#3812,#3813,#3316,.T.);
#2530=EDGE_CURVE('',#3812,#3811,#3317,.T.);
#2531=EDGE_CURVE('',#3813,#3810,#3318,.T.);
#2532=EDGE_CURVE('',#3811,#3579,#3319,.T.);
#2533=EDGE_CURVE('',#3813,#3579,#3320,.T.);
#2534=EDGE_CURVE('',#3810,#3580,#3321,.T.);
#2535=EDGE_CURVE('',#3766,#3713,#3322,.T.);
#2536=EDGE_CURVE('',#3576,#3615,#3323,.T.);
#2537=EDGE_CURVE('',#3577,#3616,#3324,.T.);
#2538=EDGE_CURVE('',#3816,#3814,#3325,.T.);
#2539=EDGE_CURVE('',#3815,#3817,#3326,.T.);
#2540=EDGE_CURVE('',#3814,#3815,#3327,.T.);
#2541=EDGE_CURVE('',#3817,#3816,#3328,.T.);
#2542=EDGE_CURVE('',#3815,#3648,#3329,.T.);
#2543=EDGE_CURVE('',#3817,#3647,#3330,.T.);
#2544=EDGE_CURVE('',#3644,#3816,#3331,.T.);
#2545=EDGE_CURVE('',#3645,#3814,#3332,.T.);
#2546=EDGE_CURVE('',#3840,#3841,#3004,.T.);
#2547=EDGE_CURVE('',#3842,#3843,#3005,.T.);
#2548=EDGE_CURVE('',#3847,#3846,#3006,.T.);
#2549=EDGE_CURVE('',#3840,#3819,#3007,.T.);
#2550=EDGE_CURVE('',#3841,#3818,#3008,.T.);
#2551=EDGE_CURVE('',#3857,#3820,#3009,.T.);
#2552=EDGE_CURVE('',#3842,#3821,#3010,.T.);
#2553=EDGE_CURVE('',#3818,#3819,#3333,.T.);
#2554=EDGE_CURVE('',#3820,#3830,#3334,.T.);
#2555=EDGE_CURVE('',#3821,#3818,#3335,.T.);
#2556=EDGE_CURVE('',#3848,#3847,#3011,.T.);
#2557=EDGE_CURVE('',#3853,#3851,#3012,.T.);
#2558=EDGE_CURVE('',#3845,#3840,#3336,.T.);
#2559=EDGE_CURVE('',#3856,#3857,#3013,.T.);
#2560=EDGE_CURVE('',#3843,#3856,#3337,.T.);
#2561=EDGE_CURVE('',#3857,#3858,#3014,.T.);
#2562=EDGE_CURVE('',#3849,#3852,#3338,.T.);
#2563=EDGE_CURVE('',#3850,#3859,#3339,.T.);
#2564=EDGE_CURVE('',#3844,#3822,#3015,.T.);
#2565=EDGE_CURVE('',#3846,#3823,#3016,.T.);
#2566=EDGE_CURVE('',#3847,#3824,#3017,.T.);
#2567=EDGE_CURVE('',#3848,#3825,#3018,.T.);
#2568=EDGE_CURVE('',#3851,#3826,#3019,.T.);
#2569=EDGE_CURVE('',#3853,#3827,#3020,.T.);
#2570=EDGE_CURVE('',#3854,#3828,#3021,.T.);
#2571=EDGE_CURVE('',#3822,#3823,#3340,.T.);
#2572=EDGE_CURVE('',#3823,#3824,#3341,.T.);
#2573=EDGE_CURVE('',#3824,#3825,#3342,.T.);
#2574=EDGE_CURVE('',#3825,#3838,#3343,.T.);
#2575=EDGE_CURVE('',#3826,#3827,#3344,.T.);
#2576=EDGE_CURVE('',#3827,#3828,#3345,.T.);
#2577=EDGE_CURVE('',#3841,#3842,#3022,.T.);
#2578=EDGE_CURVE('',#3844,#3845,#3023,.T.);
#2579=EDGE_CURVE('',#3846,#3844,#3024,.T.);
#2580=EDGE_CURVE('',#3829,#3822,#3346,.T.);
#2581=EDGE_CURVE('',#3829,#3845,#3347,.T.);
#2582=EDGE_CURVE('',#3849,#3850,#3025,.T.);
#2583=EDGE_CURVE('',#3851,#3852,#3026,.T.);
#2584=EDGE_CURVE('',#3819,#3829,#3348,.T.);
#2585=EDGE_CURVE('',#3854,#3853,#3027,.T.);
#2586=EDGE_CURVE('',#3828,#3833,#3349,.T.);
#2587=EDGE_CURVE('',#3855,#3854,#3350,.T.);
#2588=EDGE_CURVE('',#3831,#3821,#3351,.T.);
#2589=EDGE_CURVE('',#3830,#3856,#3028,.T.);
#2590=EDGE_CURVE('',#3831,#3843,#3029,.T.);
#2591=EDGE_CURVE('',#3858,#3855,#3352,.T.);
#2592=EDGE_CURVE('',#3830,#3831,#3353,.T.);
#2593=EDGE_CURVE('',#3859,#3848,#3030,.T.);
#2594=EDGE_CURVE('',#3832,#3820,#3354,.T.);
#2595=EDGE_CURVE('',#3855,#3833,#3355,.T.);
#2596=EDGE_CURVE('',#3838,#3859,#3031,.T.);
#2597=EDGE_CURVE('',#3858,#3832,#3356,.T.);
#2598=EDGE_CURVE('',#3833,#3832,#3357,.T.);
#2599=EDGE_CURVE('',#3849,#3835,#3358,.T.);
#2600=EDGE_CURVE('',#3836,#3852,#3359,.T.);
#2601=EDGE_CURVE('',#3835,#3834,#3360,.T.);
#2602=EDGE_CURVE('',#3837,#3826,#3361,.T.);
#2603=EDGE_CURVE('',#3837,#3836,#3362,.T.);
#2604=EDGE_CURVE('',#3834,#3837,#3363,.T.);
#2605=EDGE_CURVE('',#3835,#3836,#3364,.T.);
#2606=EDGE_CURVE('',#3839,#3834,#3365,.T.);
#2607=EDGE_CURVE('',#3839,#3850,#3032,.T.);
#2608=EDGE_CURVE('',#3838,#3839,#3366,.T.);
#2609=EDGE_CURVE('',#3840,#3861,#3033,.T.);
#2610=EDGE_CURVE('',#3841,#3860,#3034,.T.);
#2611=EDGE_CURVE('',#3857,#3862,#3035,.T.);
#2612=EDGE_CURVE('',#3842,#3863,#3036,.T.);
#2613=EDGE_CURVE('',#3860,#3861,#3367,.T.);
#2614=EDGE_CURVE('',#3862,#3872,#3368,.T.);
#2615=EDGE_CURVE('',#3863,#3860,#3369,.T.);
#2616=EDGE_CURVE('',#3844,#3864,#3037,.T.);
#2617=EDGE_CURVE('',#3846,#3865,#3038,.T.);
#2618=EDGE_CURVE('',#3847,#3866,#3039,.T.);
#2619=EDGE_CURVE('',#3848,#3867,#3040,.T.);
#2620=EDGE_CURVE('',#3851,#3868,#3041,.T.);
#2621=EDGE_CURVE('',#3853,#3869,#3042,.T.);
#2622=EDGE_CURVE('',#3854,#3870,#3043,.T.);
#2623=EDGE_CURVE('',#3864,#3865,#3370,.T.);
#2624=EDGE_CURVE('',#3865,#3866,#3371,.T.);
#2625=EDGE_CURVE('',#3866,#3867,#3372,.T.);
#2626=EDGE_CURVE('',#3867,#3880,#3373,.T.);
#2627=EDGE_CURVE('',#3868,#3869,#3374,.T.);
#2628=EDGE_CURVE('',#3869,#3870,#3375,.T.);
#2629=EDGE_CURVE('',#3871,#3864,#3376,.T.);
#2630=EDGE_CURVE('',#3871,#3845,#3377,.T.);
#2631=EDGE_CURVE('',#3861,#3871,#3378,.T.);
#2632=EDGE_CURVE('',#3870,#3875,#3379,.T.);
#2633=EDGE_CURVE('',#3873,#3863,#3380,.T.);
#2634=EDGE_CURVE('',#3872,#3856,#3044,.T.);
#2635=EDGE_CURVE('',#3873,#3843,#3045,.T.);
#2636=EDGE_CURVE('',#3872,#3873,#3381,.T.);
#2637=EDGE_CURVE('',#3874,#3862,#3382,.T.);
#2638=EDGE_CURVE('',#3855,#3875,#3383,.T.);
#2639=EDGE_CURVE('',#3880,#3859,#3046,.T.);
#2640=EDGE_CURVE('',#3858,#3874,#3384,.T.);
#2641=EDGE_CURVE('',#3875,#3874,#3385,.T.);
#2642=EDGE_CURVE('',#3849,#3877,#3386,.T.);
#2643=EDGE_CURVE('',#3878,#3852,#3387,.T.);
#2644=EDGE_CURVE('',#3877,#3876,#3388,.T.);
#2645=EDGE_CURVE('',#3879,#3868,#3389,.T.);
#2646=EDGE_CURVE('',#3879,#3878,#3390,.T.);
#2647=EDGE_CURVE('',#3876,#3879,#3391,.T.);
#2648=EDGE_CURVE('',#3877,#3878,#3392,.T.);
#2649=EDGE_CURVE('',#3881,#3876,#3393,.T.);
#2650=EDGE_CURVE('',#3881,#3850,#3047,.T.);
#2651=EDGE_CURVE('',#3880,#3881,#3394,.T.);
#2652=EDGE_CURVE('',#3884,#3885,#3395,.T.);
#2653=EDGE_CURVE('',#3884,#3882,#3396,.T.);
#2654=EDGE_CURVE('',#3885,#3883,#3397,.T.);
#2655=EDGE_CURVE('',#3888,#3889,#3398,.T.);
#2656=EDGE_CURVE('',#3886,#3888,#3399,.T.);
#2657=EDGE_CURVE('',#3887,#3889,#3400,.T.);
#2658=EDGE_CURVE('',#3890,#3891,#3401,.T.);
#2659=EDGE_CURVE('',#3891,#3892,#3402,.T.);
#2660=EDGE_CURVE('',#3892,#3893,#3403,.T.);
#2661=EDGE_CURVE('',#3893,#3894,#3404,.T.);
#2662=EDGE_CURVE('',#3894,#3895,#3405,.T.);
#2663=EDGE_CURVE('',#3895,#3890,#3406,.T.);
#2664=EDGE_CURVE('',#3918,#3919,#3048,.T.);
#2665=EDGE_CURVE('',#3920,#3921,#3049,.T.);
#2666=EDGE_CURVE('',#3919,#3920,#3050,.T.);
#2667=EDGE_CURVE('',#3918,#3914,#3051,.T.);
#2668=EDGE_CURVE('',#3919,#3915,#3052,.T.);
#2669=EDGE_CURVE('',#3920,#3916,#3053,.T.);
#2670=EDGE_CURVE('',#3921,#3917,#3054,.T.);
#2671=EDGE_CURVE('',#3924,#3925,#3407,.T.);
#2672=EDGE_CURVE('',#3922,#3924,#3408,.T.);
#2673=EDGE_CURVE('',#3925,#3923,#3409,.T.);
#2674=EDGE_CURVE('',#3922,#3923,#3410,.T.);
#2675=EDGE_CURVE('',#3922,#3902,#3411,.T.);
#2676=EDGE_CURVE('',#3925,#3929,#3412,.T.);
#2677=EDGE_CURVE('',#3926,#3924,#3413,.T.);
#2678=EDGE_CURVE('',#3927,#3895,#3414,.T.);
#2679=EDGE_CURVE('',#3927,#3928,#3415,.T.);
#2680=EDGE_CURVE('',#3926,#3929,#3416,.T.);
#2681=EDGE_CURVE('',#3927,#3926,#3417,.T.);
#2682=EDGE_CURVE('',#3929,#3928,#3418,.T.);
#2683=EDGE_CURVE('',#3931,#3937,#3419,.T.);
#2684=EDGE_CURVE('',#3931,#3932,#3420,.T.);
#2685=EDGE_CURVE('',#3930,#3933,#3421,.T.);
#2686=EDGE_CURVE('',#3934,#3936,#3422,.T.);
#2687=EDGE_CURVE('',#3914,#3896,#3055,.T.);
#2688=EDGE_CURVE('',#3915,#3897,#3056,.T.);
#2689=EDGE_CURVE('',#3916,#3898,#3057,.T.);
#2690=EDGE_CURVE('',#3917,#3899,#3058,.T.);
#2691=EDGE_CURVE('',#3896,#3897,#3059,.T.);
#2692=EDGE_CURVE('',#3897,#3906,#3060,.T.);
#2693=EDGE_CURVE('',#3898,#3899,#3061,.T.);
#2694=EDGE_CURVE('',#3901,#3903,#3423,.T.);
#2695=EDGE_CURVE('',#3900,#3930,#3424,.T.);
#2696=EDGE_CURVE('',#3903,#3904,#3425,.T.);
#2697=EDGE_CURVE('',#3902,#3905,#3426,.T.);
#2698=EDGE_CURVE('',#3903,#3911,#3427,.T.);
#2699=EDGE_CURVE('',#3905,#3900,#3428,.T.);
#2700=EDGE_CURVE('',#3904,#3923,#3429,.T.);
#2701=EDGE_CURVE('',#3910,#3905,#3430,.T.);
#2702=EDGE_CURVE('',#3912,#3898,#3062,.T.);
#2703=EDGE_CURVE('',#3913,#3998,#3431,.T.);
#2704=EDGE_CURVE('',#3906,#3913,#3432,.T.);
#2705=EDGE_CURVE('',#3907,#3912,#3433,.T.);
#2706=EDGE_CURVE('',#3910,#3909,#3434,.T.);
#2707=EDGE_CURVE('',#3908,#3911,#3435,.T.);
#2708=EDGE_CURVE('',#3908,#3906,#3436,.T.);
#2709=EDGE_CURVE('',#3911,#3913,#3437,.T.);
#2710=EDGE_CURVE('',#3907,#3910,#3438,.T.);
#2711=EDGE_CURVE('',#3912,#3909,#3439,.T.);
#2712=EDGE_CURVE('',#3909,#3891,#3440,.T.);
#2713=EDGE_CURVE('',#3902,#3890,#3441,.T.);
#2714=EDGE_CURVE('',#3904,#3893,#3442,.T.);
#2715=EDGE_CURVE('',#3892,#3908,#3443,.T.);
#2716=EDGE_CURVE('',#3894,#3928,#3444,.T.);
#2717=EDGE_CURVE('',#3934,#3901,#3445,.T.);
#2718=EDGE_CURVE('',#3935,#3932,#3446,.T.);
#2719=EDGE_CURVE('',#3935,#3936,#3447,.T.);
#2720=EDGE_CURVE('',#3937,#3935,#3448,.T.);
#2721=EDGE_CURVE('',#3915,#3914,#3063,.T.);
#2722=EDGE_CURVE('',#3917,#3916,#3064,.T.);
#2723=EDGE_CURVE('',#3933,#3932,#3449,.T.);
#2724=EDGE_CURVE('',#3938,#3939,#3450,.T.);
#2725=EDGE_CURVE('',#3939,#3940,#3451,.T.);
#2726=EDGE_CURVE('',#3940,#3941,#3452,.T.);
#2727=EDGE_CURVE('',#3941,#3942,#3453,.T.);
#2728=EDGE_CURVE('',#3942,#3943,#3454,.T.);
#2729=EDGE_CURVE('',#3943,#3938,#3455,.T.);
#2730=EDGE_CURVE('',#3966,#3967,#3065,.T.);
#2731=EDGE_CURVE('',#3968,#3969,#3066,.T.);
#2732=EDGE_CURVE('',#3967,#3968,#3067,.T.);
#2733=EDGE_CURVE('',#3966,#3962,#3068,.T.);
#2734=EDGE_CURVE('',#3967,#3963,#3069,.T.);
#2735=EDGE_CURVE('',#3968,#3964,#3070,.T.);
#2736=EDGE_CURVE('',#3969,#3965,#3071,.T.);
#2737=EDGE_CURVE('',#3972,#3973,#3456,.T.);
#2738=EDGE_CURVE('',#3970,#3972,#3457,.T.);
#2739=EDGE_CURVE('',#3973,#3971,#3458,.T.);
#2740=EDGE_CURVE('',#3970,#3971,#3459,.T.);
#2741=EDGE_CURVE('',#3970,#3950,#3460,.T.);
#2742=EDGE_CURVE('',#3973,#3977,#3461,.T.);
#2743=EDGE_CURVE('',#3974,#3972,#3462,.T.);
#2744=EDGE_CURVE('',#3975,#3943,#3463,.T.);
#2745=EDGE_CURVE('',#3975,#3976,#3464,.T.);
#2746=EDGE_CURVE('',#3974,#3977,#3465,.T.);
#2747=EDGE_CURVE('',#3975,#3974,#3466,.T.);
#2748=EDGE_CURVE('',#3977,#3976,#3467,.T.);
#2749=EDGE_CURVE('',#3979,#3985,#3468,.T.);
#2750=EDGE_CURVE('',#3979,#3980,#3469,.T.);
#2751=EDGE_CURVE('',#3978,#3981,#3470,.T.);
#2752=EDGE_CURVE('',#3982,#3984,#3471,.T.);
#2753=EDGE_CURVE('',#3962,#3944,#3072,.T.);
#2754=EDGE_CURVE('',#3963,#3945,#3073,.T.);
#2755=EDGE_CURVE('',#3964,#3946,#3074,.T.);
#2756=EDGE_CURVE('',#3965,#3947,#3075,.T.);
#2757=EDGE_CURVE('',#3944,#3945,#3076,.T.);
#2758=EDGE_CURVE('',#3945,#3954,#3077,.T.);
#2759=EDGE_CURVE('',#3946,#3947,#3078,.T.);
#2760=EDGE_CURVE('',#3949,#3951,#3472,.T.);
#2761=EDGE_CURVE('',#3948,#3978,#3473,.T.);
#2762=EDGE_CURVE('',#3951,#3952,#3474,.T.);
#2763=EDGE_CURVE('',#3950,#3953,#3475,.T.);
#2764=EDGE_CURVE('',#3951,#3959,#3476,.T.);
#2765=EDGE_CURVE('',#3953,#3948,#3477,.T.);
#2766=EDGE_CURVE('',#3952,#3971,#3478,.T.);
#2767=EDGE_CURVE('',#3958,#3953,#3479,.T.);
#2768=EDGE_CURVE('',#3960,#3946,#3079,.T.);
#2769=EDGE_CURVE('',#3961,#4000,#3480,.T.);
#2770=EDGE_CURVE('',#3954,#3961,#3481,.T.);
#2771=EDGE_CURVE('',#3955,#3960,#3482,.T.);
#2772=EDGE_CURVE('',#3958,#3957,#3483,.T.);
#2773=EDGE_CURVE('',#3956,#3959,#3484,.T.);
#2774=EDGE_CURVE('',#3956,#3954,#3485,.T.);
#2775=EDGE_CURVE('',#3959,#3961,#3486,.T.);
#2776=EDGE_CURVE('',#3955,#3958,#3487,.T.);
#2777=EDGE_CURVE('',#3960,#3957,#3488,.T.);
#2778=EDGE_CURVE('',#3957,#3939,#3489,.T.);
#2779=EDGE_CURVE('',#3950,#3938,#3490,.T.);
#2780=EDGE_CURVE('',#3952,#3941,#3491,.T.);
#2781=EDGE_CURVE('',#3940,#3956,#3492,.T.);
#2782=EDGE_CURVE('',#3942,#3976,#3493,.T.);
#2783=EDGE_CURVE('',#3982,#3949,#3494,.T.);
#2784=EDGE_CURVE('',#3983,#3980,#3495,.T.);
#2785=EDGE_CURVE('',#3983,#3984,#3496,.T.);
#2786=EDGE_CURVE('',#3985,#3983,#3497,.T.);
#2787=EDGE_CURVE('',#3963,#3962,#3080,.T.);
#2788=EDGE_CURVE('',#3965,#3964,#3081,.T.);
#2789=EDGE_CURVE('',#3981,#3980,#3498,.T.);
#2790=EDGE_CURVE('',#3918,#3966,#3499,.T.);
#2791=EDGE_CURVE('',#3969,#3921,#3500,.T.);
#2792=EDGE_CURVE('',#3986,#3987,#3501,.T.);
#2793=EDGE_CURVE('',#3987,#4009,#3502,.T.);
#2794=EDGE_CURVE('',#3986,#4008,#3503,.T.);
#2795=EDGE_CURVE('',#3987,#3988,#3082,.T.);
#2796=EDGE_CURVE('',#3988,#4010,#3083,.T.);
#2797=EDGE_CURVE('',#3988,#3989,#3504,.T.);
#2798=EDGE_CURVE('',#3989,#4011,#3505,.T.);
#2799=EDGE_CURVE('',#3990,#4002,#3506,.T.);
#2800=EDGE_CURVE('',#3990,#3991,#3507,.T.);
#2801=EDGE_CURVE('',#3991,#4003,#3508,.T.);
#2802=EDGE_CURVE('',#3991,#3992,#3084,.T.);
#2803=EDGE_CURVE('',#3992,#4004,#3085,.T.);
#2804=EDGE_CURVE('',#3992,#3993,#3509,.T.);
#2805=EDGE_CURVE('',#3993,#4005,#3510,.T.);
#2806=EDGE_CURVE('',#3993,#3994,#3086,.T.);
#2807=EDGE_CURVE('',#3994,#4006,#3087,.T.);
#2808=EDGE_CURVE('',#3994,#3995,#3511,.T.);
#2809=EDGE_CURVE('',#3995,#4007,#3512,.T.);
#2810=EDGE_CURVE('',#3996,#4012,#3513,.T.);
#2811=EDGE_CURVE('',#3996,#3997,#3514,.T.);
#2812=EDGE_CURVE('',#3997,#4013,#3515,.T.);
#2813=EDGE_CURVE('',#3997,#3986,#3088,.T.);
#2814=EDGE_CURVE('',#3998,#3901,#3516,.T.);
#2815=EDGE_CURVE('',#3934,#3937,#3517,.T.);
#2816=EDGE_CURVE('',#3931,#3930,#3518,.T.);
#2817=EDGE_CURVE('',#3900,#3999,#3519,.T.);
#2818=EDGE_CURVE('',#4000,#3949,#3520,.T.);
#2819=EDGE_CURVE('',#3979,#3978,#3521,.T.);
#2820=EDGE_CURVE('',#3982,#3985,#3522,.T.);
#2821=EDGE_CURVE('',#3948,#4001,#3523,.T.);
#2822=EDGE_CURVE('',#3999,#4002,#3524,.T.);
#2823=EDGE_CURVE('',#4002,#4003,#3525,.T.);
#2824=EDGE_CURVE('',#4003,#4004,#3089,.T.);
#2825=EDGE_CURVE('',#4005,#4006,#3090,.T.);
#2826=EDGE_CURVE('',#4006,#4007,#3526,.T.);
#2827=EDGE_CURVE('',#4007,#4001,#3527,.T.);
#2828=EDGE_CURVE('',#4009,#4010,#3091,.T.);
#2829=EDGE_CURVE('',#4010,#4011,#3528,.T.);
#2830=EDGE_CURVE('',#4011,#3998,#3529,.T.);
#2831=EDGE_CURVE('',#4000,#4012,#3530,.T.);
#2832=EDGE_CURVE('',#4012,#4013,#3531,.T.);
#2833=EDGE_CURVE('',#4013,#4008,#3092,.T.);
#2834=EDGE_CURVE('',#3999,#3907,#3532,.T.);
#2835=EDGE_CURVE('',#4001,#3955,#3533,.T.);
#2836=EDGE_CURVE('',#3884,#4014,#3534,.T.);
#2837=EDGE_CURVE('',#4015,#4016,#3535,.T.);
#2838=EDGE_CURVE('',#4017,#4014,#3536,.T.);
#2839=EDGE_CURVE('',#4016,#4017,#3537,.T.);
#2840=EDGE_CURVE('',#4018,#3888,#3538,.T.);
#2841=EDGE_CURVE('',#4019,#4020,#3539,.T.);
#2842=EDGE_CURVE('',#4018,#4021,#3540,.T.);
#2843=EDGE_CURVE('',#4021,#4019,#3541,.T.);
#2844=EDGE_CURVE('',#3882,#4015,#3542,.T.);
#2845=EDGE_CURVE('',#4020,#3886,#3543,.T.);
#2846=EDGE_CURVE('',#4020,#4029,#3544,.T.);
#2847=EDGE_CURVE('',#4018,#4026,#3545,.T.);
#2848=EDGE_CURVE('',#4017,#4016,#3546,.T.);
#2849=EDGE_CURVE('',#4019,#4021,#3547,.T.);
#2850=EDGE_CURVE('',#4022,#3885,#3548,.T.);
#2851=EDGE_CURVE('',#4023,#4024,#3549,.T.);
#2852=EDGE_CURVE('',#4024,#4025,#3550,.T.);
#2853=EDGE_CURVE('',#4022,#4023,#3551,.T.);
#2854=EDGE_CURVE('',#3889,#4026,#3552,.T.);
#2855=EDGE_CURVE('',#4027,#4028,#3553,.T.);
#2856=EDGE_CURVE('',#4029,#4027,#3554,.T.);
#2857=EDGE_CURVE('',#4028,#4026,#3555,.T.);
#2858=EDGE_CURVE('',#4025,#3883,#3556,.T.);
#2859=EDGE_CURVE('',#3887,#4029,#3557,.T.);
#2860=EDGE_CURVE('',#4025,#4015,#3558,.T.);
#2861=EDGE_CURVE('',#4022,#4014,#3559,.T.);
#2862=EDGE_CURVE('',#4023,#4024,#3560,.T.);
#2863=EDGE_CURVE('',#4027,#4028,#3561,.T.);
#2864=EDGE_CURVE('',#3995,#3981,#3562,.T.);
#2865=EDGE_CURVE('',#3933,#3990,#3563,.T.);
#2866=EDGE_CURVE('',#3888,#4005,#3564,.T.);
#2867=EDGE_CURVE('',#3947,#3886,#3565,.T.);
#2868=EDGE_CURVE('',#3984,#3996,#3566,.T.);
#2869=EDGE_CURVE('',#3989,#3936,#3567,.T.);
#2870=EDGE_CURVE('',#3882,#3944,#3568,.T.);
#2871=EDGE_CURVE('',#4008,#3884,#3569,.T.);
#2872=EDGE_CURVE('',#3896,#3883,#3570,.T.);
#2873=EDGE_CURVE('',#3885,#4009,#3571,.T.);
#2874=EDGE_CURVE('',#3887,#3899,#3572,.T.);
#2875=EDGE_CURVE('',#4004,#3889,#3573,.T.);
#2876=(
BOUNDED_CURVE()
B_SPLINE_CURVE(2,(#6459,#6460,#6461),.UNSPECIFIED.,.F.,.F.)
B_SPLINE_CURVE_WITH_KNOTS((3,3),(133.561944901923,141.415926535898),
 .UNSPECIFIED.)
CURVE()
GEOMETRIC_REPRESENTATION_ITEM()
RATIONAL_B_SPLINE_CURVE((1.,0.707106781186548,1.))
REPRESENTATION_ITEM('')
);
#2877=(
BOUNDED_CURVE()
B_SPLINE_CURVE(1,(#6462,#6463),.UNSPECIFIED.,.F.,.F.)
B_SPLINE_CURVE_WITH_KNOTS((2,2),(0.,2.),.UNSPECIFIED.)
CURVE()
GEOMETRIC_REPRESENTATION_ITEM()
RATIONAL_B_SPLINE_CURVE((1.,1.))
REPRESENTATION_ITEM('')
);
#2878=(
BOUNDED_CURVE()
B_SPLINE_CURVE(1,(#6464,#6465),.UNSPECIFIED.,.F.,.F.)
B_SPLINE_CURVE_WITH_KNOTS((2,2),(0.,2.),.UNSPECIFIED.)
CURVE()
GEOMETRIC_REPRESENTATION_ITEM()
RATIONAL_B_SPLINE_CURVE((1.,1.))
REPRESENTATION_ITEM('')
);
#2879=(
BOUNDED_CURVE()
B_SPLINE_CURVE(1,(#6466,#6467),.UNSPECIFIED.,.F.,.F.)
B_SPLINE_CURVE_WITH_KNOTS((2,2),(0.,2.),.UNSPECIFIED.)
CURVE()
GEOMETRIC_REPRESENTATION_ITEM()
RATIONAL_B_SPLINE_CURVE((1.,1.))
REPRESENTATION_ITEM('')
);
#2880=(
BOUNDED_CURVE()
B_SPLINE_CURVE(2,(#6468,#6469,#6470),.UNSPECIFIED.,.F.,.F.)
B_SPLINE_CURVE_WITH_KNOTS((3,3),(161.415926535898,169.269908169872),
 .UNSPECIFIED.)
CURVE()
GEOMETRIC_REPRESENTATION_ITEM()
RATIONAL_B_SPLINE_CURVE((1.,0.707106781186548,1.))
REPRESENTATION_ITEM('')
);
#2881=(
BOUNDED_CURVE()
B_SPLINE_CURVE(1,(#6471,#6472),.UNSPECIFIED.,.F.,.F.)
B_SPLINE_CURVE_WITH_KNOTS((2,2),(0.,2.),.UNSPECIFIED.)
CURVE()
GEOMETRIC_REPRESENTATION_ITEM()
RATIONAL_B_SPLINE_CURVE((1.,1.))
REPRESENTATION_ITEM('')
);
#2882=(
BOUNDED_CURVE()
B_SPLINE_CURVE(2,(#6473,#6474,#6475),.UNSPECIFIED.,.F.,.F.)
B_SPLINE_CURVE_WITH_KNOTS((3,3),(-141.415926535898,-133.561944901923),
 .UNSPECIFIED.)
CURVE()
GEOMETRIC_REPRESENTATION_ITEM()
RATIONAL_B_SPLINE_CURVE((1.,0.707106781186549,1.))
REPRESENTATION_ITEM('')
);
#2883=(
BOUNDED_CURVE()
B_SPLINE_CURVE(2,(#6476,#6477,#6478),.UNSPECIFIED.,.F.,.F.)
B_SPLINE_CURVE_WITH_KNOTS((3,3),(-169.269908169872,-161.415926535898),
 .UNSPECIFIED.)
CURVE()
GEOMETRIC_REPRESENTATION_ITEM()
RATIONAL_B_SPLINE_CURVE((1.,0.707106781186548,1.))
REPRESENTATION_ITEM('')
);
#2884=(
BOUNDED_CURVE()
B_SPLINE_CURVE(2,(#6479,#6480,#6481),.UNSPECIFIED.,.F.,.F.)
B_SPLINE_CURVE_WITH_KNOTS((3,3),(-161.415926535898,-156.161124788222),
 .UNSPECIFIED.)
CURVE()
GEOMETRIC_REPRESENTATION_ITEM()
RATIONAL_B_SPLINE_CURVE((1.,1.,1.))
REPRESENTATION_ITEM('')
);
#2885=(
BOUNDED_CURVE()
B_SPLINE_CURVE(2,(#6524,#6525,#6526),.UNSPECIFIED.,.F.,.F.)
B_SPLINE_CURVE_WITH_KNOTS((3,3),(-146.670728283574,-141.415926535898),
 .UNSPECIFIED.)
CURVE()
GEOMETRIC_REPRESENTATION_ITEM()
RATIONAL_B_SPLINE_CURVE((1.,1.,1.))
REPRESENTATION_ITEM('')
);
#2886=(
BOUNDED_CURVE()
B_SPLINE_CURVE(2,(#6603,#6604,#6605),.UNSPECIFIED.,.F.,.F.)
B_SPLINE_CURVE_WITH_KNOTS((3,3),(133.561944901923,141.415926535898),
 .UNSPECIFIED.)
CURVE()
GEOMETRIC_REPRESENTATION_ITEM()
RATIONAL_B_SPLINE_CURVE((1.,0.707106781186548,1.))
REPRESENTATION_ITEM('')
);
#2887=(
BOUNDED_CURVE()
B_SPLINE_CURVE(1,(#6606,#6607),.UNSPECIFIED.,.F.,.F.)
B_SPLINE_CURVE_WITH_KNOTS((2,2),(0.,2.),.UNSPECIFIED.)
CURVE()
GEOMETRIC_REPRESENTATION_ITEM()
RATIONAL_B_SPLINE_CURVE((1.,1.))
REPRESENTATION_ITEM('')
);
#2888=(
BOUNDED_CURVE()
B_SPLINE_CURVE(1,(#6608,#6609),.UNSPECIFIED.,.F.,.F.)
B_SPLINE_CURVE_WITH_KNOTS((2,2),(0.,2.),.UNSPECIFIED.)
CURVE()
GEOMETRIC_REPRESENTATION_ITEM()
RATIONAL_B_SPLINE_CURVE((1.,1.))
REPRESENTATION_ITEM('')
);
#2889=(
BOUNDED_CURVE()
B_SPLINE_CURVE(1,(#6610,#6611),.UNSPECIFIED.,.F.,.F.)
B_SPLINE_CURVE_WITH_KNOTS((2,2),(0.,2.),.UNSPECIFIED.)
CURVE()
GEOMETRIC_REPRESENTATION_ITEM()
RATIONAL_B_SPLINE_CURVE((1.,1.))
REPRESENTATION_ITEM('')
);
#2890=(
BOUNDED_CURVE()
B_SPLINE_CURVE(2,(#6612,#6613,#6614),.UNSPECIFIED.,.F.,.F.)
B_SPLINE_CURVE_WITH_KNOTS((3,3),(161.415926535898,169.269908169872),
 .UNSPECIFIED.)
CURVE()
GEOMETRIC_REPRESENTATION_ITEM()
RATIONAL_B_SPLINE_CURVE((1.,0.707106781186548,1.))
REPRESENTATION_ITEM('')
);
#2891=(
BOUNDED_CURVE()
B_SPLINE_CURVE(1,(#6615,#6616),.UNSPECIFIED.,.F.,.F.)
B_SPLINE_CURVE_WITH_KNOTS((2,2),(0.,2.),.UNSPECIFIED.)
CURVE()
GEOMETRIC_REPRESENTATION_ITEM()
RATIONAL_B_SPLINE_CURVE((1.,1.))
REPRESENTATION_ITEM('')
);
#2892=(
BOUNDED_CURVE()
B_SPLINE_CURVE(2,(#6617,#6618,#6619),.UNSPECIFIED.,.F.,.F.)
B_SPLINE_CURVE_WITH_KNOTS((3,3),(-141.415926535898,-133.561944901923),
 .UNSPECIFIED.)
CURVE()
GEOMETRIC_REPRESENTATION_ITEM()
RATIONAL_B_SPLINE_CURVE((1.,0.707106781186549,1.))
REPRESENTATION_ITEM('')
);
#2893=(
BOUNDED_CURVE()
B_SPLINE_CURVE(2,(#6620,#6621,#6622),.UNSPECIFIED.,.F.,.F.)
B_SPLINE_CURVE_WITH_KNOTS((3,3),(-169.269908169872,-161.415926535898),
 .UNSPECIFIED.)
CURVE()
GEOMETRIC_REPRESENTATION_ITEM()
RATIONAL_B_SPLINE_CURVE((1.,0.707106781186548,1.))
REPRESENTATION_ITEM('')
);
#2894=(
BOUNDED_CURVE()
B_SPLINE_CURVE(2,(#6623,#6624,#6625),.UNSPECIFIED.,.F.,.F.)
B_SPLINE_CURVE_WITH_KNOTS((3,3),(-161.415926535898,-156.161124788222),
 .UNSPECIFIED.)
CURVE()
GEOMETRIC_REPRESENTATION_ITEM()
RATIONAL_B_SPLINE_CURVE((1.,1.,1.))
REPRESENTATION_ITEM('')
);
#2895=(
BOUNDED_CURVE()
B_SPLINE_CURVE(2,(#6668,#6669,#6670),.UNSPECIFIED.,.F.,.F.)
B_SPLINE_CURVE_WITH_KNOTS((3,3),(-146.670728283574,-141.415926535898),
 .UNSPECIFIED.)
CURVE()
GEOMETRIC_REPRESENTATION_ITEM()
RATIONAL_B_SPLINE_CURVE((1.,1.,1.))
REPRESENTATION_ITEM('')
);
#2896=(
BOUNDED_CURVE()
B_SPLINE_CURVE(3,(#6751,#6752,#6753,#6754),.UNSPECIFIED.,.F.,.F.)
B_SPLINE_CURVE_WITH_KNOTS((4,4),(-1071.68325561701,-1063.82927398304),
 .UNSPECIFIED.)
CURVE()
GEOMETRIC_REPRESENTATION_ITEM()
RATIONAL_B_SPLINE_CURVE((1.,0.804737854124367,0.804737854124367,1.))
REPRESENTATION_ITEM('')
);
#2897=(
BOUNDED_CURVE()
B_SPLINE_CURVE(3,(#6755,#6756,#6757,#6758),.UNSPECIFIED.,.F.,.F.)
B_SPLINE_CURVE_WITH_KNOTS((4,4),(-993.829273983038,-985.975292349064),
 .UNSPECIFIED.)
CURVE()
GEOMETRIC_REPRESENTATION_ITEM()
RATIONAL_B_SPLINE_CURVE((1.,0.804737854124367,0.804737854124367,1.))
REPRESENTATION_ITEM('')
);
#2898=(
BOUNDED_CURVE()
B_SPLINE_CURVE(3,(#6759,#6760,#6761,#6762,#6763,#6764,#6765),
 .UNSPECIFIED.,.F.,.F.)
B_SPLINE_CURVE_WITH_KNOTS((4,3,4),(-980.720490601388,-980.42428101472,-980.307337856597),
 .UNSPECIFIED.)
CURVE()
GEOMETRIC_REPRESENTATION_ITEM()
RATIONAL_B_SPLINE_CURVE((1.,1.,1.,1.,1.,1.,1.))
REPRESENTATION_ITEM('')
);
#2899=(
BOUNDED_CURVE()
B_SPLINE_CURVE(3,(#6766,#6767,#6768,#6769,#6770,#6771,#6772,#6773,#6774,
#6775,#6776,#6777,#6778,#6779,#6780,#6781,#6782,#6783,#6784,#6785,#6786,
#6787,#6788,#6789,#6790,#6791,#6792,#6793,#6794,#6795,#6796,#6797,#6798,
#6799,#6800,#6801,#6802,#6803,#6804,#6805,#6806,#6807,#6808,#6809,#6810,
#6811,#6812,#6813,#6814,#6815,#6816,#6817,#6818,#6819,#6820),
 .UNSPECIFIED.,.F.,.F.)
B_SPLINE_CURVE_WITH_KNOTS((4,3,3,3,3,3,3,3,3,3,3,3,3,3,3,3,3,3,4),(-970.462206205135,
-969.94382846967,-969.410782858526,-968.844591055067,-968.241258945113,
-967.92406677208,-967.669822380624,-967.332882606312,-966.98745634514,-966.638393775653,
-966.289331206165,-965.943904944993,-965.606965170681,-965.352720779225,
-965.035528606192,-964.432196496238,-963.866004692778,-963.332959081635,
-962.81458134617),.UNSPECIFIED.)
CURVE()
GEOMETRIC_REPRESENTATION_ITEM()
RATIONAL_B_SPLINE_CURVE((1.,1.,1.,1.,1.,1.,1.,1.,1.,1.,1.,1.,1.,1.,1.,1.,
1.,1.,1.,1.,1.,1.,1.,1.,1.,1.,1.,1.,1.,1.,1.,1.,1.,1.,1.,1.,1.,1.,1.,1.,
1.,1.,1.,1.,1.,1.,1.,1.,1.,1.,1.,1.,1.,1.,1.))
REPRESENTATION_ITEM('')
);
#2900=(
BOUNDED_CURVE()
B_SPLINE_CURVE(3,(#6821,#6822,#6823,#6824,#6825,#6826,#6827,#6828,#6829,
#6830,#6831,#6832,#6833,#6834,#6835,#6836,#6837,#6838,#6839,#6840,#6841,
#6842,#6843,#6844,#6845,#6846,#6847,#6848,#6849,#6850,#6851,#6852,#6853,
#6854,#6855,#6856,#6857,#6858,#6859,#6860,#6861,#6862,#6863,#6864,#6865,
#6866,#6867,#6868,#6869,#6870,#6871,#6872,#6873,#6874,#6875),
 .UNSPECIFIED.,.F.,.F.)
B_SPLINE_CURVE_WITH_KNOTS((4,3,3,3,3,3,3,3,3,3,3,3,3,3,3,3,3,3,4),(-955.833788336873,
-955.315410601408,-954.782364990264,-954.216173186805,-953.612841076851,
-953.295648903817,-953.041404512362,-952.70446473805,-952.359038476877,
-952.00997590739,-951.660913337903,-951.315487076731,-950.978547302419,
-950.724302910963,-950.40711073793,-949.803778627976,-949.237586824516,
-948.704541213373,-948.186163477908),.UNSPECIFIED.)
CURVE()
GEOMETRIC_REPRESENTATION_ITEM()
RATIONAL_B_SPLINE_CURVE((1.,1.,1.,1.,1.,1.,1.,1.,1.,1.,1.,1.,1.,1.,1.,1.,
1.,1.,1.,1.,1.,1.,1.,1.,1.,1.,1.,1.,1.,1.,1.,1.,1.,1.,1.,1.,1.,1.,1.,1.,
1.,1.,1.,1.,1.,1.,1.,1.,1.,1.,1.,1.,1.,1.,1.))
REPRESENTATION_ITEM('')
);
#2901=(
BOUNDED_CURVE()
B_SPLINE_CURVE(3,(#6876,#6877,#6878,#6879,#6880,#6881,#6882),
 .UNSPECIFIED.,.F.,.F.)
B_SPLINE_CURVE_WITH_KNOTS((4,3,4),(-940.294674458883,-939.998464872214,
-939.881521714092),.UNSPECIFIED.)
CURVE()
GEOMETRIC_REPRESENTATION_ITEM()
RATIONAL_B_SPLINE_CURVE((1.,1.,1.,1.,1.,1.,1.))
REPRESENTATION_ITEM('')
);
#2902=(
BOUNDED_CURVE()
B_SPLINE_CURVE(3,(#6883,#6884,#6885,#6886),.UNSPECIFIED.,.F.,.F.)
B_SPLINE_CURVE_WITH_KNOTS((4,4),(-932.673077333979,-924.819095700004),
 .UNSPECIFIED.)
CURVE()
GEOMETRIC_REPRESENTATION_ITEM()
RATIONAL_B_SPLINE_CURVE((1.,0.804737854124366,0.804737854124366,1.))
REPRESENTATION_ITEM('')
);
#2903=(
BOUNDED_CURVE()
B_SPLINE_CURVE(3,(#6887,#6888,#6889,#6890),.UNSPECIFIED.,.F.,.F.)
B_SPLINE_CURVE_WITH_KNOTS((4,4),(-854.819095700004,-846.96511406603),
 .UNSPECIFIED.)
CURVE()
GEOMETRIC_REPRESENTATION_ITEM()
RATIONAL_B_SPLINE_CURVE((1.,0.804737854124366,0.804737854124366,1.))
REPRESENTATION_ITEM('')
);
#2904=(
BOUNDED_CURVE()
B_SPLINE_CURVE(3,(#6891,#6892,#6893,#6894,#6895,#6896,#6897),
 .UNSPECIFIED.,.F.,.F.)
B_SPLINE_CURVE_WITH_KNOTS((4,3,4),(-841.710312318354,-841.414102731685,
-841.297159573562),.UNSPECIFIED.)
CURVE()
GEOMETRIC_REPRESENTATION_ITEM()
RATIONAL_B_SPLINE_CURVE((1.,1.,1.,1.,1.,1.,1.))
REPRESENTATION_ITEM('')
);
#2905=(
BOUNDED_CURVE()
B_SPLINE_CURVE(3,(#6898,#6899,#6900,#6901,#6902,#6903,#6904,#6905,#6906,
#6907,#6908,#6909,#6910,#6911,#6912,#6913,#6914,#6915,#6916,#6917,#6918,
#6919,#6920,#6921,#6922,#6923,#6924,#6925,#6926,#6927,#6928,#6929,#6930,
#6931,#6932,#6933,#6934,#6935,#6936,#6937,#6938,#6939,#6940,#6941,#6942,
#6943,#6944,#6945,#6946,#6947,#6948,#6949,#6950,#6951,#6952),
 .UNSPECIFIED.,.F.,.F.)
B_SPLINE_CURVE_WITH_KNOTS((4,3,3,3,3,3,3,3,3,3,3,3,3,3,3,3,3,3,4),(-831.452027922101,
-830.933650186635,-830.400604575492,-829.834412772032,-829.231080662079,
-828.913888489045,-828.659644097589,-828.322704323277,-827.977278062105,
-827.628215492618,-827.27915292313,-826.933726661958,-826.596786887647,
-826.342542496191,-826.025350323157,-825.422018213203,-824.855826409744,
-824.322780798601,-823.804403063135),.UNSPECIFIED.)
CURVE()
GEOMETRIC_REPRESENTATION_ITEM()
RATIONAL_B_SPLINE_CURVE((1.,1.,1.,1.,1.,1.,1.,1.,1.,1.,1.,1.,1.,1.,1.,1.,
1.,1.,1.,1.,1.,1.,1.,1.,1.,1.,1.,1.,1.,1.,1.,1.,1.,1.,1.,1.,1.,1.,1.,1.,
1.,1.,1.,1.,1.,1.,1.,1.,1.,1.,1.,1.,1.,1.,1.))
REPRESENTATION_ITEM('')
);
#2906=(
BOUNDED_CURVE()
B_SPLINE_CURVE(3,(#6953,#6954,#6955,#6956,#6957,#6958,#6959,#6960,#6961,
#6962,#6963,#6964,#6965,#6966,#6967,#6968,#6969,#6970,#6971,#6972,#6973,
#6974,#6975,#6976,#6977,#6978,#6979,#6980,#6981,#6982,#6983,#6984,#6985,
#6986,#6987,#6988,#6989,#6990,#6991,#6992,#6993,#6994,#6995,#6996,#6997,
#6998,#6999,#7000,#7001,#7002,#7003,#7004,#7005,#7006,#7007),
 .UNSPECIFIED.,.F.,.F.)
B_SPLINE_CURVE_WITH_KNOTS((4,3,3,3,3,3,3,3,3,3,3,3,3,3,3,3,3,3,4),(-816.823610053839,
-816.305232318373,-815.77218670723,-815.20599490377,-814.602662793816,-814.285470620783,
-814.031226229327,-813.694286455015,-813.348860193843,-812.999797624356,
-812.650735054868,-812.305308793696,-811.968369019384,-811.714124627929,
-811.396932454895,-810.793600344941,-810.227408541482,-809.694362930338,
-809.175985194873),.UNSPECIFIED.)
CURVE()
GEOMETRIC_REPRESENTATION_ITEM()
RATIONAL_B_SPLINE_CURVE((1.,1.,1.,1.,1.,1.,1.,1.,1.,1.,1.,1.,1.,1.,1.,1.,
1.,1.,1.,1.,1.,1.,1.,1.,1.,1.,1.,1.,1.,1.,1.,1.,1.,1.,1.,1.,1.,1.,1.,1.,
1.,1.,1.,1.,1.,1.,1.,1.,1.,1.,1.,1.,1.,1.,1.))
REPRESENTATION_ITEM('')
);
#2907=(
BOUNDED_CURVE()
B_SPLINE_CURVE(3,(#7008,#7009,#7010,#7011,#7012,#7013,#7014),
 .UNSPECIFIED.,.F.,.F.)
B_SPLINE_CURVE_WITH_KNOTS((4,3,4),(-801.284496175848,-800.988286589179,
-800.871343431057),.UNSPECIFIED.)
CURVE()
GEOMETRIC_REPRESENTATION_ITEM()
RATIONAL_B_SPLINE_CURVE((1.,1.,1.,1.,1.,1.,1.))
REPRESENTATION_ITEM('')
);
#2908=(
BOUNDED_CURVE()
B_SPLINE_CURVE(3,(#7015,#7016,#7017,#7018,#7019,#7020,#7021),
 .UNSPECIFIED.,.F.,.F.)
B_SPLINE_CURVE_WITH_KNOTS((4,3,4),(-1077.35121010948,-1077.23426695136,
-1076.93805736469),.UNSPECIFIED.)
CURVE()
GEOMETRIC_REPRESENTATION_ITEM()
RATIONAL_B_SPLINE_CURVE((1.,1.,1.,1.,1.,1.,1.))
REPRESENTATION_ITEM('')
);
#2909=(
BOUNDED_CURVE()
B_SPLINE_CURVE(3,(#7022,#7023,#7024,#7025),.UNSPECIFIED.,.F.,.F.)
B_SPLINE_CURVE_WITH_KNOTS((4,4),(-1076.93805736469,-1071.68325561701),
 .UNSPECIFIED.)
CURVE()
GEOMETRIC_REPRESENTATION_ITEM()
RATIONAL_B_SPLINE_CURVE((1.,1.,1.,1.))
REPRESENTATION_ITEM('')
);
#2910=(
BOUNDED_CURVE()
B_SPLINE_CURVE(2,(#7026,#7027,#7028),.UNSPECIFIED.,.F.,.F.)
B_SPLINE_CURVE_WITH_KNOTS((3,3),(-1071.68325561701,-1063.82927398304),
 .UNSPECIFIED.)
CURVE()
GEOMETRIC_REPRESENTATION_ITEM()
RATIONAL_B_SPLINE_CURVE((1.,0.707106781186549,1.))
REPRESENTATION_ITEM('')
);
#2911=(
BOUNDED_CURVE()
B_SPLINE_CURVE(2,(#7029,#7030,#7031),.UNSPECIFIED.,.F.,.F.)
B_SPLINE_CURVE_WITH_KNOTS((3,3),(-993.829273983038,-985.975292349064),
 .UNSPECIFIED.)
CURVE()
GEOMETRIC_REPRESENTATION_ITEM()
RATIONAL_B_SPLINE_CURVE((1.,0.707106781186555,1.))
REPRESENTATION_ITEM('')
);
#2912=(
BOUNDED_CURVE()
B_SPLINE_CURVE(3,(#7032,#7033,#7034,#7035),.UNSPECIFIED.,.F.,.F.)
B_SPLINE_CURVE_WITH_KNOTS((4,4),(-985.975292349064,-980.720490601388),
 .UNSPECIFIED.)
CURVE()
GEOMETRIC_REPRESENTATION_ITEM()
RATIONAL_B_SPLINE_CURVE((1.,1.,1.,1.))
REPRESENTATION_ITEM('')
);
#2913=(
BOUNDED_CURVE()
B_SPLINE_CURVE(3,(#7036,#7037,#7038,#7039,#7040,#7041,#7042),
 .UNSPECIFIED.,.F.,.F.)
B_SPLINE_CURVE_WITH_KNOTS((4,3,4),(-980.720490601388,-980.42428101472,-980.307337856597),
 .UNSPECIFIED.)
CURVE()
GEOMETRIC_REPRESENTATION_ITEM()
RATIONAL_B_SPLINE_CURVE((1.,1.,1.,1.,1.,1.,1.))
REPRESENTATION_ITEM('')
);
#2914=(
BOUNDED_CURVE()
B_SPLINE_CURVE(3,(#7043,#7044,#7045,#7046),.UNSPECIFIED.,.F.,.F.)
B_SPLINE_CURVE_WITH_KNOTS((4,4),(-978.35369522416,-970.462206205135),
 .UNSPECIFIED.)
CURVE()
GEOMETRIC_REPRESENTATION_ITEM()
RATIONAL_B_SPLINE_CURVE((1.,1.,1.,1.))
REPRESENTATION_ITEM('')
);
#2915=(
BOUNDED_CURVE()
B_SPLINE_CURVE(3,(#7047,#7048,#7049,#7050,#7051,#7052,#7053,#7054,#7055,
#7056,#7057,#7058,#7059,#7060,#7061,#7062,#7063,#7064,#7065,#7066,#7067,
#7068,#7069,#7070,#7071,#7072,#7073,#7074,#7075,#7076,#7077,#7078,#7079,
#7080,#7081,#7082,#7083,#7084,#7085,#7086,#7087,#7088,#7089,#7090,#7091,
#7092,#7093,#7094,#7095,#7096,#7097,#7098,#7099,#7100,#7101),
 .UNSPECIFIED.,.F.,.F.)
B_SPLINE_CURVE_WITH_KNOTS((4,3,3,3,3,3,3,3,3,3,3,3,3,3,3,3,3,3,4),(-970.462206205135,
-969.94382846967,-969.410782858526,-968.844591055067,-968.241258945113,
-967.92406677208,-967.669822380624,-967.332882606312,-966.98745634514,-966.638393775653,
-966.289331206165,-965.943904944993,-965.606965170681,-965.352720779225,
-965.035528606192,-964.432196496238,-963.866004692778,-963.332959081635,
-962.81458134617),.UNSPECIFIED.)
CURVE()
GEOMETRIC_REPRESENTATION_ITEM()
RATIONAL_B_SPLINE_CURVE((1.,1.,1.,1.,1.,1.,1.,1.,1.,1.,1.,1.,1.,1.,1.,1.,
1.,1.,1.,1.,1.,1.,1.,1.,1.,1.,1.,1.,1.,1.,1.,1.,1.,1.,1.,1.,1.,1.,1.,1.,
1.,1.,1.,1.,1.,1.,1.,1.,1.,1.,1.,1.,1.,1.,1.))
REPRESENTATION_ITEM('')
);
#2916=(
BOUNDED_CURVE()
B_SPLINE_CURVE(3,(#7102,#7103,#7104,#7105),.UNSPECIFIED.,.F.,.F.)
B_SPLINE_CURVE_WITH_KNOTS((4,4),(-962.81458134617,-962.124184841522),
 .UNSPECIFIED.)
CURVE()
GEOMETRIC_REPRESENTATION_ITEM()
RATIONAL_B_SPLINE_CURVE((1.,1.,1.,1.))
REPRESENTATION_ITEM('')
);
#2917=(
BOUNDED_CURVE()
B_SPLINE_CURVE(3,(#7106,#7107,#7108,#7109,#7110,#7111,#7112,#7113,#7114,
#7115,#7116,#7117,#7118,#7119,#7120,#7121,#7122,#7123,#7124,#7125,#7126,
#7127,#7128,#7129,#7130,#7131,#7132,#7133,#7134,#7135,#7136,#7137,#7138,
#7139,#7140,#7141,#7142,#7143,#7144,#7145,#7146,#7147,#7148,#7149,#7150,
#7151,#7152,#7153,#7154,#7155,#7156,#7157,#7158,#7159,#7160),
 .UNSPECIFIED.,.F.,.F.)
B_SPLINE_CURVE_WITH_KNOTS((4,3,3,3,3,3,3,3,3,3,3,3,3,3,3,3,3,3,4),(-955.833788336873,
-955.315410601408,-954.782364990264,-954.216173186805,-953.612841076851,
-953.295648903817,-953.041404512362,-952.70446473805,-952.359038476877,
-952.00997590739,-951.660913337903,-951.315487076731,-950.978547302419,
-950.724302910963,-950.40711073793,-949.803778627976,-949.237586824516,
-948.704541213373,-948.186163477908),.UNSPECIFIED.)
CURVE()
GEOMETRIC_REPRESENTATION_ITEM()
RATIONAL_B_SPLINE_CURVE((1.,1.,1.,1.,1.,1.,1.,1.,1.,1.,1.,1.,1.,1.,1.,1.,
1.,1.,1.,1.,1.,1.,1.,1.,1.,1.,1.,1.,1.,1.,1.,1.,1.,1.,1.,1.,1.,1.,1.,1.,
1.,1.,1.,1.,1.,1.,1.,1.,1.,1.,1.,1.,1.,1.,1.))
REPRESENTATION_ITEM('')
);
#2918=(
BOUNDED_CURVE()
B_SPLINE_CURVE(3,(#7161,#7162,#7163,#7164),.UNSPECIFIED.,.F.,.F.)
B_SPLINE_CURVE_WITH_KNOTS((4,4),(-948.186163477908,-940.294674458883),
 .UNSPECIFIED.)
CURVE()
GEOMETRIC_REPRESENTATION_ITEM()
RATIONAL_B_SPLINE_CURVE((1.,1.,1.,1.))
REPRESENTATION_ITEM('')
);
#2919=(
BOUNDED_CURVE()
B_SPLINE_CURVE(3,(#7165,#7166,#7167,#7168,#7169,#7170,#7171),
 .UNSPECIFIED.,.F.,.F.)
B_SPLINE_CURVE_WITH_KNOTS((4,3,4),(-940.294674458883,-939.998464872214,
-939.881521714092),.UNSPECIFIED.)
CURVE()
GEOMETRIC_REPRESENTATION_ITEM()
RATIONAL_B_SPLINE_CURVE((1.,1.,1.,1.,1.,1.,1.))
REPRESENTATION_ITEM('')
);
#2920=(
BOUNDED_CURVE()
B_SPLINE_CURVE(3,(#7172,#7173,#7174,#7175),.UNSPECIFIED.,.F.,.F.)
B_SPLINE_CURVE_WITH_KNOTS((4,4),(-937.927879081655,-932.673077333979),
 .UNSPECIFIED.)
CURVE()
GEOMETRIC_REPRESENTATION_ITEM()
RATIONAL_B_SPLINE_CURVE((1.,1.,1.,1.))
REPRESENTATION_ITEM('')
);
#2921=(
BOUNDED_CURVE()
B_SPLINE_CURVE(2,(#7176,#7177,#7178),.UNSPECIFIED.,.F.,.F.)
B_SPLINE_CURVE_WITH_KNOTS((3,3),(-932.673077333979,-924.819095700004),
 .UNSPECIFIED.)
CURVE()
GEOMETRIC_REPRESENTATION_ITEM()
RATIONAL_B_SPLINE_CURVE((1.,0.707106781186545,1.))
REPRESENTATION_ITEM('')
);
#2922=(
BOUNDED_CURVE()
B_SPLINE_CURVE(2,(#7179,#7180,#7181),.UNSPECIFIED.,.F.,.F.)
B_SPLINE_CURVE_WITH_KNOTS((3,3),(-854.819095700004,-846.96511406603),
 .UNSPECIFIED.)
CURVE()
GEOMETRIC_REPRESENTATION_ITEM()
RATIONAL_B_SPLINE_CURVE((1.,0.70710678118655,1.))
REPRESENTATION_ITEM('')
);
#2923=(
BOUNDED_CURVE()
B_SPLINE_CURVE(3,(#7182,#7183,#7184,#7185),.UNSPECIFIED.,.F.,.F.)
B_SPLINE_CURVE_WITH_KNOTS((4,4),(-846.96511406603,-841.710312318354),
 .UNSPECIFIED.)
CURVE()
GEOMETRIC_REPRESENTATION_ITEM()
RATIONAL_B_SPLINE_CURVE((1.,1.,1.,1.))
REPRESENTATION_ITEM('')
);
#2924=(
BOUNDED_CURVE()
B_SPLINE_CURVE(3,(#7186,#7187,#7188,#7189,#7190,#7191,#7192),
 .UNSPECIFIED.,.F.,.F.)
B_SPLINE_CURVE_WITH_KNOTS((4,3,4),(-841.710312318354,-841.414102731685,
-841.297159573562),.UNSPECIFIED.)
CURVE()
GEOMETRIC_REPRESENTATION_ITEM()
RATIONAL_B_SPLINE_CURVE((1.,1.,1.,1.,1.,1.,1.))
REPRESENTATION_ITEM('')
);
#2925=(
BOUNDED_CURVE()
B_SPLINE_CURVE(3,(#7193,#7194,#7195,#7196),.UNSPECIFIED.,.F.,.F.)
B_SPLINE_CURVE_WITH_KNOTS((4,4),(-839.343516941125,-831.452027922101),
 .UNSPECIFIED.)
CURVE()
GEOMETRIC_REPRESENTATION_ITEM()
RATIONAL_B_SPLINE_CURVE((1.,1.,1.,1.))
REPRESENTATION_ITEM('')
);
#2926=(
BOUNDED_CURVE()
B_SPLINE_CURVE(3,(#7197,#7198,#7199,#7200,#7201,#7202,#7203,#7204,#7205,
#7206,#7207,#7208,#7209,#7210,#7211,#7212,#7213,#7214,#7215,#7216,#7217,
#7218,#7219,#7220,#7221,#7222,#7223,#7224,#7225,#7226,#7227,#7228,#7229,
#7230,#7231,#7232,#7233,#7234,#7235,#7236,#7237,#7238,#7239,#7240,#7241,
#7242,#7243,#7244,#7245,#7246,#7247,#7248,#7249,#7250,#7251),
 .UNSPECIFIED.,.F.,.F.)
B_SPLINE_CURVE_WITH_KNOTS((4,3,3,3,3,3,3,3,3,3,3,3,3,3,3,3,3,3,4),(-831.452027922101,
-830.933650186635,-830.400604575492,-829.834412772032,-829.231080662079,
-828.913888489045,-828.659644097589,-828.322704323277,-827.977278062105,
-827.628215492618,-827.27915292313,-826.933726661958,-826.596786887647,
-826.342542496191,-826.025350323157,-825.422018213203,-824.855826409744,
-824.322780798601,-823.804403063135),.UNSPECIFIED.)
CURVE()
GEOMETRIC_REPRESENTATION_ITEM()
RATIONAL_B_SPLINE_CURVE((1.,1.,1.,1.,1.,1.,1.,1.,1.,1.,1.,1.,1.,1.,1.,1.,
1.,1.,1.,1.,1.,1.,1.,1.,1.,1.,1.,1.,1.,1.,1.,1.,1.,1.,1.,1.,1.,1.,1.,1.,
1.,1.,1.,1.,1.,1.,1.,1.,1.,1.,1.,1.,1.,1.,1.))
REPRESENTATION_ITEM('')
);
#2927=(
BOUNDED_CURVE()
B_SPLINE_CURVE(3,(#7252,#7253,#7254,#7255),.UNSPECIFIED.,.F.,.F.)
B_SPLINE_CURVE_WITH_KNOTS((4,4),(-823.804403063135,-823.114006558487),
 .UNSPECIFIED.)
CURVE()
GEOMETRIC_REPRESENTATION_ITEM()
RATIONAL_B_SPLINE_CURVE((1.,1.,1.,1.))
REPRESENTATION_ITEM('')
);
#2928=(
BOUNDED_CURVE()
B_SPLINE_CURVE(3,(#7256,#7257,#7258,#7259,#7260,#7261,#7262,#7263,#7264,
#7265,#7266,#7267,#7268,#7269,#7270,#7271,#7272,#7273,#7274,#7275,#7276,
#7277,#7278,#7279,#7280,#7281,#7282,#7283,#7284,#7285,#7286,#7287,#7288,
#7289,#7290,#7291,#7292,#7293,#7294,#7295,#7296,#7297,#7298,#7299,#7300,
#7301,#7302,#7303,#7304,#7305,#7306,#7307,#7308,#7309,#7310),
 .UNSPECIFIED.,.F.,.F.)
B_SPLINE_CURVE_WITH_KNOTS((4,3,3,3,3,3,3,3,3,3,3,3,3,3,3,3,3,3,4),(-816.823610053839,
-816.305232318373,-815.77218670723,-815.20599490377,-814.602662793816,-814.285470620783,
-814.031226229327,-813.694286455015,-813.348860193843,-812.999797624356,
-812.650735054868,-812.305308793696,-811.968369019384,-811.714124627929,
-811.396932454895,-810.793600344941,-810.227408541482,-809.694362930338,
-809.175985194873),.UNSPECIFIED.)
CURVE()
GEOMETRIC_REPRESENTATION_ITEM()
RATIONAL_B_SPLINE_CURVE((1.,1.,1.,1.,1.,1.,1.,1.,1.,1.,1.,1.,1.,1.,1.,1.,
1.,1.,1.,1.,1.,1.,1.,1.,1.,1.,1.,1.,1.,1.,1.,1.,1.,1.,1.,1.,1.,1.,1.,1.,
1.,1.,1.,1.,1.,1.,1.,1.,1.,1.,1.,1.,1.,1.,1.))
REPRESENTATION_ITEM('')
);
#2929=(
BOUNDED_CURVE()
B_SPLINE_CURVE(3,(#7311,#7312,#7313,#7314),.UNSPECIFIED.,.F.,.F.)
B_SPLINE_CURVE_WITH_KNOTS((4,4),(-809.175985194873,-801.284496175848),
 .UNSPECIFIED.)
CURVE()
GEOMETRIC_REPRESENTATION_ITEM()
RATIONAL_B_SPLINE_CURVE((1.,1.,1.,1.))
REPRESENTATION_ITEM('')
);
#2930=(
BOUNDED_CURVE()
B_SPLINE_CURVE(3,(#7315,#7316,#7317,#7318,#7319,#7320,#7321),
 .UNSPECIFIED.,.F.,.F.)
B_SPLINE_CURVE_WITH_KNOTS((4,3,4),(-801.284496175848,-800.988286589179,
-800.871343431057),.UNSPECIFIED.)
CURVE()
GEOMETRIC_REPRESENTATION_ITEM()
RATIONAL_B_SPLINE_CURVE((1.,1.,1.,1.,1.,1.,1.))
REPRESENTATION_ITEM('')
);
#2931=(
BOUNDED_CURVE()
B_SPLINE_CURVE(1,(#7322,#7323),.UNSPECIFIED.,.F.,.F.)
B_SPLINE_CURVE_WITH_KNOTS((2,2),(4.00000000000047,6.0000000000008),
 .UNSPECIFIED.)
CURVE()
GEOMETRIC_REPRESENTATION_ITEM()
RATIONAL_B_SPLINE_CURVE((1.,1.))
REPRESENTATION_ITEM('')
);
#2932=(
BOUNDED_CURVE()
B_SPLINE_CURVE(1,(#7324,#7325),.UNSPECIFIED.,.F.,.F.)
B_SPLINE_CURVE_WITH_KNOTS((2,2),(3.99999999999799,6.0000000000008),
 .UNSPECIFIED.)
CURVE()
GEOMETRIC_REPRESENTATION_ITEM()
RATIONAL_B_SPLINE_CURVE((1.,1.))
REPRESENTATION_ITEM('')
);
#2933=(
BOUNDED_CURVE()
B_SPLINE_CURVE(1,(#7326,#7327),.UNSPECIFIED.,.F.,.F.)
B_SPLINE_CURVE_WITH_KNOTS((2,2),(3.99999999999608,6.0000000000008),
 .UNSPECIFIED.)
CURVE()
GEOMETRIC_REPRESENTATION_ITEM()
RATIONAL_B_SPLINE_CURVE((1.,1.))
REPRESENTATION_ITEM('')
);
#2934=(
BOUNDED_CURVE()
B_SPLINE_CURVE(1,(#7328,#7329),.UNSPECIFIED.,.F.,.F.)
B_SPLINE_CURVE_WITH_KNOTS((2,2),(3.99999999999608,6.0000000000008),
 .UNSPECIFIED.)
CURVE()
GEOMETRIC_REPRESENTATION_ITEM()
RATIONAL_B_SPLINE_CURVE((1.,1.))
REPRESENTATION_ITEM('')
);
#2935=(
BOUNDED_CURVE()
B_SPLINE_CURVE(1,(#7330,#7331),.UNSPECIFIED.,.F.,.F.)
B_SPLINE_CURVE_WITH_KNOTS((2,2),(3.99999999999799,6.0000000000008),
 .UNSPECIFIED.)
CURVE()
GEOMETRIC_REPRESENTATION_ITEM()
RATIONAL_B_SPLINE_CURVE((1.,1.))
REPRESENTATION_ITEM('')
);
#2936=(
BOUNDED_CURVE()
B_SPLINE_CURVE(1,(#7332,#7333),.UNSPECIFIED.,.F.,.F.)
B_SPLINE_CURVE_WITH_KNOTS((2,2),(4.00000000000038,6.0000000000008),
 .UNSPECIFIED.)
CURVE()
GEOMETRIC_REPRESENTATION_ITEM()
RATIONAL_B_SPLINE_CURVE((1.,1.))
REPRESENTATION_ITEM('')
);
#2937=(
BOUNDED_CURVE()
B_SPLINE_CURVE(1,(#7334,#7335),.UNSPECIFIED.,.F.,.F.)
B_SPLINE_CURVE_WITH_KNOTS((2,2),(4.0000000000007,6.0000000000008),
 .UNSPECIFIED.)
CURVE()
GEOMETRIC_REPRESENTATION_ITEM()
RATIONAL_B_SPLINE_CURVE((1.,1.))
REPRESENTATION_ITEM('')
);
#2938=(
BOUNDED_CURVE()
B_SPLINE_CURVE(1,(#7336,#7337),.UNSPECIFIED.,.F.,.F.)
B_SPLINE_CURVE_WITH_KNOTS((2,2),(4.00000000000175,6.0000000000008),
 .UNSPECIFIED.)
CURVE()
GEOMETRIC_REPRESENTATION_ITEM()
RATIONAL_B_SPLINE_CURVE((1.,1.))
REPRESENTATION_ITEM('')
);
#2939=(
BOUNDED_CURVE()
B_SPLINE_CURVE(1,(#7338,#7339),.UNSPECIFIED.,.F.,.F.)
B_SPLINE_CURVE_WITH_KNOTS((2,2),(4.00000000000333,6.0000000000008),
 .UNSPECIFIED.)
CURVE()
GEOMETRIC_REPRESENTATION_ITEM()
RATIONAL_B_SPLINE_CURVE((1.,1.))
REPRESENTATION_ITEM('')
);
#2940=(
BOUNDED_CURVE()
B_SPLINE_CURVE(1,(#7340,#7341),.UNSPECIFIED.,.F.,.F.)
B_SPLINE_CURVE_WITH_KNOTS((2,2),(4.00000000000437,6.0000000000008),
 .UNSPECIFIED.)
CURVE()
GEOMETRIC_REPRESENTATION_ITEM()
RATIONAL_B_SPLINE_CURVE((1.,1.))
REPRESENTATION_ITEM('')
);
#2941=(
BOUNDED_CURVE()
B_SPLINE_CURVE(1,(#7342,#7343),.UNSPECIFIED.,.F.,.F.)
B_SPLINE_CURVE_WITH_KNOTS((2,2),(4.00000000000437,6.0000000000008),
 .UNSPECIFIED.)
CURVE()
GEOMETRIC_REPRESENTATION_ITEM()
RATIONAL_B_SPLINE_CURVE((1.,1.))
REPRESENTATION_ITEM('')
);
#2942=(
BOUNDED_CURVE()
B_SPLINE_CURVE(1,(#7344,#7345),.UNSPECIFIED.,.F.,.F.)
B_SPLINE_CURVE_WITH_KNOTS((2,2),(4.00000000000708,6.0000000000008),
 .UNSPECIFIED.)
CURVE()
GEOMETRIC_REPRESENTATION_ITEM()
RATIONAL_B_SPLINE_CURVE((1.,1.))
REPRESENTATION_ITEM('')
);
#2943=(
BOUNDED_CURVE()
B_SPLINE_CURVE(1,(#7346,#7347),.UNSPECIFIED.,.F.,.F.)
B_SPLINE_CURVE_WITH_KNOTS((2,2),(4.00000000000899,6.0000000000008),
 .UNSPECIFIED.)
CURVE()
GEOMETRIC_REPRESENTATION_ITEM()
RATIONAL_B_SPLINE_CURVE((1.,1.))
REPRESENTATION_ITEM('')
);
#2944=(
BOUNDED_CURVE()
B_SPLINE_CURVE(1,(#7348,#7349),.UNSPECIFIED.,.F.,.F.)
B_SPLINE_CURVE_WITH_KNOTS((2,2),(4.00000000000899,6.0000000000008),
 .UNSPECIFIED.)
CURVE()
GEOMETRIC_REPRESENTATION_ITEM()
RATIONAL_B_SPLINE_CURVE((1.,1.))
REPRESENTATION_ITEM('')
);
#2945=(
BOUNDED_CURVE()
B_SPLINE_CURVE(1,(#7350,#7351),.UNSPECIFIED.,.F.,.F.)
B_SPLINE_CURVE_WITH_KNOTS((2,2),(4.00000000000708,6.0000000000008),
 .UNSPECIFIED.)
CURVE()
GEOMETRIC_REPRESENTATION_ITEM()
RATIONAL_B_SPLINE_CURVE((1.,1.))
REPRESENTATION_ITEM('')
);
#2946=(
BOUNDED_CURVE()
B_SPLINE_CURVE(1,(#7352,#7353),.UNSPECIFIED.,.F.,.F.)
B_SPLINE_CURVE_WITH_KNOTS((2,2),(4.0000000000047,6.0000000000008),
 .UNSPECIFIED.)
CURVE()
GEOMETRIC_REPRESENTATION_ITEM()
RATIONAL_B_SPLINE_CURVE((1.,1.))
REPRESENTATION_ITEM('')
);
#2947=(
BOUNDED_CURVE()
B_SPLINE_CURVE(1,(#7354,#7355),.UNSPECIFIED.,.F.,.F.)
B_SPLINE_CURVE_WITH_KNOTS((2,2),(4.00000000000437,6.0000000000008),
 .UNSPECIFIED.)
CURVE()
GEOMETRIC_REPRESENTATION_ITEM()
RATIONAL_B_SPLINE_CURVE((1.,1.))
REPRESENTATION_ITEM('')
);
#2948=(
BOUNDED_CURVE()
B_SPLINE_CURVE(1,(#7356,#7357),.UNSPECIFIED.,.F.,.F.)
B_SPLINE_CURVE_WITH_KNOTS((2,2),(4.00000000000333,6.0000000000008),
 .UNSPECIFIED.)
CURVE()
GEOMETRIC_REPRESENTATION_ITEM()
RATIONAL_B_SPLINE_CURVE((1.,1.))
REPRESENTATION_ITEM('')
);
#2949=(
BOUNDED_CURVE()
B_SPLINE_CURVE(1,(#7358,#7359),.UNSPECIFIED.,.F.,.F.)
B_SPLINE_CURVE_WITH_KNOTS((2,2),(4.00000000000175,6.0000000000008),
 .UNSPECIFIED.)
CURVE()
GEOMETRIC_REPRESENTATION_ITEM()
RATIONAL_B_SPLINE_CURVE((1.,1.))
REPRESENTATION_ITEM('')
);
#2950=(
BOUNDED_CURVE()
B_SPLINE_CURVE(1,(#7360,#7361),.UNSPECIFIED.,.F.,.F.)
B_SPLINE_CURVE_WITH_KNOTS((2,2),(4.0000000000007,6.0000000000008),
 .UNSPECIFIED.)
CURVE()
GEOMETRIC_REPRESENTATION_ITEM()
RATIONAL_B_SPLINE_CURVE((1.,1.))
REPRESENTATION_ITEM('')
);
#2951=(
BOUNDED_CURVE()
B_SPLINE_CURVE(1,(#7362,#7363),.UNSPECIFIED.,.F.,.F.)
B_SPLINE_CURVE_WITH_KNOTS((2,2),(4.0000000000007,6.0000000000008),
 .UNSPECIFIED.)
CURVE()
GEOMETRIC_REPRESENTATION_ITEM()
RATIONAL_B_SPLINE_CURVE((1.,1.))
REPRESENTATION_ITEM('')
);
#2952=(
BOUNDED_CURVE()
B_SPLINE_CURVE(3,(#7366,#7367,#7368,#7369,#7370,#7371,#7372),
 .UNSPECIFIED.,.F.,.F.)
B_SPLINE_CURVE_WITH_KNOTS((4,3,4),(-1077.35121010948,-1077.23426695136,
-1076.93805736469),.UNSPECIFIED.)
CURVE()
GEOMETRIC_REPRESENTATION_ITEM()
RATIONAL_B_SPLINE_CURVE((1.,1.,1.,1.,1.,1.,1.))
REPRESENTATION_ITEM('')
);
#2953=(
BOUNDED_CURVE()
B_SPLINE_CURVE(3,(#7373,#7374,#7375,#7376),.UNSPECIFIED.,.F.,.F.)
B_SPLINE_CURVE_WITH_KNOTS((4,4),(-1076.93805736469,-1071.68325561701),
 .UNSPECIFIED.)
CURVE()
GEOMETRIC_REPRESENTATION_ITEM()
RATIONAL_B_SPLINE_CURVE((1.,1.,1.,1.))
REPRESENTATION_ITEM('')
);
#2954=(
BOUNDED_CURVE()
B_SPLINE_CURVE(3,(#7379,#7380,#7381,#7382),.UNSPECIFIED.,.F.,.F.)
B_SPLINE_CURVE_WITH_KNOTS((4,4),(-1071.68325561701,-1063.82927398304),
 .UNSPECIFIED.)
CURVE()
GEOMETRIC_REPRESENTATION_ITEM()
RATIONAL_B_SPLINE_CURVE((1.,0.804737854124367,0.804737854124367,1.))
REPRESENTATION_ITEM('')
);
#2955=(
BOUNDED_CURVE()
B_SPLINE_CURVE(3,(#7387,#7388,#7389,#7390),.UNSPECIFIED.,.F.,.F.)
B_SPLINE_CURVE_WITH_KNOTS((4,4),(-993.829273983038,-985.975292349064),
 .UNSPECIFIED.)
CURVE()
GEOMETRIC_REPRESENTATION_ITEM()
RATIONAL_B_SPLINE_CURVE((1.,0.804737854124367,0.804737854124367,1.))
REPRESENTATION_ITEM('')
);
#2956=(
BOUNDED_CURVE()
B_SPLINE_CURVE(3,(#7393,#7394,#7395,#7396),.UNSPECIFIED.,.F.,.F.)
B_SPLINE_CURVE_WITH_KNOTS((4,4),(-985.975292349064,-980.720490601388),
 .UNSPECIFIED.)
CURVE()
GEOMETRIC_REPRESENTATION_ITEM()
RATIONAL_B_SPLINE_CURVE((1.,1.,1.,1.))
REPRESENTATION_ITEM('')
);
#2957=(
BOUNDED_CURVE()
B_SPLINE_CURVE(3,(#7399,#7400,#7401,#7402,#7403,#7404,#7405),
 .UNSPECIFIED.,.F.,.F.)
B_SPLINE_CURVE_WITH_KNOTS((4,3,4),(-980.720490601388,-980.42428101472,-980.307337856596),
 .UNSPECIFIED.)
CURVE()
GEOMETRIC_REPRESENTATION_ITEM()
RATIONAL_B_SPLINE_CURVE((1.,1.,1.,1.,1.,1.,1.))
REPRESENTATION_ITEM('')
);
#2958=(
BOUNDED_CURVE()
B_SPLINE_CURVE(3,(#7406,#7407,#7408,#7409),.UNSPECIFIED.,.F.,.F.)
B_SPLINE_CURVE_WITH_KNOTS((4,4),(-978.35369522416,-970.462206205135),
 .UNSPECIFIED.)
CURVE()
GEOMETRIC_REPRESENTATION_ITEM()
RATIONAL_B_SPLINE_CURVE((1.,1.,1.,1.))
REPRESENTATION_ITEM('')
);
#2959=(
BOUNDED_CURVE()
B_SPLINE_CURVE(3,(#7412,#7413,#7414,#7415,#7416,#7417,#7418,#7419,#7420,
#7421,#7422,#7423,#7424,#7425,#7426,#7427,#7428,#7429,#7430,#7431,#7432,
#7433,#7434,#7435,#7436,#7437,#7438,#7439,#7440,#7441,#7442,#7443,#7444,
#7445,#7446,#7447,#7448,#7449,#7450,#7451,#7452,#7453,#7454,#7455,#7456,
#7457,#7458,#7459,#7460,#7461,#7462,#7463,#7464,#7465,#7466),
 .UNSPECIFIED.,.F.,.F.)
B_SPLINE_CURVE_WITH_KNOTS((4,3,3,3,3,3,3,3,3,3,3,3,3,3,3,3,3,3,4),(-970.462206205135,
-969.94382846967,-969.410782858526,-968.844591055067,-968.241258945113,
-967.92406677208,-967.669822380624,-967.332882606312,-966.98745634514,-966.638393775653,
-966.289331206165,-965.943904944993,-965.606965170681,-965.352720779225,
-965.035528606192,-964.432196496238,-963.866004692778,-963.332959081635,
-962.81458134617),.UNSPECIFIED.)
CURVE()
GEOMETRIC_REPRESENTATION_ITEM()
RATIONAL_B_SPLINE_CURVE((1.,1.,1.,1.,1.,1.,1.,1.,1.,1.,1.,1.,1.,1.,1.,1.,
1.,1.,1.,1.,1.,1.,1.,1.,1.,1.,1.,1.,1.,1.,1.,1.,1.,1.,1.,1.,1.,1.,1.,1.,
1.,1.,1.,1.,1.,1.,1.,1.,1.,1.,1.,1.,1.,1.,1.))
REPRESENTATION_ITEM('')
);
#2960=(
BOUNDED_CURVE()
B_SPLINE_CURVE(3,(#7469,#7470,#7471,#7472),.UNSPECIFIED.,.F.,.F.)
B_SPLINE_CURVE_WITH_KNOTS((4,4),(-962.81458134617,-962.124184841522),
 .UNSPECIFIED.)
CURVE()
GEOMETRIC_REPRESENTATION_ITEM()
RATIONAL_B_SPLINE_CURVE((1.,1.,1.,1.))
REPRESENTATION_ITEM('')
);
#2961=(
BOUNDED_CURVE()
B_SPLINE_CURVE(3,(#7475,#7476,#7477,#7478,#7479,#7480,#7481,#7482,#7483,
#7484,#7485,#7486,#7487,#7488,#7489,#7490,#7491,#7492,#7493,#7494,#7495,
#7496,#7497,#7498,#7499,#7500,#7501,#7502,#7503,#7504,#7505,#7506,#7507,
#7508,#7509,#7510,#7511,#7512,#7513,#7514,#7515,#7516,#7517,#7518,#7519,
#7520,#7521,#7522,#7523,#7524,#7525,#7526,#7527,#7528,#7529),
 .UNSPECIFIED.,.F.,.F.)
B_SPLINE_CURVE_WITH_KNOTS((4,3,3,3,3,3,3,3,3,3,3,3,3,3,3,3,3,3,4),(-955.833788336873,
-955.315410601408,-954.782364990264,-954.216173186805,-953.612841076851,
-953.295648903817,-953.041404512362,-952.70446473805,-952.359038476877,
-952.00997590739,-951.660913337903,-951.315487076731,-950.978547302419,
-950.724302910963,-950.40711073793,-949.803778627976,-949.237586824516,
-948.704541213373,-948.186163477908),.UNSPECIFIED.)
CURVE()
GEOMETRIC_REPRESENTATION_ITEM()
RATIONAL_B_SPLINE_CURVE((1.,1.,1.,1.,1.,1.,1.,1.,1.,1.,1.,1.,1.,1.,1.,1.,
1.,1.,1.,1.,1.,1.,1.,1.,1.,1.,1.,1.,1.,1.,1.,1.,1.,1.,1.,1.,1.,1.,1.,1.,
1.,1.,1.,1.,1.,1.,1.,1.,1.,1.,1.,1.,1.,1.,1.))
REPRESENTATION_ITEM('')
);
#2962=(
BOUNDED_CURVE()
B_SPLINE_CURVE(3,(#7532,#7533,#7534,#7535),.UNSPECIFIED.,.F.,.F.)
B_SPLINE_CURVE_WITH_KNOTS((4,4),(-948.186163477908,-940.294674458883),
 .UNSPECIFIED.)
CURVE()
GEOMETRIC_REPRESENTATION_ITEM()
RATIONAL_B_SPLINE_CURVE((1.,1.,1.,1.))
REPRESENTATION_ITEM('')
);
#2963=(
BOUNDED_CURVE()
B_SPLINE_CURVE(3,(#7538,#7539,#7540,#7541,#7542,#7543,#7544),
 .UNSPECIFIED.,.F.,.F.)
B_SPLINE_CURVE_WITH_KNOTS((4,3,4),(-940.294674458883,-939.998464872214,
-939.881521714092),.UNSPECIFIED.)
CURVE()
GEOMETRIC_REPRESENTATION_ITEM()
RATIONAL_B_SPLINE_CURVE((1.,1.,1.,1.,1.,1.,1.))
REPRESENTATION_ITEM('')
);
#2964=(
BOUNDED_CURVE()
B_SPLINE_CURVE(3,(#7545,#7546,#7547,#7548),.UNSPECIFIED.,.F.,.F.)
B_SPLINE_CURVE_WITH_KNOTS((4,4),(-937.927879081655,-932.673077333979),
 .UNSPECIFIED.)
CURVE()
GEOMETRIC_REPRESENTATION_ITEM()
RATIONAL_B_SPLINE_CURVE((1.,1.,1.,1.))
REPRESENTATION_ITEM('')
);
#2965=(
BOUNDED_CURVE()
B_SPLINE_CURVE(3,(#7551,#7552,#7553,#7554),.UNSPECIFIED.,.F.,.F.)
B_SPLINE_CURVE_WITH_KNOTS((4,4),(-932.673077333979,-924.819095700004),
 .UNSPECIFIED.)
CURVE()
GEOMETRIC_REPRESENTATION_ITEM()
RATIONAL_B_SPLINE_CURVE((1.,0.804737854124366,0.804737854124366,1.))
REPRESENTATION_ITEM('')
);
#2966=(
BOUNDED_CURVE()
B_SPLINE_CURVE(3,(#7559,#7560,#7561,#7562),.UNSPECIFIED.,.F.,.F.)
B_SPLINE_CURVE_WITH_KNOTS((4,4),(-854.819095700004,-846.96511406603),
 .UNSPECIFIED.)
CURVE()
GEOMETRIC_REPRESENTATION_ITEM()
RATIONAL_B_SPLINE_CURVE((1.,0.804737854124366,0.804737854124366,1.))
REPRESENTATION_ITEM('')
);
#2967=(
BOUNDED_CURVE()
B_SPLINE_CURVE(3,(#7565,#7566,#7567,#7568),.UNSPECIFIED.,.F.,.F.)
B_SPLINE_CURVE_WITH_KNOTS((4,4),(-846.96511406603,-841.710312318354),
 .UNSPECIFIED.)
CURVE()
GEOMETRIC_REPRESENTATION_ITEM()
RATIONAL_B_SPLINE_CURVE((1.,1.,1.,1.))
REPRESENTATION_ITEM('')
);
#2968=(
BOUNDED_CURVE()
B_SPLINE_CURVE(3,(#7571,#7572,#7573,#7574,#7575,#7576,#7577),
 .UNSPECIFIED.,.F.,.F.)
B_SPLINE_CURVE_WITH_KNOTS((4,3,4),(-841.710312318354,-841.414102731685,
-841.297159573562),.UNSPECIFIED.)
CURVE()
GEOMETRIC_REPRESENTATION_ITEM()
RATIONAL_B_SPLINE_CURVE((1.,1.,1.,1.,1.,1.,1.))
REPRESENTATION_ITEM('')
);
#2969=(
BOUNDED_CURVE()
B_SPLINE_CURVE(3,(#7578,#7579,#7580,#7581),.UNSPECIFIED.,.F.,.F.)
B_SPLINE_CURVE_WITH_KNOTS((4,4),(-839.343516941125,-831.452027922101),
 .UNSPECIFIED.)
CURVE()
GEOMETRIC_REPRESENTATION_ITEM()
RATIONAL_B_SPLINE_CURVE((1.,1.,1.,1.))
REPRESENTATION_ITEM('')
);
#2970=(
BOUNDED_CURVE()
B_SPLINE_CURVE(3,(#7584,#7585,#7586,#7587,#7588,#7589,#7590,#7591,#7592,
#7593,#7594,#7595,#7596,#7597,#7598,#7599,#7600,#7601,#7602,#7603,#7604,
#7605,#7606,#7607,#7608,#7609,#7610,#7611,#7612,#7613,#7614,#7615,#7616,
#7617,#7618,#7619,#7620,#7621,#7622,#7623,#7624,#7625,#7626,#7627,#7628,
#7629,#7630,#7631,#7632,#7633,#7634,#7635,#7636,#7637,#7638),
 .UNSPECIFIED.,.F.,.F.)
B_SPLINE_CURVE_WITH_KNOTS((4,3,3,3,3,3,3,3,3,3,3,3,3,3,3,3,3,3,4),(-831.452027922101,
-830.933650186635,-830.400604575492,-829.834412772032,-829.231080662079,
-828.913888489045,-828.659644097589,-828.322704323277,-827.977278062105,
-827.628215492618,-827.27915292313,-826.933726661958,-826.596786887647,
-826.342542496191,-826.025350323157,-825.422018213203,-824.855826409744,
-824.322780798601,-823.804403063135),.UNSPECIFIED.)
CURVE()
GEOMETRIC_REPRESENTATION_ITEM()
RATIONAL_B_SPLINE_CURVE((1.,1.,1.,1.,1.,1.,1.,1.,1.,1.,1.,1.,1.,1.,1.,1.,
1.,1.,1.,1.,1.,1.,1.,1.,1.,1.,1.,1.,1.,1.,1.,1.,1.,1.,1.,1.,1.,1.,1.,1.,
1.,1.,1.,1.,1.,1.,1.,1.,1.,1.,1.,1.,1.,1.,1.))
REPRESENTATION_ITEM('')
);
#2971=(
BOUNDED_CURVE()
B_SPLINE_CURVE(3,(#7641,#7642,#7643,#7644),.UNSPECIFIED.,.F.,.F.)
B_SPLINE_CURVE_WITH_KNOTS((4,4),(-823.804403063135,-823.114006558486),
 .UNSPECIFIED.)
CURVE()
GEOMETRIC_REPRESENTATION_ITEM()
RATIONAL_B_SPLINE_CURVE((1.,1.,1.,1.))
REPRESENTATION_ITEM('')
);
#2972=(
BOUNDED_CURVE()
B_SPLINE_CURVE(3,(#7647,#7648,#7649,#7650,#7651,#7652,#7653,#7654,#7655,
#7656,#7657,#7658,#7659,#7660,#7661,#7662,#7663,#7664,#7665,#7666,#7667,
#7668,#7669,#7670,#7671,#7672,#7673,#7674,#7675,#7676,#7677,#7678,#7679,
#7680,#7681,#7682,#7683,#7684,#7685,#7686,#7687,#7688,#7689,#7690,#7691,
#7692,#7693,#7694,#7695,#7696,#7697,#7698,#7699,#7700,#7701),
 .UNSPECIFIED.,.F.,.F.)
B_SPLINE_CURVE_WITH_KNOTS((4,3,3,3,3,3,3,3,3,3,3,3,3,3,3,3,3,3,4),(-816.823610053839,
-816.305232318373,-815.77218670723,-815.20599490377,-814.602662793816,-814.285470620783,
-814.031226229327,-813.694286455015,-813.348860193843,-812.999797624356,
-812.650735054868,-812.305308793696,-811.968369019384,-811.714124627929,
-811.396932454895,-810.793600344941,-810.227408541482,-809.694362930338,
-809.175985194873),.UNSPECIFIED.)
CURVE()
GEOMETRIC_REPRESENTATION_ITEM()
RATIONAL_B_SPLINE_CURVE((1.,1.,1.,1.,1.,1.,1.,1.,1.,1.,1.,1.,1.,1.,1.,1.,
1.,1.,1.,1.,1.,1.,1.,1.,1.,1.,1.,1.,1.,1.,1.,1.,1.,1.,1.,1.,1.,1.,1.,1.,
1.,1.,1.,1.,1.,1.,1.,1.,1.,1.,1.,1.,1.,1.,1.))
REPRESENTATION_ITEM('')
);
#2973=(
BOUNDED_CURVE()
B_SPLINE_CURVE(3,(#7704,#7705,#7706,#7707),.UNSPECIFIED.,.F.,.F.)
B_SPLINE_CURVE_WITH_KNOTS((4,4),(-809.175985194873,-801.284496175848),
 .UNSPECIFIED.)
CURVE()
GEOMETRIC_REPRESENTATION_ITEM()
RATIONAL_B_SPLINE_CURVE((1.,1.,1.,1.))
REPRESENTATION_ITEM('')
);
#2974=(
BOUNDED_CURVE()
B_SPLINE_CURVE(3,(#7710,#7711,#7712,#7713,#7714,#7715,#7716),
 .UNSPECIFIED.,.F.,.F.)
B_SPLINE_CURVE_WITH_KNOTS((4,3,4),(-801.284496175848,-800.988286589179,
-800.871343431057),.UNSPECIFIED.)
CURVE()
GEOMETRIC_REPRESENTATION_ITEM()
RATIONAL_B_SPLINE_CURVE((1.,1.,1.,1.,1.,1.,1.))
REPRESENTATION_ITEM('')
);
#2975=(
BOUNDED_CURVE()
B_SPLINE_CURVE(1,(#7717,#7718),.UNSPECIFIED.,.F.,.F.)
B_SPLINE_CURVE_WITH_KNOTS((2,2),(4.00000000000044,6.0000000000008),
 .UNSPECIFIED.)
CURVE()
GEOMETRIC_REPRESENTATION_ITEM()
RATIONAL_B_SPLINE_CURVE((1.,1.))
REPRESENTATION_ITEM('')
);
#2976=(
BOUNDED_CURVE()
B_SPLINE_CURVE(3,(#7719,#7720,#7721,#7722),.UNSPECIFIED.,.F.,.F.)
B_SPLINE_CURVE_WITH_KNOTS((4,4),(-980.307337856597,-978.76684796895),
 .UNSPECIFIED.)
CURVE()
GEOMETRIC_REPRESENTATION_ITEM()
RATIONAL_B_SPLINE_CURVE((1.,0.811826756032858,0.811826756032858,1.))
REPRESENTATION_ITEM('')
);
#2977=(
BOUNDED_CURVE()
B_SPLINE_CURVE(3,(#7723,#7724,#7725,#7726),.UNSPECIFIED.,.F.,.F.)
B_SPLINE_CURVE_WITH_KNOTS((4,4),(-980.307337856597,-978.76684796895),
 .UNSPECIFIED.)
CURVE()
GEOMETRIC_REPRESENTATION_ITEM()
RATIONAL_B_SPLINE_CURVE((1.,0.811826756032858,0.811826756032858,1.))
REPRESENTATION_ITEM('')
);
#2978=(
BOUNDED_CURVE()
B_SPLINE_CURVE(1,(#7727,#7728),.UNSPECIFIED.,.F.,.F.)
B_SPLINE_CURVE_WITH_KNOTS((2,2),(4.00000000000064,6.0000000000008),
 .UNSPECIFIED.)
CURVE()
GEOMETRIC_REPRESENTATION_ITEM()
RATIONAL_B_SPLINE_CURVE((1.,1.))
REPRESENTATION_ITEM('')
);
#2979=(
BOUNDED_CURVE()
B_SPLINE_CURVE(3,(#7729,#7730,#7731,#7732,#7733,#7734,#7735),
 .UNSPECIFIED.,.F.,.F.)
B_SPLINE_CURVE_WITH_KNOTS((4,3,4),(-978.76684796895,-978.649904810829,-978.35369522416),
 .UNSPECIFIED.)
CURVE()
GEOMETRIC_REPRESENTATION_ITEM()
RATIONAL_B_SPLINE_CURVE((1.,1.,1.,1.,1.,1.,1.))
REPRESENTATION_ITEM('')
);
#2980=(
BOUNDED_CURVE()
B_SPLINE_CURVE(1,(#7736,#7737),.UNSPECIFIED.,.F.,.F.)
B_SPLINE_CURVE_WITH_KNOTS((2,2),(4.00000000000443,6.0000000000008),
 .UNSPECIFIED.)
CURVE()
GEOMETRIC_REPRESENTATION_ITEM()
RATIONAL_B_SPLINE_CURVE((1.,1.))
REPRESENTATION_ITEM('')
);
#2981=(
BOUNDED_CURVE()
B_SPLINE_CURVE(3,(#7738,#7739,#7740,#7741),.UNSPECIFIED.,.F.,.F.)
B_SPLINE_CURVE_WITH_KNOTS((4,4),(-939.881521714092,-938.341031826446),
 .UNSPECIFIED.)
CURVE()
GEOMETRIC_REPRESENTATION_ITEM()
RATIONAL_B_SPLINE_CURVE((1.,0.811826756032979,0.811826756032976,1.))
REPRESENTATION_ITEM('')
);
#2982=(
BOUNDED_CURVE()
B_SPLINE_CURVE(3,(#7742,#7743,#7744,#7745),.UNSPECIFIED.,.F.,.F.)
B_SPLINE_CURVE_WITH_KNOTS((4,4),(-939.881521714092,-938.341031826446),
 .UNSPECIFIED.)
CURVE()
GEOMETRIC_REPRESENTATION_ITEM()
RATIONAL_B_SPLINE_CURVE((1.,0.811826756032979,0.811826756032976,1.))
REPRESENTATION_ITEM('')
);
#2983=(
BOUNDED_CURVE()
B_SPLINE_CURVE(1,(#7746,#7747),.UNSPECIFIED.,.F.,.F.)
B_SPLINE_CURVE_WITH_KNOTS((2,2),(4.00000000000464,6.0000000000008),
 .UNSPECIFIED.)
CURVE()
GEOMETRIC_REPRESENTATION_ITEM()
RATIONAL_B_SPLINE_CURVE((1.,1.))
REPRESENTATION_ITEM('')
);
#2984=(
BOUNDED_CURVE()
B_SPLINE_CURVE(3,(#7748,#7749,#7750,#7751,#7752,#7753,#7754),
 .UNSPECIFIED.,.F.,.F.)
B_SPLINE_CURVE_WITH_KNOTS((4,3,4),(-938.341031826446,-938.224088668323,
-937.927879081655),.UNSPECIFIED.)
CURVE()
GEOMETRIC_REPRESENTATION_ITEM()
RATIONAL_B_SPLINE_CURVE((1.,1.,1.,1.,1.,1.,1.))
REPRESENTATION_ITEM('')
);
#2985=(
BOUNDED_CURVE()
B_SPLINE_CURVE(1,(#7755,#7756),.UNSPECIFIED.,.F.,.F.)
B_SPLINE_CURVE_WITH_KNOTS((2,2),(4.00000000000464,6.0000000000008),
 .UNSPECIFIED.)
CURVE()
GEOMETRIC_REPRESENTATION_ITEM()
RATIONAL_B_SPLINE_CURVE((1.,1.))
REPRESENTATION_ITEM('')
);
#2986=(
BOUNDED_CURVE()
B_SPLINE_CURVE(3,(#7757,#7758,#7759,#7760),.UNSPECIFIED.,.F.,.F.)
B_SPLINE_CURVE_WITH_KNOTS((4,4),(-841.297159573562,-839.756669685918),
 .UNSPECIFIED.)
CURVE()
GEOMETRIC_REPRESENTATION_ITEM()
RATIONAL_B_SPLINE_CURVE((1.,0.811826756033407,0.811826756033407,1.))
REPRESENTATION_ITEM('')
);
#2987=(
BOUNDED_CURVE()
B_SPLINE_CURVE(3,(#7761,#7762,#7763,#7764),.UNSPECIFIED.,.F.,.F.)
B_SPLINE_CURVE_WITH_KNOTS((4,4),(-841.297159573562,-839.756669685918),
 .UNSPECIFIED.)
CURVE()
GEOMETRIC_REPRESENTATION_ITEM()
RATIONAL_B_SPLINE_CURVE((1.,0.811826756033407,0.811826756033407,1.))
REPRESENTATION_ITEM('')
);
#2988=(
BOUNDED_CURVE()
B_SPLINE_CURVE(1,(#7765,#7766),.UNSPECIFIED.,.F.,.F.)
B_SPLINE_CURVE_WITH_KNOTS((2,2),(4.00000000000443,6.0000000000008),
 .UNSPECIFIED.)
CURVE()
GEOMETRIC_REPRESENTATION_ITEM()
RATIONAL_B_SPLINE_CURVE((1.,1.))
REPRESENTATION_ITEM('')
);
#2989=(
BOUNDED_CURVE()
B_SPLINE_CURVE(3,(#7767,#7768,#7769,#7770,#7771,#7772,#7773),
 .UNSPECIFIED.,.F.,.F.)
B_SPLINE_CURVE_WITH_KNOTS((4,3,4),(-839.756669685918,-839.639726527794,
-839.343516941125),.UNSPECIFIED.)
CURVE()
GEOMETRIC_REPRESENTATION_ITEM()
RATIONAL_B_SPLINE_CURVE((1.,1.,1.,1.,1.,1.,1.))
REPRESENTATION_ITEM('')
);
#2990=(
BOUNDED_CURVE()
B_SPLINE_CURVE(1,(#7774,#7775),.UNSPECIFIED.,.F.,.F.)
B_SPLINE_CURVE_WITH_KNOTS((2,2),(4.00000000000065,6.0000000000008),
 .UNSPECIFIED.)
CURVE()
GEOMETRIC_REPRESENTATION_ITEM()
RATIONAL_B_SPLINE_CURVE((1.,1.))
REPRESENTATION_ITEM('')
);
#2991=(
BOUNDED_CURVE()
B_SPLINE_CURVE(3,(#7776,#7777,#7778,#7779),.UNSPECIFIED.,.F.,.F.)
B_SPLINE_CURVE_WITH_KNOTS((4,4),(-800.871343431057,-799.33085354341),
 .UNSPECIFIED.)
CURVE()
GEOMETRIC_REPRESENTATION_ITEM()
RATIONAL_B_SPLINE_CURVE((1.,0.811826756032965,0.811826756032965,1.))
REPRESENTATION_ITEM('')
);
#2992=(
BOUNDED_CURVE()
B_SPLINE_CURVE(3,(#7780,#7781,#7782,#7783),.UNSPECIFIED.,.F.,.F.)
B_SPLINE_CURVE_WITH_KNOTS((4,4),(-800.871343431057,-799.33085354341),
 .UNSPECIFIED.)
CURVE()
GEOMETRIC_REPRESENTATION_ITEM()
RATIONAL_B_SPLINE_CURVE((1.,0.811826756032965,0.811826756032965,1.))
REPRESENTATION_ITEM('')
);
#2993=(
BOUNDED_CURVE()
B_SPLINE_CURVE(3,(#7786,#7787,#7788,#7789,#7790,#7791,#7792),
 .UNSPECIFIED.,.F.,.F.)
B_SPLINE_CURVE_WITH_KNOTS((4,3,4),(-978.76684796895,-978.649904810829,-978.35369522416),
 .UNSPECIFIED.)
CURVE()
GEOMETRIC_REPRESENTATION_ITEM()
RATIONAL_B_SPLINE_CURVE((1.,1.,1.,1.,1.,1.,1.))
REPRESENTATION_ITEM('')
);
#2994=(
BOUNDED_CURVE()
B_SPLINE_CURVE(3,(#7795,#7796,#7797,#7798),.UNSPECIFIED.,.F.,.F.)
B_SPLINE_CURVE_WITH_KNOTS((4,4),(-980.307337856596,-978.76684796895),
 .UNSPECIFIED.)
CURVE()
GEOMETRIC_REPRESENTATION_ITEM()
RATIONAL_B_SPLINE_CURVE((1.,0.811826756032881,0.811826756032883,1.))
REPRESENTATION_ITEM('')
);
#2995=(
BOUNDED_CURVE()
B_SPLINE_CURVE(3,(#7801,#7802,#7803,#7804,#7805,#7806,#7807),
 .UNSPECIFIED.,.F.,.F.)
B_SPLINE_CURVE_WITH_KNOTS((4,3,4),(-938.341031826446,-938.224088668323,
-937.927879081655),.UNSPECIFIED.)
CURVE()
GEOMETRIC_REPRESENTATION_ITEM()
RATIONAL_B_SPLINE_CURVE((1.,1.,1.,1.,1.,1.,1.))
REPRESENTATION_ITEM('')
);
#2996=(
BOUNDED_CURVE()
B_SPLINE_CURVE(3,(#7810,#7811,#7812,#7813),.UNSPECIFIED.,.F.,.F.)
B_SPLINE_CURVE_WITH_KNOTS((4,4),(-939.881521714092,-938.341031826446),
 .UNSPECIFIED.)
CURVE()
GEOMETRIC_REPRESENTATION_ITEM()
RATIONAL_B_SPLINE_CURVE((1.,0.811826756033001,0.811826756033001,1.))
REPRESENTATION_ITEM('')
);
#2997=(
BOUNDED_CURVE()
B_SPLINE_CURVE(3,(#7816,#7817,#7818,#7819,#7820,#7821,#7822),
 .UNSPECIFIED.,.F.,.F.)
B_SPLINE_CURVE_WITH_KNOTS((4,3,4),(-839.756669685918,-839.639726527794,
-839.343516941125),.UNSPECIFIED.)
CURVE()
GEOMETRIC_REPRESENTATION_ITEM()
RATIONAL_B_SPLINE_CURVE((1.,1.,1.,1.,1.,1.,1.))
REPRESENTATION_ITEM('')
);
#2998=(
BOUNDED_CURVE()
B_SPLINE_CURVE(3,(#7825,#7826,#7827,#7828),.UNSPECIFIED.,.F.,.F.)
B_SPLINE_CURVE_WITH_KNOTS((4,4),(-841.297159573562,-839.756669685918),
 .UNSPECIFIED.)
CURVE()
GEOMETRIC_REPRESENTATION_ITEM()
RATIONAL_B_SPLINE_CURVE((1.,0.811826756033407,0.811826756033407,1.))
REPRESENTATION_ITEM('')
);
#2999=(
BOUNDED_CURVE()
B_SPLINE_CURVE(3,(#7831,#7832,#7833,#7834),.UNSPECIFIED.,.F.,.F.)
B_SPLINE_CURVE_WITH_KNOTS((4,4),(-800.871343431057,-799.33085354341),
 .UNSPECIFIED.)
CURVE()
GEOMETRIC_REPRESENTATION_ITEM()
RATIONAL_B_SPLINE_CURVE((1.,0.811826756032965,0.811826756032965,1.))
REPRESENTATION_ITEM('')
);
#3000=(
BOUNDED_CURVE()
B_SPLINE_CURVE(3,(#7859,#7860,#7861,#7862),.UNSPECIFIED.,.F.,.F.)
B_SPLINE_CURVE_WITH_KNOTS((4,4),(-817.514006558487,-816.823610053839),
 .UNSPECIFIED.)
CURVE()
GEOMETRIC_REPRESENTATION_ITEM()
RATIONAL_B_SPLINE_CURVE((1.,1.,1.,1.))
REPRESENTATION_ITEM('')
);
#3001=(
BOUNDED_CURVE()
B_SPLINE_CURVE(3,(#7863,#7864,#7865,#7866),.UNSPECIFIED.,.F.,.F.)
B_SPLINE_CURVE_WITH_KNOTS((4,4),(-817.514006558486,-816.823610053839),
 .UNSPECIFIED.)
CURVE()
GEOMETRIC_REPRESENTATION_ITEM()
RATIONAL_B_SPLINE_CURVE((1.,1.,1.,1.))
REPRESENTATION_ITEM('')
);
#3002=(
BOUNDED_CURVE()
B_SPLINE_CURVE(3,(#7883,#7884,#7885,#7886),.UNSPECIFIED.,.F.,.F.)
B_SPLINE_CURVE_WITH_KNOTS((4,4),(-956.524184841521,-955.833788336873),
 .UNSPECIFIED.)
CURVE()
GEOMETRIC_REPRESENTATION_ITEM()
RATIONAL_B_SPLINE_CURVE((1.,1.,1.,1.))
REPRESENTATION_ITEM('')
);
#3003=(
BOUNDED_CURVE()
B_SPLINE_CURVE(3,(#7887,#7888,#7889,#7890),.UNSPECIFIED.,.F.,.F.)
B_SPLINE_CURVE_WITH_KNOTS((4,4),(-956.524184841522,-955.833788336873),
 .UNSPECIFIED.)
CURVE()
GEOMETRIC_REPRESENTATION_ITEM()
RATIONAL_B_SPLINE_CURVE((1.,1.,1.,1.))
REPRESENTATION_ITEM('')
);
#3004=(
BOUNDED_CURVE()
B_SPLINE_CURVE(2,(#8493,#8494,#8495,#8496,#8497),.UNSPECIFIED.,.F.,.F.)
B_SPLINE_CURVE_WITH_KNOTS((3,2,3),(-40.792815244393,-40.4142134342659,-40.0356116241388),
 .UNSPECIFIED.)
CURVE()
GEOMETRIC_REPRESENTATION_ITEM()
RATIONAL_B_SPLINE_CURVE((1.,0.807436179820024,1.,0.807436179820024,1.))
REPRESENTATION_ITEM('')
);
#3005=(
BOUNDED_CURVE()
B_SPLINE_CURVE(2,(#8498,#8499,#8500),.UNSPECIFIED.,.F.,.F.)
B_SPLINE_CURVE_WITH_KNOTS((3,3),(-79.2126413490489,-74.6866576929188),
 .UNSPECIFIED.)
CURVE()
GEOMETRIC_REPRESENTATION_ITEM()
RATIONAL_B_SPLINE_CURVE((1.,1.,1.))
REPRESENTATION_ITEM('')
);
#3006=(
BOUNDED_CURVE()
B_SPLINE_CURVE(2,(#8501,#8502,#8503),.UNSPECIFIED.,.F.,.F.)
B_SPLINE_CURVE_WITH_KNOTS((3,3),(-42.2386945894269,-42.1439198415344),
 .UNSPECIFIED.)
CURVE()
GEOMETRIC_REPRESENTATION_ITEM()
RATIONAL_B_SPLINE_CURVE((1.,1.,1.))
REPRESENTATION_ITEM('')
);
#3007=(
BOUNDED_CURVE()
B_SPLINE_CURVE(1,(#8504,#8505),.UNSPECIFIED.,.F.,.F.)
B_SPLINE_CURVE_WITH_KNOTS((2,2),(1.9999999999999,3.48253394283689),
 .UNSPECIFIED.)
CURVE()
GEOMETRIC_REPRESENTATION_ITEM()
RATIONAL_B_SPLINE_CURVE((1.,1.))
REPRESENTATION_ITEM('')
);
#3008=(
BOUNDED_CURVE()
B_SPLINE_CURVE(1,(#8506,#8507),.UNSPECIFIED.,.F.,.F.)
B_SPLINE_CURVE_WITH_KNOTS((2,2),(1.99999999999991,3.51217903602459),
 .UNSPECIFIED.)
CURVE()
GEOMETRIC_REPRESENTATION_ITEM()
RATIONAL_B_SPLINE_CURVE((1.,1.))
REPRESENTATION_ITEM('')
);
#3009=(
BOUNDED_CURVE()
B_SPLINE_CURVE(1,(#8508,#8509),.UNSPECIFIED.,.F.,.F.)
B_SPLINE_CURVE_WITH_KNOTS((2,2),(1.99999999999985,3.24048150618716),
 .UNSPECIFIED.)
CURVE()
GEOMETRIC_REPRESENTATION_ITEM()
RATIONAL_B_SPLINE_CURVE((1.,1.))
REPRESENTATION_ITEM('')
);
#3010=(
BOUNDED_CURVE()
B_SPLINE_CURVE(1,(#8510,#8511),.UNSPECIFIED.,.F.,.F.)
B_SPLINE_CURVE_WITH_KNOTS((2,2),(1.99999999999987,3.3240644991375),
 .UNSPECIFIED.)
CURVE()
GEOMETRIC_REPRESENTATION_ITEM()
RATIONAL_B_SPLINE_CURVE((1.,1.))
REPRESENTATION_ITEM('')
);
#3011=(
BOUNDED_CURVE()
B_SPLINE_CURVE(2,(#8529,#8530,#8531),.UNSPECIFIED.,.F.,.F.)
B_SPLINE_CURVE_WITH_KNOTS((3,3),(-42.5392233448364,-42.2386945894269),
 .UNSPECIFIED.)
CURVE()
GEOMETRIC_REPRESENTATION_ITEM()
RATIONAL_B_SPLINE_CURVE((1.,0.730787179409456,1.))
REPRESENTATION_ITEM('')
);
#3012=(
BOUNDED_CURVE()
B_SPLINE_CURVE(2,(#8532,#8533,#8534),.UNSPECIFIED.,.F.,.F.)
B_SPLINE_CURVE_WITH_KNOTS((3,3),(-52.2297819229697,-49.5550893072667),
 .UNSPECIFIED.)
CURVE()
GEOMETRIC_REPRESENTATION_ITEM()
RATIONAL_B_SPLINE_CURVE((1.,1.,1.))
REPRESENTATION_ITEM('')
);
#3013=(
BOUNDED_CURVE()
B_SPLINE_CURVE(2,(#8537,#8538,#8539),.UNSPECIFIED.,.F.,.F.)
B_SPLINE_CURVE_WITH_KNOTS((3,3),(-73.411964182299,-72.9950300530689),
 .UNSPECIFIED.)
CURVE()
GEOMETRIC_REPRESENTATION_ITEM()
RATIONAL_B_SPLINE_CURVE((1.,1.,1.))
REPRESENTATION_ITEM('')
);
#3014=(
BOUNDED_CURVE()
B_SPLINE_CURVE(2,(#8546,#8547,#8548,#8549,#8550),.UNSPECIFIED.,.F.,.F.)
B_SPLINE_CURVE_WITH_KNOTS((3,2,3),(-72.9950300530689,-72.8611000037116,
-72.7337257576927),.UNSPECIFIED.)
CURVE()
GEOMETRIC_REPRESENTATION_ITEM()
RATIONAL_B_SPLINE_CURVE((1.,0.901992677763746,0.901992677763746,0.906243861213829,
1.))
REPRESENTATION_ITEM('')
);
#3015=(
BOUNDED_CURVE()
B_SPLINE_CURVE(1,(#8559,#8560),.UNSPECIFIED.,.F.,.F.)
B_SPLINE_CURVE_WITH_KNOTS((2,2),(2.00318256377288,3.32376748935795),
 .UNSPECIFIED.)
CURVE()
GEOMETRIC_REPRESENTATION_ITEM()
RATIONAL_B_SPLINE_CURVE((1.,1.))
REPRESENTATION_ITEM('')
);
#3016=(
BOUNDED_CURVE()
B_SPLINE_CURVE(1,(#8561,#8562),.UNSPECIFIED.,.F.,.F.)
B_SPLINE_CURVE_WITH_KNOTS((2,2),(2.00318256377289,3.38301564064247),
 .UNSPECIFIED.)
CURVE()
GEOMETRIC_REPRESENTATION_ITEM()
RATIONAL_B_SPLINE_CURVE((1.,1.))
REPRESENTATION_ITEM('')
);
#3017=(
BOUNDED_CURVE()
B_SPLINE_CURVE(1,(#8563,#8564),.UNSPECIFIED.,.F.,.F.)
B_SPLINE_CURVE_WITH_KNOTS((2,2),(2.0031825637729,3.41457810698459),
 .UNSPECIFIED.)
CURVE()
GEOMETRIC_REPRESENTATION_ITEM()
RATIONAL_B_SPLINE_CURVE((1.,1.))
REPRESENTATION_ITEM('')
);
#3018=(
BOUNDED_CURVE()
B_SPLINE_CURVE(1,(#8565,#8566),.UNSPECIFIED.,.F.,.F.)
B_SPLINE_CURVE_WITH_KNOTS((2,2),(2.00318256377291,3.47137548639053),
 .UNSPECIFIED.)
CURVE()
GEOMETRIC_REPRESENTATION_ITEM()
RATIONAL_B_SPLINE_CURVE((1.,1.))
REPRESENTATION_ITEM('')
);
#3019=(
BOUNDED_CURVE()
B_SPLINE_CURVE(1,(#8567,#8568),.UNSPECIFIED.,.F.,.F.)
B_SPLINE_CURVE_WITH_KNOTS((2,2),(2.00318256377297,3.76044805386634),
 .UNSPECIFIED.)
CURVE()
GEOMETRIC_REPRESENTATION_ITEM()
RATIONAL_B_SPLINE_CURVE((1.,1.))
REPRESENTATION_ITEM('')
);
#3020=(
BOUNDED_CURVE()
B_SPLINE_CURVE(1,(#8569,#8570),.UNSPECIFIED.,.F.,.F.)
B_SPLINE_CURVE_WITH_KNOTS((2,2),(2.00318256377296,3.70058520117353),
 .UNSPECIFIED.)
CURVE()
GEOMETRIC_REPRESENTATION_ITEM()
RATIONAL_B_SPLINE_CURVE((1.,1.))
REPRESENTATION_ITEM('')
);
#3021=(
BOUNDED_CURVE()
B_SPLINE_CURVE(1,(#8571,#8572),.UNSPECIFIED.,.F.,.F.)
B_SPLINE_CURVE_WITH_KNOTS((2,2),(2.00318256377283,3.03347770169858),
 .UNSPECIFIED.)
CURVE()
GEOMETRIC_REPRESENTATION_ITEM()
RATIONAL_B_SPLINE_CURVE((1.,1.))
REPRESENTATION_ITEM('')
);
#3022=(
BOUNDED_CURVE()
B_SPLINE_CURVE(2,(#8614,#8615,#8616),.UNSPECIFIED.,.F.,.F.)
B_SPLINE_CURVE_WITH_KNOTS((3,3),(-82.8526962936891,-79.2126413490489),
 .UNSPECIFIED.)
CURVE()
GEOMETRIC_REPRESENTATION_ITEM()
RATIONAL_B_SPLINE_CURVE((1.,1.,1.))
REPRESENTATION_ITEM('')
);
#3023=(
BOUNDED_CURVE()
B_SPLINE_CURVE(2,(#8617,#8618,#8619),.UNSPECIFIED.,.F.,.F.)
B_SPLINE_CURVE_WITH_KNOTS((3,3),(-41.8309187843788,-41.4500798212229),
 .UNSPECIFIED.)
CURVE()
GEOMETRIC_REPRESENTATION_ITEM()
RATIONAL_B_SPLINE_CURVE((1.,1.,1.))
REPRESENTATION_ITEM('')
);
#3024=(
BOUNDED_CURVE()
B_SPLINE_CURVE(2,(#8620,#8621,#8622),.UNSPECIFIED.,.F.,.F.)
B_SPLINE_CURVE_WITH_KNOTS((3,3),(-42.1439198415344,-41.8309187843788),
 .UNSPECIFIED.)
CURVE()
GEOMETRIC_REPRESENTATION_ITEM()
RATIONAL_B_SPLINE_CURVE((1.,0.709151256308917,1.))
REPRESENTATION_ITEM('')
);
#3025=(
BOUNDED_CURVE()
B_SPLINE_CURVE(2,(#8629,#8630,#8631),.UNSPECIFIED.,.F.,.F.)
B_SPLINE_CURVE_WITH_KNOTS((3,3),(-47.2667179468903,-46.6928075023796),
 .UNSPECIFIED.)
CURVE()
GEOMETRIC_REPRESENTATION_ITEM()
RATIONAL_B_SPLINE_CURVE((1.,1.,1.))
REPRESENTATION_ITEM('')
);
#3026=(
BOUNDED_CURVE()
B_SPLINE_CURVE(2,(#8632,#8633,#8634),.UNSPECIFIED.,.F.,.F.)
B_SPLINE_CURVE_WITH_KNOTS((3,3),(-49.5550893072667,-48.8585158681913),
 .UNSPECIFIED.)
CURVE()
GEOMETRIC_REPRESENTATION_ITEM()
RATIONAL_B_SPLINE_CURVE((1.,1.,1.))
REPRESENTATION_ITEM('')
);
#3027=(
BOUNDED_CURVE()
B_SPLINE_CURVE(2,(#8637,#8638,#8639,#8640,#8641),.UNSPECIFIED.,.F.,.F.)
B_SPLINE_CURVE_WITH_KNOTS((3,2,3),(-55.7690041725997,-53.9993930477847,
-52.2297819229697),.UNSPECIFIED.)
CURVE()
GEOMETRIC_REPRESENTATION_ITEM()
RATIONAL_B_SPLINE_CURVE((1.,0.707106781186547,1.,0.707106781186547,1.))
REPRESENTATION_ITEM('')
);
#3028=(
BOUNDED_CURVE()
B_SPLINE_CURVE(1,(#8650,#8651),.UNSPECIFIED.,.F.,.F.)
B_SPLINE_CURVE_WITH_KNOTS((2,2),(0.115275160486597,2.82455408513405),
 .UNSPECIFIED.)
CURVE()
GEOMETRIC_REPRESENTATION_ITEM()
RATIONAL_B_SPLINE_CURVE((1.,1.))
REPRESENTATION_ITEM('')
);
#3029=(
BOUNDED_CURVE()
B_SPLINE_CURVE(1,(#8652,#8653),.UNSPECIFIED.,.F.,.F.)
B_SPLINE_CURVE_WITH_KNOTS((2,2),(0.0335855904411605,2.82455408513404),
 .UNSPECIFIED.)
CURVE()
GEOMETRIC_REPRESENTATION_ITEM()
RATIONAL_B_SPLINE_CURVE((1.,1.))
REPRESENTATION_ITEM('')
);
#3030=(
BOUNDED_CURVE()
B_SPLINE_CURVE(2,(#8680,#8681,#8682),.UNSPECIFIED.,.F.,.F.)
B_SPLINE_CURVE_WITH_KNOTS((3,3),(-44.6986044620201,-42.5392233448364),
 .UNSPECIFIED.)
CURVE()
GEOMETRIC_REPRESENTATION_ITEM()
RATIONAL_B_SPLINE_CURVE((1.,1.,1.))
REPRESENTATION_ITEM('')
);
#3031=(
BOUNDED_CURVE()
B_SPLINE_CURVE(1,(#8692,#8693),.UNSPECIFIED.,.F.,.F.)
B_SPLINE_CURVE_WITH_KNOTS((2,2),(0.0396615579269104,3.05633685280228),
 .UNSPECIFIED.)
CURVE()
GEOMETRIC_REPRESENTATION_ITEM()
RATIONAL_B_SPLINE_CURVE((1.,1.))
REPRESENTATION_ITEM('')
);
#3032=(
BOUNDED_CURVE()
B_SPLINE_CURVE(1,(#8740,#8741),.UNSPECIFIED.,.F.,.F.)
B_SPLINE_CURVE_WITH_KNOTS((2,2),(-0.528025606616619,3.05633685280217),
 .UNSPECIFIED.)
CURVE()
GEOMETRIC_REPRESENTATION_ITEM()
RATIONAL_B_SPLINE_CURVE((1.,1.))
REPRESENTATION_ITEM('')
);
#3033=(
BOUNDED_CURVE()
B_SPLINE_CURVE(1,(#8762,#8763),.UNSPECIFIED.,.F.,.F.)
B_SPLINE_CURVE_WITH_KNOTS((2,2),(1.9999999999999,3.48253394283689),
 .UNSPECIFIED.)
CURVE()
GEOMETRIC_REPRESENTATION_ITEM()
RATIONAL_B_SPLINE_CURVE((1.,1.))
REPRESENTATION_ITEM('')
);
#3034=(
BOUNDED_CURVE()
B_SPLINE_CURVE(1,(#8764,#8765),.UNSPECIFIED.,.F.,.F.)
B_SPLINE_CURVE_WITH_KNOTS((2,2),(1.99999999999991,3.51217903602459),
 .UNSPECIFIED.)
CURVE()
GEOMETRIC_REPRESENTATION_ITEM()
RATIONAL_B_SPLINE_CURVE((1.,1.))
REPRESENTATION_ITEM('')
);
#3035=(
BOUNDED_CURVE()
B_SPLINE_CURVE(1,(#8766,#8767),.UNSPECIFIED.,.F.,.F.)
B_SPLINE_CURVE_WITH_KNOTS((2,2),(1.99999999999985,3.24048150618716),
 .UNSPECIFIED.)
CURVE()
GEOMETRIC_REPRESENTATION_ITEM()
RATIONAL_B_SPLINE_CURVE((1.,1.))
REPRESENTATION_ITEM('')
);
#3036=(
BOUNDED_CURVE()
B_SPLINE_CURVE(1,(#8768,#8769),.UNSPECIFIED.,.F.,.F.)
B_SPLINE_CURVE_WITH_KNOTS((2,2),(1.99999999999987,3.3240644991375),
 .UNSPECIFIED.)
CURVE()
GEOMETRIC_REPRESENTATION_ITEM()
RATIONAL_B_SPLINE_CURVE((1.,1.))
REPRESENTATION_ITEM('')
);
#3037=(
BOUNDED_CURVE()
B_SPLINE_CURVE(1,(#8787,#8788),.UNSPECIFIED.,.F.,.F.)
B_SPLINE_CURVE_WITH_KNOTS((2,2),(2.00318256377288,3.32376748935795),
 .UNSPECIFIED.)
CURVE()
GEOMETRIC_REPRESENTATION_ITEM()
RATIONAL_B_SPLINE_CURVE((1.,1.))
REPRESENTATION_ITEM('')
);
#3038=(
BOUNDED_CURVE()
B_SPLINE_CURVE(1,(#8789,#8790),.UNSPECIFIED.,.F.,.F.)
B_SPLINE_CURVE_WITH_KNOTS((2,2),(2.00318256377289,3.38301564064247),
 .UNSPECIFIED.)
CURVE()
GEOMETRIC_REPRESENTATION_ITEM()
RATIONAL_B_SPLINE_CURVE((1.,1.))
REPRESENTATION_ITEM('')
);
#3039=(
BOUNDED_CURVE()
B_SPLINE_CURVE(1,(#8791,#8792),.UNSPECIFIED.,.F.,.F.)
B_SPLINE_CURVE_WITH_KNOTS((2,2),(2.0031825637729,3.41457810698459),
 .UNSPECIFIED.)
CURVE()
GEOMETRIC_REPRESENTATION_ITEM()
RATIONAL_B_SPLINE_CURVE((1.,1.))
REPRESENTATION_ITEM('')
);
#3040=(
BOUNDED_CURVE()
B_SPLINE_CURVE(1,(#8793,#8794),.UNSPECIFIED.,.F.,.F.)
B_SPLINE_CURVE_WITH_KNOTS((2,2),(2.00318256377291,3.47137548639053),
 .UNSPECIFIED.)
CURVE()
GEOMETRIC_REPRESENTATION_ITEM()
RATIONAL_B_SPLINE_CURVE((1.,1.))
REPRESENTATION_ITEM('')
);
#3041=(
BOUNDED_CURVE()
B_SPLINE_CURVE(1,(#8795,#8796),.UNSPECIFIED.,.F.,.F.)
B_SPLINE_CURVE_WITH_KNOTS((2,2),(2.00318256377297,3.76044805386634),
 .UNSPECIFIED.)
CURVE()
GEOMETRIC_REPRESENTATION_ITEM()
RATIONAL_B_SPLINE_CURVE((1.,1.))
REPRESENTATION_ITEM('')
);
#3042=(
BOUNDED_CURVE()
B_SPLINE_CURVE(1,(#8797,#8798),.UNSPECIFIED.,.F.,.F.)
B_SPLINE_CURVE_WITH_KNOTS((2,2),(2.00318256377296,3.70058520117353),
 .UNSPECIFIED.)
CURVE()
GEOMETRIC_REPRESENTATION_ITEM()
RATIONAL_B_SPLINE_CURVE((1.,1.))
REPRESENTATION_ITEM('')
);
#3043=(
BOUNDED_CURVE()
B_SPLINE_CURVE(1,(#8799,#8800),.UNSPECIFIED.,.F.,.F.)
B_SPLINE_CURVE_WITH_KNOTS((2,2),(2.00318256377283,3.03347770169858),
 .UNSPECIFIED.)
CURVE()
GEOMETRIC_REPRESENTATION_ITEM()
RATIONAL_B_SPLINE_CURVE((1.,1.))
REPRESENTATION_ITEM('')
);
#3044=(
BOUNDED_CURVE()
B_SPLINE_CURVE(1,(#8856,#8857),.UNSPECIFIED.,.F.,.F.)
B_SPLINE_CURVE_WITH_KNOTS((2,2),(0.115275160486597,2.82455408513405),
 .UNSPECIFIED.)
CURVE()
GEOMETRIC_REPRESENTATION_ITEM()
RATIONAL_B_SPLINE_CURVE((1.,1.))
REPRESENTATION_ITEM('')
);
#3045=(
BOUNDED_CURVE()
B_SPLINE_CURVE(1,(#8858,#8859),.UNSPECIFIED.,.F.,.F.)
B_SPLINE_CURVE_WITH_KNOTS((2,2),(0.0335855904411605,2.82455408513404),
 .UNSPECIFIED.)
CURVE()
GEOMETRIC_REPRESENTATION_ITEM()
RATIONAL_B_SPLINE_CURVE((1.,1.))
REPRESENTATION_ITEM('')
);
#3046=(
BOUNDED_CURVE()
B_SPLINE_CURVE(1,(#8889,#8890),.UNSPECIFIED.,.F.,.F.)
B_SPLINE_CURVE_WITH_KNOTS((2,2),(0.0396615579269104,3.05633685280228),
 .UNSPECIFIED.)
CURVE()
GEOMETRIC_REPRESENTATION_ITEM()
RATIONAL_B_SPLINE_CURVE((1.,1.))
REPRESENTATION_ITEM('')
);
#3047=(
BOUNDED_CURVE()
B_SPLINE_CURVE(1,(#8937,#8938),.UNSPECIFIED.,.F.,.F.)
B_SPLINE_CURVE_WITH_KNOTS((2,2),(-0.528025606616619,3.05633685280217),
 .UNSPECIFIED.)
CURVE()
GEOMETRIC_REPRESENTATION_ITEM()
RATIONAL_B_SPLINE_CURVE((1.,1.))
REPRESENTATION_ITEM('')
);
#3048=(
BOUNDED_CURVE()
B_SPLINE_CURVE(2,(#9298,#9299,#9300),.UNSPECIFIED.,.F.,.F.)
B_SPLINE_CURVE_WITH_KNOTS((3,3),(62.8539816339745,70.707963267949),
 .UNSPECIFIED.)
CURVE()
GEOMETRIC_REPRESENTATION_ITEM()
RATIONAL_B_SPLINE_CURVE((1.,0.707106781186553,1.))
REPRESENTATION_ITEM('')
);
#3049=(
BOUNDED_CURVE()
B_SPLINE_CURVE(2,(#9301,#9302,#9303),.UNSPECIFIED.,.F.,.F.)
B_SPLINE_CURVE_WITH_KNOTS((3,3),(90.707963267949,98.5619449019235),
 .UNSPECIFIED.)
CURVE()
GEOMETRIC_REPRESENTATION_ITEM()
RATIONAL_B_SPLINE_CURVE((1.,0.707106781186544,1.))
REPRESENTATION_ITEM('')
);
#3050=(
BOUNDED_CURVE()
B_SPLINE_CURVE(2,(#9304,#9305,#9306),.UNSPECIFIED.,.F.,.F.)
B_SPLINE_CURVE_WITH_KNOTS((3,3),(70.707963267949,90.707963267949),
 .UNSPECIFIED.)
CURVE()
GEOMETRIC_REPRESENTATION_ITEM()
RATIONAL_B_SPLINE_CURVE((1.,1.,1.))
REPRESENTATION_ITEM('')
);
#3051=(
BOUNDED_CURVE()
B_SPLINE_CURVE(1,(#9307,#9308),.UNSPECIFIED.,.F.,.F.)
B_SPLINE_CURVE_WITH_KNOTS((2,2),(1.4,3.),.UNSPECIFIED.)
CURVE()
GEOMETRIC_REPRESENTATION_ITEM()
RATIONAL_B_SPLINE_CURVE((1.,1.))
REPRESENTATION_ITEM('')
);
#3052=(
BOUNDED_CURVE()
B_SPLINE_CURVE(1,(#9309,#9310),.UNSPECIFIED.,.F.,.F.)
B_SPLINE_CURVE_WITH_KNOTS((2,2),(1.4,3.),.UNSPECIFIED.)
CURVE()
GEOMETRIC_REPRESENTATION_ITEM()
RATIONAL_B_SPLINE_CURVE((1.,1.))
REPRESENTATION_ITEM('')
);
#3053=(
BOUNDED_CURVE()
B_SPLINE_CURVE(1,(#9311,#9312),.UNSPECIFIED.,.F.,.F.)
B_SPLINE_CURVE_WITH_KNOTS((2,2),(1.4,3.),.UNSPECIFIED.)
CURVE()
GEOMETRIC_REPRESENTATION_ITEM()
RATIONAL_B_SPLINE_CURVE((1.,1.))
REPRESENTATION_ITEM('')
);
#3054=(
BOUNDED_CURVE()
B_SPLINE_CURVE(1,(#9313,#9314),.UNSPECIFIED.,.F.,.F.)
B_SPLINE_CURVE_WITH_KNOTS((2,2),(1.4,3.),.UNSPECIFIED.)
CURVE()
GEOMETRIC_REPRESENTATION_ITEM()
RATIONAL_B_SPLINE_CURVE((1.,1.))
REPRESENTATION_ITEM('')
);
#3055=(
BOUNDED_CURVE()
B_SPLINE_CURVE(1,(#9383,#9384),.UNSPECIFIED.,.F.,.F.)
B_SPLINE_CURVE_WITH_KNOTS((2,2),(7.,16.),.UNSPECIFIED.)
CURVE()
GEOMETRIC_REPRESENTATION_ITEM()
RATIONAL_B_SPLINE_CURVE((1.,1.))
REPRESENTATION_ITEM('')
);
#3056=(
BOUNDED_CURVE()
B_SPLINE_CURVE(1,(#9385,#9386),.UNSPECIFIED.,.F.,.F.)
B_SPLINE_CURVE_WITH_KNOTS((2,2),(7.,16.),.UNSPECIFIED.)
CURVE()
GEOMETRIC_REPRESENTATION_ITEM()
RATIONAL_B_SPLINE_CURVE((1.,1.))
REPRESENTATION_ITEM('')
);
#3057=(
BOUNDED_CURVE()
B_SPLINE_CURVE(1,(#9387,#9388),.UNSPECIFIED.,.F.,.F.)
B_SPLINE_CURVE_WITH_KNOTS((2,2),(7.,16.),.UNSPECIFIED.)
CURVE()
GEOMETRIC_REPRESENTATION_ITEM()
RATIONAL_B_SPLINE_CURVE((1.,1.))
REPRESENTATION_ITEM('')
);
#3058=(
BOUNDED_CURVE()
B_SPLINE_CURVE(1,(#9389,#9390),.UNSPECIFIED.,.F.,.F.)
B_SPLINE_CURVE_WITH_KNOTS((2,2),(7.,16.),.UNSPECIFIED.)
CURVE()
GEOMETRIC_REPRESENTATION_ITEM()
RATIONAL_B_SPLINE_CURVE((1.,1.))
REPRESENTATION_ITEM('')
);
#3059=(
BOUNDED_CURVE()
B_SPLINE_CURVE(2,(#9391,#9392,#9393),.UNSPECIFIED.,.F.,.F.)
B_SPLINE_CURVE_WITH_KNOTS((3,3),(62.8539816339745,70.707963267949),
 .UNSPECIFIED.)
CURVE()
GEOMETRIC_REPRESENTATION_ITEM()
RATIONAL_B_SPLINE_CURVE((1.,0.707106781186548,1.))
REPRESENTATION_ITEM('')
);
#3060=(
BOUNDED_CURVE()
B_SPLINE_CURVE(2,(#9394,#9395,#9396),.UNSPECIFIED.,.F.,.F.)
B_SPLINE_CURVE_WITH_KNOTS((3,3),(70.707963267949,78.1766122777749),
 .UNSPECIFIED.)
CURVE()
GEOMETRIC_REPRESENTATION_ITEM()
RATIONAL_B_SPLINE_CURVE((1.,1.,1.))
REPRESENTATION_ITEM('')
);
#3061=(
BOUNDED_CURVE()
B_SPLINE_CURVE(2,(#9397,#9398,#9399),.UNSPECIFIED.,.F.,.F.)
B_SPLINE_CURVE_WITH_KNOTS((3,3),(90.707963267949,98.5619449019235),
 .UNSPECIFIED.)
CURVE()
GEOMETRIC_REPRESENTATION_ITEM()
RATIONAL_B_SPLINE_CURVE((1.,0.707106781186548,1.))
REPRESENTATION_ITEM('')
);
#3062=(
BOUNDED_CURVE()
B_SPLINE_CURVE(2,(#9416,#9417,#9418),.UNSPECIFIED.,.F.,.F.)
B_SPLINE_CURVE_WITH_KNOTS((3,3),(83.2393142581232,90.707963267949),
 .UNSPECIFIED.)
CURVE()
GEOMETRIC_REPRESENTATION_ITEM()
RATIONAL_B_SPLINE_CURVE((1.,1.,1.))
REPRESENTATION_ITEM('')
);
#3063=(
BOUNDED_CURVE()
B_SPLINE_CURVE(2,(#9489,#9490,#9491),.UNSPECIFIED.,.F.,.F.)
B_SPLINE_CURVE_WITH_KNOTS((3,3),(-70.707963267949,-62.8539816339745),
 .UNSPECIFIED.)
CURVE()
GEOMETRIC_REPRESENTATION_ITEM()
RATIONAL_B_SPLINE_CURVE((1.,0.707106781186553,1.))
REPRESENTATION_ITEM('')
);
#3064=(
BOUNDED_CURVE()
B_SPLINE_CURVE(2,(#9492,#9493,#9494),.UNSPECIFIED.,.F.,.F.)
B_SPLINE_CURVE_WITH_KNOTS((3,3),(-98.5619449019235,-90.707963267949),
 .UNSPECIFIED.)
CURVE()
GEOMETRIC_REPRESENTATION_ITEM()
RATIONAL_B_SPLINE_CURVE((1.,0.707106781186544,1.))
REPRESENTATION_ITEM('')
);
#3065=(
BOUNDED_CURVE()
B_SPLINE_CURVE(2,(#9529,#9530,#9531),.UNSPECIFIED.,.F.,.F.)
B_SPLINE_CURVE_WITH_KNOTS((3,3),(62.8539816339745,70.707963267949),
 .UNSPECIFIED.)
CURVE()
GEOMETRIC_REPRESENTATION_ITEM()
RATIONAL_B_SPLINE_CURVE((1.,0.707106781186553,1.))
REPRESENTATION_ITEM('')
);
#3066=(
BOUNDED_CURVE()
B_SPLINE_CURVE(2,(#9532,#9533,#9534),.UNSPECIFIED.,.F.,.F.)
B_SPLINE_CURVE_WITH_KNOTS((3,3),(90.707963267949,98.5619449019235),
 .UNSPECIFIED.)
CURVE()
GEOMETRIC_REPRESENTATION_ITEM()
RATIONAL_B_SPLINE_CURVE((1.,0.707106781186544,1.))
REPRESENTATION_ITEM('')
);
#3067=(
BOUNDED_CURVE()
B_SPLINE_CURVE(2,(#9535,#9536,#9537),.UNSPECIFIED.,.F.,.F.)
B_SPLINE_CURVE_WITH_KNOTS((3,3),(70.707963267949,90.707963267949),
 .UNSPECIFIED.)
CURVE()
GEOMETRIC_REPRESENTATION_ITEM()
RATIONAL_B_SPLINE_CURVE((1.,1.,1.))
REPRESENTATION_ITEM('')
);
#3068=(
BOUNDED_CURVE()
B_SPLINE_CURVE(1,(#9538,#9539),.UNSPECIFIED.,.F.,.F.)
B_SPLINE_CURVE_WITH_KNOTS((2,2),(1.4,3.),.UNSPECIFIED.)
CURVE()
GEOMETRIC_REPRESENTATION_ITEM()
RATIONAL_B_SPLINE_CURVE((1.,1.))
REPRESENTATION_ITEM('')
);
#3069=(
BOUNDED_CURVE()
B_SPLINE_CURVE(1,(#9540,#9541),.UNSPECIFIED.,.F.,.F.)
B_SPLINE_CURVE_WITH_KNOTS((2,2),(1.4,3.),.UNSPECIFIED.)
CURVE()
GEOMETRIC_REPRESENTATION_ITEM()
RATIONAL_B_SPLINE_CURVE((1.,1.))
REPRESENTATION_ITEM('')
);
#3070=(
BOUNDED_CURVE()
B_SPLINE_CURVE(1,(#9542,#9543),.UNSPECIFIED.,.F.,.F.)
B_SPLINE_CURVE_WITH_KNOTS((2,2),(1.4,3.),.UNSPECIFIED.)
CURVE()
GEOMETRIC_REPRESENTATION_ITEM()
RATIONAL_B_SPLINE_CURVE((1.,1.))
REPRESENTATION_ITEM('')
);
#3071=(
BOUNDED_CURVE()
B_SPLINE_CURVE(1,(#9544,#9545),.UNSPECIFIED.,.F.,.F.)
B_SPLINE_CURVE_WITH_KNOTS((2,2),(1.4,3.),.UNSPECIFIED.)
CURVE()
GEOMETRIC_REPRESENTATION_ITEM()
RATIONAL_B_SPLINE_CURVE((1.,1.))
REPRESENTATION_ITEM('')
);
#3072=(
BOUNDED_CURVE()
B_SPLINE_CURVE(1,(#9614,#9615),.UNSPECIFIED.,.F.,.F.)
B_SPLINE_CURVE_WITH_KNOTS((2,2),(7.,16.),.UNSPECIFIED.)
CURVE()
GEOMETRIC_REPRESENTATION_ITEM()
RATIONAL_B_SPLINE_CURVE((1.,1.))
REPRESENTATION_ITEM('')
);
#3073=(
BOUNDED_CURVE()
B_SPLINE_CURVE(1,(#9616,#9617),.UNSPECIFIED.,.F.,.F.)
B_SPLINE_CURVE_WITH_KNOTS((2,2),(7.,16.),.UNSPECIFIED.)
CURVE()
GEOMETRIC_REPRESENTATION_ITEM()
RATIONAL_B_SPLINE_CURVE((1.,1.))
REPRESENTATION_ITEM('')
);
#3074=(
BOUNDED_CURVE()
B_SPLINE_CURVE(1,(#9618,#9619),.UNSPECIFIED.,.F.,.F.)
B_SPLINE_CURVE_WITH_KNOTS((2,2),(7.,16.),.UNSPECIFIED.)
CURVE()
GEOMETRIC_REPRESENTATION_ITEM()
RATIONAL_B_SPLINE_CURVE((1.,1.))
REPRESENTATION_ITEM('')
);
#3075=(
BOUNDED_CURVE()
B_SPLINE_CURVE(1,(#9620,#9621),.UNSPECIFIED.,.F.,.F.)
B_SPLINE_CURVE_WITH_KNOTS((2,2),(7.,16.),.UNSPECIFIED.)
CURVE()
GEOMETRIC_REPRESENTATION_ITEM()
RATIONAL_B_SPLINE_CURVE((1.,1.))
REPRESENTATION_ITEM('')
);
#3076=(
BOUNDED_CURVE()
B_SPLINE_CURVE(2,(#9622,#9623,#9624),.UNSPECIFIED.,.F.,.F.)
B_SPLINE_CURVE_WITH_KNOTS((3,3),(62.8539816339745,70.707963267949),
 .UNSPECIFIED.)
CURVE()
GEOMETRIC_REPRESENTATION_ITEM()
RATIONAL_B_SPLINE_CURVE((1.,0.707106781186548,1.))
REPRESENTATION_ITEM('')
);
#3077=(
BOUNDED_CURVE()
B_SPLINE_CURVE(2,(#9625,#9626,#9627),.UNSPECIFIED.,.F.,.F.)
B_SPLINE_CURVE_WITH_KNOTS((3,3),(70.707963267949,78.1766122777749),
 .UNSPECIFIED.)
CURVE()
GEOMETRIC_REPRESENTATION_ITEM()
RATIONAL_B_SPLINE_CURVE((1.,1.,1.))
REPRESENTATION_ITEM('')
);
#3078=(
BOUNDED_CURVE()
B_SPLINE_CURVE(2,(#9628,#9629,#9630),.UNSPECIFIED.,.F.,.F.)
B_SPLINE_CURVE_WITH_KNOTS((3,3),(90.707963267949,98.5619449019235),
 .UNSPECIFIED.)
CURVE()
GEOMETRIC_REPRESENTATION_ITEM()
RATIONAL_B_SPLINE_CURVE((1.,0.707106781186548,1.))
REPRESENTATION_ITEM('')
);
#3079=(
BOUNDED_CURVE()
B_SPLINE_CURVE(2,(#9647,#9648,#9649),.UNSPECIFIED.,.F.,.F.)
B_SPLINE_CURVE_WITH_KNOTS((3,3),(83.2393142581232,90.707963267949),
 .UNSPECIFIED.)
CURVE()
GEOMETRIC_REPRESENTATION_ITEM()
RATIONAL_B_SPLINE_CURVE((1.,1.,1.))
REPRESENTATION_ITEM('')
);
#3080=(
BOUNDED_CURVE()
B_SPLINE_CURVE(2,(#9720,#9721,#9722),.UNSPECIFIED.,.F.,.F.)
B_SPLINE_CURVE_WITH_KNOTS((3,3),(-70.707963267949,-62.8539816339745),
 .UNSPECIFIED.)
CURVE()
GEOMETRIC_REPRESENTATION_ITEM()
RATIONAL_B_SPLINE_CURVE((1.,0.707106781186553,1.))
REPRESENTATION_ITEM('')
);
#3081=(
BOUNDED_CURVE()
B_SPLINE_CURVE(2,(#9723,#9724,#9725),.UNSPECIFIED.,.F.,.F.)
B_SPLINE_CURVE_WITH_KNOTS((3,3),(-98.5619449019235,-90.707963267949),
 .UNSPECIFIED.)
CURVE()
GEOMETRIC_REPRESENTATION_ITEM()
RATIONAL_B_SPLINE_CURVE((1.,0.707106781186544,1.))
REPRESENTATION_ITEM('')
);
#3082=(
BOUNDED_CURVE()
B_SPLINE_CURVE(2,(#9756,#9757,#9758),.UNSPECIFIED.,.F.,.F.)
B_SPLINE_CURVE_WITH_KNOTS((3,3),(122.963482378146,137.342285022978),
 .UNSPECIFIED.)
CURVE()
GEOMETRIC_REPRESENTATION_ITEM()
RATIONAL_B_SPLINE_CURVE((1.,0.707106781186548,1.))
REPRESENTATION_ITEM('')
);
#3083=(
BOUNDED_CURVE()
B_SPLINE_CURVE(1,(#9759,#9760),.UNSPECIFIED.,.F.,.F.)
B_SPLINE_CURVE_WITH_KNOTS((2,2),(0.,20.),.UNSPECIFIED.)
CURVE()
GEOMETRIC_REPRESENTATION_ITEM()
RATIONAL_B_SPLINE_CURVE((1.,1.))
REPRESENTATION_ITEM('')
);
#3084=(
BOUNDED_CURVE()
B_SPLINE_CURVE(2,(#9771,#9772,#9773),.UNSPECIFIED.,.F.,.F.)
B_SPLINE_CURVE_WITH_KNOTS((3,3),(181.035203682,195.414006326832),
 .UNSPECIFIED.)
CURVE()
GEOMETRIC_REPRESENTATION_ITEM()
RATIONAL_B_SPLINE_CURVE((1.,0.707106781186547,1.))
REPRESENTATION_ITEM('')
);
#3085=(
BOUNDED_CURVE()
B_SPLINE_CURVE(1,(#9774,#9775),.UNSPECIFIED.,.F.,.F.)
B_SPLINE_CURVE_WITH_KNOTS((2,2),(0.,20.),.UNSPECIFIED.)
CURVE()
GEOMETRIC_REPRESENTATION_ITEM()
RATIONAL_B_SPLINE_CURVE((1.,1.))
REPRESENTATION_ITEM('')
);
#3086=(
BOUNDED_CURVE()
B_SPLINE_CURVE(2,(#9780,#9781,#9782),.UNSPECIFIED.,.F.,.F.)
B_SPLINE_CURVE_WITH_KNOTS((3,3),(264.706346193489,279.085148838322),
 .UNSPECIFIED.)
CURVE()
GEOMETRIC_REPRESENTATION_ITEM()
RATIONAL_B_SPLINE_CURVE((1.,0.707106781186547,1.))
REPRESENTATION_ITEM('')
);
#3087=(
BOUNDED_CURVE()
B_SPLINE_CURVE(1,(#9783,#9784),.UNSPECIFIED.,.F.,.F.)
B_SPLINE_CURVE_WITH_KNOTS((2,2),(0.,20.),.UNSPECIFIED.)
CURVE()
GEOMETRIC_REPRESENTATION_ITEM()
RATIONAL_B_SPLINE_CURVE((1.,1.))
REPRESENTATION_ITEM('')
);
#3088=(
BOUNDED_CURVE()
B_SPLINE_CURVE(2,(#9795,#9796,#9797),.UNSPECIFIED.,.F.,.F.)
B_SPLINE_CURVE_WITH_KNOTS((3,3),(323.415281094833,337.794083739665),
 .UNSPECIFIED.)
CURVE()
GEOMETRIC_REPRESENTATION_ITEM()
RATIONAL_B_SPLINE_CURVE((1.,0.707106781186548,1.))
REPRESENTATION_ITEM('')
);
#3089=(
BOUNDED_CURVE()
B_SPLINE_CURVE(2,(#9890,#9891,#9892),.UNSPECIFIED.,.F.,.F.)
B_SPLINE_CURVE_WITH_KNOTS((3,3),(181.035203682,195.414006326832),
 .UNSPECIFIED.)
CURVE()
GEOMETRIC_REPRESENTATION_ITEM()
RATIONAL_B_SPLINE_CURVE((1.,0.707106781186548,1.))
REPRESENTATION_ITEM('')
);
#3090=(
BOUNDED_CURVE()
B_SPLINE_CURVE(2,(#9893,#9894,#9895),.UNSPECIFIED.,.F.,.F.)
B_SPLINE_CURVE_WITH_KNOTS((3,3),(264.706346193489,279.085148838322),
 .UNSPECIFIED.)
CURVE()
GEOMETRIC_REPRESENTATION_ITEM()
RATIONAL_B_SPLINE_CURVE((1.,0.707106781186548,1.))
REPRESENTATION_ITEM('')
);
#3091=(
BOUNDED_CURVE()
B_SPLINE_CURVE(2,(#9900,#9901,#9902),.UNSPECIFIED.,.F.,.F.)
B_SPLINE_CURVE_WITH_KNOTS((3,3),(122.963482378146,137.342285022978),
 .UNSPECIFIED.)
CURVE()
GEOMETRIC_REPRESENTATION_ITEM()
RATIONAL_B_SPLINE_CURVE((1.,0.707106781186552,1.))
REPRESENTATION_ITEM('')
);
#3092=(
BOUNDED_CURVE()
B_SPLINE_CURVE(2,(#9911,#9912,#9913),.UNSPECIFIED.,.F.,.F.)
B_SPLINE_CURVE_WITH_KNOTS((3,3),(323.415281094833,337.794083739665),
 .UNSPECIFIED.)
CURVE()
GEOMETRIC_REPRESENTATION_ITEM()
RATIONAL_B_SPLINE_CURVE((1.,0.707106781186548,1.))
REPRESENTATION_ITEM('')
);
#3093=B_SPLINE_CURVE_WITH_KNOTS('',1,(#6421,#6422),.UNSPECIFIED.,.F.,.F.,
(2,2),(-0.585155810564357,-0.472765321728266),.UNSPECIFIED.);
#3094=B_SPLINE_CURVE_WITH_KNOTS('',1,(#6423,#6424),.UNSPECIFIED.,.F.,.F.,
(2,2),(7.44390224862589,13.5693062093218),.UNSPECIFIED.);
#3095=B_SPLINE_CURVE_WITH_KNOTS('',1,(#6425,#6426),.UNSPECIFIED.,.F.,.F.,
(2,2),(0.472765321728266,0.585155810564357),.UNSPECIFIED.);
#3096=B_SPLINE_CURVE_WITH_KNOTS('',1,(#6427,#6428),.UNSPECIFIED.,.F.,.F.,
(2,2),(-13.5693062093218,-7.44390224862589),.UNSPECIFIED.);
#3097=B_SPLINE_CURVE_WITH_KNOTS('',1,(#6429,#6430),.UNSPECIFIED.,.F.,.F.,
(2,2),(0.,1.19999999999996),.UNSPECIFIED.);
#3098=B_SPLINE_CURVE_WITH_KNOTS('',1,(#6431,#6432),.UNSPECIFIED.,.F.,.F.,
(2,2),(-1.0335421063928,0.),.UNSPECIFIED.);
#3099=B_SPLINE_CURVE_WITH_KNOTS('',5,(#6433,#6434,#6435,#6436,#6437,#6438),
 .UNSPECIFIED.,.F.,.F.,(6,6),(0.,0.139636607807685),.UNSPECIFIED.);
#3100=B_SPLINE_CURVE_WITH_KNOTS('',1,(#6439,#6440),.UNSPECIFIED.,.F.,.F.,
(2,2),(-1.19999999999997,0.),.UNSPECIFIED.);
#3101=B_SPLINE_CURVE_WITH_KNOTS('',1,(#6441,#6442),.UNSPECIFIED.,.F.,.F.,
(2,2),(-1.0335421063928,0.),.UNSPECIFIED.);
#3102=B_SPLINE_CURVE_WITH_KNOTS('',5,(#6443,#6444,#6445,#6446,#6447,#6448),
 .UNSPECIFIED.,.F.,.F.,(6,6),(0.,0.139636607807685),.UNSPECIFIED.);
#3103=B_SPLINE_CURVE_WITH_KNOTS('',1,(#6449,#6450),.UNSPECIFIED.,.F.,.F.,
(2,2),(-1.19999999999997,0.),.UNSPECIFIED.);
#3104=B_SPLINE_CURVE_WITH_KNOTS('',1,(#6451,#6452),.UNSPECIFIED.,.F.,.F.,
(2,2),(-1.0335421063928,0.),.UNSPECIFIED.);
#3105=B_SPLINE_CURVE_WITH_KNOTS('',5,(#6453,#6454,#6455,#6456,#6457,#6458),
 .UNSPECIFIED.,.F.,.F.,(6,6),(0.,0.139636607807685),.UNSPECIFIED.);
#3106=B_SPLINE_CURVE_WITH_KNOTS('',1,(#6482,#6483),.UNSPECIFIED.,.F.,.F.,
(2,2),(-9.98079300929619,-3.),.UNSPECIFIED.);
#3107=B_SPLINE_CURVE_WITH_KNOTS('',1,(#6484,#6485),.UNSPECIFIED.,.F.,.F.,
(2,2),(-1.83186799063151E-15,3.),.UNSPECIFIED.);
#3108=B_SPLINE_CURVE_WITH_KNOTS('',1,(#6486,#6487),.UNSPECIFIED.,.F.,.F.,
(2,2),(5.55111512312578E-17,3.),.UNSPECIFIED.);
#3109=B_SPLINE_CURVE_WITH_KNOTS('',5,(#6488,#6489,#6490,#6491,#6492,#6493),
 .UNSPECIFIED.,.F.,.F.,(6,6),(0.,5.64852813742423),.UNSPECIFIED.);
#3110=B_SPLINE_CURVE_WITH_KNOTS('',5,(#6494,#6495,#6496,#6497,#6498,#6499),
 .UNSPECIFIED.,.F.,.F.,(6,6),(0.,5.64852813742423),.UNSPECIFIED.);
#3111=B_SPLINE_CURVE_WITH_KNOTS('',1,(#6500,#6501),.UNSPECIFIED.,.F.,.F.,
(2,2),(1.49999999999999,4.9903965046481),.UNSPECIFIED.);
#3112=B_SPLINE_CURVE_WITH_KNOTS('',1,(#6502,#6503),.UNSPECIFIED.,.F.,.F.,
(2,2),(3.,10.891489019025),.UNSPECIFIED.);
#3113=B_SPLINE_CURVE_WITH_KNOTS('',1,(#6504,#6505),.UNSPECIFIED.,.F.,.F.,
(2,2),(7.32747196252602E-15,3.),.UNSPECIFIED.);
#3114=B_SPLINE_CURVE_WITH_KNOTS('',1,(#6506,#6507),.UNSPECIFIED.,.F.,.F.,
(2,2),(0.,3.),.UNSPECIFIED.);
#3115=B_SPLINE_CURVE_WITH_KNOTS('',5,(#6508,#6509,#6510,#6511,#6512,#6513),
 .UNSPECIFIED.,.F.,.F.,(6,6),(-5.64852813742378,0.),.UNSPECIFIED.);
#3116=B_SPLINE_CURVE_WITH_KNOTS('',5,(#6514,#6515,#6516,#6517,#6518,#6519),
 .UNSPECIFIED.,.F.,.F.,(6,6),(-5.64852813742378,0.),.UNSPECIFIED.);
#3117=B_SPLINE_CURVE_WITH_KNOTS('',1,(#6520,#6521),.UNSPECIFIED.,.F.,.F.,
(2,2),(0.,15.937298019652),.UNSPECIFIED.);
#3118=B_SPLINE_CURVE_WITH_KNOTS('',1,(#6522,#6523),.UNSPECIFIED.,.F.,.F.,
(2,2),(0.,7.89148901902496),.UNSPECIFIED.);
#3119=B_SPLINE_CURVE_WITH_KNOTS('',1,(#6527,#6528),.UNSPECIFIED.,.F.,.F.,
(2,2),(3.00000000000003,10.891489019025),.UNSPECIFIED.);
#3120=B_SPLINE_CURVE_WITH_KNOTS('',1,(#6529,#6530),.UNSPECIFIED.,.F.,.F.,
(2,2),(-5.55111512312578E-16,2.99999999999999),.UNSPECIFIED.);
#3121=B_SPLINE_CURVE_WITH_KNOTS('',1,(#6531,#6532),.UNSPECIFIED.,.F.,.F.,
(2,2),(-6.16173778666962E-15,3.00000000000002),.UNSPECIFIED.);
#3122=B_SPLINE_CURVE_WITH_KNOTS('',5,(#6533,#6534,#6535,#6536,#6537,#6538),
 .UNSPECIFIED.,.F.,.F.,(6,6),(0.,5.64852813742385),.UNSPECIFIED.);
#3123=B_SPLINE_CURVE_WITH_KNOTS('',5,(#6539,#6540,#6541,#6542,#6543,#6544),
 .UNSPECIFIED.,.F.,.F.,(6,6),(0.,5.64852813742385),.UNSPECIFIED.);
#3124=B_SPLINE_CURVE_WITH_KNOTS('',1,(#6545,#6546),.UNSPECIFIED.,.F.,.F.,
(2,2),(3.,10.891489019025),.UNSPECIFIED.);
#3125=B_SPLINE_CURVE_WITH_KNOTS('',1,(#6547,#6548),.UNSPECIFIED.,.F.,.F.,
(2,2),(3.33066907387547E-16,3.),.UNSPECIFIED.);
#3126=B_SPLINE_CURVE_WITH_KNOTS('',1,(#6549,#6550),.UNSPECIFIED.,.F.,.F.,
(2,2),(-2.55043127929233E-14,3.00000000000001),.UNSPECIFIED.);
#3127=B_SPLINE_CURVE_WITH_KNOTS('',5,(#6551,#6552,#6553,#6554,#6555,#6556),
 .UNSPECIFIED.,.F.,.F.,(6,6),(-5.6485281374244,0.),.UNSPECIFIED.);
#3128=B_SPLINE_CURVE_WITH_KNOTS('',5,(#6557,#6558,#6559,#6560,#6561,#6562),
 .UNSPECIFIED.,.F.,.F.,(6,6),(-5.6485281374244,0.),.UNSPECIFIED.);
#3129=B_SPLINE_CURVE_WITH_KNOTS('',1,(#6563,#6564),.UNSPECIFIED.,.F.,.F.,
(2,2),(0.,1.),.UNSPECIFIED.);
#3130=B_SPLINE_CURVE_WITH_KNOTS('',1,(#6565,#6566),.UNSPECIFIED.,.F.,.F.,
(2,2),(0.,0.999999999999999),.UNSPECIFIED.);
#3131=B_SPLINE_CURVE_WITH_KNOTS('',5,(#6567,#6568,#6569,#6570,#6571,#6572),
 .UNSPECIFIED.,.F.,.F.,(6,6),(-1.88284271247463,0.),.UNSPECIFIED.);
#3132=B_SPLINE_CURVE_WITH_KNOTS('',5,(#6573,#6574,#6575,#6576,#6577,#6578),
 .UNSPECIFIED.,.F.,.F.,(6,6),(-1.88284271247463,0.),.UNSPECIFIED.);
#3133=B_SPLINE_CURVE_WITH_KNOTS('',1,(#6579,#6580),.UNSPECIFIED.,.F.,.F.,
(2,2),(1.00000000000003,16.937298019652),.UNSPECIFIED.);
#3134=B_SPLINE_CURVE_WITH_KNOTS('',1,(#6581,#6582),.UNSPECIFIED.,.F.,.F.,
(2,2),(0.,1.),.UNSPECIFIED.);
#3135=B_SPLINE_CURVE_WITH_KNOTS('',1,(#6583,#6584),.UNSPECIFIED.,.F.,.F.,
(2,2),(1.99840144432528E-15,1.),.UNSPECIFIED.);
#3136=B_SPLINE_CURVE_WITH_KNOTS('',5,(#6585,#6586,#6587,#6588,#6589,#6590),
 .UNSPECIFIED.,.F.,.F.,(6,6),(0.,1.88284271247469),.UNSPECIFIED.);
#3137=B_SPLINE_CURVE_WITH_KNOTS('',5,(#6591,#6592,#6593,#6594,#6595,#6596),
 .UNSPECIFIED.,.F.,.F.,(6,6),(0.,1.88284271247469),.UNSPECIFIED.);
#3138=B_SPLINE_CURVE_WITH_KNOTS('',1,(#6597,#6598,#6599),.UNSPECIFIED.,
 .F.,.F.,(2,1,2),(10.5096034953519,13.5096034953519,15.937298019652),
 .UNSPECIFIED.);
#3139=B_SPLINE_CURVE_WITH_KNOTS('',1,(#6600,#6601,#6602),.UNSPECIFIED.,
 .F.,.F.,(2,1,2),(6.74619281223007,9.17388733653024,12.1738873365303),
 .UNSPECIFIED.);
#3140=B_SPLINE_CURVE_WITH_KNOTS('',1,(#6626,#6627),.UNSPECIFIED.,.F.,.F.,
(2,2),(-9.98079300929619,-3.),.UNSPECIFIED.);
#3141=B_SPLINE_CURVE_WITH_KNOTS('',1,(#6628,#6629),.UNSPECIFIED.,.F.,.F.,
(2,2),(-1.83186799063151E-15,3.),.UNSPECIFIED.);
#3142=B_SPLINE_CURVE_WITH_KNOTS('',1,(#6630,#6631),.UNSPECIFIED.,.F.,.F.,
(2,2),(5.55111512312578E-17,3.),.UNSPECIFIED.);
#3143=B_SPLINE_CURVE_WITH_KNOTS('',5,(#6632,#6633,#6634,#6635,#6636,#6637),
 .UNSPECIFIED.,.F.,.F.,(6,6),(0.,5.64852813742423),.UNSPECIFIED.);
#3144=B_SPLINE_CURVE_WITH_KNOTS('',5,(#6638,#6639,#6640,#6641,#6642,#6643),
 .UNSPECIFIED.,.F.,.F.,(6,6),(0.,5.64852813742423),.UNSPECIFIED.);
#3145=B_SPLINE_CURVE_WITH_KNOTS('',1,(#6644,#6645),.UNSPECIFIED.,.F.,.F.,
(2,2),(1.49999999999999,4.9903965046481),.UNSPECIFIED.);
#3146=B_SPLINE_CURVE_WITH_KNOTS('',1,(#6646,#6647),.UNSPECIFIED.,.F.,.F.,
(2,2),(3.,10.891489019025),.UNSPECIFIED.);
#3147=B_SPLINE_CURVE_WITH_KNOTS('',1,(#6648,#6649),.UNSPECIFIED.,.F.,.F.,
(2,2),(7.32747196252602E-15,3.),.UNSPECIFIED.);
#3148=B_SPLINE_CURVE_WITH_KNOTS('',1,(#6650,#6651),.UNSPECIFIED.,.F.,.F.,
(2,2),(0.,3.),.UNSPECIFIED.);
#3149=B_SPLINE_CURVE_WITH_KNOTS('',5,(#6652,#6653,#6654,#6655,#6656,#6657),
 .UNSPECIFIED.,.F.,.F.,(6,6),(-5.64852813742378,0.),.UNSPECIFIED.);
#3150=B_SPLINE_CURVE_WITH_KNOTS('',5,(#6658,#6659,#6660,#6661,#6662,#6663),
 .UNSPECIFIED.,.F.,.F.,(6,6),(-5.64852813742378,0.),.UNSPECIFIED.);
#3151=B_SPLINE_CURVE_WITH_KNOTS('',1,(#6664,#6665),.UNSPECIFIED.,.F.,.F.,
(2,2),(0.,15.937298019652),.UNSPECIFIED.);
#3152=B_SPLINE_CURVE_WITH_KNOTS('',1,(#6666,#6667),.UNSPECIFIED.,.F.,.F.,
(2,2),(0.,7.89148901902496),.UNSPECIFIED.);
#3153=B_SPLINE_CURVE_WITH_KNOTS('',1,(#6671,#6672),.UNSPECIFIED.,.F.,.F.,
(2,2),(3.00000000000003,10.891489019025),.UNSPECIFIED.);
#3154=B_SPLINE_CURVE_WITH_KNOTS('',1,(#6673,#6674),.UNSPECIFIED.,.F.,.F.,
(2,2),(-5.55111512312578E-16,2.99999999999999),.UNSPECIFIED.);
#3155=B_SPLINE_CURVE_WITH_KNOTS('',1,(#6675,#6676),.UNSPECIFIED.,.F.,.F.,
(2,2),(-6.16173778666962E-15,3.00000000000002),.UNSPECIFIED.);
#3156=B_SPLINE_CURVE_WITH_KNOTS('',5,(#6677,#6678,#6679,#6680,#6681,#6682),
 .UNSPECIFIED.,.F.,.F.,(6,6),(0.,5.64852813742385),.UNSPECIFIED.);
#3157=B_SPLINE_CURVE_WITH_KNOTS('',5,(#6683,#6684,#6685,#6686,#6687,#6688),
 .UNSPECIFIED.,.F.,.F.,(6,6),(0.,5.64852813742385),.UNSPECIFIED.);
#3158=B_SPLINE_CURVE_WITH_KNOTS('',1,(#6689,#6690),.UNSPECIFIED.,.F.,.F.,
(2,2),(3.,10.891489019025),.UNSPECIFIED.);
#3159=B_SPLINE_CURVE_WITH_KNOTS('',1,(#6691,#6692),.UNSPECIFIED.,.F.,.F.,
(2,2),(3.33066907387547E-16,3.),.UNSPECIFIED.);
#3160=B_SPLINE_CURVE_WITH_KNOTS('',1,(#6693,#6694),.UNSPECIFIED.,.F.,.F.,
(2,2),(-2.55043127929233E-14,3.00000000000001),.UNSPECIFIED.);
#3161=B_SPLINE_CURVE_WITH_KNOTS('',5,(#6695,#6696,#6697,#6698,#6699,#6700),
 .UNSPECIFIED.,.F.,.F.,(6,6),(-5.6485281374244,0.),.UNSPECIFIED.);
#3162=B_SPLINE_CURVE_WITH_KNOTS('',5,(#6701,#6702,#6703,#6704,#6705,#6706),
 .UNSPECIFIED.,.F.,.F.,(6,6),(-5.6485281374244,0.),.UNSPECIFIED.);
#3163=B_SPLINE_CURVE_WITH_KNOTS('',1,(#6707,#6708),.UNSPECIFIED.,.F.,.F.,
(2,2),(0.,1.),.UNSPECIFIED.);
#3164=B_SPLINE_CURVE_WITH_KNOTS('',1,(#6709,#6710),.UNSPECIFIED.,.F.,.F.,
(2,2),(0.,0.999999999999999),.UNSPECIFIED.);
#3165=B_SPLINE_CURVE_WITH_KNOTS('',5,(#6711,#6712,#6713,#6714,#6715,#6716),
 .UNSPECIFIED.,.F.,.F.,(6,6),(-1.88284271247463,0.),.UNSPECIFIED.);
#3166=B_SPLINE_CURVE_WITH_KNOTS('',5,(#6717,#6718,#6719,#6720,#6721,#6722),
 .UNSPECIFIED.,.F.,.F.,(6,6),(-1.88284271247463,0.),.UNSPECIFIED.);
#3167=B_SPLINE_CURVE_WITH_KNOTS('',1,(#6723,#6724),.UNSPECIFIED.,.F.,.F.,
(2,2),(1.00000000000003,16.937298019652),.UNSPECIFIED.);
#3168=B_SPLINE_CURVE_WITH_KNOTS('',1,(#6725,#6726),.UNSPECIFIED.,.F.,.F.,
(2,2),(0.,1.),.UNSPECIFIED.);
#3169=B_SPLINE_CURVE_WITH_KNOTS('',1,(#6727,#6728),.UNSPECIFIED.,.F.,.F.,
(2,2),(1.99840144432528E-15,1.),.UNSPECIFIED.);
#3170=B_SPLINE_CURVE_WITH_KNOTS('',5,(#6729,#6730,#6731,#6732,#6733,#6734),
 .UNSPECIFIED.,.F.,.F.,(6,6),(0.,1.88284271247469),.UNSPECIFIED.);
#3171=B_SPLINE_CURVE_WITH_KNOTS('',5,(#6735,#6736,#6737,#6738,#6739,#6740),
 .UNSPECIFIED.,.F.,.F.,(6,6),(0.,1.88284271247469),.UNSPECIFIED.);
#3172=B_SPLINE_CURVE_WITH_KNOTS('',1,(#6741,#6742,#6743),.UNSPECIFIED.,
 .F.,.F.,(2,1,2),(10.5096034953519,13.5096034953519,15.937298019652),
 .UNSPECIFIED.);
#3173=B_SPLINE_CURVE_WITH_KNOTS('',1,(#6744,#6745,#6746),.UNSPECIFIED.,
 .F.,.F.,(2,1,2),(6.74619281223007,9.17388733653024,12.1738873365303),
 .UNSPECIFIED.);
#3174=B_SPLINE_CURVE_WITH_KNOTS('',1,(#6747,#6748),.UNSPECIFIED.,.F.,.F.,
(2,2),(0.,70.),.UNSPECIFIED.);
#3175=B_SPLINE_CURVE_WITH_KNOTS('',1,(#6749,#6750),.UNSPECIFIED.,.F.,.F.,
(2,2),(0.,69.9999999999998),.UNSPECIFIED.);
#3176=B_SPLINE_CURVE_WITH_KNOTS('',1,(#7364,#7365),.UNSPECIFIED.,.F.,.F.,
(2,2),(0.,1.),.UNSPECIFIED.);
#3177=B_SPLINE_CURVE_WITH_KNOTS('',1,(#7377,#7378),.UNSPECIFIED.,.F.,.F.,
(2,2),(-1.,0.),.UNSPECIFIED.);
#3178=B_SPLINE_CURVE_WITH_KNOTS('',1,(#7383,#7384),.UNSPECIFIED.,.F.,.F.,
(2,2),(-1.,0.),.UNSPECIFIED.);
#3179=B_SPLINE_CURVE_WITH_KNOTS('',1,(#7385,#7386),.UNSPECIFIED.,.F.,.F.,
(2,2),(-1.,0.),.UNSPECIFIED.);
#3180=B_SPLINE_CURVE_WITH_KNOTS('',1,(#7391,#7392),.UNSPECIFIED.,.F.,.F.,
(2,2),(-1.,0.),.UNSPECIFIED.);
#3181=B_SPLINE_CURVE_WITH_KNOTS('',1,(#7397,#7398),.UNSPECIFIED.,.F.,.F.,
(2,2),(-1.,0.),.UNSPECIFIED.);
#3182=B_SPLINE_CURVE_WITH_KNOTS('',1,(#7410,#7411),.UNSPECIFIED.,.F.,.F.,
(2,2),(-1.,0.),.UNSPECIFIED.);
#3183=B_SPLINE_CURVE_WITH_KNOTS('',1,(#7467,#7468),.UNSPECIFIED.,.F.,.F.,
(2,2),(-1.,0.),.UNSPECIFIED.);
#3184=B_SPLINE_CURVE_WITH_KNOTS('',1,(#7473,#7474),.UNSPECIFIED.,.F.,.F.,
(2,2),(-1.,0.),.UNSPECIFIED.);
#3185=B_SPLINE_CURVE_WITH_KNOTS('',1,(#7530,#7531),.UNSPECIFIED.,.F.,.F.,
(2,2),(-1.,0.),.UNSPECIFIED.);
#3186=B_SPLINE_CURVE_WITH_KNOTS('',1,(#7536,#7537),.UNSPECIFIED.,.F.,.F.,
(2,2),(-1.,0.),.UNSPECIFIED.);
#3187=B_SPLINE_CURVE_WITH_KNOTS('',1,(#7549,#7550),.UNSPECIFIED.,.F.,.F.,
(2,2),(-1.,0.),.UNSPECIFIED.);
#3188=B_SPLINE_CURVE_WITH_KNOTS('',1,(#7555,#7556),.UNSPECIFIED.,.F.,.F.,
(2,2),(-1.,0.),.UNSPECIFIED.);
#3189=B_SPLINE_CURVE_WITH_KNOTS('',1,(#7557,#7558),.UNSPECIFIED.,.F.,.F.,
(2,2),(-1.,0.),.UNSPECIFIED.);
#3190=B_SPLINE_CURVE_WITH_KNOTS('',1,(#7563,#7564),.UNSPECIFIED.,.F.,.F.,
(2,2),(-1.,0.),.UNSPECIFIED.);
#3191=B_SPLINE_CURVE_WITH_KNOTS('',1,(#7569,#7570),.UNSPECIFIED.,.F.,.F.,
(2,2),(-1.,0.),.UNSPECIFIED.);
#3192=B_SPLINE_CURVE_WITH_KNOTS('',1,(#7582,#7583),.UNSPECIFIED.,.F.,.F.,
(2,2),(-1.,0.),.UNSPECIFIED.);
#3193=B_SPLINE_CURVE_WITH_KNOTS('',1,(#7639,#7640),.UNSPECIFIED.,.F.,.F.,
(2,2),(-1.,0.),.UNSPECIFIED.);
#3194=B_SPLINE_CURVE_WITH_KNOTS('',1,(#7645,#7646),.UNSPECIFIED.,.F.,.F.,
(2,2),(-1.,0.),.UNSPECIFIED.);
#3195=B_SPLINE_CURVE_WITH_KNOTS('',1,(#7702,#7703),.UNSPECIFIED.,.F.,.F.,
(2,2),(-1.,0.),.UNSPECIFIED.);
#3196=B_SPLINE_CURVE_WITH_KNOTS('',1,(#7708,#7709),.UNSPECIFIED.,.F.,.F.,
(2,2),(-1.,0.),.UNSPECIFIED.);
#3197=B_SPLINE_CURVE_WITH_KNOTS('',1,(#7784,#7785),.UNSPECIFIED.,.F.,.F.,
(2,2),(0.,1.),.UNSPECIFIED.);
#3198=B_SPLINE_CURVE_WITH_KNOTS('',1,(#7793,#7794),.UNSPECIFIED.,.F.,.F.,
(2,2),(0.,1.),.UNSPECIFIED.);
#3199=B_SPLINE_CURVE_WITH_KNOTS('',1,(#7799,#7800),.UNSPECIFIED.,.F.,.F.,
(2,2),(0.,1.),.UNSPECIFIED.);
#3200=B_SPLINE_CURVE_WITH_KNOTS('',1,(#7808,#7809),.UNSPECIFIED.,.F.,.F.,
(2,2),(0.,1.),.UNSPECIFIED.);
#3201=B_SPLINE_CURVE_WITH_KNOTS('',1,(#7814,#7815),.UNSPECIFIED.,.F.,.F.,
(2,2),(0.,1.),.UNSPECIFIED.);
#3202=B_SPLINE_CURVE_WITH_KNOTS('',1,(#7823,#7824),.UNSPECIFIED.,.F.,.F.,
(2,2),(0.,1.),.UNSPECIFIED.);
#3203=B_SPLINE_CURVE_WITH_KNOTS('',1,(#7829,#7830),.UNSPECIFIED.,.F.,.F.,
(2,2),(0.,1.),.UNSPECIFIED.);
#3204=B_SPLINE_CURVE_WITH_KNOTS('',1,(#7835,#7836),.UNSPECIFIED.,.F.,.F.,
(2,2),(0.,3.00000000000041),.UNSPECIFIED.);
#3205=B_SPLINE_CURVE_WITH_KNOTS('',1,(#7837,#7838),.UNSPECIFIED.,.F.,.F.,
(2,2),(0.,3.00000000000009),.UNSPECIFIED.);
#3206=B_SPLINE_CURVE_WITH_KNOTS('',1,(#7839,#7840),.UNSPECIFIED.,.F.,.F.,
(2,2),(0.,2.99999999999609),.UNSPECIFIED.);
#3207=B_SPLINE_CURVE_WITH_KNOTS('',1,(#7841,#7842),.UNSPECIFIED.,.F.,.F.,
(2,2),(0.,2.99999999999642),.UNSPECIFIED.);
#3208=B_SPLINE_CURVE_WITH_KNOTS('',1,(#7843,#7844),.UNSPECIFIED.,.F.,.F.,
(2,2),(0.,2.9999999999987),.UNSPECIFIED.);
#3209=B_SPLINE_CURVE_WITH_KNOTS('',1,(#7845,#7846),.UNSPECIFIED.,.F.,.F.,
(2,2),(1.59561253099111E-12,2.99999999999877),.UNSPECIFIED.);
#3210=B_SPLINE_CURVE_WITH_KNOTS('',5,(#7847,#7848,#7849,#7850,#7851,#7852),
 .UNSPECIFIED.,.F.,.F.,(6,6),(-3.7656854249493,0.),.UNSPECIFIED.);
#3211=B_SPLINE_CURVE_WITH_KNOTS('',5,(#7853,#7854,#7855,#7856,#7857,#7858),
 .UNSPECIFIED.,.F.,.F.,(6,6),(-3.7656854249493,0.),.UNSPECIFIED.);
#3212=B_SPLINE_CURVE_WITH_KNOTS('',1,(#7867,#7868),.UNSPECIFIED.,.F.,.F.,
(2,2),(0.,2.99999999999936),.UNSPECIFIED.);
#3213=B_SPLINE_CURVE_WITH_KNOTS('',1,(#7869,#7870),.UNSPECIFIED.,.F.,.F.,
(2,2),(3.23852056283006E-14,2.99999999999777),.UNSPECIFIED.);
#3214=B_SPLINE_CURVE_WITH_KNOTS('',5,(#7871,#7872,#7873,#7874,#7875,#7876),
 .UNSPECIFIED.,.F.,.F.,(6,6),(0.,3.76568542494924),.UNSPECIFIED.);
#3215=B_SPLINE_CURVE_WITH_KNOTS('',5,(#7877,#7878,#7879,#7880,#7881,#7882),
 .UNSPECIFIED.,.F.,.F.,(6,6),(0.,3.76568542494924),.UNSPECIFIED.);
#3216=B_SPLINE_CURVE_WITH_KNOTS('',1,(#7891,#7892),.UNSPECIFIED.,.F.,.F.,
(2,2),(0.,2.99999999999929),.UNSPECIFIED.);
#3217=B_SPLINE_CURVE_WITH_KNOTS('',1,(#7893,#7894),.UNSPECIFIED.,.F.,.F.,
(2,2),(0.,2.99999999999874),.UNSPECIFIED.);
#3218=B_SPLINE_CURVE_WITH_KNOTS('',1,(#7895,#7896),.UNSPECIFIED.,.F.,.F.,
(2,2),(0.,2.99999999999715),.UNSPECIFIED.);
#3219=B_SPLINE_CURVE_WITH_KNOTS('',1,(#7897,#7898),.UNSPECIFIED.,.F.,.F.,
(2,2),(1.591837772707E-12,2.99999999999944),.UNSPECIFIED.);
#3220=B_SPLINE_CURVE_WITH_KNOTS('',5,(#7899,#7900,#7901,#7902,#7903,#7904),
 .UNSPECIFIED.,.F.,.F.,(6,6),(-3.76568542494935,0.),.UNSPECIFIED.);
#3221=B_SPLINE_CURVE_WITH_KNOTS('',5,(#7905,#7906,#7907,#7908,#7909,#7910),
 .UNSPECIFIED.,.F.,.F.,(6,6),(-3.76568542494935,0.),.UNSPECIFIED.);
#3222=B_SPLINE_CURVE_WITH_KNOTS('',5,(#7911,#7912,#7913,#7914,#7915,#7916),
 .UNSPECIFIED.,.F.,.F.,(6,6),(0.,3.76568542494919),.UNSPECIFIED.);
#3223=B_SPLINE_CURVE_WITH_KNOTS('',5,(#7917,#7918,#7919,#7920,#7921,#7922),
 .UNSPECIFIED.,.F.,.F.,(6,6),(0.,3.76568542494919),.UNSPECIFIED.);
#3224=B_SPLINE_CURVE_WITH_KNOTS('',1,(#7923,#7924),.UNSPECIFIED.,.F.,.F.,
(2,2),(1.77446304779126,2.97446304779124),.UNSPECIFIED.);
#3225=B_SPLINE_CURVE_WITH_KNOTS('',1,(#7925,#7926),.UNSPECIFIED.,.F.,.F.,
(2,2),(-69.3069817958926,-29.693274608275),.UNSPECIFIED.);
#3226=B_SPLINE_CURVE_WITH_KNOTS('',1,(#7927,#7928),.UNSPECIFIED.,.F.,.F.,
(2,2),(-69.3069817958927,-29.693274608275),.UNSPECIFIED.);
#3227=B_SPLINE_CURVE_WITH_KNOTS('',1,(#7929,#7930),.UNSPECIFIED.,.F.,.F.,
(2,2),(0.,15.1931464061911),.UNSPECIFIED.);
#3228=B_SPLINE_CURVE_WITH_KNOTS('',1,(#7931,#7932),.UNSPECIFIED.,.F.,.F.,
(2,2),(0.,15.1931464061911),.UNSPECIFIED.);
#3229=B_SPLINE_CURVE_WITH_KNOTS('',1,(#7933,#7934),.UNSPECIFIED.,.F.,.F.,
(2,2),(0.,15.1931464061912),.UNSPECIFIED.);
#3230=B_SPLINE_CURVE_WITH_KNOTS('',1,(#7935,#7936),.UNSPECIFIED.,.F.,.F.,
(2,2),(0.,15.1931464061912),.UNSPECIFIED.);
#3231=B_SPLINE_CURVE_WITH_KNOTS('',1,(#7937,#7938,#7939),.UNSPECIFIED.,
 .F.,.F.,(2,1,2),(3.266439707174,3.39946666666667,3.712),.UNSPECIFIED.);
#3232=B_SPLINE_CURVE_WITH_KNOTS('',1,(#7940,#7941,#7942),.UNSPECIFIED.,
 .F.,.F.,(2,1,2),(3.266439707174,3.39946666666667,3.712),.UNSPECIFIED.);
#3233=B_SPLINE_CURVE_WITH_KNOTS('',1,(#7943,#7944),.UNSPECIFIED.,.F.,.F.,
(2,2),(2.97571214312709,3.18536731554089),.UNSPECIFIED.);
#3234=B_SPLINE_CURVE_WITH_KNOTS('',1,(#7945,#7946),.UNSPECIFIED.,.F.,.F.,
(2,2),(-23.524237874238,-23.3145827018073),.UNSPECIFIED.);
#3235=B_SPLINE_CURVE_WITH_KNOTS('',1,(#7947,#7948),.UNSPECIFIED.,.F.,.F.,
(2,2),(10.,34.2),.UNSPECIFIED.);
#3236=B_SPLINE_CURVE_WITH_KNOTS('',1,(#7949,#7950),.UNSPECIFIED.,.F.,.F.,
(2,2),(0.,2.99999999999836),.UNSPECIFIED.);
#3237=B_SPLINE_CURVE_WITH_KNOTS('',1,(#7951,#7952),.UNSPECIFIED.,.F.,.F.,
(2,2),(0.,2.99999999999835),.UNSPECIFIED.);
#3238=B_SPLINE_CURVE_WITH_KNOTS('',1,(#7953,#7954),.UNSPECIFIED.,.F.,.F.,
(2,2),(5.58361360553246E-14,2.99999999999837),.UNSPECIFIED.);
#3239=B_SPLINE_CURVE_WITH_KNOTS('',5,(#7955,#7956,#7957,#7958,#7959,#7960),
 .UNSPECIFIED.,.F.,.F.,(6,6),(-18.8284271172631,0.),.UNSPECIFIED.);
#3240=B_SPLINE_CURVE_WITH_KNOTS('',1,(#7961,#7962),.UNSPECIFIED.,.F.,.F.,
(2,2),(-5.6843418860808E-14,2.99999999999843),.UNSPECIFIED.);
#3241=B_SPLINE_CURVE_WITH_KNOTS('',5,(#7963,#7964,#7965,#7966,#7967,#7968),
 .UNSPECIFIED.,.F.,.F.,(6,6),(-18.8284271172631,0.),.UNSPECIFIED.);
#3242=B_SPLINE_CURVE_WITH_KNOTS('',5,(#7969,#7970,#7971,#7972,#7973,#7974),
 .UNSPECIFIED.,.F.,.F.,(6,6),(0.,18.8284271247462),.UNSPECIFIED.);
#3243=B_SPLINE_CURVE_WITH_KNOTS('',5,(#7975,#7976,#7977,#7978,#7979,#7980),
 .UNSPECIFIED.,.F.,.F.,(6,6),(0.,18.8284271247462),.UNSPECIFIED.);
#3244=B_SPLINE_CURVE_WITH_KNOTS('',1,(#7981,#7982),.UNSPECIFIED.,.F.,.F.,
(2,2),(10.1738873365302,11.1523856244602),.UNSPECIFIED.);
#3245=B_SPLINE_CURVE_WITH_KNOTS('',1,(#7983,#7984),.UNSPECIFIED.,.F.,.F.,
(2,2),(10.1738873365303,11.1523856244602),.UNSPECIFIED.);
#3246=B_SPLINE_CURVE_WITH_KNOTS('',1,(#7985,#7986),.UNSPECIFIED.,.F.,.F.,
(2,2),(0.,16.7085109809749),.UNSPECIFIED.);
#3247=B_SPLINE_CURVE_WITH_KNOTS('',1,(#7987,#7988),.UNSPECIFIED.,.F.,.F.,
(2,2),(0.,16.7085109809749),.UNSPECIFIED.);
#3248=B_SPLINE_CURVE_WITH_KNOTS('',1,(#7989,#7990),.UNSPECIFIED.,.F.,.F.,
(2,2),(0.,24.1999999999999),.UNSPECIFIED.);
#3249=B_SPLINE_CURVE_WITH_KNOTS('',1,(#7991,#7992),.UNSPECIFIED.,.F.,.F.,
(2,2),(0.,24.1999999999999),.UNSPECIFIED.);
#3250=B_SPLINE_CURVE_WITH_KNOTS('',1,(#7993,#7994),.UNSPECIFIED.,.F.,.F.,
(2,2),(32.6591893432859,32.8688445156997),.UNSPECIFIED.);
#3251=B_SPLINE_CURVE_WITH_KNOTS('',1,(#7995,#7996),.UNSPECIFIED.,.F.,.F.,
(2,2),(10.,26.708510980975),.UNSPECIFIED.);
#3252=B_SPLINE_CURVE_WITH_KNOTS('',1,(#7997,#7998),.UNSPECIFIED.,.F.,.F.,
(2,2),(10.,26.7085109809749),.UNSPECIFIED.);
#3253=B_SPLINE_CURVE_WITH_KNOTS('',1,(#7999,#8000),.UNSPECIFIED.,.F.,.F.,
(2,2),(0.,2.99999999999785),.UNSPECIFIED.);
#3254=B_SPLINE_CURVE_WITH_KNOTS('',1,(#8001,#8002),.UNSPECIFIED.,.F.,.F.,
(2,2),(3.98438272682834E-13,2.99999999999791),.UNSPECIFIED.);
#3255=B_SPLINE_CURVE_WITH_KNOTS('',5,(#8003,#8004,#8005,#8006,#8007,#8008),
 .UNSPECIFIED.,.F.,.F.,(6,6),(0.,18.8284271247468),.UNSPECIFIED.);
#3256=B_SPLINE_CURVE_WITH_KNOTS('',5,(#8009,#8010,#8011,#8012,#8013,#8014),
 .UNSPECIFIED.,.F.,.F.,(6,6),(0.,18.8284271247468),.UNSPECIFIED.);
#3257=B_SPLINE_CURVE_WITH_KNOTS('',1,(#8015,#8016),.UNSPECIFIED.,.F.,.F.,
(2,2),(-44.4157115959842,-44.2060564235704),.UNSPECIFIED.);
#3258=B_SPLINE_CURVE_WITH_KNOTS('',1,(#8017,#8018),.UNSPECIFIED.,.F.,.F.,
(2,2),(-3.26516591542259E-13,2.99999999999602),.UNSPECIFIED.);
#3259=B_SPLINE_CURVE_WITH_KNOTS('',1,(#8019,#8020),.UNSPECIFIED.,.F.,.F.,
(2,2),(3.25406368517633E-13,3.00000000000111),.UNSPECIFIED.);
#3260=B_SPLINE_CURVE_WITH_KNOTS('',5,(#8021,#8022,#8023,#8024,#8025,#8026),
 .UNSPECIFIED.,.F.,.F.,(6,6),(-18.8284271247462,0.),.UNSPECIFIED.);
#3261=B_SPLINE_CURVE_WITH_KNOTS('',5,(#8027,#8028,#8029,#8030,#8031,#8032),
 .UNSPECIFIED.,.F.,.F.,(6,6),(-18.8284271247462,0.),.UNSPECIFIED.);
#3262=B_SPLINE_CURVE_WITH_KNOTS('',1,(#8033,#8034),.UNSPECIFIED.,.F.,.F.,
(2,2),(18.3072496641105,18.5169048365243),.UNSPECIFIED.);
#3263=B_SPLINE_CURVE_WITH_KNOTS('',1,(#8035,#8036),.UNSPECIFIED.,.F.,.F.,
(2,2),(9.99999999999999,34.1999999999998),.UNSPECIFIED.);
#3264=B_SPLINE_CURVE_WITH_KNOTS('',1,(#8037,#8038),.UNSPECIFIED.,.F.,.F.,
(2,2),(0.,3.00000000000078),.UNSPECIFIED.);
#3265=B_SPLINE_CURVE_WITH_KNOTS('',1,(#8039,#8040),.UNSPECIFIED.,.F.,.F.,
(2,2),(5.09614572762884E-12,3.00000000000144),.UNSPECIFIED.);
#3266=B_SPLINE_CURVE_WITH_KNOTS('',5,(#8041,#8042,#8043,#8044,#8045,#8046),
 .UNSPECIFIED.,.F.,.F.,(6,6),(0.,18.8284271247459),.UNSPECIFIED.);
#3267=B_SPLINE_CURVE_WITH_KNOTS('',5,(#8047,#8048,#8049,#8050,#8051,#8052),
 .UNSPECIFIED.,.F.,.F.,(6,6),(0.,18.8284271247459),.UNSPECIFIED.);
#3268=B_SPLINE_CURVE_WITH_KNOTS('',1,(#8053,#8054),.UNSPECIFIED.,.F.,.F.,
(2,2),(-30.0637719168088,-29.854116744395),.UNSPECIFIED.);
#3269=B_SPLINE_CURVE_WITH_KNOTS('',1,(#8055,#8056),.UNSPECIFIED.,.F.,.F.,
(2,2),(0.,2.9999999999979),.UNSPECIFIED.);
#3270=B_SPLINE_CURVE_WITH_KNOTS('',1,(#8057,#8058),.UNSPECIFIED.,.F.,.F.,
(2,2),(0.,2.99999999999785),.UNSPECIFIED.);
#3271=B_SPLINE_CURVE_WITH_KNOTS('',5,(#8059,#8060,#8061,#8062,#8063,#8064),
 .UNSPECIFIED.,.F.,.F.,(6,6),(-18.8284271247464,0.),.UNSPECIFIED.);
#3272=B_SPLINE_CURVE_WITH_KNOTS('',5,(#8065,#8066,#8067,#8068,#8069,#8070),
 .UNSPECIFIED.,.F.,.F.,(6,6),(-18.8284271247464,0.),.UNSPECIFIED.);
#3273=B_SPLINE_CURVE_WITH_KNOTS('',1,(#8071,#8072),.UNSPECIFIED.,.F.,.F.,
(2,2),(32.6591893432858,32.8688445156996),.UNSPECIFIED.);
#3274=B_SPLINE_CURVE_WITH_KNOTS('',1,(#8073,#8074),.UNSPECIFIED.,.F.,.F.,
(2,2),(9.99999999999999,26.708510980975),.UNSPECIFIED.);
#3275=B_SPLINE_CURVE_WITH_KNOTS('',1,(#8075,#8076),.UNSPECIFIED.,.F.,.F.,
(2,2),(9.99999999999999,26.708510980975),.UNSPECIFIED.);
#3276=B_SPLINE_CURVE_WITH_KNOTS('',1,(#8077,#8078),.UNSPECIFIED.,.F.,.F.,
(2,2),(0.,2.99999999999785),.UNSPECIFIED.);
#3277=B_SPLINE_CURVE_WITH_KNOTS('',1,(#8079,#8080),.UNSPECIFIED.,.F.,.F.,
(2,2),(5.08843242675529E-13,2.99999999999792),.UNSPECIFIED.);
#3278=B_SPLINE_CURVE_WITH_KNOTS('',5,(#8081,#8082,#8083,#8084,#8085,#8086),
 .UNSPECIFIED.,.F.,.F.,(6,6),(0.,18.8284271247464),.UNSPECIFIED.);
#3279=B_SPLINE_CURVE_WITH_KNOTS('',5,(#8087,#8088,#8089,#8090,#8091,#8092),
 .UNSPECIFIED.,.F.,.F.,(6,6),(0.,18.8284271247464),.UNSPECIFIED.);
#3280=B_SPLINE_CURVE_WITH_KNOTS('',1,(#8093,#8094),.UNSPECIFIED.,.F.,.F.,
(2,2),(-44.4157115959841,-44.2060564235703),.UNSPECIFIED.);
#3281=B_SPLINE_CURVE_WITH_KNOTS('',1,(#8095,#8096),.UNSPECIFIED.,.F.,.F.,
(2,2),(2.77555756156289E-16,2.99999999999585),.UNSPECIFIED.);
#3282=B_SPLINE_CURVE_WITH_KNOTS('',1,(#8097,#8098),.UNSPECIFIED.,.F.,.F.,
(2,2),(1.72084568816899E-15,2.99999999999752),.UNSPECIFIED.);
#3283=B_SPLINE_CURVE_WITH_KNOTS('',5,(#8099,#8100,#8101,#8102,#8103,#8104),
 .UNSPECIFIED.,.F.,.F.,(6,6),(-18.8284271247473,0.),.UNSPECIFIED.);
#3284=B_SPLINE_CURVE_WITH_KNOTS('',5,(#8105,#8106,#8107,#8108,#8109,#8110),
 .UNSPECIFIED.,.F.,.F.,(6,6),(-18.8284271247473,0.),.UNSPECIFIED.);
#3285=B_SPLINE_CURVE_WITH_KNOTS('',1,(#8111,#8112),.UNSPECIFIED.,.F.,.F.,
(2,2),(-1.0335421063928,0.),.UNSPECIFIED.);
#3286=B_SPLINE_CURVE_WITH_KNOTS('',5,(#8113,#8114,#8115,#8116,#8117,#8118),
 .UNSPECIFIED.,.F.,.F.,(6,6),(0.,0.139636607807685),.UNSPECIFIED.);
#3287=B_SPLINE_CURVE_WITH_KNOTS('',3,(#8119,#8120,#8121,#8122),
 .UNSPECIFIED.,.F.,.F.,(4,4),(0.,1.30966092617371),.UNSPECIFIED.);
#3288=B_SPLINE_CURVE_WITH_KNOTS('',1,(#8123,#8124),.UNSPECIFIED.,.F.,.F.,
(2,2),(6.09596015323144,6.34517796864419),.UNSPECIFIED.);
#3289=B_SPLINE_CURVE_WITH_KNOTS('',3,(#8125,#8126,#8127,#8128),
 .UNSPECIFIED.,.F.,.F.,(4,4),(0.,0.188416780092621),.UNSPECIFIED.);
#3290=B_SPLINE_CURVE_WITH_KNOTS('',5,(#8129,#8130,#8131,#8132,#8133,#8134),
 .UNSPECIFIED.,.F.,.F.,(6,6),(0.,0.163163014548608),.UNSPECIFIED.);
#3291=B_SPLINE_CURVE_WITH_KNOTS('',1,(#8135,#8136),.UNSPECIFIED.,.F.,.F.,
(2,2),(-1.52768041491033,-1.17479072994801),.UNSPECIFIED.);
#3292=B_SPLINE_CURVE_WITH_KNOTS('',1,(#8137,#8138),.UNSPECIFIED.,.F.,.F.,
(2,2),(1.32995302751222,1.59999999999997),.UNSPECIFIED.);
#3293=B_SPLINE_CURVE_WITH_KNOTS('',1,(#8139,#8140),.UNSPECIFIED.,.F.,.F.,
(2,2),(1.20436462867241,1.59999999999997),.UNSPECIFIED.);
#3294=B_SPLINE_CURVE_WITH_KNOTS('',1,(#8141,#8142,#8143,#8144),
 .UNSPECIFIED.,.F.,.F.,(2,1,1,2),(10.,18.3135011312552,20.2,34.1999999999997),
 .UNSPECIFIED.);
#3295=B_SPLINE_CURVE_WITH_KNOTS('',3,(#8145,#8146,#8147,#8148),
 .UNSPECIFIED.,.F.,.F.,(4,4),(0.0894921464746664,1.39915307264838),
 .UNSPECIFIED.);
#3296=B_SPLINE_CURVE_WITH_KNOTS('',1,(#8149,#8150),.UNSPECIFIED.,.F.,.F.,
(2,2),(-6.3451779686442,-6.09596015323145),.UNSPECIFIED.);
#3297=B_SPLINE_CURVE_WITH_KNOTS('',5,(#8151,#8152,#8153,#8154,#8155,#8156),
 .UNSPECIFIED.,.F.,.F.,(6,6),(-0.163163014548608,0.),.UNSPECIFIED.);
#3298=B_SPLINE_CURVE_WITH_KNOTS('',3,(#8157,#8158,#8159,#8160),
 .UNSPECIFIED.,.F.,.F.,(4,4),(0.,0.188416780092622),.UNSPECIFIED.);
#3299=B_SPLINE_CURVE_WITH_KNOTS('',1,(#8161,#8162),.UNSPECIFIED.,.F.,.F.,
(2,2),(-1.52768041491034,-1.17479072994801),.UNSPECIFIED.);
#3300=B_SPLINE_CURVE_WITH_KNOTS('',1,(#8163,#8164),.UNSPECIFIED.,.F.,.F.,
(2,2),(1.32995302751223,1.59999999999997),.UNSPECIFIED.);
#3301=B_SPLINE_CURVE_WITH_KNOTS('',1,(#8165,#8166),.UNSPECIFIED.,.F.,.F.,
(2,2),(1.20436462867242,1.59999999999997),.UNSPECIFIED.);
#3302=B_SPLINE_CURVE_WITH_KNOTS('',1,(#8167,#8168),.UNSPECIFIED.,.F.,.F.,
(2,2),(0.886498868744754,39.1135011312552),.UNSPECIFIED.);
#3303=B_SPLINE_CURVE_WITH_KNOTS('',1,(#8169,#8170),.UNSPECIFIED.,.F.,.F.,
(2,2),(0.886498868744764,39.1135011312552),.UNSPECIFIED.);
#3304=B_SPLINE_CURVE_WITH_KNOTS('',1,(#8171,#8172,#8173,#8174),
 .UNSPECIFIED.,.F.,.F.,(2,1,1,2),(10.,18.3135011312552,20.1999999999982,
34.1999999999982),.UNSPECIFIED.);
#3305=B_SPLINE_CURVE_WITH_KNOTS('',3,(#8175,#8176,#8177,#8178),
 .UNSPECIFIED.,.F.,.F.,(4,4),(0.0894921464746586,1.39915307264838),
 .UNSPECIFIED.);
#3306=B_SPLINE_CURVE_WITH_KNOTS('',1,(#8179,#8180),.UNSPECIFIED.,.F.,.F.,
(2,2),(1.06903559372884,1.31825340914165),.UNSPECIFIED.);
#3307=B_SPLINE_CURVE_WITH_KNOTS('',5,(#8181,#8182,#8183,#8184,#8185,#8186),
 .UNSPECIFIED.,.F.,.F.,(6,6),(-0.163163014548599,0.),.UNSPECIFIED.);
#3308=B_SPLINE_CURVE_WITH_KNOTS('',3,(#8187,#8188,#8189,#8190),
 .UNSPECIFIED.,.F.,.F.,(4,4),(0.,0.188416780092632),.UNSPECIFIED.);
#3309=B_SPLINE_CURVE_WITH_KNOTS('',1,(#8191,#8192),.UNSPECIFIED.,.F.,.F.,
(2,2),(-1.52768041491033,-1.17479072994801),.UNSPECIFIED.);
#3310=B_SPLINE_CURVE_WITH_KNOTS('',1,(#8193,#8194),.UNSPECIFIED.,.F.,.F.,
(2,2),(1.32995302751226,1.59999999999997),.UNSPECIFIED.);
#3311=B_SPLINE_CURVE_WITH_KNOTS('',1,(#8195,#8196),.UNSPECIFIED.,.F.,.F.,
(2,2),(1.20436462867244,1.59999999999997),.UNSPECIFIED.);
#3312=B_SPLINE_CURVE_WITH_KNOTS('',1,(#8197,#8198),.UNSPECIFIED.,.F.,.F.,
(2,2),(0.886498868744792,39.1135011312552),.UNSPECIFIED.);
#3313=B_SPLINE_CURVE_WITH_KNOTS('',1,(#8199,#8200),.UNSPECIFIED.,.F.,.F.,
(2,2),(0.886498868744782,39.1135011312552),.UNSPECIFIED.);
#3314=B_SPLINE_CURVE_WITH_KNOTS('',1,(#8201,#8202,#8203,#8204),
 .UNSPECIFIED.,.F.,.F.,(2,1,1,2),(10.,18.3135011312552,20.1999999999893,
34.1999999999998),.UNSPECIFIED.);
#3315=B_SPLINE_CURVE_WITH_KNOTS('',3,(#8205,#8206,#8207,#8208),
 .UNSPECIFIED.,.F.,.F.,(4,4),(0.0894921464746613,1.39915307264838),
 .UNSPECIFIED.);
#3316=B_SPLINE_CURVE_WITH_KNOTS('',1,(#8209,#8210),.UNSPECIFIED.,.F.,.F.,
(2,2),(1.06903559372885,1.31825340914165),.UNSPECIFIED.);
#3317=B_SPLINE_CURVE_WITH_KNOTS('',5,(#8211,#8212,#8213,#8214,#8215,#8216),
 .UNSPECIFIED.,.F.,.F.,(6,6),(-0.163163014548599,0.),.UNSPECIFIED.);
#3318=B_SPLINE_CURVE_WITH_KNOTS('',3,(#8217,#8218,#8219,#8220),
 .UNSPECIFIED.,.F.,.F.,(4,4),(0.,0.188416780092619),.UNSPECIFIED.);
#3319=B_SPLINE_CURVE_WITH_KNOTS('',1,(#8221,#8222),.UNSPECIFIED.,.F.,.F.,
(2,2),(-1.52768041491033,-1.17479072994801),.UNSPECIFIED.);
#3320=B_SPLINE_CURVE_WITH_KNOTS('',1,(#8223,#8224),.UNSPECIFIED.,.F.,.F.,
(2,2),(1.32995302751226,1.59999999999997),.UNSPECIFIED.);
#3321=B_SPLINE_CURVE_WITH_KNOTS('',1,(#8225,#8226),.UNSPECIFIED.,.F.,.F.,
(2,2),(1.20436462867244,1.59999999999997),.UNSPECIFIED.);
#3322=B_SPLINE_CURVE_WITH_KNOTS('',1,(#8227,#8228,#8229,#8230),
 .UNSPECIFIED.,.F.,.F.,(2,1,1,2),(10.,18.3135011312553,20.1999999999905,
34.2000000000001),.UNSPECIFIED.);
#3323=B_SPLINE_CURVE_WITH_KNOTS('',1,(#8231,#8232),.UNSPECIFIED.,.F.,.F.,
(2,2),(13.990813376212,14.9693116641419),.UNSPECIFIED.);
#3324=B_SPLINE_CURVE_WITH_KNOTS('',1,(#8233,#8234),.UNSPECIFIED.,.F.,.F.,
(2,2),(13.990813376212,14.9693116641419),.UNSPECIFIED.);
#3325=B_SPLINE_CURVE_WITH_KNOTS('',1,(#8235,#8236),.UNSPECIFIED.,.F.,.F.,
(2,2),(0.472765321728266,0.585155810564357),.UNSPECIFIED.);
#3326=B_SPLINE_CURVE_WITH_KNOTS('',1,(#8237,#8238),.UNSPECIFIED.,.F.,.F.,
(2,2),(-0.585155810564357,-0.472765321728266),.UNSPECIFIED.);
#3327=B_SPLINE_CURVE_WITH_KNOTS('',1,(#8239,#8240),.UNSPECIFIED.,.F.,.F.,
(2,2),(-7.44390224862589,-1.31849828792997),.UNSPECIFIED.);
#3328=B_SPLINE_CURVE_WITH_KNOTS('',1,(#8241,#8242),.UNSPECIFIED.,.F.,.F.,
(2,2),(1.31849828792997,7.44390224862589),.UNSPECIFIED.);
#3329=B_SPLINE_CURVE_WITH_KNOTS('',1,(#8243,#8244),.UNSPECIFIED.,.F.,.F.,
(2,2),(0.,1.27849828792996),.UNSPECIFIED.);
#3330=B_SPLINE_CURVE_WITH_KNOTS('',1,(#8245,#8246),.UNSPECIFIED.,.F.,.F.,
(2,2),(0.,1.27849828792996),.UNSPECIFIED.);
#3331=B_SPLINE_CURVE_WITH_KNOTS('',1,(#8247,#8248),.UNSPECIFIED.,.F.,.F.,
(2,2),(0.,1.27849828792996),.UNSPECIFIED.);
#3332=B_SPLINE_CURVE_WITH_KNOTS('',1,(#8249,#8250),.UNSPECIFIED.,.F.,.F.,
(2,2),(0.,1.27849828792995),.UNSPECIFIED.);
#3333=B_SPLINE_CURVE_WITH_KNOTS('',3,(#8512,#8513,#8514,#8515,#8516,#8517,
#8518,#8519,#8520,#8521,#8522),.UNSPECIFIED.,.F.,.F.,(4,2,3,2,4),(0.,0.116240130418633,
0.232786744777202,0.351153288599966,0.469143461569153),.UNSPECIFIED.);
#3334=B_SPLINE_CURVE_WITH_KNOTS('',1,(#8523,#8524),.UNSPECIFIED.,.F.,.F.,
(2,2),(0.868660687318102,1.28101891898592),.UNSPECIFIED.);
#3335=B_SPLINE_CURVE_WITH_KNOTS('',3,(#8525,#8526,#8527,#8528),
 .UNSPECIFIED.,.F.,.F.,(4,4),(0.,0.940213643505482),.UNSPECIFIED.);
#3336=B_SPLINE_CURVE_WITH_KNOTS('',1,(#8535,#8536),.UNSPECIFIED.,.F.,.F.,
(2,2),(-1.16404142501625,-2.14918290086696E-13),.UNSPECIFIED.);
#3337=B_SPLINE_CURVE_WITH_KNOTS('',5,(#8540,#8541,#8542,#8543,#8544,#8545),
 .UNSPECIFIED.,.F.,.F.,(6,6),(-1.,0.),.UNSPECIFIED.);
#3338=B_SPLINE_CURVE_WITH_KNOTS('',1,(#8551,#8552),.UNSPECIFIED.,.F.,.F.,
(2,2),(-18.43549298486,-15.8318971422585),.UNSPECIFIED.);
#3339=B_SPLINE_CURVE_WITH_KNOTS('',5,(#8553,#8554,#8555,#8556,#8557,#8558),
 .UNSPECIFIED.,.F.,.F.,(6,6),(-3.51204875127248,0.),.UNSPECIFIED.);
#3340=B_SPLINE_CURVE_WITH_KNOTS('',3,(#8573,#8574,#8575,#8576,#8577,#8578,
#8579,#8580),.UNSPECIFIED.,.F.,.F.,(4,2,2,4),(0.,0.082894880097878,0.165629831457399,
0.33079143711415),.UNSPECIFIED.);
#3341=B_SPLINE_CURVE_WITH_KNOTS('',1,(#8581,#8582),.UNSPECIFIED.,.F.,.F.,
(2,2),(1.38351857042566,1.49752764389188),.UNSPECIFIED.);
#3342=B_SPLINE_CURVE_WITH_KNOTS('',3,(#8583,#8584,#8585,#8586,#8587,#8588,
#8589,#8590),.UNSPECIFIED.,.F.,.F.,(4,2,2,4),(0.,0.155822162178288,0.233439065227065,
0.311112878500749),.UNSPECIFIED.);
#3343=B_SPLINE_CURVE_WITH_KNOTS('',3,(#8591,#8592,#8593,#8594),
 .UNSPECIFIED.,.F.,.F.,(4,4),(0.,1.87804182401986),.UNSPECIFIED.);
#3344=B_SPLINE_CURVE_WITH_KNOTS('',3,(#8595,#8596,#8597,#8598),
 .UNSPECIFIED.,.F.,.F.,(4,4),(0.,1.69593277589135),.UNSPECIFIED.);
#3345=B_SPLINE_CURVE_WITH_KNOTS('',3,(#8599,#8600,#8601,#8602,#8603,#8604,
#8605,#8606,#8607,#8608,#8609,#8610,#8611,#8612,#8613),.UNSPECIFIED.,.F.,
 .F.,(4,2,2,3,2,2,4),(0.,0.470794816473196,0.940905165007153,1.88087683618299,
2.79882994593864,3.25605053273803,3.71361295872831),.UNSPECIFIED.);
#3346=B_SPLINE_CURVE_WITH_KNOTS('',3,(#8623,#8624,#8625,#8626),
 .UNSPECIFIED.,.F.,.F.,(4,4),(0.512789755192342,4.59572884766776),
 .UNSPECIFIED.);
#3347=B_SPLINE_CURVE_WITH_KNOTS('',1,(#8627,#8628),.UNSPECIFIED.,.F.,.F.,
(2,2),(-0.484107645807438,-0.3365389533802),.UNSPECIFIED.);
#3348=B_SPLINE_CURVE_WITH_KNOTS('',1,(#8635,#8636),.UNSPECIFIED.,.F.,.F.,
(2,2),(0.,1.21028086531104),.UNSPECIFIED.);
#3349=B_SPLINE_CURVE_WITH_KNOTS('',1,(#8642,#8643),.UNSPECIFIED.,.F.,.F.,
(2,2),(0.,9.51459185481147),.UNSPECIFIED.);
#3350=B_SPLINE_CURVE_WITH_KNOTS('',1,(#8644,#8645),.UNSPECIFIED.,.F.,.F.,
(2,2),(-9.51440869863694,-3.57758635756601E-14),.UNSPECIFIED.);
#3351=B_SPLINE_CURVE_WITH_KNOTS('',3,(#8646,#8647,#8648,#8649),
 .UNSPECIFIED.,.F.,.F.,(4,4),(0.203182565895019,1.06731789929465),
 .UNSPECIFIED.);
#3352=B_SPLINE_CURVE_WITH_KNOTS('',5,(#8654,#8655,#8656,#8657,#8658,#8659),
 .UNSPECIFIED.,.F.,.F.,(6,6),(0.,0.49836754671705),.UNSPECIFIED.);
#3353=B_SPLINE_CURVE_WITH_KNOTS('',3,(#8660,#8661,#8662,#8663,#8664,#8665,
#8666,#8667,#8668,#8669,#8670,#8671,#8672,#8673,#8674,#8675,#8676,#8677,
#8678,#8679),.UNSPECIFIED.,.F.,.F.,(4,1,1,1,1,1,1,1,1,1,1,1,1,1,1,1,1,4),
(0.,0.0493220764003982,0.0974181006035056,0.143251644571783,0.186033713982603,
0.225275660978163,0.260859587946258,0.293126850111296,0.32295362627004,
0.351718058790437,0.381045625459967,0.412397460836265,0.446761881392223,
0.484577627988388,0.525797735510358,0.569982665407528,0.616378327402583,
0.663975471280471),.UNSPECIFIED.);
#3354=B_SPLINE_CURVE_WITH_KNOTS('',3,(#8683,#8684,#8685,#8686,#8687,#8688,
#8689),.UNSPECIFIED.,.F.,.F.,(4,3,4),(0.245997063915712,1.52853261661384,
1.68979803418771),.UNSPECIFIED.);
#3355=B_SPLINE_CURVE_WITH_KNOTS('',1,(#8690,#8691),.UNSPECIFIED.,.F.,.F.,
(2,2),(1.99999999999963,4.00155402402975),.UNSPECIFIED.);
#3356=B_SPLINE_CURVE_WITH_KNOTS('',1,(#8694,#8695),.UNSPECIFIED.,.F.,.F.,
(2,2),(1.99999862316465,4.03226860694848),.UNSPECIFIED.);
#3357=B_SPLINE_CURVE_WITH_KNOTS('',3,(#8696,#8697,#8698,#8699,#8700,#8701,
#8702,#8703,#8704,#8705,#8706,#8707,#8708,#8709,#8710,#8711,#8712,#8713,
#8714,#8715),.UNSPECIFIED.,.F.,.F.,(4,1,1,1,1,1,1,1,1,1,1,1,1,1,1,1,1,4),
(-0.495161797391171,-0.46567954837629,-0.436263629566377,-0.406965318336678,
-0.377815578159362,-0.348823131685144,-0.319974863948753,-0.29123831961179,
-0.262566014234541,-0.23390116939747,-0.205184348735897,-0.176360369220521,
-0.147384831894899,-0.118229672522928,-0.0888872537152063,-0.0593726598223553,
-0.0297239631672319,-1.85032410927693E-6),.UNSPECIFIED.);
#3358=B_SPLINE_CURVE_WITH_KNOTS('',1,(#8716,#8717),.UNSPECIFIED.,.F.,.F.,
(2,2),(7.9434138660616,11.1923154576501),.UNSPECIFIED.);
#3359=B_SPLINE_CURVE_WITH_KNOTS('',1,(#8718,#8719),.UNSPECIFIED.,.F.,.F.,
(2,2),(-11.1923154576501,-7.94341386606161),.UNSPECIFIED.);
#3360=B_SPLINE_CURVE_WITH_KNOTS('',5,(#8720,#8721,#8722,#8723,#8724,#8725),
 .UNSPECIFIED.,.F.,.F.,(6,6),(-1.,0.),.UNSPECIFIED.);
#3361=B_SPLINE_CURVE_WITH_KNOTS('',1,(#8726,#8727),.UNSPECIFIED.,.F.,.F.,
(2,2),(-3.13566184569991,-2.74686956021648),.UNSPECIFIED.);
#3362=B_SPLINE_CURVE_WITH_KNOTS('',5,(#8728,#8729,#8730,#8731,#8732,#8733),
 .UNSPECIFIED.,.F.,.F.,(6,6),(0.,1.),.UNSPECIFIED.);
#3363=B_SPLINE_CURVE_WITH_KNOTS('',1,(#8734,#8735),.UNSPECIFIED.,.F.,.F.,
(2,2),(-9.63673585374635E-14,2.60359584260145),.UNSPECIFIED.);
#3364=B_SPLINE_CURVE_WITH_KNOTS('',1,(#8736,#8737),.UNSPECIFIED.,.F.,.F.,
(2,2),(7.14983627858601E-14,2.60359584260151),.UNSPECIFIED.);
#3365=B_SPLINE_CURVE_WITH_KNOTS('',1,(#8738,#8739),.UNSPECIFIED.,.F.,.F.,
(2,2),(2.87299123524219,3.13566184569985),.UNSPECIFIED.);
#3366=B_SPLINE_CURVE_WITH_KNOTS('',3,(#8742,#8743,#8744,#8745,#8746,#8747,
#8748,#8749,#8750,#8751,#8752,#8753,#8754,#8755,#8756,#8757,#8758,#8759,
#8760,#8761),.UNSPECIFIED.,.F.,.F.,(4,1,1,1,1,1,1,1,1,1,1,1,1,1,1,1,1,4),
(0.,0.217614595792119,0.431411195524134,0.638271472812489,0.836029943203407,
1.02366562929915,1.20147049925138,1.37114523895696,1.5357183756135,1.69917334346756,
1.86577936326902,2.03932264203794,2.22251472265278,2.41671229578874,2.62189455736745,
2.8367773152201,3.05897547087345,3.28517790779031),.UNSPECIFIED.);
#3367=B_SPLINE_CURVE_WITH_KNOTS('',3,(#8770,#8771,#8772,#8773,#8774,#8775,
#8776,#8777,#8778,#8779,#8780),.UNSPECIFIED.,.F.,.F.,(4,2,3,2,4),(0.,0.116240130418633,
0.232786744777202,0.351153288599966,0.469143461569153),.UNSPECIFIED.);
#3368=B_SPLINE_CURVE_WITH_KNOTS('',1,(#8781,#8782),.UNSPECIFIED.,.F.,.F.,
(2,2),(0.868660687318102,1.28101891898592),.UNSPECIFIED.);
#3369=B_SPLINE_CURVE_WITH_KNOTS('',3,(#8783,#8784,#8785,#8786),
 .UNSPECIFIED.,.F.,.F.,(4,4),(0.,0.940213643505482),.UNSPECIFIED.);
#3370=B_SPLINE_CURVE_WITH_KNOTS('',3,(#8801,#8802,#8803,#8804,#8805,#8806,
#8807,#8808),.UNSPECIFIED.,.F.,.F.,(4,2,2,4),(0.,0.082894880097878,0.165629831457399,
0.33079143711415),.UNSPECIFIED.);
#3371=B_SPLINE_CURVE_WITH_KNOTS('',1,(#8809,#8810),.UNSPECIFIED.,.F.,.F.,
(2,2),(1.38351857042566,1.49752764389188),.UNSPECIFIED.);
#3372=B_SPLINE_CURVE_WITH_KNOTS('',3,(#8811,#8812,#8813,#8814,#8815,#8816,
#8817,#8818),.UNSPECIFIED.,.F.,.F.,(4,2,2,4),(0.,0.155822162178288,0.233439065227065,
0.311112878500749),.UNSPECIFIED.);
#3373=B_SPLINE_CURVE_WITH_KNOTS('',3,(#8819,#8820,#8821,#8822),
 .UNSPECIFIED.,.F.,.F.,(4,4),(0.,1.87804182401986),.UNSPECIFIED.);
#3374=B_SPLINE_CURVE_WITH_KNOTS('',3,(#8823,#8824,#8825,#8826),
 .UNSPECIFIED.,.F.,.F.,(4,4),(0.,1.69593277589135),.UNSPECIFIED.);
#3375=B_SPLINE_CURVE_WITH_KNOTS('',3,(#8827,#8828,#8829,#8830,#8831,#8832,
#8833,#8834,#8835,#8836,#8837,#8838,#8839,#8840,#8841),.UNSPECIFIED.,.F.,
 .F.,(4,2,2,3,2,2,4),(0.,0.470794816473196,0.940905165007153,1.88087683618299,
2.79882994593864,3.25605053273803,3.71361295872831),.UNSPECIFIED.);
#3376=B_SPLINE_CURVE_WITH_KNOTS('',3,(#8842,#8843,#8844,#8845),
 .UNSPECIFIED.,.F.,.F.,(4,4),(0.512789755192342,4.59572884766776),
 .UNSPECIFIED.);
#3377=B_SPLINE_CURVE_WITH_KNOTS('',1,(#8846,#8847),.UNSPECIFIED.,.F.,.F.,
(2,2),(-0.484107645807438,-0.3365389533802),.UNSPECIFIED.);
#3378=B_SPLINE_CURVE_WITH_KNOTS('',1,(#8848,#8849),.UNSPECIFIED.,.F.,.F.,
(2,2),(0.,1.21028086531104),.UNSPECIFIED.);
#3379=B_SPLINE_CURVE_WITH_KNOTS('',1,(#8850,#8851),.UNSPECIFIED.,.F.,.F.,
(2,2),(0.,9.51459185481147),.UNSPECIFIED.);
#3380=B_SPLINE_CURVE_WITH_KNOTS('',3,(#8852,#8853,#8854,#8855),
 .UNSPECIFIED.,.F.,.F.,(4,4),(0.203182565895019,1.06731789929465),
 .UNSPECIFIED.);
#3381=B_SPLINE_CURVE_WITH_KNOTS('',3,(#8860,#8861,#8862,#8863,#8864,#8865,
#8866,#8867,#8868,#8869,#8870,#8871,#8872,#8873,#8874,#8875,#8876,#8877,
#8878,#8879),.UNSPECIFIED.,.F.,.F.,(4,1,1,1,1,1,1,1,1,1,1,1,1,1,1,1,1,4),
(0.,0.0493220764003982,0.0974181006035056,0.143251644571783,0.186033713982603,
0.225275660978163,0.260859587946258,0.293126850111296,0.32295362627004,
0.351718058790437,0.381045625459967,0.412397460836265,0.446761881392223,
0.484577627988388,0.525797735510358,0.569982665407528,0.616378327402583,
0.663975471280471),.UNSPECIFIED.);
#3382=B_SPLINE_CURVE_WITH_KNOTS('',3,(#8880,#8881,#8882,#8883,#8884,#8885,
#8886),.UNSPECIFIED.,.F.,.F.,(4,3,4),(0.245997063915712,1.52853261661384,
1.68979803418771),.UNSPECIFIED.);
#3383=B_SPLINE_CURVE_WITH_KNOTS('',1,(#8887,#8888),.UNSPECIFIED.,.F.,.F.,
(2,2),(1.99999999999963,4.00155402402975),.UNSPECIFIED.);
#3384=B_SPLINE_CURVE_WITH_KNOTS('',1,(#8891,#8892),.UNSPECIFIED.,.F.,.F.,
(2,2),(1.99999862316465,4.03226860694848),.UNSPECIFIED.);
#3385=B_SPLINE_CURVE_WITH_KNOTS('',3,(#8893,#8894,#8895,#8896,#8897,#8898,
#8899,#8900,#8901,#8902,#8903,#8904,#8905,#8906,#8907,#8908,#8909,#8910,
#8911,#8912),.UNSPECIFIED.,.F.,.F.,(4,1,1,1,1,1,1,1,1,1,1,1,1,1,1,1,1,4),
(-0.495161797391171,-0.46567954837629,-0.436263629566377,-0.406965318336678,
-0.377815578159362,-0.348823131685144,-0.319974863948753,-0.29123831961179,
-0.262566014234541,-0.23390116939747,-0.205184348735897,-0.176360369220521,
-0.147384831894899,-0.118229672522928,-0.0888872537152063,-0.0593726598223553,
-0.0297239631672319,-1.85032410927693E-6),.UNSPECIFIED.);
#3386=B_SPLINE_CURVE_WITH_KNOTS('',1,(#8913,#8914),.UNSPECIFIED.,.F.,.F.,
(2,2),(7.9434138660616,11.1923154576501),.UNSPECIFIED.);
#3387=B_SPLINE_CURVE_WITH_KNOTS('',1,(#8915,#8916),.UNSPECIFIED.,.F.,.F.,
(2,2),(-11.1923154576501,-7.94341386606161),.UNSPECIFIED.);
#3388=B_SPLINE_CURVE_WITH_KNOTS('',5,(#8917,#8918,#8919,#8920,#8921,#8922),
 .UNSPECIFIED.,.F.,.F.,(6,6),(-1.,0.),.UNSPECIFIED.);
#3389=B_SPLINE_CURVE_WITH_KNOTS('',1,(#8923,#8924),.UNSPECIFIED.,.F.,.F.,
(2,2),(-3.13566184569991,-2.74686956021648),.UNSPECIFIED.);
#3390=B_SPLINE_CURVE_WITH_KNOTS('',5,(#8925,#8926,#8927,#8928,#8929,#8930),
 .UNSPECIFIED.,.F.,.F.,(6,6),(0.,1.),.UNSPECIFIED.);
#3391=B_SPLINE_CURVE_WITH_KNOTS('',1,(#8931,#8932),.UNSPECIFIED.,.F.,.F.,
(2,2),(-9.63673585374635E-14,2.60359584260145),.UNSPECIFIED.);
#3392=B_SPLINE_CURVE_WITH_KNOTS('',1,(#8933,#8934),.UNSPECIFIED.,.F.,.F.,
(2,2),(7.14983627858601E-14,2.60359584260151),.UNSPECIFIED.);
#3393=B_SPLINE_CURVE_WITH_KNOTS('',1,(#8935,#8936),.UNSPECIFIED.,.F.,.F.,
(2,2),(2.87299123524219,3.13566184569985),.UNSPECIFIED.);
#3394=B_SPLINE_CURVE_WITH_KNOTS('',3,(#8939,#8940,#8941,#8942,#8943,#8944,
#8945,#8946,#8947,#8948,#8949,#8950,#8951,#8952,#8953,#8954,#8955,#8956,
#8957,#8958),.UNSPECIFIED.,.F.,.F.,(4,1,1,1,1,1,1,1,1,1,1,1,1,1,1,1,1,4),
(0.,0.217614595792119,0.431411195524134,0.638271472812489,0.836029943203407,
1.02366562929915,1.20147049925138,1.37114523895696,1.5357183756135,1.69917334346756,
1.86577936326902,2.03932264203794,2.22251472265278,2.41671229578874,2.62189455736745,
2.8367773152201,3.05897547087345,3.28517790779031),.UNSPECIFIED.);
#3395=B_SPLINE_CURVE_WITH_KNOTS('',1,(#9272,#9273),.UNSPECIFIED.,.F.,.F.,
(2,2),(0.,40.),.UNSPECIFIED.);
#3396=B_SPLINE_CURVE_WITH_KNOTS('',1,(#9274,#9275),.UNSPECIFIED.,.F.,.F.,
(2,2),(-2.2,-1.),.UNSPECIFIED.);
#3397=B_SPLINE_CURVE_WITH_KNOTS('',1,(#9276,#9277),.UNSPECIFIED.,.F.,.F.,
(2,2),(-2.2,-0.999999999999975),.UNSPECIFIED.);
#3398=B_SPLINE_CURVE_WITH_KNOTS('',1,(#9278,#9279),.UNSPECIFIED.,.F.,.F.,
(2,2),(0.,40.),.UNSPECIFIED.);
#3399=B_SPLINE_CURVE_WITH_KNOTS('',1,(#9280,#9281),.UNSPECIFIED.,.F.,.F.,
(2,2),(1.00000000000001,2.2),.UNSPECIFIED.);
#3400=B_SPLINE_CURVE_WITH_KNOTS('',1,(#9282,#9283),.UNSPECIFIED.,.F.,.F.,
(2,2),(1.00000000000001,2.2),.UNSPECIFIED.);
#3401=B_SPLINE_CURVE_WITH_KNOTS('',1,(#9284,#9285),.UNSPECIFIED.,.F.,.F.,
(2,2),(10.0104619134192,11.8955198661419),.UNSPECIFIED.);
#3402=B_SPLINE_CURVE_WITH_KNOTS('',1,(#9286,#9287,#9288,#9289),
 .UNSPECIFIED.,.F.,.F.,(2,1,1,2),(3.10862446895044E-15,0.531350990174306,
2.53135099017392,3.06270198034827),.UNSPECIFIED.);
#3403=B_SPLINE_CURVE_WITH_KNOTS('',1,(#9290,#9291),.UNSPECIFIED.,.F.,.F.,
(2,2),(5.06270198034826,6.94775993307096),.UNSPECIFIED.);
#3404=B_SPLINE_CURVE_WITH_KNOTS('',1,(#9292,#9293),.UNSPECIFIED.,.F.,.F.,
(2,2),(-9.36448536461146,-8.53132871801076),.UNSPECIFIED.);
#3405=B_SPLINE_CURVE_WITH_KNOTS('',1,(#9294,#9295),.UNSPECIFIED.,.F.,.F.,
(2,2),(-3.46094685200107,-0.341285922107201),.UNSPECIFIED.);
#3406=B_SPLINE_CURVE_WITH_KNOTS('',1,(#9296,#9297),.UNSPECIFIED.,.F.,.F.,
(2,2),(-2.77400472615621,-1.94084807955549),.UNSPECIFIED.);
#3407=B_SPLINE_CURVE_WITH_KNOTS('',1,(#9315,#9316),.UNSPECIFIED.,.F.,.F.,
(2,2),(0.18568161243023,4.10313377863074),.UNSPECIFIED.);
#3408=B_SPLINE_CURVE_WITH_KNOTS('',1,(#9317,#9318),.UNSPECIFIED.,.F.,.F.,
(2,2),(0.,2.58954568785756),.UNSPECIFIED.);
#3409=B_SPLINE_CURVE_WITH_KNOTS('',1,(#9319,#9320),.UNSPECIFIED.,.F.,.F.,
(2,2),(3.90001943232928,4.99856114590807),.UNSPECIFIED.);
#3410=B_SPLINE_CURVE_WITH_KNOTS('',1,(#9321,#9322),.UNSPECIFIED.,.F.,.F.,
(2,2),(0.249671856505582,7.5904386635637),.UNSPECIFIED.);
#3411=B_SPLINE_CURVE_WITH_KNOTS('',1,(#9323,#9324),.UNSPECIFIED.,.F.,.F.,
(2,2),(-3.50190685933388,-1.94084807955549),.UNSPECIFIED.);
#3412=B_SPLINE_CURVE_WITH_KNOTS('',1,(#9325,#9326),.UNSPECIFIED.,.F.,.F.,
(2,2),(7.80342658483309,8.3753702393044),.UNSPECIFIED.);
#3413=B_SPLINE_CURVE_WITH_KNOTS('',1,(#9327,#9328),.UNSPECIFIED.,.F.,.F.,
(2,2),(2.92996320486253,3.50190685933369),.UNSPECIFIED.);
#3414=B_SPLINE_CURVE_WITH_KNOTS('',1,(#9329,#9330),.UNSPECIFIED.,.F.,.F.,
(2,2),(0.149999999999995,3.40001943232928),.UNSPECIFIED.);
#3415=B_SPLINE_CURVE_WITH_KNOTS('',1,(#9331,#9332),.UNSPECIFIED.,.F.,.F.,
(2,2),(2.88657986402541E-15,7.03778574638065),.UNSPECIFIED.);
#3416=B_SPLINE_CURVE_WITH_KNOTS('',1,(#9333,#9334),.UNSPECIFIED.,.F.,.F.,
(2,2),(-0.0853943108269117,7.12318005720759),.UNSPECIFIED.);
#3417=B_SPLINE_CURVE_WITH_KNOTS('',3,(#9335,#9336,#9337,#9338,#9339,#9340,
#9341,#9342,#9343,#9344,#9345,#9346,#9347,#9348,#9349,#9350,#9351,#9352,
#9353,#9354),.UNSPECIFIED.,.F.,.F.,(4,1,1,1,1,1,1,1,1,1,1,1,1,1,1,1,1,4),
(-0.523428886828805,-0.488253086350668,-0.453749912441923,-0.420471882000801,
-0.388808423292096,-0.3589516245447,-0.33086319595393,-0.304251139102076,
-0.278576918027273,-0.253119701844349,-0.227102898104444,-0.199842571156519,
-0.17085786834332,-0.13991708941053,-0.107034631939768,-0.0724453053919463,
-0.0365730631446344,0.),.UNSPECIFIED.);
#3418=B_SPLINE_CURVE_WITH_KNOTS('',3,(#9355,#9356,#9357,#9358,#9359,#9360,
#9361,#9362,#9363,#9364,#9365,#9366,#9367,#9368,#9369,#9370,#9371,#9372,
#9373,#9374),.UNSPECIFIED.,.F.,.F.,(4,1,1,1,1,1,1,1,1,1,1,1,1,1,1,1,1,4),
(0.,0.036573063144637,0.0724453053919573,0.107034631939779,0.139917089410548,
0.170857868343329,0.199842571156515,0.227102898104451,0.253119701844358,
0.278576918027276,0.304251139102087,0.330863195953938,0.35895162454471,
0.38880842329211,0.42047188200081,0.453749912441934,0.488253086350683,0.523428886828824),
 .UNSPECIFIED.);
#3419=B_SPLINE_CURVE_WITH_KNOTS('',1,(#9375,#9376),.UNSPECIFIED.,.F.,.F.,
(2,2),(0.6666666666667,3.3333333333335),.UNSPECIFIED.);
#3420=B_SPLINE_CURVE_WITH_KNOTS('',1,(#9377,#9378),.UNSPECIFIED.,.F.,.F.,
(2,2),(0.,18.4236616416441),.UNSPECIFIED.);
#3421=B_SPLINE_CURVE_WITH_KNOTS('',1,(#9379,#9380),.UNSPECIFIED.,.F.,.F.,
(2,2),(0.438007073367753,18.8616687150118),.UNSPECIFIED.);
#3422=B_SPLINE_CURVE_WITH_KNOTS('',1,(#9381,#9382),.UNSPECIFIED.,.F.,.F.,
(2,2),(0.438007073367771,18.8616687150119),.UNSPECIFIED.);
#3423=B_SPLINE_CURVE_WITH_KNOTS('',1,(#9400,#9401),.UNSPECIFIED.,.F.,.F.,
(2,2),(-4.0000000000002,-3.02090066011619),.UNSPECIFIED.);
#3424=B_SPLINE_CURVE_WITH_KNOTS('',1,(#9402,#9403),.UNSPECIFIED.,.F.,.F.,
(2,2),(0.355372706309149,2.15236424185791),.UNSPECIFIED.);
#3425=B_SPLINE_CURVE_WITH_KNOTS('',1,(#9404,#9405),.UNSPECIFIED.,.F.,.F.,
(2,2),(-3.15774189225103,-2.45904502930389),.UNSPECIFIED.);
#3426=B_SPLINE_CURVE_WITH_KNOTS('',1,(#9406,#9407),.UNSPECIFIED.,.F.,.F.,
(2,2),(2.45904502930395,3.15774189225104),.UNSPECIFIED.);
#3427=B_SPLINE_CURVE_WITH_KNOTS('',1,(#9408,#9409),.UNSPECIFIED.,.F.,.F.,
(2,2),(3.99856114590807,4.),.UNSPECIFIED.);
#3428=B_SPLINE_CURVE_WITH_KNOTS('',1,(#9410,#9411),.UNSPECIFIED.,.F.,.F.,
(2,2),(-0.979099339883911,0.),.UNSPECIFIED.);
#3429=B_SPLINE_CURVE_WITH_KNOTS('',1,(#9412,#9413),.UNSPECIFIED.,.F.,.F.,
(2,2),(-9.36448536461143,-7.80342658483307),.UNSPECIFIED.);
#3430=B_SPLINE_CURVE_WITH_KNOTS('',1,(#9414,#9415),.UNSPECIFIED.,.F.,.F.,
(2,2),(-13.,-12.9985611459081),.UNSPECIFIED.);
#3431=B_SPLINE_CURVE_WITH_KNOTS('',1,(#9419,#9420),.UNSPECIFIED.,.F.,.F.,
(2,2),(-78.058875022418,-77.568428384228),.UNSPECIFIED.);
#3432=B_SPLINE_CURVE_WITH_KNOTS('',1,(#9421,#9422),.UNSPECIFIED.,.F.,.F.,
(2,2),(6.77236045021345E-15,1.),.UNSPECIFIED.);
#3433=B_SPLINE_CURVE_WITH_KNOTS('',1,(#9423,#9424),.UNSPECIFIED.,.F.,.F.,
(2,2),(6.66133814775094E-16,1.),.UNSPECIFIED.);
#3434=B_SPLINE_CURVE_WITH_KNOTS('',1,(#9425,#9426),.UNSPECIFIED.,.F.,.F.,
(2,2),(1.11022302462516E-16,1.00000000000001),.UNSPECIFIED.);
#3435=B_SPLINE_CURVE_WITH_KNOTS('',1,(#9427,#9428),.UNSPECIFIED.,.F.,.F.,
(2,2),(-9.99200722162641E-16,1.),.UNSPECIFIED.);
#3436=B_SPLINE_CURVE_WITH_KNOTS('',5,(#9429,#9430,#9431,#9432,#9433,#9434),
 .UNSPECIFIED.,.F.,.F.,(6,6),(-1.88284271247464,0.),.UNSPECIFIED.);
#3437=B_SPLINE_CURVE_WITH_KNOTS('',5,(#9435,#9436,#9437,#9438,#9439,#9440),
 .UNSPECIFIED.,.F.,.F.,(6,6),(-1.88284271247464,0.),.UNSPECIFIED.);
#3438=B_SPLINE_CURVE_WITH_KNOTS('',5,(#9441,#9442,#9443,#9444,#9445,#9446),
 .UNSPECIFIED.,.F.,.F.,(6,6),(0.,1.88284271247462),.UNSPECIFIED.);
#3439=B_SPLINE_CURVE_WITH_KNOTS('',5,(#9447,#9448,#9449,#9450,#9451,#9452),
 .UNSPECIFIED.,.F.,.F.,(6,6),(0.,1.88284271247462),.UNSPECIFIED.);
#3440=B_SPLINE_CURVE_WITH_KNOTS('',1,(#9453,#9454),.UNSPECIFIED.,.F.,.F.,
(2,2),(0.,4.5),.UNSPECIFIED.);
#3441=B_SPLINE_CURVE_WITH_KNOTS('',1,(#9455,#9456),.UNSPECIFIED.,.F.,.F.,
(2,2),(0.,4.49856114590807),.UNSPECIFIED.);
#3442=B_SPLINE_CURVE_WITH_KNOTS('',1,(#9457,#9458),.UNSPECIFIED.,.F.,.F.,
(2,2),(0.,4.49856114590807),.UNSPECIFIED.);
#3443=B_SPLINE_CURVE_WITH_KNOTS('',1,(#9459,#9460),.UNSPECIFIED.,.F.,.F.,
(2,2),(0.499999999999998,4.99999999999999),.UNSPECIFIED.);
#3444=B_SPLINE_CURVE_WITH_KNOTS('',1,(#9461,#9462),.UNSPECIFIED.,.F.,.F.,
(2,2),(0.499999999999998,3.75001943232928),.UNSPECIFIED.);
#3445=B_SPLINE_CURVE_WITH_KNOTS('',1,(#9463,#9464),.UNSPECIFIED.,.F.,.F.,
(2,2),(1.36075035670226,3.15774189225102),.UNSPECIFIED.);
#3446=B_SPLINE_CURVE_WITH_KNOTS('',1,(#9465,#9466),.UNSPECIFIED.,.F.,.F.,
(2,2),(-33.2400000000001,-25.2400000000001),.UNSPECIFIED.);
#3447=B_SPLINE_CURVE_WITH_KNOTS('',3,(#9467,#9468,#9469,#9470,#9471,#9472,
#9473,#9474,#9475,#9476,#9477,#9478,#9479,#9480,#9481,#9482,#9483,#9484,
#9485,#9486),.UNSPECIFIED.,.F.,.F.,(4,1,1,1,1,1,1,1,1,1,1,1,1,1,1,1,1,4),
(-2.86214084145421,-2.69377961548631,-2.52541838951842,-2.35705716355052,
-2.18869593758263,-2.02033471161473,-1.85197348564684,-1.68361225967895,
-1.51525103371105,-1.34688980774315,-1.17852858177526,-1.01016735580737,
-0.841806129839464,-0.673444903871577,-0.50508367790368,-0.336722451935783,
-0.168361225967896,0.),.UNSPECIFIED.);
#3448=B_SPLINE_CURVE_WITH_KNOTS('',1,(#9487,#9488),.UNSPECIFIED.,.F.,.F.,
(2,2),(0.,18.4236616416441),.UNSPECIFIED.);
#3449=B_SPLINE_CURVE_WITH_KNOTS('',3,(#9495,#9496,#9497,#9498,#9499,#9500,
#9501,#9502,#9503,#9504,#9505,#9506,#9507,#9508,#9509,#9510,#9511,#9512,
#9513,#9514),.UNSPECIFIED.,.F.,.F.,(4,1,1,1,1,1,1,1,1,1,1,1,1,1,1,1,1,4),
(-2.8621408414542,-2.69377961548631,-2.52541838951842,-2.35705716355052,
-2.18869593758262,-2.02033471161473,-1.85197348564684,-1.68361225967895,
-1.51525103371105,-1.34688980774315,-1.17852858177526,-1.01016735580736,
-0.841806129839473,-0.673444903871581,-0.505083677903684,-0.336722451935792,
-0.168361225967894,0.),.UNSPECIFIED.);
#3450=B_SPLINE_CURVE_WITH_KNOTS('',1,(#9515,#9516),.UNSPECIFIED.,.F.,.F.,
(2,2),(10.0104619134192,11.8955198661419),.UNSPECIFIED.);
#3451=B_SPLINE_CURVE_WITH_KNOTS('',1,(#9517,#9518,#9519,#9520),
 .UNSPECIFIED.,.F.,.F.,(2,1,1,2),(3.10862446895044E-15,0.531350990174306,
2.53135099017392,3.06270198034827),.UNSPECIFIED.);
#3452=B_SPLINE_CURVE_WITH_KNOTS('',1,(#9521,#9522),.UNSPECIFIED.,.F.,.F.,
(2,2),(5.06270198034826,6.94775993307096),.UNSPECIFIED.);
#3453=B_SPLINE_CURVE_WITH_KNOTS('',1,(#9523,#9524),.UNSPECIFIED.,.F.,.F.,
(2,2),(-9.36448536461146,-8.53132871801076),.UNSPECIFIED.);
#3454=B_SPLINE_CURVE_WITH_KNOTS('',1,(#9525,#9526),.UNSPECIFIED.,.F.,.F.,
(2,2),(-3.46094685200107,-0.341285922107201),.UNSPECIFIED.);
#3455=B_SPLINE_CURVE_WITH_KNOTS('',1,(#9527,#9528),.UNSPECIFIED.,.F.,.F.,
(2,2),(-2.77400472615621,-1.94084807955549),.UNSPECIFIED.);
#3456=B_SPLINE_CURVE_WITH_KNOTS('',1,(#9546,#9547),.UNSPECIFIED.,.F.,.F.,
(2,2),(0.18568161243023,4.10313377863074),.UNSPECIFIED.);
#3457=B_SPLINE_CURVE_WITH_KNOTS('',1,(#9548,#9549),.UNSPECIFIED.,.F.,.F.,
(2,2),(0.,2.58954568785756),.UNSPECIFIED.);
#3458=B_SPLINE_CURVE_WITH_KNOTS('',1,(#9550,#9551),.UNSPECIFIED.,.F.,.F.,
(2,2),(3.90001943232928,4.99856114590807),.UNSPECIFIED.);
#3459=B_SPLINE_CURVE_WITH_KNOTS('',1,(#9552,#9553),.UNSPECIFIED.,.F.,.F.,
(2,2),(0.249671856505582,7.5904386635637),.UNSPECIFIED.);
#3460=B_SPLINE_CURVE_WITH_KNOTS('',1,(#9554,#9555),.UNSPECIFIED.,.F.,.F.,
(2,2),(-3.50190685933388,-1.94084807955549),.UNSPECIFIED.);
#3461=B_SPLINE_CURVE_WITH_KNOTS('',1,(#9556,#9557),.UNSPECIFIED.,.F.,.F.,
(2,2),(7.80342658483309,8.3753702393044),.UNSPECIFIED.);
#3462=B_SPLINE_CURVE_WITH_KNOTS('',1,(#9558,#9559),.UNSPECIFIED.,.F.,.F.,
(2,2),(2.92996320486253,3.50190685933369),.UNSPECIFIED.);
#3463=B_SPLINE_CURVE_WITH_KNOTS('',1,(#9560,#9561),.UNSPECIFIED.,.F.,.F.,
(2,2),(0.149999999999995,3.40001943232928),.UNSPECIFIED.);
#3464=B_SPLINE_CURVE_WITH_KNOTS('',1,(#9562,#9563),.UNSPECIFIED.,.F.,.F.,
(2,2),(2.88657986402541E-15,7.03778574638065),.UNSPECIFIED.);
#3465=B_SPLINE_CURVE_WITH_KNOTS('',1,(#9564,#9565),.UNSPECIFIED.,.F.,.F.,
(2,2),(-0.0853943108269117,7.12318005720759),.UNSPECIFIED.);
#3466=B_SPLINE_CURVE_WITH_KNOTS('',3,(#9566,#9567,#9568,#9569,#9570,#9571,
#9572,#9573,#9574,#9575,#9576,#9577,#9578,#9579,#9580,#9581,#9582,#9583,
#9584,#9585),.UNSPECIFIED.,.F.,.F.,(4,1,1,1,1,1,1,1,1,1,1,1,1,1,1,1,1,4),
(-0.523428886828805,-0.488253086350668,-0.453749912441923,-0.420471882000801,
-0.388808423292096,-0.3589516245447,-0.33086319595393,-0.304251139102076,
-0.278576918027273,-0.253119701844349,-0.227102898104444,-0.199842571156519,
-0.17085786834332,-0.13991708941053,-0.107034631939768,-0.0724453053919463,
-0.0365730631446344,0.),.UNSPECIFIED.);
#3467=B_SPLINE_CURVE_WITH_KNOTS('',3,(#9586,#9587,#9588,#9589,#9590,#9591,
#9592,#9593,#9594,#9595,#9596,#9597,#9598,#9599,#9600,#9601,#9602,#9603,
#9604,#9605),.UNSPECIFIED.,.F.,.F.,(4,1,1,1,1,1,1,1,1,1,1,1,1,1,1,1,1,4),
(0.,0.036573063144637,0.0724453053919573,0.107034631939779,0.139917089410548,
0.170857868343329,0.199842571156515,0.227102898104451,0.253119701844358,
0.278576918027276,0.304251139102087,0.330863195953938,0.35895162454471,
0.38880842329211,0.42047188200081,0.453749912441934,0.488253086350683,0.523428886828824),
 .UNSPECIFIED.);
#3468=B_SPLINE_CURVE_WITH_KNOTS('',1,(#9606,#9607),.UNSPECIFIED.,.F.,.F.,
(2,2),(0.6666666666667,3.3333333333335),.UNSPECIFIED.);
#3469=B_SPLINE_CURVE_WITH_KNOTS('',1,(#9608,#9609),.UNSPECIFIED.,.F.,.F.,
(2,2),(0.,18.4236616416441),.UNSPECIFIED.);
#3470=B_SPLINE_CURVE_WITH_KNOTS('',1,(#9610,#9611),.UNSPECIFIED.,.F.,.F.,
(2,2),(0.438007073367753,18.8616687150118),.UNSPECIFIED.);
#3471=B_SPLINE_CURVE_WITH_KNOTS('',1,(#9612,#9613),.UNSPECIFIED.,.F.,.F.,
(2,2),(0.438007073367771,18.8616687150119),.UNSPECIFIED.);
#3472=B_SPLINE_CURVE_WITH_KNOTS('',1,(#9631,#9632),.UNSPECIFIED.,.F.,.F.,
(2,2),(-4.0000000000002,-3.02090066011619),.UNSPECIFIED.);
#3473=B_SPLINE_CURVE_WITH_KNOTS('',1,(#9633,#9634),.UNSPECIFIED.,.F.,.F.,
(2,2),(0.355372706309149,2.15236424185791),.UNSPECIFIED.);
#3474=B_SPLINE_CURVE_WITH_KNOTS('',1,(#9635,#9636),.UNSPECIFIED.,.F.,.F.,
(2,2),(-3.15774189225103,-2.45904502930389),.UNSPECIFIED.);
#3475=B_SPLINE_CURVE_WITH_KNOTS('',1,(#9637,#9638),.UNSPECIFIED.,.F.,.F.,
(2,2),(2.45904502930395,3.15774189225104),.UNSPECIFIED.);
#3476=B_SPLINE_CURVE_WITH_KNOTS('',1,(#9639,#9640),.UNSPECIFIED.,.F.,.F.,
(2,2),(3.99856114590807,4.),.UNSPECIFIED.);
#3477=B_SPLINE_CURVE_WITH_KNOTS('',1,(#9641,#9642),.UNSPECIFIED.,.F.,.F.,
(2,2),(-0.979099339883911,0.),.UNSPECIFIED.);
#3478=B_SPLINE_CURVE_WITH_KNOTS('',1,(#9643,#9644),.UNSPECIFIED.,.F.,.F.,
(2,2),(-9.36448536461143,-7.80342658483307),.UNSPECIFIED.);
#3479=B_SPLINE_CURVE_WITH_KNOTS('',1,(#9645,#9646),.UNSPECIFIED.,.F.,.F.,
(2,2),(-13.,-12.9985611459081),.UNSPECIFIED.);
#3480=B_SPLINE_CURVE_WITH_KNOTS('',1,(#9650,#9651),.UNSPECIFIED.,.F.,.F.,
(2,2),(-78.058875022418,-77.568428384228),.UNSPECIFIED.);
#3481=B_SPLINE_CURVE_WITH_KNOTS('',1,(#9652,#9653),.UNSPECIFIED.,.F.,.F.,
(2,2),(6.77236045021345E-15,1.),.UNSPECIFIED.);
#3482=B_SPLINE_CURVE_WITH_KNOTS('',1,(#9654,#9655),.UNSPECIFIED.,.F.,.F.,
(2,2),(6.66133814775094E-16,1.),.UNSPECIFIED.);
#3483=B_SPLINE_CURVE_WITH_KNOTS('',1,(#9656,#9657),.UNSPECIFIED.,.F.,.F.,
(2,2),(1.11022302462516E-16,1.00000000000001),.UNSPECIFIED.);
#3484=B_SPLINE_CURVE_WITH_KNOTS('',1,(#9658,#9659),.UNSPECIFIED.,.F.,.F.,
(2,2),(-9.99200722162641E-16,1.),.UNSPECIFIED.);
#3485=B_SPLINE_CURVE_WITH_KNOTS('',5,(#9660,#9661,#9662,#9663,#9664,#9665),
 .UNSPECIFIED.,.F.,.F.,(6,6),(-1.88284271247464,0.),.UNSPECIFIED.);
#3486=B_SPLINE_CURVE_WITH_KNOTS('',5,(#9666,#9667,#9668,#9669,#9670,#9671),
 .UNSPECIFIED.,.F.,.F.,(6,6),(-1.88284271247464,0.),.UNSPECIFIED.);
#3487=B_SPLINE_CURVE_WITH_KNOTS('',5,(#9672,#9673,#9674,#9675,#9676,#9677),
 .UNSPECIFIED.,.F.,.F.,(6,6),(0.,1.88284271247462),.UNSPECIFIED.);
#3488=B_SPLINE_CURVE_WITH_KNOTS('',5,(#9678,#9679,#9680,#9681,#9682,#9683),
 .UNSPECIFIED.,.F.,.F.,(6,6),(0.,1.88284271247462),.UNSPECIFIED.);
#3489=B_SPLINE_CURVE_WITH_KNOTS('',1,(#9684,#9685),.UNSPECIFIED.,.F.,.F.,
(2,2),(0.,4.5),.UNSPECIFIED.);
#3490=B_SPLINE_CURVE_WITH_KNOTS('',1,(#9686,#9687),.UNSPECIFIED.,.F.,.F.,
(2,2),(0.,4.49856114590807),.UNSPECIFIED.);
#3491=B_SPLINE_CURVE_WITH_KNOTS('',1,(#9688,#9689),.UNSPECIFIED.,.F.,.F.,
(2,2),(0.,4.49856114590807),.UNSPECIFIED.);
#3492=B_SPLINE_CURVE_WITH_KNOTS('',1,(#9690,#9691),.UNSPECIFIED.,.F.,.F.,
(2,2),(0.499999999999998,4.99999999999999),.UNSPECIFIED.);
#3493=B_SPLINE_CURVE_WITH_KNOTS('',1,(#9692,#9693),.UNSPECIFIED.,.F.,.F.,
(2,2),(0.499999999999998,3.75001943232928),.UNSPECIFIED.);
#3494=B_SPLINE_CURVE_WITH_KNOTS('',1,(#9694,#9695),.UNSPECIFIED.,.F.,.F.,
(2,2),(1.36075035670226,3.15774189225102),.UNSPECIFIED.);
#3495=B_SPLINE_CURVE_WITH_KNOTS('',1,(#9696,#9697),.UNSPECIFIED.,.F.,.F.,
(2,2),(-33.2400000000001,-25.2400000000001),.UNSPECIFIED.);
#3496=B_SPLINE_CURVE_WITH_KNOTS('',3,(#9698,#9699,#9700,#9701,#9702,#9703,
#9704,#9705,#9706,#9707,#9708,#9709,#9710,#9711,#9712,#9713,#9714,#9715,
#9716,#9717),.UNSPECIFIED.,.F.,.F.,(4,1,1,1,1,1,1,1,1,1,1,1,1,1,1,1,1,4),
(-2.86214084145421,-2.69377961548631,-2.52541838951842,-2.35705716355052,
-2.18869593758263,-2.02033471161473,-1.85197348564684,-1.68361225967895,
-1.51525103371105,-1.34688980774315,-1.17852858177526,-1.01016735580737,
-0.841806129839464,-0.673444903871577,-0.50508367790368,-0.336722451935783,
-0.168361225967896,0.),.UNSPECIFIED.);
#3497=B_SPLINE_CURVE_WITH_KNOTS('',1,(#9718,#9719),.UNSPECIFIED.,.F.,.F.,
(2,2),(0.,18.4236616416441),.UNSPECIFIED.);
#3498=B_SPLINE_CURVE_WITH_KNOTS('',3,(#9726,#9727,#9728,#9729,#9730,#9731,
#9732,#9733,#9734,#9735,#9736,#9737,#9738,#9739,#9740,#9741,#9742,#9743,
#9744,#9745),.UNSPECIFIED.,.F.,.F.,(4,1,1,1,1,1,1,1,1,1,1,1,1,1,1,1,1,4),
(-2.8621408414542,-2.69377961548631,-2.52541838951842,-2.35705716355052,
-2.18869593758262,-2.02033471161473,-1.85197348564684,-1.68361225967895,
-1.51525103371105,-1.34688980774315,-1.17852858177526,-1.01016735580736,
-0.841806129839473,-0.673444903871581,-0.505083677903684,-0.336722451935792,
-0.168361225967894,0.),.UNSPECIFIED.);
#3499=B_SPLINE_CURVE_WITH_KNOTS('',1,(#9746,#9747),.UNSPECIFIED.,.F.,.F.,
(2,2),(0.,70.),.UNSPECIFIED.);
#3500=B_SPLINE_CURVE_WITH_KNOTS('',1,(#9748,#9749),.UNSPECIFIED.,.F.,.F.,
(2,2),(0.,70.),.UNSPECIFIED.);
#3501=B_SPLINE_CURVE_WITH_KNOTS('',1,(#9750,#9751),.UNSPECIFIED.,.F.,.F.,
(2,2),(53.6711425114892,122.963482378146),.UNSPECIFIED.);
#3502=B_SPLINE_CURVE_WITH_KNOTS('',1,(#9752,#9753),.UNSPECIFIED.,.F.,.F.,
(2,2),(0.,20.),.UNSPECIFIED.);
#3503=B_SPLINE_CURVE_WITH_KNOTS('',1,(#9754,#9755),.UNSPECIFIED.,.F.,.F.,
(2,2),(0.,20.),.UNSPECIFIED.);
#3504=B_SPLINE_CURVE_WITH_KNOTS('',1,(#9761,#9762),.UNSPECIFIED.,.F.,.F.,
(2,2),(137.342285022978,150.988454956307),.UNSPECIFIED.);
#3505=B_SPLINE_CURVE_WITH_KNOTS('',1,(#9763,#9764),.UNSPECIFIED.,.F.,.F.,
(2,2),(0.,20.),.UNSPECIFIED.);
#3506=B_SPLINE_CURVE_WITH_KNOTS('',1,(#9765,#9766),.UNSPECIFIED.,.F.,.F.,
(2,2),(0.,20.),.UNSPECIFIED.);
#3507=B_SPLINE_CURVE_WITH_KNOTS('',1,(#9767,#9768),.UNSPECIFIED.,.F.,.F.,
(2,2),(167.389033748672,181.035203682),.UNSPECIFIED.);
#3508=B_SPLINE_CURVE_WITH_KNOTS('',1,(#9769,#9770),.UNSPECIFIED.,.F.,.F.,
(2,2),(0.,20.),.UNSPECIFIED.);
#3509=B_SPLINE_CURVE_WITH_KNOTS('',1,(#9776,#9777),.UNSPECIFIED.,.F.,.F.,
(2,2),(195.414006326832,264.706346193489),.UNSPECIFIED.);
#3510=B_SPLINE_CURVE_WITH_KNOTS('',1,(#9778,#9779),.UNSPECIFIED.,.F.,.F.,
(2,2),(0.,20.),.UNSPECIFIED.);
#3511=B_SPLINE_CURVE_WITH_KNOTS('',1,(#9785,#9786),.UNSPECIFIED.,.F.,.F.,
(2,2),(279.085148838322,292.73131877165),.UNSPECIFIED.);
#3512=B_SPLINE_CURVE_WITH_KNOTS('',1,(#9787,#9788),.UNSPECIFIED.,.F.,.F.,
(2,2),(0.,20.),.UNSPECIFIED.);
#3513=B_SPLINE_CURVE_WITH_KNOTS('',1,(#9789,#9790),.UNSPECIFIED.,.F.,.F.,
(2,2),(0.,20.),.UNSPECIFIED.);
#3514=B_SPLINE_CURVE_WITH_KNOTS('',1,(#9791,#9792),.UNSPECIFIED.,.F.,.F.,
(2,2),(309.769111161504,323.415281094833),.UNSPECIFIED.);
#3515=B_SPLINE_CURVE_WITH_KNOTS('',1,(#9793,#9794),.UNSPECIFIED.,.F.,.F.,
(2,2),(0.,20.),.UNSPECIFIED.);
#3516=B_SPLINE_CURVE_WITH_KNOTS('',1,(#9798,#9799),.UNSPECIFIED.,.F.,.F.,
(2,2),(-20.0000000000001,-17.9971222918162),.UNSPECIFIED.);
#3517=B_SPLINE_CURVE_WITH_KNOTS('',3,(#9800,#9801,#9802,#9803,#9804,#9805,
#9806,#9807,#9808,#9809,#9810,#9811,#9812,#9813,#9814,#9815,#9816,#9817,
#9818,#9819),.UNSPECIFIED.,.F.,.F.,(4,1,1,1,1,1,1,1,1,1,1,1,1,1,1,1,1,4),
(0.,0.168361225967893,0.33672245193579,0.505083677903687,0.673444903871574,
0.841806129839471,1.01016735580736,1.17852858177525,1.34688980774315,1.51525103371104,
1.68361225967894,1.85197348564683,2.02033471161473,2.18869593758262,2.35705716355052,
2.52541838951841,2.69377961548631,2.8621408414542),.UNSPECIFIED.);
#3518=B_SPLINE_CURVE_WITH_KNOTS('',3,(#9820,#9821,#9822,#9823,#9824,#9825,
#9826,#9827,#9828,#9829,#9830,#9831,#9832,#9833,#9834,#9835,#9836,#9837,
#9838,#9839),.UNSPECIFIED.,.F.,.F.,(4,1,1,1,1,1,1,1,1,1,1,1,1,1,1,1,1,4),
(0.,0.168361225967892,0.336722451935795,0.505083677903687,0.673444903871579,
0.841806129839471,1.01016735580737,1.17852858177526,1.34688980774316,1.51525103371105,
1.68361225967895,1.85197348564684,2.02033471161474,2.18869593758263,2.35705716355052,
2.52541838951842,2.69377961548632,2.86214084145421),.UNSPECIFIED.);
#3519=B_SPLINE_CURVE_WITH_KNOTS('',1,(#9840,#9841),.UNSPECIFIED.,.F.,.F.,
(2,2),(17.9971222918162,20.0000000000001),.UNSPECIFIED.);
#3520=B_SPLINE_CURVE_WITH_KNOTS('',1,(#9842,#9843),.UNSPECIFIED.,.F.,.F.,
(2,2),(-20.0000000000001,-17.9971222918162),.UNSPECIFIED.);
#3521=B_SPLINE_CURVE_WITH_KNOTS('',3,(#9844,#9845,#9846,#9847,#9848,#9849,
#9850,#9851,#9852,#9853,#9854,#9855,#9856,#9857,#9858,#9859,#9860,#9861,
#9862,#9863),.UNSPECIFIED.,.F.,.F.,(4,1,1,1,1,1,1,1,1,1,1,1,1,1,1,1,1,4),
(0.,0.168361225967892,0.336722451935795,0.505083677903687,0.673444903871579,
0.841806129839471,1.01016735580737,1.17852858177526,1.34688980774316,1.51525103371105,
1.68361225967895,1.85197348564684,2.02033471161474,2.18869593758263,2.35705716355052,
2.52541838951842,2.69377961548632,2.86214084145421),.UNSPECIFIED.);
#3522=B_SPLINE_CURVE_WITH_KNOTS('',3,(#9864,#9865,#9866,#9867,#9868,#9869,
#9870,#9871,#9872,#9873,#9874,#9875,#9876,#9877,#9878,#9879,#9880,#9881,
#9882,#9883),.UNSPECIFIED.,.F.,.F.,(4,1,1,1,1,1,1,1,1,1,1,1,1,1,1,1,1,4),
(0.,0.168361225967893,0.33672245193579,0.505083677903687,0.673444903871574,
0.841806129839471,1.01016735580736,1.17852858177525,1.34688980774315,1.51525103371104,
1.68361225967894,1.85197348564683,2.02033471161473,2.18869593758262,2.35705716355052,
2.52541838951841,2.69377961548631,2.8621408414542),.UNSPECIFIED.);
#3523=B_SPLINE_CURVE_WITH_KNOTS('',1,(#9884,#9885),.UNSPECIFIED.,.F.,.F.,
(2,2),(17.9971222918162,20.0000000000001),.UNSPECIFIED.);
#3524=B_SPLINE_CURVE_WITH_KNOTS('',1,(#9886,#9887),.UNSPECIFIED.,.F.,.F.,
(2,2),(167.189033748672,167.389033748672),.UNSPECIFIED.);
#3525=B_SPLINE_CURVE_WITH_KNOTS('',1,(#9888,#9889),.UNSPECIFIED.,.F.,.F.,
(2,2),(-26.4937298019652,-12.8475598686369),.UNSPECIFIED.);
#3526=B_SPLINE_CURVE_WITH_KNOTS('',1,(#9896,#9897),.UNSPECIFIED.,.F.,.F.,
(2,2),(279.085148838322,292.73131877165),.UNSPECIFIED.);
#3527=B_SPLINE_CURVE_WITH_KNOTS('',1,(#9898,#9899),.UNSPECIFIED.,.F.,.F.,
(2,2),(292.73131877165,292.997985438317),.UNSPECIFIED.);
#3528=B_SPLINE_CURVE_WITH_KNOTS('',1,(#9903,#9904),.UNSPECIFIED.,.F.,.F.,
(2,2),(-17.0771977549455,-3.43102782161714),.UNSPECIFIED.);
#3529=B_SPLINE_CURVE_WITH_KNOTS('',1,(#9905,#9906),.UNSPECIFIED.,.F.,.F.,
(2,2),(5.70000000000003,6.5),.UNSPECIFIED.);
#3530=B_SPLINE_CURVE_WITH_KNOTS('',1,(#9907,#9908),.UNSPECIFIED.,.F.,.F.,
(2,2),(92.5,93.3),.UNSPECIFIED.);
#3531=B_SPLINE_CURVE_WITH_KNOTS('',1,(#9909,#9910),.UNSPECIFIED.,.F.,.F.,
(2,2),(309.769111161504,323.415281094833),.UNSPECIFIED.);
#3532=B_SPLINE_CURVE_WITH_KNOTS('',1,(#9914,#9915),.UNSPECIFIED.,.F.,.F.,
(2,2),(-83.8474981516699,-83.3570515134801),.UNSPECIFIED.);
#3533=B_SPLINE_CURVE_WITH_KNOTS('',1,(#9916,#9917),.UNSPECIFIED.,.F.,.F.,
(2,2),(-83.8474981516699,-83.3570515134801),.UNSPECIFIED.);
#3534=B_SPLINE_CURVE_WITH_KNOTS('',3,(#9918,#9919,#9920,#9921),
 .UNSPECIFIED.,.F.,.F.,(4,4),(0.,1.39793181065037),.UNSPECIFIED.);
#3535=B_SPLINE_CURVE_WITH_KNOTS('',3,(#9922,#9923,#9924,#9925,#9926,#9927,
#9928),.UNSPECIFIED.,.F.,.F.,(4,3,4),(0.,0.273037426183976,0.365811400798357),
 .UNSPECIFIED.);
#3536=B_SPLINE_CURVE_WITH_KNOTS('',3,(#9929,#9930,#9931,#9932,#9933,#9934,
#9935),.UNSPECIFIED.,.F.,.F.,(4,3,4),(0.,0.12159341258347,0.237408578487324),
 .UNSPECIFIED.);
#3537=B_SPLINE_CURVE_WITH_KNOTS('',5,(#9936,#9937,#9938,#9939,#9940,#9941),
 .UNSPECIFIED.,.F.,.F.,(6,6),(0.356405747094512,0.765366864730064),
 .UNSPECIFIED.);
#3538=B_SPLINE_CURVE_WITH_KNOTS('',3,(#9942,#9943,#9944,#9945),
 .UNSPECIFIED.,.F.,.F.,(4,4),(0.0139793181065087,1.411911128757),
 .UNSPECIFIED.);
#3539=B_SPLINE_CURVE_WITH_KNOTS('',3,(#9946,#9947,#9948,#9949,#9950,#9951,
#9952),.UNSPECIFIED.,.F.,.F.,(4,3,4),(0.,0.0927739746143373,0.365811400798254),
 .UNSPECIFIED.);
#3540=B_SPLINE_CURVE_WITH_KNOTS('',3,(#9953,#9954,#9955,#9956,#9957,#9958,
#9959),.UNSPECIFIED.,.F.,.F.,(4,3,4),(0.,0.115815165903779,0.237408578487185),
 .UNSPECIFIED.);
#3541=B_SPLINE_CURVE_WITH_KNOTS('',5,(#9960,#9961,#9962,#9963,#9964,#9965),
 .UNSPECIFIED.,.F.,.F.,(6,6),(-0.765366864730195,-0.356405747094354),
 .UNSPECIFIED.);
#3542=B_SPLINE_CURVE_WITH_KNOTS('',1,(#9966,#9967),.UNSPECIFIED.,.F.,.F.,
(2,2),(0.,0.921487876446304),.UNSPECIFIED.);
#3543=B_SPLINE_CURVE_WITH_KNOTS('',1,(#9968,#9969),.UNSPECIFIED.,.F.,.F.,
(2,2),(-0.921487876446414,0.),.UNSPECIFIED.);
#3544=B_SPLINE_CURVE_WITH_KNOTS('',1,(#9970,#9971),.UNSPECIFIED.,.F.,.F.,
(2,2),(0.578640934766048,39.0350662528516),.UNSPECIFIED.);
#3545=B_SPLINE_CURVE_WITH_KNOTS('',1,(#9972,#9973),.UNSPECIFIED.,.F.,.F.,
(2,2),(0.692747264287425,38.9209599233302),.UNSPECIFIED.);
#3546=B_SPLINE_CURVE_WITH_KNOTS('',1,(#9974,#9975),.UNSPECIFIED.,.F.,.F.,
(2,2),(68.8110105416334,68.9745949886876),.UNSPECIFIED.);
#3547=B_SPLINE_CURVE_WITH_KNOTS('',1,(#9976,#9977),.UNSPECIFIED.,.F.,.F.,
(2,2),(9.02540501131235,9.18898945836668),.UNSPECIFIED.);
#3548=B_SPLINE_CURVE_WITH_KNOTS('',3,(#9978,#9979,#9980,#9981),
 .UNSPECIFIED.,.F.,.F.,(4,4),(0.0139793181065129,1.41191112875688),
 .UNSPECIFIED.);
#3549=B_SPLINE_CURVE_WITH_KNOTS('',5,(#9982,#9983,#9984,#9985,#9986,#9987),
 .UNSPECIFIED.,.F.,.F.,(6,6),(-0.765366864730067,-0.356405747094532),
 .UNSPECIFIED.);
#3550=B_SPLINE_CURVE_WITH_KNOTS('',3,(#9988,#9989,#9990,#9991,#9992,#9993,
#9994),.UNSPECIFIED.,.F.,.F.,(4,3,4),(0.,0.0927739746143861,0.365811400798364),
 .UNSPECIFIED.);
#3551=B_SPLINE_CURVE_WITH_KNOTS('',3,(#9995,#9996,#9997,#9998,#9999,#10000,
#10001),.UNSPECIFIED.,.F.,.F.,(4,3,4),(0.,0.115815165903859,0.237408578487316),
 .UNSPECIFIED.);
#3552=B_SPLINE_CURVE_WITH_KNOTS('',3,(#10002,#10003,#10004,#10005),
 .UNSPECIFIED.,.F.,.F.,(4,4),(0.,1.39793181065049),.UNSPECIFIED.);
#3553=B_SPLINE_CURVE_WITH_KNOTS('',5,(#10006,#10007,#10008,#10009,#10010,
#10011),.UNSPECIFIED.,.F.,.F.,(6,6),(0.356405747094351,0.765366864730256),
 .UNSPECIFIED.);
#3554=B_SPLINE_CURVE_WITH_KNOTS('',3,(#10012,#10013,#10014,#10015,#10016,
#10017,#10018),.UNSPECIFIED.,.F.,.F.,(4,3,4),(0.,0.273037426183929,0.36581140079825),
 .UNSPECIFIED.);
#3555=B_SPLINE_CURVE_WITH_KNOTS('',3,(#10019,#10020,#10021,#10022,#10023,
#10024,#10025),.UNSPECIFIED.,.F.,.F.,(4,3,4),(0.,0.12159341258337,0.237408578487166),
 .UNSPECIFIED.);
#3556=B_SPLINE_CURVE_WITH_KNOTS('',1,(#10026,#10027),.UNSPECIFIED.,.F.,
 .F.,(2,2),(-0.921487876446313,0.),.UNSPECIFIED.);
#3557=B_SPLINE_CURVE_WITH_KNOTS('',1,(#10028,#10029),.UNSPECIFIED.,.F.,
 .F.,(2,2),(0.,0.921487876446418),.UNSPECIFIED.);
#3558=B_SPLINE_CURVE_WITH_KNOTS('',1,(#10030,#10031),.UNSPECIFIED.,.F.,
 .F.,(2,2),(0.578640934765997,39.0350662528516),.UNSPECIFIED.);
#3559=B_SPLINE_CURVE_WITH_KNOTS('',1,(#10032,#10033),.UNSPECIFIED.,.F.,
 .F.,(2,2),(0.692747264287387,38.9209599233302),.UNSPECIFIED.);
#3560=B_SPLINE_CURVE_WITH_KNOTS('',1,(#10034,#10035),.UNSPECIFIED.,.F.,
 .F.,(2,2),(68.8110105416334,68.9745949886876),.UNSPECIFIED.);
#3561=B_SPLINE_CURVE_WITH_KNOTS('',1,(#10036,#10037),.UNSPECIFIED.,.F.,
 .F.,(2,2),(9.02540501131234,9.18898945836671),.UNSPECIFIED.);
#3562=B_SPLINE_CURVE_WITH_KNOTS('',1,(#10038,#10039),.UNSPECIFIED.,.F.,
 .F.,(2,2),(0.,1.4111607868728),.UNSPECIFIED.);
#3563=B_SPLINE_CURVE_WITH_KNOTS('',1,(#10040,#10041),.UNSPECIFIED.,.F.,
 .F.,(2,2),(0.,1.41116078687278),.UNSPECIFIED.);
#3564=B_SPLINE_CURVE_WITH_KNOTS('',1,(#10042,#10043),.UNSPECIFIED.,.F.,
 .F.,(2,2),(0.,14.8393163395196),.UNSPECIFIED.);
#3565=B_SPLINE_CURVE_WITH_KNOTS('',1,(#10044,#10045),.UNSPECIFIED.,.F.,
 .F.,(2,2),(0.,15.1931464061912),.UNSPECIFIED.);
#3566=B_SPLINE_CURVE_WITH_KNOTS('',1,(#10046,#10047),.UNSPECIFIED.,.F.,
 .F.,(2,2),(0.,1.41116078687278),.UNSPECIFIED.);
#3567=B_SPLINE_CURVE_WITH_KNOTS('',1,(#10048,#10049),.UNSPECIFIED.,.F.,
 .F.,(2,2),(0.,1.41116078687278),.UNSPECIFIED.);
#3568=B_SPLINE_CURVE_WITH_KNOTS('',1,(#10050,#10051),.UNSPECIFIED.,.F.,
 .F.,(2,2),(0.,15.1931464061912),.UNSPECIFIED.);
#3569=B_SPLINE_CURVE_WITH_KNOTS('',1,(#10052,#10053),.UNSPECIFIED.,.F.,
 .F.,(2,2),(0.,14.8393163395196),.UNSPECIFIED.);
#3570=B_SPLINE_CURVE_WITH_KNOTS('',1,(#10054,#10055),.UNSPECIFIED.,.F.,
 .F.,(2,2),(0.,15.1931464061912),.UNSPECIFIED.);
#3571=B_SPLINE_CURVE_WITH_KNOTS('',1,(#10056,#10057),.UNSPECIFIED.,.F.,
 .F.,(2,2),(0.,14.8393163395195),.UNSPECIFIED.);
#3572=B_SPLINE_CURVE_WITH_KNOTS('',1,(#10058,#10059),.UNSPECIFIED.,.F.,
 .F.,(2,2),(0.,15.1931464061912),.UNSPECIFIED.);
#3573=B_SPLINE_CURVE_WITH_KNOTS('',1,(#10060,#10061),.UNSPECIFIED.,.F.,
 .F.,(2,2),(0.,14.8393163395196),.UNSPECIFIED.);
#3574=VERTEX_POINT('',#6177);
#3575=VERTEX_POINT('',#6178);
#3576=VERTEX_POINT('',#6179);
#3577=VERTEX_POINT('',#6180);
#3578=VERTEX_POINT('',#6181);
#3579=VERTEX_POINT('',#6182);
#3580=VERTEX_POINT('',#6183);
#3581=VERTEX_POINT('',#6184);
#3582=VERTEX_POINT('',#6185);
#3583=VERTEX_POINT('',#6186);
#3584=VERTEX_POINT('',#6187);
#3585=VERTEX_POINT('',#6188);
#3586=VERTEX_POINT('',#6189);
#3587=VERTEX_POINT('',#6190);
#3588=VERTEX_POINT('',#6191);
#3589=VERTEX_POINT('',#6192);
#3590=VERTEX_POINT('',#6193);
#3591=VERTEX_POINT('',#6194);
#3592=VERTEX_POINT('',#6195);
#3593=VERTEX_POINT('',#6196);
#3594=VERTEX_POINT('',#6197);
#3595=VERTEX_POINT('',#6198);
#3596=VERTEX_POINT('',#6199);
#3597=VERTEX_POINT('',#6200);
#3598=VERTEX_POINT('',#6201);
#3599=VERTEX_POINT('',#6202);
#3600=VERTEX_POINT('',#6203);
#3601=VERTEX_POINT('',#6204);
#3602=VERTEX_POINT('',#6205);
#3603=VERTEX_POINT('',#6206);
#3604=VERTEX_POINT('',#6207);
#3605=VERTEX_POINT('',#6208);
#3606=VERTEX_POINT('',#6209);
#3607=VERTEX_POINT('',#6210);
#3608=VERTEX_POINT('',#6211);
#3609=VERTEX_POINT('',#6212);
#3610=VERTEX_POINT('',#6213);
#3611=VERTEX_POINT('',#6214);
#3612=VERTEX_POINT('',#6215);
#3613=VERTEX_POINT('',#6216);
#3614=VERTEX_POINT('',#6217);
#3615=VERTEX_POINT('',#6218);
#3616=VERTEX_POINT('',#6219);
#3617=VERTEX_POINT('',#6220);
#3618=VERTEX_POINT('',#6221);
#3619=VERTEX_POINT('',#6222);
#3620=VERTEX_POINT('',#6223);
#3621=VERTEX_POINT('',#6224);
#3622=VERTEX_POINT('',#6225);
#3623=VERTEX_POINT('',#6226);
#3624=VERTEX_POINT('',#6227);
#3625=VERTEX_POINT('',#6228);
#3626=VERTEX_POINT('',#6229);
#3627=VERTEX_POINT('',#6230);
#3628=VERTEX_POINT('',#6231);
#3629=VERTEX_POINT('',#6232);
#3630=VERTEX_POINT('',#6233);
#3631=VERTEX_POINT('',#6234);
#3632=VERTEX_POINT('',#6235);
#3633=VERTEX_POINT('',#6236);
#3634=VERTEX_POINT('',#6237);
#3635=VERTEX_POINT('',#6238);
#3636=VERTEX_POINT('',#6239);
#3637=VERTEX_POINT('',#6240);
#3638=VERTEX_POINT('',#6241);
#3639=VERTEX_POINT('',#6242);
#3640=VERTEX_POINT('',#6243);
#3641=VERTEX_POINT('',#6244);
#3642=VERTEX_POINT('',#6245);
#3643=VERTEX_POINT('',#6246);
#3644=VERTEX_POINT('',#6247);
#3645=VERTEX_POINT('',#6248);
#3646=VERTEX_POINT('',#6249);
#3647=VERTEX_POINT('',#6250);
#3648=VERTEX_POINT('',#6251);
#3649=VERTEX_POINT('',#6252);
#3650=VERTEX_POINT('',#6253);
#3651=VERTEX_POINT('',#6254);
#3652=VERTEX_POINT('',#6255);
#3653=VERTEX_POINT('',#6256);
#3654=VERTEX_POINT('',#6257);
#3655=VERTEX_POINT('',#6258);
#3656=VERTEX_POINT('',#6259);
#3657=VERTEX_POINT('',#6260);
#3658=VERTEX_POINT('',#6261);
#3659=VERTEX_POINT('',#6262);
#3660=VERTEX_POINT('',#6263);
#3661=VERTEX_POINT('',#6264);
#3662=VERTEX_POINT('',#6265);
#3663=VERTEX_POINT('',#6266);
#3664=VERTEX_POINT('',#6267);
#3665=VERTEX_POINT('',#6268);
#3666=VERTEX_POINT('',#6269);
#3667=VERTEX_POINT('',#6270);
#3668=VERTEX_POINT('',#6271);
#3669=VERTEX_POINT('',#6272);
#3670=VERTEX_POINT('',#6273);
#3671=VERTEX_POINT('',#6274);
#3672=VERTEX_POINT('',#6275);
#3673=VERTEX_POINT('',#6276);
#3674=VERTEX_POINT('',#6277);
#3675=VERTEX_POINT('',#6278);
#3676=VERTEX_POINT('',#6279);
#3677=VERTEX_POINT('',#6280);
#3678=VERTEX_POINT('',#6281);
#3679=VERTEX_POINT('',#6282);
#3680=VERTEX_POINT('',#6283);
#3681=VERTEX_POINT('',#6284);
#3682=VERTEX_POINT('',#6285);
#3683=VERTEX_POINT('',#6286);
#3684=VERTEX_POINT('',#6287);
#3685=VERTEX_POINT('',#6288);
#3686=VERTEX_POINT('',#6289);
#3687=VERTEX_POINT('',#6290);
#3688=VERTEX_POINT('',#6291);
#3689=VERTEX_POINT('',#6292);
#3690=VERTEX_POINT('',#6293);
#3691=VERTEX_POINT('',#6294);
#3692=VERTEX_POINT('',#6295);
#3693=VERTEX_POINT('',#6296);
#3694=VERTEX_POINT('',#6297);
#3695=VERTEX_POINT('',#6298);
#3696=VERTEX_POINT('',#6299);
#3697=VERTEX_POINT('',#6300);
#3698=VERTEX_POINT('',#6301);
#3699=VERTEX_POINT('',#6302);
#3700=VERTEX_POINT('',#6303);
#3701=VERTEX_POINT('',#6304);
#3702=VERTEX_POINT('',#6305);
#3703=VERTEX_POINT('',#6306);
#3704=VERTEX_POINT('',#6307);
#3705=VERTEX_POINT('',#6308);
#3706=VERTEX_POINT('',#6309);
#3707=VERTEX_POINT('',#6310);
#3708=VERTEX_POINT('',#6311);
#3709=VERTEX_POINT('',#6312);
#3710=VERTEX_POINT('',#6313);
#3711=VERTEX_POINT('',#6314);
#3712=VERTEX_POINT('',#6315);
#3713=VERTEX_POINT('',#6316);
#3714=VERTEX_POINT('',#6317);
#3715=VERTEX_POINT('',#6318);
#3716=VERTEX_POINT('',#6319);
#3717=VERTEX_POINT('',#6320);
#3718=VERTEX_POINT('',#6321);
#3719=VERTEX_POINT('',#6322);
#3720=VERTEX_POINT('',#6323);
#3721=VERTEX_POINT('',#6324);
#3722=VERTEX_POINT('',#6325);
#3723=VERTEX_POINT('',#6326);
#3724=VERTEX_POINT('',#6327);
#3725=VERTEX_POINT('',#6328);
#3726=VERTEX_POINT('',#6329);
#3727=VERTEX_POINT('',#6330);
#3728=VERTEX_POINT('',#6331);
#3729=VERTEX_POINT('',#6332);
#3730=VERTEX_POINT('',#6333);
#3731=VERTEX_POINT('',#6334);
#3732=VERTEX_POINT('',#6335);
#3733=VERTEX_POINT('',#6336);
#3734=VERTEX_POINT('',#6337);
#3735=VERTEX_POINT('',#6338);
#3736=VERTEX_POINT('',#6339);
#3737=VERTEX_POINT('',#6340);
#3738=VERTEX_POINT('',#6341);
#3739=VERTEX_POINT('',#6342);
#3740=VERTEX_POINT('',#6343);
#3741=VERTEX_POINT('',#6344);
#3742=VERTEX_POINT('',#6345);
#3743=VERTEX_POINT('',#6346);
#3744=VERTEX_POINT('',#6347);
#3745=VERTEX_POINT('',#6348);
#3746=VERTEX_POINT('',#6349);
#3747=VERTEX_POINT('',#6350);
#3748=VERTEX_POINT('',#6351);
#3749=VERTEX_POINT('',#6352);
#3750=VERTEX_POINT('',#6353);
#3751=VERTEX_POINT('',#6354);
#3752=VERTEX_POINT('',#6355);
#3753=VERTEX_POINT('',#6356);
#3754=VERTEX_POINT('',#6357);
#3755=VERTEX_POINT('',#6358);
#3756=VERTEX_POINT('',#6359);
#3757=VERTEX_POINT('',#6360);
#3758=VERTEX_POINT('',#6361);
#3759=VERTEX_POINT('',#6362);
#3760=VERTEX_POINT('',#6363);
#3761=VERTEX_POINT('',#6364);
#3762=VERTEX_POINT('',#6365);
#3763=VERTEX_POINT('',#6366);
#3764=VERTEX_POINT('',#6367);
#3765=VERTEX_POINT('',#6368);
#3766=VERTEX_POINT('',#6369);
#3767=VERTEX_POINT('',#6370);
#3768=VERTEX_POINT('',#6371);
#3769=VERTEX_POINT('',#6372);
#3770=VERTEX_POINT('',#6373);
#3771=VERTEX_POINT('',#6374);
#3772=VERTEX_POINT('',#6375);
#3773=VERTEX_POINT('',#6376);
#3774=VERTEX_POINT('',#6377);
#3775=VERTEX_POINT('',#6378);
#3776=VERTEX_POINT('',#6379);
#3777=VERTEX_POINT('',#6380);
#3778=VERTEX_POINT('',#6381);
#3779=VERTEX_POINT('',#6382);
#3780=VERTEX_POINT('',#6383);
#3781=VERTEX_POINT('',#6384);
#3782=VERTEX_POINT('',#6385);
#3783=VERTEX_POINT('',#6386);
#3784=VERTEX_POINT('',#6387);
#3785=VERTEX_POINT('',#6388);
#3786=VERTEX_POINT('',#6389);
#3787=VERTEX_POINT('',#6390);
#3788=VERTEX_POINT('',#6391);
#3789=VERTEX_POINT('',#6392);
#3790=VERTEX_POINT('',#6393);
#3791=VERTEX_POINT('',#6394);
#3792=VERTEX_POINT('',#6395);
#3793=VERTEX_POINT('',#6396);
#3794=VERTEX_POINT('',#6397);
#3795=VERTEX_POINT('',#6398);
#3796=VERTEX_POINT('',#6399);
#3797=VERTEX_POINT('',#6400);
#3798=VERTEX_POINT('',#6401);
#3799=VERTEX_POINT('',#6402);
#3800=VERTEX_POINT('',#6403);
#3801=VERTEX_POINT('',#6404);
#3802=VERTEX_POINT('',#6405);
#3803=VERTEX_POINT('',#6406);
#3804=VERTEX_POINT('',#6407);
#3805=VERTEX_POINT('',#6408);
#3806=VERTEX_POINT('',#6409);
#3807=VERTEX_POINT('',#6410);
#3808=VERTEX_POINT('',#6411);
#3809=VERTEX_POINT('',#6412);
#3810=VERTEX_POINT('',#6413);
#3811=VERTEX_POINT('',#6414);
#3812=VERTEX_POINT('',#6415);
#3813=VERTEX_POINT('',#6416);
#3814=VERTEX_POINT('',#6417);
#3815=VERTEX_POINT('',#6418);
#3816=VERTEX_POINT('',#6419);
#3817=VERTEX_POINT('',#6420);
#3818=VERTEX_POINT('',#8429);
#3819=VERTEX_POINT('',#8430);
#3820=VERTEX_POINT('',#8431);
#3821=VERTEX_POINT('',#8432);
#3822=VERTEX_POINT('',#8433);
#3823=VERTEX_POINT('',#8434);
#3824=VERTEX_POINT('',#8435);
#3825=VERTEX_POINT('',#8436);
#3826=VERTEX_POINT('',#8437);
#3827=VERTEX_POINT('',#8438);
#3828=VERTEX_POINT('',#8439);
#3829=VERTEX_POINT('',#8440);
#3830=VERTEX_POINT('',#8441);
#3831=VERTEX_POINT('',#8442);
#3832=VERTEX_POINT('',#8443);
#3833=VERTEX_POINT('',#8444);
#3834=VERTEX_POINT('',#8445);
#3835=VERTEX_POINT('',#8446);
#3836=VERTEX_POINT('',#8447);
#3837=VERTEX_POINT('',#8448);
#3838=VERTEX_POINT('',#8449);
#3839=VERTEX_POINT('',#8450);
#3840=VERTEX_POINT('',#8451);
#3841=VERTEX_POINT('',#8452);
#3842=VERTEX_POINT('',#8453);
#3843=VERTEX_POINT('',#8454);
#3844=VERTEX_POINT('',#8455);
#3845=VERTEX_POINT('',#8456);
#3846=VERTEX_POINT('',#8457);
#3847=VERTEX_POINT('',#8458);
#3848=VERTEX_POINT('',#8459);
#3849=VERTEX_POINT('',#8460);
#3850=VERTEX_POINT('',#8461);
#3851=VERTEX_POINT('',#8462);
#3852=VERTEX_POINT('',#8463);
#3853=VERTEX_POINT('',#8464);
#3854=VERTEX_POINT('',#8465);
#3855=VERTEX_POINT('',#8466);
#3856=VERTEX_POINT('',#8467);
#3857=VERTEX_POINT('',#8468);
#3858=VERTEX_POINT('',#8469);
#3859=VERTEX_POINT('',#8470);
#3860=VERTEX_POINT('',#8471);
#3861=VERTEX_POINT('',#8472);
#3862=VERTEX_POINT('',#8473);
#3863=VERTEX_POINT('',#8474);
#3864=VERTEX_POINT('',#8475);
#3865=VERTEX_POINT('',#8476);
#3866=VERTEX_POINT('',#8477);
#3867=VERTEX_POINT('',#8478);
#3868=VERTEX_POINT('',#8479);
#3869=VERTEX_POINT('',#8480);
#3870=VERTEX_POINT('',#8481);
#3871=VERTEX_POINT('',#8482);
#3872=VERTEX_POINT('',#8483);
#3873=VERTEX_POINT('',#8484);
#3874=VERTEX_POINT('',#8485);
#3875=VERTEX_POINT('',#8486);
#3876=VERTEX_POINT('',#8487);
#3877=VERTEX_POINT('',#8488);
#3878=VERTEX_POINT('',#8489);
#3879=VERTEX_POINT('',#8490);
#3880=VERTEX_POINT('',#8491);
#3881=VERTEX_POINT('',#8492);
#3882=VERTEX_POINT('',#9124);
#3883=VERTEX_POINT('',#9125);
#3884=VERTEX_POINT('',#9126);
#3885=VERTEX_POINT('',#9127);
#3886=VERTEX_POINT('',#9128);
#3887=VERTEX_POINT('',#9129);
#3888=VERTEX_POINT('',#9130);
#3889=VERTEX_POINT('',#9131);
#3890=VERTEX_POINT('',#9132);
#3891=VERTEX_POINT('',#9133);
#3892=VERTEX_POINT('',#9134);
#3893=VERTEX_POINT('',#9135);
#3894=VERTEX_POINT('',#9136);
#3895=VERTEX_POINT('',#9137);
#3896=VERTEX_POINT('',#9138);
#3897=VERTEX_POINT('',#9139);
#3898=VERTEX_POINT('',#9140);
#3899=VERTEX_POINT('',#9141);
#3900=VERTEX_POINT('',#9142);
#3901=VERTEX_POINT('',#9143);
#3902=VERTEX_POINT('',#9144);
#3903=VERTEX_POINT('',#9145);
#3904=VERTEX_POINT('',#9146);
#3905=VERTEX_POINT('',#9147);
#3906=VERTEX_POINT('',#9148);
#3907=VERTEX_POINT('',#9149);
#3908=VERTEX_POINT('',#9150);
#3909=VERTEX_POINT('',#9151);
#3910=VERTEX_POINT('',#9152);
#3911=VERTEX_POINT('',#9153);
#3912=VERTEX_POINT('',#9154);
#3913=VERTEX_POINT('',#9155);
#3914=VERTEX_POINT('',#9156);
#3915=VERTEX_POINT('',#9157);
#3916=VERTEX_POINT('',#9158);
#3917=VERTEX_POINT('',#9159);
#3918=VERTEX_POINT('',#9160);
#3919=VERTEX_POINT('',#9161);
#3920=VERTEX_POINT('',#9162);
#3921=VERTEX_POINT('',#9163);
#3922=VERTEX_POINT('',#9164);
#3923=VERTEX_POINT('',#9165);
#3924=VERTEX_POINT('',#9166);
#3925=VERTEX_POINT('',#9167);
#3926=VERTEX_POINT('',#9168);
#3927=VERTEX_POINT('',#9169);
#3928=VERTEX_POINT('',#9170);
#3929=VERTEX_POINT('',#9171);
#3930=VERTEX_POINT('',#9172);
#3931=VERTEX_POINT('',#9173);
#3932=VERTEX_POINT('',#9174);
#3933=VERTEX_POINT('',#9175);
#3934=VERTEX_POINT('',#9176);
#3935=VERTEX_POINT('',#9177);
#3936=VERTEX_POINT('',#9178);
#3937=VERTEX_POINT('',#9179);
#3938=VERTEX_POINT('',#9180);
#3939=VERTEX_POINT('',#9181);
#3940=VERTEX_POINT('',#9182);
#3941=VERTEX_POINT('',#9183);
#3942=VERTEX_POINT('',#9184);
#3943=VERTEX_POINT('',#9185);
#3944=VERTEX_POINT('',#9186);
#3945=VERTEX_POINT('',#9187);
#3946=VERTEX_POINT('',#9188);
#3947=VERTEX_POINT('',#9189);
#3948=VERTEX_POINT('',#9190);
#3949=VERTEX_POINT('',#9191);
#3950=VERTEX_POINT('',#9192);
#3951=VERTEX_POINT('',#9193);
#3952=VERTEX_POINT('',#9194);
#3953=VERTEX_POINT('',#9195);
#3954=VERTEX_POINT('',#9196);
#3955=VERTEX_POINT('',#9197);
#3956=VERTEX_POINT('',#9198);
#3957=VERTEX_POINT('',#9199);
#3958=VERTEX_POINT('',#9200);
#3959=VERTEX_POINT('',#9201);
#3960=VERTEX_POINT('',#9202);
#3961=VERTEX_POINT('',#9203);
#3962=VERTEX_POINT('',#9204);
#3963=VERTEX_POINT('',#9205);
#3964=VERTEX_POINT('',#9206);
#3965=VERTEX_POINT('',#9207);
#3966=VERTEX_POINT('',#9208);
#3967=VERTEX_POINT('',#9209);
#3968=VERTEX_POINT('',#9210);
#3969=VERTEX_POINT('',#9211);
#3970=VERTEX_POINT('',#9212);
#3971=VERTEX_POINT('',#9213);
#3972=VERTEX_POINT('',#9214);
#3973=VERTEX_POINT('',#9215);
#3974=VERTEX_POINT('',#9216);
#3975=VERTEX_POINT('',#9217);
#3976=VERTEX_POINT('',#9218);
#3977=VERTEX_POINT('',#9219);
#3978=VERTEX_POINT('',#9220);
#3979=VERTEX_POINT('',#9221);
#3980=VERTEX_POINT('',#9222);
#3981=VERTEX_POINT('',#9223);
#3982=VERTEX_POINT('',#9224);
#3983=VERTEX_POINT('',#9225);
#3984=VERTEX_POINT('',#9226);
#3985=VERTEX_POINT('',#9227);
#3986=VERTEX_POINT('',#9228);
#3987=VERTEX_POINT('',#9229);
#3988=VERTEX_POINT('',#9230);
#3989=VERTEX_POINT('',#9231);
#3990=VERTEX_POINT('',#9232);
#3991=VERTEX_POINT('',#9233);
#3992=VERTEX_POINT('',#9234);
#3993=VERTEX_POINT('',#9235);
#3994=VERTEX_POINT('',#9236);
#3995=VERTEX_POINT('',#9237);
#3996=VERTEX_POINT('',#9238);
#3997=VERTEX_POINT('',#9239);
#3998=VERTEX_POINT('',#9240);
#3999=VERTEX_POINT('',#9241);
#4000=VERTEX_POINT('',#9242);
#4001=VERTEX_POINT('',#9243);
#4002=VERTEX_POINT('',#9244);
#4003=VERTEX_POINT('',#9245);
#4004=VERTEX_POINT('',#9246);
#4005=VERTEX_POINT('',#9247);
#4006=VERTEX_POINT('',#9248);
#4007=VERTEX_POINT('',#9249);
#4008=VERTEX_POINT('',#9250);
#4009=VERTEX_POINT('',#9251);
#4010=VERTEX_POINT('',#9252);
#4011=VERTEX_POINT('',#9253);
#4012=VERTEX_POINT('',#9254);
#4013=VERTEX_POINT('',#9255);
#4014=VERTEX_POINT('',#9256);
#4015=VERTEX_POINT('',#9257);
#4016=VERTEX_POINT('',#9258);
#4017=VERTEX_POINT('',#9259);
#4018=VERTEX_POINT('',#9260);
#4019=VERTEX_POINT('',#9261);
#4020=VERTEX_POINT('',#9262);
#4021=VERTEX_POINT('',#9263);
#4022=VERTEX_POINT('',#9264);
#4023=VERTEX_POINT('',#9265);
#4024=VERTEX_POINT('',#9266);
#4025=VERTEX_POINT('',#9267);
#4026=VERTEX_POINT('',#9268);
#4027=VERTEX_POINT('',#9269);
#4028=VERTEX_POINT('',#9270);
#4029=VERTEX_POINT('',#9271);
#4030=(
BOUNDED_SURFACE()
B_SPLINE_SURFACE(1,3,((#4902,#4903,#4904,#4905,#4906,#4907,#4908),(#4909,
#4910,#4911,#4912,#4913,#4914,#4915)),.UNSPECIFIED.,.F.,.F.,.F.)
B_SPLINE_SURFACE_WITH_KNOTS((2,2),(4,3,4),(4.00000000000038,6.0000000000008),
(-980.720490601388,-980.42428101472,-980.307337856597),.UNSPECIFIED.)
GEOMETRIC_REPRESENTATION_ITEM()
RATIONAL_B_SPLINE_SURFACE(((1.,1.,1.,1.,1.,1.,1.),(1.,1.,1.,1.,1.,1.,1.)))
REPRESENTATION_ITEM('')
SURFACE()
);
#4031=(
BOUNDED_SURFACE()
B_SPLINE_SURFACE(1,3,((#4916,#4917,#4918,#4919,#4920,#4921,#4922,#4923,
#4924,#4925,#4926,#4927,#4928,#4929,#4930,#4931,#4932,#4933,#4934,#4935,
#4936,#4937,#4938,#4939,#4940,#4941,#4942,#4943,#4944,#4945,#4946,#4947,
#4948,#4949,#4950,#4951,#4952,#4953,#4954,#4955,#4956,#4957,#4958,#4959,
#4960,#4961,#4962,#4963,#4964,#4965,#4966,#4967,#4968,#4969,#4970),(#4971,
#4972,#4973,#4974,#4975,#4976,#4977,#4978,#4979,#4980,#4981,#4982,#4983,
#4984,#4985,#4986,#4987,#4988,#4989,#4990,#4991,#4992,#4993,#4994,#4995,
#4996,#4997,#4998,#4999,#5000,#5001,#5002,#5003,#5004,#5005,#5006,#5007,
#5008,#5009,#5010,#5011,#5012,#5013,#5014,#5015,#5016,#5017,#5018,#5019,
#5020,#5021,#5022,#5023,#5024,#5025)),.UNSPECIFIED.,.F.,.F.,.F.)
B_SPLINE_SURFACE_WITH_KNOTS((2,2),(4,3,3,3,3,3,3,3,3,3,3,3,3,3,3,3,3,3,
4),(4.0000000000007,6.0000000000008),(-970.462206205133,-969.94382846967,
-969.410782858526,-968.844591055067,-968.241258945113,-967.92406677208,
-967.669822380624,-967.332882606312,-966.98745634514,-966.638393775653,
-966.289331206165,-965.943904944993,-965.606965170681,-965.352720779225,
-965.035528606192,-964.432196496238,-963.866004692778,-963.332959081635,
-962.81458134617),.UNSPECIFIED.)
GEOMETRIC_REPRESENTATION_ITEM()
RATIONAL_B_SPLINE_SURFACE(((1.,1.,1.,1.,1.,1.,1.,1.,1.,1.,1.,1.,1.,1.,1.,
1.,1.,1.,1.,1.,1.,1.,1.,1.,1.,1.,1.,1.,1.,1.,1.,1.,1.,1.,1.,1.,1.,1.,1.,
1.,1.,1.,1.,1.,1.,1.,1.,1.,1.,1.,1.,1.,1.,1.,1.),(1.,1.,1.,1.,1.,1.,1.,
1.,1.,1.,1.,1.,1.,1.,1.,1.,1.,1.,1.,1.,1.,1.,1.,1.,1.,1.,1.,1.,1.,1.,1.,
1.,1.,1.,1.,1.,1.,1.,1.,1.,1.,1.,1.,1.,1.,1.,1.,1.,1.,1.,1.,1.,1.,1.,1.)))
REPRESENTATION_ITEM('')
SURFACE()
);
#4032=(
BOUNDED_SURFACE()
B_SPLINE_SURFACE(1,3,((#5026,#5027,#5028,#5029,#5030,#5031,#5032,#5033,
#5034,#5035,#5036,#5037,#5038,#5039,#5040,#5041,#5042,#5043,#5044,#5045,
#5046,#5047,#5048,#5049,#5050,#5051,#5052,#5053,#5054,#5055,#5056,#5057,
#5058,#5059,#5060,#5061,#5062,#5063,#5064,#5065,#5066,#5067,#5068,#5069,
#5070,#5071,#5072,#5073,#5074,#5075,#5076,#5077,#5078,#5079,#5080),(#5081,
#5082,#5083,#5084,#5085,#5086,#5087,#5088,#5089,#5090,#5091,#5092,#5093,
#5094,#5095,#5096,#5097,#5098,#5099,#5100,#5101,#5102,#5103,#5104,#5105,
#5106,#5107,#5108,#5109,#5110,#5111,#5112,#5113,#5114,#5115,#5116,#5117,
#5118,#5119,#5120,#5121,#5122,#5123,#5124,#5125,#5126,#5127,#5128,#5129,
#5130,#5131,#5132,#5133,#5134,#5135)),.UNSPECIFIED.,.F.,.F.,.F.)
B_SPLINE_SURFACE_WITH_KNOTS((2,2),(4,3,3,3,3,3,3,3,3,3,3,3,3,3,3,3,3,3,
4),(4.00000000000333,6.0000000000008),(-955.833788336873,-955.315410601408,
-954.782364990264,-954.216173186805,-953.612841076851,-953.295648903817,
-953.041404512362,-952.70446473805,-952.359038476877,-952.00997590739,-951.660913337903,
-951.315487076731,-950.978547302419,-950.724302910963,-950.40711073793,
-949.803778627976,-949.237586824516,-948.704541213373,-948.186163477908),
 .UNSPECIFIED.)
GEOMETRIC_REPRESENTATION_ITEM()
RATIONAL_B_SPLINE_SURFACE(((1.,1.,1.,1.,1.,1.,1.,1.,1.,1.,1.,1.,1.,1.,1.,
1.,1.,1.,1.,1.,1.,1.,1.,1.,1.,1.,1.,1.,1.,1.,1.,1.,1.,1.,1.,1.,1.,1.,1.,
1.,1.,1.,1.,1.,1.,1.,1.,1.,1.,1.,1.,1.,1.,1.,1.),(1.,1.,1.,1.,1.,1.,1.,
1.,1.,1.,1.,1.,1.,1.,1.,1.,1.,1.,1.,1.,1.,1.,1.,1.,1.,1.,1.,1.,1.,1.,1.,
1.,1.,1.,1.,1.,1.,1.,1.,1.,1.,1.,1.,1.,1.,1.,1.,1.,1.,1.,1.,1.,1.,1.,1.)))
REPRESENTATION_ITEM('')
SURFACE()
);
#4033=(
BOUNDED_SURFACE()
B_SPLINE_SURFACE(1,3,((#5136,#5137,#5138,#5139,#5140,#5141,#5142),(#5143,
#5144,#5145,#5146,#5147,#5148,#5149)),.UNSPECIFIED.,.F.,.F.,.F.)
B_SPLINE_SURFACE_WITH_KNOTS((2,2),(4,3,4),(4.00000000000437,6.0000000000008),
(-940.294674458883,-939.998464872214,-939.881521714092),.UNSPECIFIED.)
GEOMETRIC_REPRESENTATION_ITEM()
RATIONAL_B_SPLINE_SURFACE(((1.,1.,1.,1.,1.,1.,1.),(1.,1.,1.,1.,1.,1.,1.)))
REPRESENTATION_ITEM('')
SURFACE()
);
#4034=(
BOUNDED_SURFACE()
B_SPLINE_SURFACE(1,3,((#5152,#5153,#5154,#5155,#5156,#5157,#5158),(#5159,
#5160,#5161,#5162,#5163,#5164,#5165)),.UNSPECIFIED.,.F.,.F.,.F.)
B_SPLINE_SURFACE_WITH_KNOTS((2,2),(4,3,4),(4.00000000000464,6.0000000000008),
(-841.710312318354,-841.414102731685,-841.297159573562),.UNSPECIFIED.)
GEOMETRIC_REPRESENTATION_ITEM()
RATIONAL_B_SPLINE_SURFACE(((1.,1.,1.,1.,1.,1.,1.),(1.,1.,1.,1.,1.,1.,1.)))
REPRESENTATION_ITEM('')
SURFACE()
);
#4035=(
BOUNDED_SURFACE()
B_SPLINE_SURFACE(1,3,((#5166,#5167,#5168,#5169,#5170,#5171,#5172,#5173,
#5174,#5175,#5176,#5177,#5178,#5179,#5180,#5181,#5182,#5183,#5184,#5185,
#5186,#5187,#5188,#5189,#5190,#5191,#5192,#5193,#5194,#5195,#5196,#5197,
#5198,#5199,#5200,#5201,#5202,#5203,#5204,#5205,#5206,#5207,#5208,#5209,
#5210,#5211,#5212,#5213,#5214,#5215,#5216,#5217,#5218,#5219,#5220),(#5221,
#5222,#5223,#5224,#5225,#5226,#5227,#5228,#5229,#5230,#5231,#5232,#5233,
#5234,#5235,#5236,#5237,#5238,#5239,#5240,#5241,#5242,#5243,#5244,#5245,
#5246,#5247,#5248,#5249,#5250,#5251,#5252,#5253,#5254,#5255,#5256,#5257,
#5258,#5259,#5260,#5261,#5262,#5263,#5264,#5265,#5266,#5267,#5268,#5269,
#5270,#5271,#5272,#5273,#5274,#5275)),.UNSPECIFIED.,.F.,.F.,.F.)
B_SPLINE_SURFACE_WITH_KNOTS((2,2),(4,3,3,3,3,3,3,3,3,3,3,3,3,3,3,3,3,3,
4),(4.00000000000333,6.0000000000008),(-831.452027922101,-830.933650186635,
-830.400604575492,-829.834412772032,-829.231080662079,-828.913888489045,
-828.659644097589,-828.322704323277,-827.977278062105,-827.628215492618,
-827.27915292313,-826.933726661958,-826.596786887647,-826.342542496191,
-826.025350323157,-825.422018213203,-824.855826409744,-824.322780798601,
-823.804403063135),.UNSPECIFIED.)
GEOMETRIC_REPRESENTATION_ITEM()
RATIONAL_B_SPLINE_SURFACE(((1.,1.,1.,1.,1.,1.,1.,1.,1.,1.,1.,1.,1.,1.,1.,
1.,1.,1.,1.,1.,1.,1.,1.,1.,1.,1.,1.,1.,1.,1.,1.,1.,1.,1.,1.,1.,1.,1.,1.,
1.,1.,1.,1.,1.,1.,1.,1.,1.,1.,1.,1.,1.,1.,1.,1.),(1.,1.,1.,1.,1.,1.,1.,
1.,1.,1.,1.,1.,1.,1.,1.,1.,1.,1.,1.,1.,1.,1.,1.,1.,1.,1.,1.,1.,1.,1.,1.,
1.,1.,1.,1.,1.,1.,1.,1.,1.,1.,1.,1.,1.,1.,1.,1.,1.,1.,1.,1.,1.,1.,1.,1.)))
REPRESENTATION_ITEM('')
SURFACE()
);
#4036=(
BOUNDED_SURFACE()
B_SPLINE_SURFACE(1,3,((#5276,#5277,#5278,#5279,#5280,#5281,#5282,#5283,
#5284,#5285,#5286,#5287,#5288,#5289,#5290,#5291,#5292,#5293,#5294,#5295,
#5296,#5297,#5298,#5299,#5300,#5301,#5302,#5303,#5304,#5305,#5306,#5307,
#5308,#5309,#5310,#5311,#5312,#5313,#5314,#5315,#5316,#5317,#5318,#5319,
#5320,#5321,#5322,#5323,#5324,#5325,#5326,#5327,#5328,#5329,#5330),(#5331,
#5332,#5333,#5334,#5335,#5336,#5337,#5338,#5339,#5340,#5341,#5342,#5343,
#5344,#5345,#5346,#5347,#5348,#5349,#5350,#5351,#5352,#5353,#5354,#5355,
#5356,#5357,#5358,#5359,#5360,#5361,#5362,#5363,#5364,#5365,#5366,#5367,
#5368,#5369,#5370,#5371,#5372,#5373,#5374,#5375,#5376,#5377,#5378,#5379,
#5380,#5381,#5382,#5383,#5384,#5385)),.UNSPECIFIED.,.F.,.F.,.F.)
B_SPLINE_SURFACE_WITH_KNOTS((2,2),(4,3,3,3,3,3,3,3,3,3,3,3,3,3,3,3,3,3,
4),(4.0000000000007,6.0000000000008),(-816.823610053839,-816.305232318373,
-815.77218670723,-815.20599490377,-814.602662793816,-814.285470620783,-814.031226229327,
-813.694286455015,-813.348860193843,-812.999797624356,-812.650735054868,
-812.305308793696,-811.968369019384,-811.714124627929,-811.396932454895,
-810.793600344941,-810.227408541482,-809.694362930338,-809.175985194875),
 .UNSPECIFIED.)
GEOMETRIC_REPRESENTATION_ITEM()
RATIONAL_B_SPLINE_SURFACE(((1.,1.,1.,1.,1.,1.,1.,1.,1.,1.,1.,1.,1.,1.,1.,
1.,1.,1.,1.,1.,1.,1.,1.,1.,1.,1.,1.,1.,1.,1.,1.,1.,1.,1.,1.,1.,1.,1.,1.,
1.,1.,1.,1.,1.,1.,1.,1.,1.,1.,1.,1.,1.,1.,1.,1.),(1.,1.,1.,1.,1.,1.,1.,
1.,1.,1.,1.,1.,1.,1.,1.,1.,1.,1.,1.,1.,1.,1.,1.,1.,1.,1.,1.,1.,1.,1.,1.,
1.,1.,1.,1.,1.,1.,1.,1.,1.,1.,1.,1.,1.,1.,1.,1.,1.,1.,1.,1.,1.,1.,1.,1.)))
REPRESENTATION_ITEM('')
SURFACE()
);
#4037=(
BOUNDED_SURFACE()
B_SPLINE_SURFACE(1,3,((#5386,#5387,#5388,#5389,#5390,#5391,#5392),(#5393,
#5394,#5395,#5396,#5397,#5398,#5399)),.UNSPECIFIED.,.F.,.F.,.F.)
B_SPLINE_SURFACE_WITH_KNOTS((2,2),(4,3,4),(4.00000000000065,6.0000000000008),
(-801.284496175848,-800.988286589179,-800.871343431057),.UNSPECIFIED.)
GEOMETRIC_REPRESENTATION_ITEM()
RATIONAL_B_SPLINE_SURFACE(((1.,1.,1.,1.,1.,1.,1.),(1.,1.,1.,1.,1.,1.,1.)))
REPRESENTATION_ITEM('')
SURFACE()
);
#4038=(
BOUNDED_SURFACE()
B_SPLINE_SURFACE(3,1,((#5402,#5403),(#5404,#5405),(#5406,#5407),(#5408,
#5409),(#5410,#5411),(#5412,#5413),(#5414,#5415),(#5416,#5417),(#5418,#5419),
(#5420,#5421),(#5422,#5423),(#5424,#5425),(#5426,#5427),(#5428,#5429),(#5430,
#5431),(#5432,#5433),(#5434,#5435),(#5436,#5437),(#5438,#5439),(#5440,#5441),
(#5442,#5443),(#5444,#5445),(#5446,#5447),(#5448,#5449),(#5450,#5451),(#5452,
#5453),(#5454,#5455),(#5456,#5457),(#5458,#5459),(#5460,#5461),(#5462,#5463),
(#5464,#5465),(#5466,#5467),(#5468,#5469),(#5470,#5471),(#5472,#5473),(#5474,
#5475),(#5476,#5477),(#5478,#5479),(#5480,#5481),(#5482,#5483),(#5484,#5485),
(#5486,#5487),(#5488,#5489),(#5490,#5491),(#5492,#5493),(#5494,#5495),(#5496,
#5497),(#5498,#5499),(#5500,#5501),(#5502,#5503),(#5504,#5505),(#5506,#5507),
(#5508,#5509),(#5510,#5511)),.UNSPECIFIED.,.F.,.F.,.F.)
B_SPLINE_SURFACE_WITH_KNOTS((4,3,3,3,3,3,3,3,3,3,3,3,3,3,3,3,3,3,4),(2,
2),(962.81458134617,963.332959081635,963.866004692778,964.432196496238,
965.035528606192,965.352720779225,965.606965170681,965.943904944993,966.289331206165,
966.638393775653,966.98745634514,967.332882606312,967.669822380624,967.92406677208,
968.241258945113,968.844591055067,969.410782858526,969.94382846967,970.462206205135),
(0.,1.),.UNSPECIFIED.)
GEOMETRIC_REPRESENTATION_ITEM()
RATIONAL_B_SPLINE_SURFACE(((1.,1.),(1.,1.),(1.,1.),(1.,1.),(1.,1.),(1.,
1.),(1.,1.),(1.,1.),(1.,1.),(1.,1.),(1.,1.),(1.,1.),(1.,1.),(1.,1.),(1.,
1.),(1.,1.),(1.,1.),(1.,1.),(1.,1.),(1.,1.),(1.,1.),(1.,1.),(1.,1.),(1.,
1.),(1.,1.),(1.,1.),(1.,1.),(1.,1.),(1.,1.),(1.,1.),(1.,1.),(1.,1.),(1.,
1.),(1.,1.),(1.,1.),(1.,1.),(1.,1.),(1.,1.),(1.,1.),(1.,1.),(1.,1.),(1.,
1.),(1.,1.),(1.,1.),(1.,1.),(1.,1.),(1.,1.),(1.,1.),(1.,1.),(1.,1.),(1.,
1.),(1.,1.),(1.,1.),(1.,1.),(1.,1.)))
REPRESENTATION_ITEM('')
SURFACE()
);
#4039=(
BOUNDED_SURFACE()
B_SPLINE_SURFACE(3,1,((#5512,#5513),(#5514,#5515),(#5516,#5517),(#5518,
#5519),(#5520,#5521),(#5522,#5523),(#5524,#5525),(#5526,#5527),(#5528,#5529),
(#5530,#5531),(#5532,#5533),(#5534,#5535),(#5536,#5537),(#5538,#5539),(#5540,
#5541),(#5542,#5543),(#5544,#5545),(#5546,#5547),(#5548,#5549),(#5550,#5551),
(#5552,#5553),(#5554,#5555),(#5556,#5557),(#5558,#5559),(#5560,#5561),(#5562,
#5563),(#5564,#5565),(#5566,#5567),(#5568,#5569),(#5570,#5571),(#5572,#5573),
(#5574,#5575),(#5576,#5577),(#5578,#5579),(#5580,#5581),(#5582,#5583),(#5584,
#5585),(#5586,#5587),(#5588,#5589),(#5590,#5591),(#5592,#5593),(#5594,#5595),
(#5596,#5597),(#5598,#5599),(#5600,#5601),(#5602,#5603),(#5604,#5605),(#5606,
#5607),(#5608,#5609),(#5610,#5611),(#5612,#5613),(#5614,#5615),(#5616,#5617),
(#5618,#5619),(#5620,#5621)),.UNSPECIFIED.,.F.,.F.,.F.)
B_SPLINE_SURFACE_WITH_KNOTS((4,3,3,3,3,3,3,3,3,3,3,3,3,3,3,3,3,3,4),(2,
2),(948.186163477908,948.704541213373,949.237586824516,949.803778627976,
950.40711073793,950.724302910963,950.978547302419,951.315487076731,951.660913337903,
952.00997590739,952.359038476877,952.70446473805,953.041404512362,953.295648903817,
953.612841076851,954.216173186805,954.782364990264,955.315410601408,955.833788336873),
(0.,1.),.UNSPECIFIED.)
GEOMETRIC_REPRESENTATION_ITEM()
RATIONAL_B_SPLINE_SURFACE(((1.,1.),(1.,1.),(1.,1.),(1.,1.),(1.,1.),(1.,
1.),(1.,1.),(1.,1.),(1.,1.),(1.,1.),(1.,1.),(1.,1.),(1.,1.),(1.,1.),(1.,
1.),(1.,1.),(1.,1.),(1.,1.),(1.,1.),(1.,1.),(1.,1.),(1.,1.),(1.,1.),(1.,
1.),(1.,1.),(1.,1.),(1.,1.),(1.,1.),(1.,1.),(1.,1.),(1.,1.),(1.,1.),(1.,
1.),(1.,1.),(1.,1.),(1.,1.),(1.,1.),(1.,1.),(1.,1.),(1.,1.),(1.,1.),(1.,
1.),(1.,1.),(1.,1.),(1.,1.),(1.,1.),(1.,1.),(1.,1.),(1.,1.),(1.,1.),(1.,
1.),(1.,1.),(1.,1.),(1.,1.),(1.,1.)))
REPRESENTATION_ITEM('')
SURFACE()
);
#4040=(
BOUNDED_SURFACE()
B_SPLINE_SURFACE(3,1,((#5624,#5625),(#5626,#5627),(#5628,#5629),(#5630,
#5631),(#5632,#5633),(#5634,#5635),(#5636,#5637),(#5638,#5639),(#5640,#5641),
(#5642,#5643),(#5644,#5645),(#5646,#5647),(#5648,#5649),(#5650,#5651),(#5652,
#5653),(#5654,#5655),(#5656,#5657),(#5658,#5659),(#5660,#5661),(#5662,#5663),
(#5664,#5665),(#5666,#5667),(#5668,#5669),(#5670,#5671),(#5672,#5673),(#5674,
#5675),(#5676,#5677),(#5678,#5679),(#5680,#5681),(#5682,#5683),(#5684,#5685),
(#5686,#5687),(#5688,#5689),(#5690,#5691),(#5692,#5693),(#5694,#5695),(#5696,
#5697),(#5698,#5699),(#5700,#5701),(#5702,#5703),(#5704,#5705),(#5706,#5707),
(#5708,#5709),(#5710,#5711),(#5712,#5713),(#5714,#5715),(#5716,#5717),(#5718,
#5719),(#5720,#5721),(#5722,#5723),(#5724,#5725),(#5726,#5727),(#5728,#5729),
(#5730,#5731),(#5732,#5733)),.UNSPECIFIED.,.F.,.F.,.F.)
B_SPLINE_SURFACE_WITH_KNOTS((4,3,3,3,3,3,3,3,3,3,3,3,3,3,3,3,3,3,4),(2,
2),(823.804403063135,824.322780798601,824.855826409744,825.422018213203,
826.025350323157,826.342542496191,826.596786887647,826.933726661958,827.27915292313,
827.628215492618,827.977278062105,828.322704323277,828.659644097589,828.913888489045,
829.231080662079,829.834412772032,830.400604575492,830.933650186635,831.452027922101),
(0.,1.),.UNSPECIFIED.)
GEOMETRIC_REPRESENTATION_ITEM()
RATIONAL_B_SPLINE_SURFACE(((1.,1.),(1.,1.),(1.,1.),(1.,1.),(1.,1.),(1.,
1.),(1.,1.),(1.,1.),(1.,1.),(1.,1.),(1.,1.),(1.,1.),(1.,1.),(1.,1.),(1.,
1.),(1.,1.),(1.,1.),(1.,1.),(1.,1.),(1.,1.),(1.,1.),(1.,1.),(1.,1.),(1.,
1.),(1.,1.),(1.,1.),(1.,1.),(1.,1.),(1.,1.),(1.,1.),(1.,1.),(1.,1.),(1.,
1.),(1.,1.),(1.,1.),(1.,1.),(1.,1.),(1.,1.),(1.,1.),(1.,1.),(1.,1.),(1.,
1.),(1.,1.),(1.,1.),(1.,1.),(1.,1.),(1.,1.),(1.,1.),(1.,1.),(1.,1.),(1.,
1.),(1.,1.),(1.,1.),(1.,1.),(1.,1.)))
REPRESENTATION_ITEM('')
SURFACE()
);
#4041=(
BOUNDED_SURFACE()
B_SPLINE_SURFACE(3,1,((#5734,#5735),(#5736,#5737),(#5738,#5739),(#5740,
#5741),(#5742,#5743),(#5744,#5745),(#5746,#5747),(#5748,#5749),(#5750,#5751),
(#5752,#5753),(#5754,#5755),(#5756,#5757),(#5758,#5759),(#5760,#5761),(#5762,
#5763),(#5764,#5765),(#5766,#5767),(#5768,#5769),(#5770,#5771),(#5772,#5773),
(#5774,#5775),(#5776,#5777),(#5778,#5779),(#5780,#5781),(#5782,#5783),(#5784,
#5785),(#5786,#5787),(#5788,#5789),(#5790,#5791),(#5792,#5793),(#5794,#5795),
(#5796,#5797),(#5798,#5799),(#5800,#5801),(#5802,#5803),(#5804,#5805),(#5806,
#5807),(#5808,#5809),(#5810,#5811),(#5812,#5813),(#5814,#5815),(#5816,#5817),
(#5818,#5819),(#5820,#5821),(#5822,#5823),(#5824,#5825),(#5826,#5827),(#5828,
#5829),(#5830,#5831),(#5832,#5833),(#5834,#5835),(#5836,#5837),(#5838,#5839),
(#5840,#5841),(#5842,#5843)),.UNSPECIFIED.,.F.,.F.,.F.)
B_SPLINE_SURFACE_WITH_KNOTS((4,3,3,3,3,3,3,3,3,3,3,3,3,3,3,3,3,3,4),(2,
2),(809.175985194873,809.694362930338,810.227408541482,810.793600344941,
811.396932454895,811.714124627929,811.968369019384,812.305308793696,812.650735054868,
812.999797624356,813.348860193843,813.694286455015,814.031226229327,814.285470620783,
814.602662793816,815.20599490377,815.77218670723,816.305232318373,816.823610053839),
(0.,1.),.UNSPECIFIED.)
GEOMETRIC_REPRESENTATION_ITEM()
RATIONAL_B_SPLINE_SURFACE(((1.,1.),(1.,1.),(1.,1.),(1.,1.),(1.,1.),(1.,
1.),(1.,1.),(1.,1.),(1.,1.),(1.,1.),(1.,1.),(1.,1.),(1.,1.),(1.,1.),(1.,
1.),(1.,1.),(1.,1.),(1.,1.),(1.,1.),(1.,1.),(1.,1.),(1.,1.),(1.,1.),(1.,
1.),(1.,1.),(1.,1.),(1.,1.),(1.,1.),(1.,1.),(1.,1.),(1.,1.),(1.,1.),(1.,
1.),(1.,1.),(1.,1.),(1.,1.),(1.,1.),(1.,1.),(1.,1.),(1.,1.),(1.,1.),(1.,
1.),(1.,1.),(1.,1.),(1.,1.),(1.,1.),(1.,1.),(1.,1.),(1.,1.),(1.,1.),(1.,
1.),(1.,1.),(1.,1.),(1.,1.),(1.,1.)))
REPRESENTATION_ITEM('')
SURFACE()
);
#4042=(
BOUNDED_SURFACE()
B_SPLINE_SURFACE(3,1,((#5850,#5851),(#5852,#5853),(#5854,#5855),(#5856,
#5857),(#5858,#5859),(#5860,#5861),(#5862,#5863)),.UNSPECIFIED.,.F.,.F.,
 .F.)
B_SPLINE_SURFACE_WITH_KNOTS((4,3,4),(2,2),(980.307337856597,980.42428101472,
980.720490601388),(0.,1.),.UNSPECIFIED.)
GEOMETRIC_REPRESENTATION_ITEM()
RATIONAL_B_SPLINE_SURFACE(((1.,1.),(1.,1.),(1.,1.),(1.,1.),(1.,1.),(1.,
1.),(1.,1.)))
REPRESENTATION_ITEM('')
SURFACE()
);
#4043=(
BOUNDED_SURFACE()
B_SPLINE_SURFACE(3,1,((#5865,#5866),(#5867,#5868),(#5869,#5870),(#5871,
#5872),(#5873,#5874),(#5875,#5876),(#5877,#5878)),.UNSPECIFIED.,.F.,.F.,
 .F.)
B_SPLINE_SURFACE_WITH_KNOTS((4,3,4),(2,2),(939.881521714092,939.998464872214,
940.294674458883),(0.,1.),.UNSPECIFIED.)
GEOMETRIC_REPRESENTATION_ITEM()
RATIONAL_B_SPLINE_SURFACE(((1.,1.),(1.,1.),(1.,1.),(1.,1.),(1.,1.),(1.,
1.),(1.,1.)))
REPRESENTATION_ITEM('')
SURFACE()
);
#4044=(
BOUNDED_SURFACE()
B_SPLINE_SURFACE(3,1,((#5880,#5881),(#5882,#5883),(#5884,#5885),(#5886,
#5887),(#5888,#5889),(#5890,#5891),(#5892,#5893)),.UNSPECIFIED.,.F.,.F.,
 .F.)
B_SPLINE_SURFACE_WITH_KNOTS((4,3,4),(2,2),(841.297159573562,841.414102731685,
841.710312318354),(0.,1.),.UNSPECIFIED.)
GEOMETRIC_REPRESENTATION_ITEM()
RATIONAL_B_SPLINE_SURFACE(((1.,1.),(1.,1.),(1.,1.),(1.,1.),(1.,1.),(1.,
1.),(1.,1.)))
REPRESENTATION_ITEM('')
SURFACE()
);
#4045=(
BOUNDED_SURFACE()
B_SPLINE_SURFACE(3,1,((#5894,#5895),(#5896,#5897),(#5898,#5899),(#5900,
#5901),(#5902,#5903),(#5904,#5905),(#5906,#5907)),.UNSPECIFIED.,.F.,.F.,
 .F.)
B_SPLINE_SURFACE_WITH_KNOTS((4,3,4),(2,2),(800.871343431057,800.988286589179,
801.284496175848),(0.,1.),.UNSPECIFIED.)
GEOMETRIC_REPRESENTATION_ITEM()
RATIONAL_B_SPLINE_SURFACE(((1.,1.),(1.,1.),(1.,1.),(1.,1.),(1.,1.),(1.,
1.),(1.,1.)))
REPRESENTATION_ITEM('')
SURFACE()
);
#4046=(
BOUNDED_SURFACE()
B_SPLINE_SURFACE(2,1,((#8268,#8269),(#8270,#8271),(#8272,#8273)),
 .UNSPECIFIED.,.F.,.F.,.F.)
B_SPLINE_SURFACE_WITH_KNOTS((3,3),(2,2),(41.8309187843788,42.1439198415344),
(0.,4.),.UNSPECIFIED.)
GEOMETRIC_REPRESENTATION_ITEM()
RATIONAL_B_SPLINE_SURFACE(((1.,1.),(0.709151256308917,0.709151256308917),
(1.,1.)))
REPRESENTATION_ITEM('')
SURFACE()
);
#4047=(
BOUNDED_SURFACE()
B_SPLINE_SURFACE(2,1,((#8279,#8280),(#8281,#8282),(#8283,#8284),(#8285,
#8286),(#8287,#8288)),.UNSPECIFIED.,.F.,.F.,.F.)
B_SPLINE_SURFACE_WITH_KNOTS((3,2,3),(2,2),(52.2297819229697,53.9993930477847,
55.7690041725997),(0.,4.),.UNSPECIFIED.)
GEOMETRIC_REPRESENTATION_ITEM()
RATIONAL_B_SPLINE_SURFACE(((1.,1.),(0.707106781186547,0.707106781186547),
(1.,1.),(0.707106781186547,0.707106781186547),(1.,1.)))
REPRESENTATION_ITEM('')
SURFACE()
);
#4048=(
BOUNDED_SURFACE()
B_SPLINE_SURFACE(2,1,((#8304,#8305),(#8306,#8307),(#8308,#8309),(#8310,
#8311),(#8312,#8313)),.UNSPECIFIED.,.F.,.F.,.F.)
B_SPLINE_SURFACE_WITH_KNOTS((3,2,3),(2,2),(72.7271699543542,72.8611000037116,
72.9950300530689),(0.,4.),.UNSPECIFIED.)
GEOMETRIC_REPRESENTATION_ITEM()
RATIONAL_B_SPLINE_SURFACE(((1.,1.),(0.901992677763746,0.901992677763746),
(0.901992677763746,0.901992677763746),(0.901992677763746,0.901992677763746),
(1.,1.)))
REPRESENTATION_ITEM('')
SURFACE()
);
#4049=(
BOUNDED_SURFACE()
B_SPLINE_SURFACE(1,2,((#8357,#8358,#8359),(#8360,#8361,#8362)),
 .UNSPECIFIED.,.F.,.F.,.F.)
B_SPLINE_SURFACE_WITH_KNOTS((2,2),(3,3),(0.,4.),(41.8309187843788,42.1439198415344),
 .UNSPECIFIED.)
GEOMETRIC_REPRESENTATION_ITEM()
RATIONAL_B_SPLINE_SURFACE(((1.,0.709151256308917,1.),(1.,0.709151256308917,
1.)))
REPRESENTATION_ITEM('')
SURFACE()
);
#4050=(
BOUNDED_SURFACE()
B_SPLINE_SURFACE(1,2,((#8368,#8369,#8370,#8371,#8372),(#8373,#8374,#8375,
#8376,#8377)),.UNSPECIFIED.,.F.,.F.,.F.)
B_SPLINE_SURFACE_WITH_KNOTS((2,2),(3,2,3),(0.,4.),(52.2297819229697,53.9993930477847,
55.7690041725997),.UNSPECIFIED.)
GEOMETRIC_REPRESENTATION_ITEM()
RATIONAL_B_SPLINE_SURFACE(((1.,0.707106781186547,1.,0.707106781186547,1.),
(1.,0.707106781186547,1.,0.707106781186547,1.)))
REPRESENTATION_ITEM('')
SURFACE()
);
#4051=(
BOUNDED_SURFACE()
B_SPLINE_SURFACE(1,2,((#8393,#8394,#8395,#8396,#8397),(#8398,#8399,#8400,
#8401,#8402)),.UNSPECIFIED.,.F.,.F.,.F.)
B_SPLINE_SURFACE_WITH_KNOTS((2,2),(3,2,3),(0.,4.),(72.7271699543542,72.8611000037116,
72.9950300530689),.UNSPECIFIED.)
GEOMETRIC_REPRESENTATION_ITEM()
RATIONAL_B_SPLINE_SURFACE(((1.,0.901992677763746,0.901992677763746,0.901992677763746,
1.),(1.,0.901992677763746,0.901992677763746,0.901992677763746,1.)))
REPRESENTATION_ITEM('')
SURFACE()
);
#4052=B_SPLINE_SURFACE_WITH_KNOTS('',1,5,((#4744,#4745,#4746,#4747,#4748,
#4749),(#4750,#4751,#4752,#4753,#4754,#4755)),.UNSPECIFIED.,.F.,.F.,.F.,
(2,2),(6,6),(1.06581410364018E-14,2.99999999999999),(0.,5.64852813742423),
 .UNSPECIFIED.);
#4053=B_SPLINE_SURFACE_WITH_KNOTS('',1,5,((#4757,#4758,#4759,#4760,#4761,
#4762),(#4763,#4764,#4765,#4766,#4767,#4768)),.UNSPECIFIED.,.F.,.F.,.F.,
(2,2),(6,6),(1.72084568816899E-14,3.00000000000002),(0.,5.64852813742378),
 .UNSPECIFIED.);
#4054=B_SPLINE_SURFACE_WITH_KNOTS('',1,5,((#4772,#4773,#4774,#4775,#4776,
#4777),(#4778,#4779,#4780,#4781,#4782,#4783)),.UNSPECIFIED.,.F.,.F.,.F.,
(2,2),(6,6),(-1.77635683940025E-15,2.99999999999999),(0.,5.64852813742385),
 .UNSPECIFIED.);
#4055=B_SPLINE_SURFACE_WITH_KNOTS('',1,5,((#4785,#4786,#4787,#4788,#4789,
#4790),(#4791,#4792,#4793,#4794,#4795,#4796)),.UNSPECIFIED.,.F.,.F.,.F.,
(2,2),(6,6),(-2.55043127929233E-14,2.99999999999998),(0.,5.6485281374244),
 .UNSPECIFIED.);
#4056=B_SPLINE_SURFACE_WITH_KNOTS('',5,1,((#4797,#4798),(#4799,#4800),(#4801,
#4802),(#4803,#4804),(#4805,#4806),(#4807,#4808)),.UNSPECIFIED.,.F.,.F.,
 .F.,(6,6),(2,2),(0.,1.88284271247463),(-8.88178419700111E-15,1.00000000000001),
 .UNSPECIFIED.);
#4057=B_SPLINE_SURFACE_WITH_KNOTS('',5,1,((#4809,#4810),(#4811,#4812),(#4813,
#4814),(#4815,#4816),(#4817,#4818),(#4819,#4820)),.UNSPECIFIED.,.F.,.F.,
 .F.,(6,6),(2,2),(0.,1.88284271247469),(-2.81996648254788E-15,1.),
 .UNSPECIFIED.);
#4058=B_SPLINE_SURFACE_WITH_KNOTS('',5,1,((#4823,#4824),(#4825,#4826),(#4827,
#4828),(#4829,#4830),(#4831,#4832),(#4833,#4834)),.UNSPECIFIED.,.F.,.F.,
 .F.,(6,6),(2,2),(0.,5.64852813742423),(1.06581410364018E-14,2.99999999999999),
 .UNSPECIFIED.);
#4059=B_SPLINE_SURFACE_WITH_KNOTS('',5,1,((#4836,#4837),(#4838,#4839),(#4840,
#4841),(#4842,#4843),(#4844,#4845),(#4846,#4847)),.UNSPECIFIED.,.F.,.F.,
 .F.,(6,6),(2,2),(0.,5.64852813742378),(1.72084568816899E-14,3.00000000000002),
 .UNSPECIFIED.);
#4060=B_SPLINE_SURFACE_WITH_KNOTS('',5,1,((#4851,#4852),(#4853,#4854),(#4855,
#4856),(#4857,#4858),(#4859,#4860),(#4861,#4862)),.UNSPECIFIED.,.F.,.F.,
 .F.,(6,6),(2,2),(0.,5.64852813742385),(-1.77635683940025E-15,2.99999999999999),
 .UNSPECIFIED.);
#4061=B_SPLINE_SURFACE_WITH_KNOTS('',5,1,((#4864,#4865),(#4866,#4867),(#4868,
#4869),(#4870,#4871),(#4872,#4873),(#4874,#4875)),.UNSPECIFIED.,.F.,.F.,
 .F.,(6,6),(2,2),(0.,5.6485281374244),(-2.55043127929233E-14,2.99999999999998),
 .UNSPECIFIED.);
#4062=B_SPLINE_SURFACE_WITH_KNOTS('',1,5,((#4876,#4877,#4878,#4879,#4880,
#4881),(#4882,#4883,#4884,#4885,#4886,#4887)),.UNSPECIFIED.,.F.,.F.,.F.,
(2,2),(6,6),(-8.88178419700111E-15,1.00000000000001),(0.,1.88284271247463),
 .UNSPECIFIED.);
#4063=B_SPLINE_SURFACE_WITH_KNOTS('',1,5,((#4888,#4889,#4890,#4891,#4892,
#4893),(#4894,#4895,#4896,#4897,#4898,#4899)),.UNSPECIFIED.,.F.,.F.,.F.,
(2,2),(6,6),(-2.81996648254788E-15,1.),(0.,1.88284271247469),
 .UNSPECIFIED.);
#4064=B_SPLINE_SURFACE_WITH_KNOTS('',1,5,((#5922,#5923,#5924,#5925,#5926,
#5927),(#5928,#5929,#5930,#5931,#5932,#5933)),.UNSPECIFIED.,.F.,.F.,.F.,
(2,2),(6,6),(-7.10542735760105E-15,2.99999999999873),(0.,3.7656854249493),
 .UNSPECIFIED.);
#4065=B_SPLINE_SURFACE_WITH_KNOTS('',1,5,((#5935,#5936,#5937,#5938,#5939,
#5940),(#5941,#5942,#5943,#5944,#5945,#5946)),.UNSPECIFIED.,.F.,.F.,.F.,
(2,2),(6,6),(-1.28563826251591E-14,2.99999999999856),(0.,3.76568542494924),
 .UNSPECIFIED.);
#4066=B_SPLINE_SURFACE_WITH_KNOTS('',1,5,((#5949,#5950,#5951,#5952,#5953,
#5954),(#5955,#5956,#5957,#5958,#5959,#5960)),.UNSPECIFIED.,.F.,.F.,.F.,
(2,2),(6,6),(5.32907051820247E-15,2.99999999999937),(0.,3.76568542494935),
 .UNSPECIFIED.);
#4067=B_SPLINE_SURFACE_WITH_KNOTS('',1,5,((#5961,#5962,#5963,#5964,#5965,
#5966),(#5967,#5968,#5969,#5970,#5971,#5972)),.UNSPECIFIED.,.F.,.F.,.F.,
(2,2),(6,6),(0.,2.99999999999795),(0.,3.76568542494919),.UNSPECIFIED.);
#4068=B_SPLINE_SURFACE_WITH_KNOTS('',1,5,((#5974,#5975,#5976,#5977,#5978,
#5979),(#5980,#5981,#5982,#5983,#5984,#5985)),.UNSPECIFIED.,.F.,.F.,.F.,
(2,2),(6,6),(0.886498868744751,39.1135011312553),(0.,0.163163014548608),
 .UNSPECIFIED.);
#4069=B_SPLINE_SURFACE_WITH_KNOTS('',1,5,((#5990,#5991,#5992,#5993,#5994,
#5995),(#5996,#5997,#5998,#5999,#6000,#6001)),.UNSPECIFIED.,.F.,.F.,.F.,
(2,2),(6,6),(-4.49640324973187E-14,2.9999999999984),(0.,18.8284271172631),
 .UNSPECIFIED.);
#4070=B_SPLINE_SURFACE_WITH_KNOTS('',5,1,((#6002,#6003),(#6004,#6005),(#6006,
#6007),(#6008,#6009),(#6010,#6011),(#6012,#6013)),.UNSPECIFIED.,.F.,.F.,
 .F.,(6,6),(2,2),(0.,18.8284271247462),(-1.4210854715202E-14,2.99999999999835),
 .UNSPECIFIED.);
#4071=B_SPLINE_SURFACE_WITH_KNOTS('',5,1,((#6022,#6023),(#6024,#6025),(#6026,
#6027),(#6028,#6029),(#6030,#6031),(#6032,#6033)),.UNSPECIFIED.,.F.,.F.,
 .F.,(6,6),(2,2),(0.,18.8284271247468),(2.50466314355436E-13,2.99999999999791),
 .UNSPECIFIED.);
#4072=B_SPLINE_SURFACE_WITH_KNOTS('',5,1,((#6035,#6036),(#6037,#6038),(#6039,
#6040),(#6041,#6042),(#6043,#6044),(#6045,#6046)),.UNSPECIFIED.,.F.,.F.,
 .F.,(6,6),(2,2),(0.,18.8284271247462),(-4.79616346638073E-14,2.99999999999854),
 .UNSPECIFIED.);
#4073=B_SPLINE_SURFACE_WITH_KNOTS('',5,1,((#6048,#6049),(#6050,#6051),(#6052,
#6053),(#6054,#6055),(#6056,#6057),(#6058,#6059)),.UNSPECIFIED.,.F.,.F.,
 .F.,(6,6),(2,2),(0.,18.8284271247459),(-1.42108547151951E-14,3.0000000000011),
 .UNSPECIFIED.);
#4074=B_SPLINE_SURFACE_WITH_KNOTS('',1,5,((#6060,#6061,#6062,#6063,#6064,
#6065),(#6066,#6067,#6068,#6069,#6070,#6071)),.UNSPECIFIED.,.F.,.F.,.F.,
(2,2),(6,6),(5.68434188608082E-14,2.99999999999792),(0.,18.8284271247464),
 .UNSPECIFIED.);
#4075=B_SPLINE_SURFACE_WITH_KNOTS('',5,1,((#6072,#6073),(#6074,#6075),(#6076,
#6077),(#6078,#6079),(#6080,#6081),(#6082,#6083)),.UNSPECIFIED.,.F.,.F.,
 .F.,(6,6),(2,2),(0.,18.8284271247464),(2.70006239588838E-13,2.9999999999979),
 .UNSPECIFIED.);
#4076=B_SPLINE_SURFACE_WITH_KNOTS('',5,1,((#6085,#6086),(#6087,#6088),(#6089,
#6090),(#6091,#6092),(#6093,#6094),(#6095,#6096)),.UNSPECIFIED.,.F.,.F.,
 .F.,(6,6),(2,2),(0.,18.8284271247473),(-3.05311331771916E-14,2.99999999999665),
 .UNSPECIFIED.);
#4077=B_SPLINE_SURFACE_WITH_KNOTS('',1,5,((#6099,#6100,#6101,#6102,#6103,
#6104),(#6105,#6106,#6107,#6108,#6109,#6110)),.UNSPECIFIED.,.F.,.F.,.F.,
(2,2),(6,6),(1.2043646286724,1.59999999999996),(0.,0.139636607807685),
 .UNSPECIFIED.);
#4078=B_SPLINE_SURFACE_WITH_KNOTS('',5,1,((#6113,#6114),(#6115,#6116),(#6117,
#6118),(#6119,#6120),(#6121,#6122),(#6123,#6124)),.UNSPECIFIED.,.F.,.F.,
 .F.,(6,6),(2,2),(0.,0.139636607807685),(1.20436462867241,1.59999999999996),
 .UNSPECIFIED.);
#4079=B_SPLINE_SURFACE_WITH_KNOTS('',5,1,((#6128,#6129),(#6130,#6131),(#6132,
#6133),(#6134,#6135),(#6136,#6137),(#6138,#6139)),.UNSPECIFIED.,.F.,.F.,
 .F.,(6,6),(2,2),(0.,0.139636607807685),(1.20436462867244,1.59999999999996),
 .UNSPECIFIED.);
#4080=B_SPLINE_SURFACE_WITH_KNOTS('',1,5,((#6142,#6143,#6144,#6145,#6146,
#6147),(#6148,#6149,#6150,#6151,#6152,#6153)),.UNSPECIFIED.,.F.,.F.,.F.,
(2,2),(6,6),(1.20436462867244,1.59999999999996),(0.,0.139636607807685),
 .UNSPECIFIED.);
#4081=B_SPLINE_SURFACE_WITH_KNOTS('',1,5,((#6155,#6156,#6157,#6158,#6159,
#6160),(#6161,#6162,#6163,#6164,#6165,#6166)),.UNSPECIFIED.,.F.,.F.,.F.,
(2,2),(6,6),(0.88649886874477,39.1135011312553),(0.,0.163163014548599),
 .UNSPECIFIED.);
#4082=B_SPLINE_SURFACE_WITH_KNOTS('',5,1,((#8252,#8253),(#8254,#8255),(#8256,
#8257),(#8258,#8259),(#8260,#8261),(#8262,#8263)),.UNSPECIFIED.,.F.,.F.,
 .F.,(6,6),(2,2),(0.,1.),(-0.500000000000021,3.10359584260148),
 .UNSPECIFIED.);
#4083=B_SPLINE_SURFACE_WITH_KNOTS('',1,5,((#8292,#8293,#8294,#8295,#8296,
#8297),(#8298,#8299,#8300,#8301,#8302,#8303)),.UNSPECIFIED.,.F.,.F.,.F.,
(2,2),(6,6),(-0.266414409558853,5.91552257982683),(0.,1.),.UNSPECIFIED.);
#4084=B_SPLINE_SURFACE_WITH_KNOTS('',1,5,((#8314,#8315,#8316,#8317,#8318,
#8319),(#8320,#8321,#8322,#8323,#8324,#8325)),.UNSPECIFIED.,.F.,.F.,.F.,
(2,2),(6,6),(-1.03228322371545,5.03228322371467),(0.,0.49836754671705),
 .UNSPECIFIED.);
#4085=B_SPLINE_SURFACE_WITH_KNOTS('',1,5,((#8328,#8329,#8330,#8331,#8332,
#8333),(#8334,#8335,#8336,#8337,#8338,#8339)),.UNSPECIFIED.,.F.,.F.,.F.,
(2,2),(6,6),(-2.52802560661659,8.65342956731299),(0.,3.51204875127248),
 .UNSPECIFIED.);
#4086=B_SPLINE_SURFACE_WITH_KNOTS('',1,5,((#8341,#8342,#8343,#8344,#8345,
#8346),(#8347,#8348,#8349,#8350,#8351,#8352)),.UNSPECIFIED.,.F.,.F.,.F.,
(2,2),(6,6),(-0.500000000000021,3.10359584260148),(0.,1.),.UNSPECIFIED.);
#4087=B_SPLINE_SURFACE_WITH_KNOTS('',5,1,((#8381,#8382),(#8383,#8384),(#8385,
#8386),(#8387,#8388),(#8389,#8390),(#8391,#8392)),.UNSPECIFIED.,.F.,.F.,
 .F.,(6,6),(2,2),(0.,1.),(-0.266414409558853,5.91552257982683),
 .UNSPECIFIED.);
#4088=B_SPLINE_SURFACE_WITH_KNOTS('',5,1,((#8403,#8404),(#8405,#8406),(#8407,
#8408),(#8409,#8410),(#8411,#8412),(#8413,#8414)),.UNSPECIFIED.,.F.,.F.,
 .F.,(6,6),(2,2),(0.,0.49836754671705),(-1.03228322371545,5.03228322371467),
 .UNSPECIFIED.);
#4089=B_SPLINE_SURFACE_WITH_KNOTS('',5,1,((#8417,#8418),(#8419,#8420),(#8421,
#8422),(#8423,#8424),(#8425,#8426),(#8427,#8428)),.UNSPECIFIED.,.F.,.F.,
 .F.,(6,6),(2,2),(0.,3.51204875127248),(-2.52802560661659,8.65342956731299),
 .UNSPECIFIED.);
#4090=B_SPLINE_SURFACE_WITH_KNOTS('',5,1,((#8960,#8961),(#8962,#8963),(#8964,
#8965),(#8966,#8967),(#8968,#8969),(#8970,#8971)),.UNSPECIFIED.,.F.,.F.,
 .F.,(6,6),(2,2),(0.,1.),(-0.2,39.8137071876176),.UNSPECIFIED.);
#4091=B_SPLINE_SURFACE_WITH_KNOTS('',5,1,((#8973,#8974),(#8975,#8976),(#8977,
#8978),(#8979,#8980),(#8981,#8982),(#8983,#8984)),.UNSPECIFIED.,.F.,.F.,
 .F.,(6,6),(2,2),(0.,1.),(-0.2,39.8137071876176),.UNSPECIFIED.);
#4092=B_SPLINE_SURFACE_WITH_KNOTS('',5,1,((#8988,#8989),(#8990,#8991),(#8992,
#8993),(#8994,#8995),(#8996,#8997),(#8998,#8999)),.UNSPECIFIED.,.F.,.F.,
 .F.,(6,6),(2,2),(0.,1.88284271247464),(-1.00000000000003,2.00000000000002),
 .UNSPECIFIED.);
#4093=B_SPLINE_SURFACE_WITH_KNOTS('',5,1,((#9000,#9001),(#9002,#9003),(#9004,
#9005),(#9006,#9007),(#9008,#9009),(#9010,#9011)),.UNSPECIFIED.,.F.,.F.,
 .F.,(6,6),(2,2),(0.,1.88284271247462),(-1.00000000000003,1.99999999999999),
 .UNSPECIFIED.);
#4094=B_SPLINE_SURFACE_WITH_KNOTS('',1,5,((#9023,#9024,#9025,#9026,#9027,
#9028),(#9029,#9030,#9031,#9032,#9033,#9034)),.UNSPECIFIED.,.F.,.F.,.F.,
(2,2),(6,6),(-0.385394310826912,7.42318005720758),(0.,0.564852813742388),
 .UNSPECIFIED.);
#4095=B_SPLINE_SURFACE_WITH_KNOTS('',1,5,((#9041,#9042,#9043,#9044,#9045,
#9046),(#9047,#9048,#9049,#9050,#9051,#9052)),.UNSPECIFIED.,.F.,.F.,.F.,
(2,2),(6,6),(-1.00000000000003,2.00000000000002),(0.,1.88284271247464),
 .UNSPECIFIED.);
#4096=B_SPLINE_SURFACE_WITH_KNOTS('',1,5,((#9053,#9054,#9055,#9056,#9057,
#9058),(#9059,#9060,#9061,#9062,#9063,#9064)),.UNSPECIFIED.,.F.,.F.,.F.,
(2,2),(6,6),(-1.00000000000003,1.99999999999999),(0.,1.88284271247462),
 .UNSPECIFIED.);
#4097=B_SPLINE_SURFACE_WITH_KNOTS('',5,1,((#9076,#9077),(#9078,#9079),(#9080,
#9081),(#9082,#9083),(#9084,#9085),(#9086,#9087)),.UNSPECIFIED.,.F.,.F.,
 .F.,(6,6),(2,2),(0.,0.564852813742388),(-0.385394310826912,7.42318005720758),
 .UNSPECIFIED.);
#4098=CYLINDRICAL_SURFACE('',#4370,9.99999999999996);
#4099=CYLINDRICAL_SURFACE('',#4371,10.);
#4100=CYLINDRICAL_SURFACE('',#4377,10.);
#4101=CYLINDRICAL_SURFACE('',#4378,9.99999999999999);
#4102=CYLINDRICAL_SURFACE('',#4384,8.40000000000012);
#4103=CYLINDRICAL_SURFACE('',#4385,8.39999999999998);
#4104=CYLINDRICAL_SURFACE('',#4386,8.39999999999996);
#4105=CYLINDRICAL_SURFACE('',#4387,8.40000000000001);
#4106=CYLINDRICAL_SURFACE('',#4388,8.40000000000012);
#4107=CYLINDRICAL_SURFACE('',#4389,8.40000000000001);
#4108=CYLINDRICAL_SURFACE('',#4390,8.39999999999991);
#4109=CYLINDRICAL_SURFACE('',#4391,8.39999999999998);
#4110=CYLINDRICAL_SURFACE('',#4392,1.00000000000005);
#4111=CYLINDRICAL_SURFACE('',#4393,0.999999999999983);
#4112=CYLINDRICAL_SURFACE('',#4394,1.00000000000004);
#4113=CYLINDRICAL_SURFACE('',#4395,0.999999999999943);
#4114=CYLINDRICAL_SURFACE('',#4396,1.00000000000004);
#4115=CYLINDRICAL_SURFACE('',#4397,1.00000000000009);
#4116=CYLINDRICAL_SURFACE('',#4398,1.00000000000001);
#4117=CYLINDRICAL_SURFACE('',#4399,1.00000000000006);
#4118=CYLINDRICAL_SURFACE('',#4454,0.35970651313373);
#4119=CYLINDRICAL_SURFACE('',#4459,0.400000000000041);
#4120=CYLINDRICAL_SURFACE('',#4469,0.35970651313373);
#4121=CYLINDRICAL_SURFACE('',#4474,0.400000000000041);
#4122=CYLINDRICAL_SURFACE('',#4486,10.);
#4123=CYLINDRICAL_SURFACE('',#4487,9.99999999999999);
#4124=CYLINDRICAL_SURFACE('',#4490,10.);
#4125=CYLINDRICAL_SURFACE('',#4491,9.99999999999999);
#4126=CYLINDRICAL_SURFACE('',#4503,10.);
#4127=CYLINDRICAL_SURFACE('',#4504,9.99999999999999);
#4128=CYLINDRICAL_SURFACE('',#4507,10.);
#4129=CYLINDRICAL_SURFACE('',#4508,9.99999999999999);
#4130=CYLINDRICAL_SURFACE('',#4523,9.15383006667166);
#4131=CYLINDRICAL_SURFACE('',#4528,9.15383006667162);
#4132=CYLINDRICAL_SURFACE('',#4530,9.15383006667163);
#4133=CYLINDRICAL_SURFACE('',#4535,9.15383006667164);
#4134=PLANE('',#4369);
#4135=PLANE('',#4372);
#4136=PLANE('',#4373);
#4137=PLANE('',#4374);
#4138=PLANE('',#4375);
#4139=PLANE('',#4376);
#4140=PLANE('',#4379);
#4141=PLANE('',#4380);
#4142=PLANE('',#4381);
#4143=PLANE('',#4382);
#4144=PLANE('',#4383);
#4145=PLANE('',#4400);
#4146=PLANE('',#4401);
#4147=PLANE('',#4402);
#4148=PLANE('',#4403);
#4149=PLANE('',#4404);
#4150=PLANE('',#4405);
#4151=PLANE('',#4406);
#4152=PLANE('',#4407);
#4153=PLANE('',#4408);
#4154=PLANE('',#4409);
#4155=PLANE('',#4410);
#4156=PLANE('',#4411);
#4157=PLANE('',#4412);
#4158=PLANE('',#4413);
#4159=PLANE('',#4414);
#4160=PLANE('',#4415);
#4161=PLANE('',#4416);
#4162=PLANE('',#4417);
#4163=PLANE('',#4418);
#4164=PLANE('',#4419);
#4165=PLANE('',#4420);
#4166=PLANE('',#4421);
#4167=PLANE('',#4422);
#4168=PLANE('',#4423);
#4169=PLANE('',#4424);
#4170=PLANE('',#4425);
#4171=PLANE('',#4426);
#4172=PLANE('',#4427);
#4173=PLANE('',#4428);
#4174=PLANE('',#4429);
#4175=PLANE('',#4430);
#4176=PLANE('',#4431);
#4177=PLANE('',#4432);
#4178=PLANE('',#4433);
#4179=PLANE('',#4434);
#4180=PLANE('',#4435);
#4181=PLANE('',#4436);
#4182=PLANE('',#4437);
#4183=PLANE('',#4438);
#4184=PLANE('',#4439);
#4185=PLANE('',#4440);
#4186=PLANE('',#4441);
#4187=PLANE('',#4442);
#4188=PLANE('',#4443);
#4189=PLANE('',#4444);
#4190=PLANE('',#4445);
#4191=PLANE('',#4446);
#4192=PLANE('',#4447);
#4193=PLANE('',#4448);
#4194=PLANE('',#4449);
#4195=PLANE('',#4450);
#4196=PLANE('',#4451);
#4197=PLANE('',#4452);
#4198=PLANE('',#4453);
#4199=PLANE('',#4455);
#4200=PLANE('',#4456);
#4201=PLANE('',#4457);
#4202=PLANE('',#4458);
#4203=PLANE('',#4460);
#4204=PLANE('',#4461);
#4205=PLANE('',#4462);
#4206=PLANE('',#4463);
#4207=PLANE('',#4464);
#4208=PLANE('',#4465);
#4209=PLANE('',#4466);
#4210=PLANE('',#4467);
#4211=PLANE('',#4468);
#4212=PLANE('',#4470);
#4213=PLANE('',#4471);
#4214=PLANE('',#4472);
#4215=PLANE('',#4473);
#4216=PLANE('',#4475);
#4217=PLANE('',#4476);
#4218=PLANE('',#4477);
#4219=PLANE('',#4478);
#4220=PLANE('',#4479);
#4221=PLANE('',#4480);
#4222=PLANE('',#4481);
#4223=PLANE('',#4482);
#4224=PLANE('',#4483);
#4225=PLANE('',#4484);
#4226=PLANE('',#4485);
#4227=PLANE('',#4488);
#4228=PLANE('',#4489);
#4229=PLANE('',#4492);
#4230=PLANE('',#4493);
#4231=PLANE('',#4494);
#4232=PLANE('',#4495);
#4233=PLANE('',#4496);
#4234=PLANE('',#4497);
#4235=PLANE('',#4498);
#4236=PLANE('',#4499);
#4237=PLANE('',#4500);
#4238=PLANE('',#4501);
#4239=PLANE('',#4502);
#4240=PLANE('',#4505);
#4241=PLANE('',#4506);
#4242=PLANE('',#4509);
#4243=PLANE('',#4510);
#4244=PLANE('',#4511);
#4245=PLANE('',#4512);
#4246=PLANE('',#4513);
#4247=PLANE('',#4514);
#4248=PLANE('',#4515);
#4249=PLANE('',#4516);
#4250=PLANE('',#4517);
#4251=PLANE('',#4518);
#4252=PLANE('',#4519);
#4253=PLANE('',#4520);
#4254=PLANE('',#4521);
#4255=PLANE('',#4522);
#4256=PLANE('',#4524);
#4257=PLANE('',#4525);
#4258=PLANE('',#4526);
#4259=PLANE('',#4527);
#4260=PLANE('',#4529);
#4261=PLANE('',#4531);
#4262=PLANE('',#4532);
#4263=PLANE('',#4533);
#4264=PLANE('',#4534);
#4265=PLANE('',#4536);
#4266=PLANE('',#4537);
#4267=PLANE('',#4538);
#4268=PLANE('',#4539);
#4269=PLANE('',#4540);
#4270=PLANE('',#4541);
#4271=PLANE('',#4542);
#4272=PLANE('',#4543);
#4273=PLANE('',#4544);
#4274=PLANE('',#4545);
#4275=PLANE('',#4546);
#4276=PLANE('',#4547);
#4277=PLANE('',#4548);
#4278=PLANE('',#4549);
#4279=PLANE('',#4550);
#4280=PLANE('',#4551);
#4281=SHAPE_DEFINITION_REPRESENTATION(#4282,#4367);
#4282=PRODUCT_DEFINITION_SHAPE('Document','',#4284);
#4283=PRODUCT_DEFINITION_CONTEXT('3D Mechanical Parts',#4356,'design');
#4284=PRODUCT_DEFINITION('A','First version',#4326,#4283);
#4285=DATE_TIME_ROLE('classification_date');
#4286=DATE_TIME_ROLE('creation_date');
#4287=APPLIED_DATE_AND_TIME_ASSIGNMENT(#4311,#4285,(#4290));
#4288=APPLIED_DATE_AND_TIME_ASSIGNMENT(#4313,#4286,(#4284));
#4289=SECURITY_CLASSIFICATION_LEVEL('unclassified');
#4290=SECURITY_CLASSIFICATION('A','Security for version',#4289);
#4291=APPLIED_SECURITY_CLASSIFICATION_ASSIGNMENT(#4290,(#4326));
#4292=APPROVAL_ROLE('Version approval');
#4293=APPROVAL_ROLE('Version Security approval');
#4294=APPROVAL_ROLE('Definition approval');
#4295=APPROVAL_PERSON_ORGANIZATION(#4344,#4320,#4292);
#4296=APPROVAL_PERSON_ORGANIZATION(#4345,#4321,#4293);
#4297=APPROVAL_PERSON_ORGANIZATION(#4348,#4322,#4294);
#4298=COORDINATED_UNIVERSAL_TIME_OFFSET(5,0,.BEHIND.);
#4299=LOCAL_TIME(0,0,0.,#4298);
#4300=LOCAL_TIME(0,0,0.,#4298);
#4301=LOCAL_TIME(0,0,0.,#4298);
#4302=LOCAL_TIME(0,0,0.,#4298);
#4303=LOCAL_TIME(0,0,0.,#4298);
#4304=CALENDAR_DATE(1999,1,1);
#4305=CALENDAR_DATE(1999,1,1);
#4306=CALENDAR_DATE(1999,1,1);
#4307=CALENDAR_DATE(1999,1,1);
#4308=CALENDAR_DATE(1999,1,1);
#4309=DATE_AND_TIME(#4304,#4299);
#4310=DATE_AND_TIME(#4305,#4300);
#4311=DATE_AND_TIME(#4306,#4301);
#4312=DATE_AND_TIME(#4307,#4302);
#4313=DATE_AND_TIME(#4308,#4303);
#4314=APPROVAL_DATE_TIME(#4309,#4320);
#4315=APPROVAL_DATE_TIME(#4310,#4321);
#4316=APPROVAL_DATE_TIME(#4312,#4322);
#4317=APPROVAL_STATUS('not_yet_approved');
#4318=APPROVAL_STATUS('not_yet_approved');
#4319=APPROVAL_STATUS('approved');
#4320=APPROVAL(#4317,'Version approval');
#4321=APPROVAL(#4318,'Version Security approval');
#4322=APPROVAL(#4319,'Definition approval');
#4323=APPLIED_APPROVAL_ASSIGNMENT(#4320,(#4326));
#4324=APPLIED_APPROVAL_ASSIGNMENT(#4321,(#4290));
#4325=APPLIED_APPROVAL_ASSIGNMENT(#4322,(#4284));
#4326=PRODUCT_DEFINITION_FORMATION_WITH_SPECIFIED_SOURCE('A',
'First version',#4358,.MADE.);
#4327=PERSON_AND_ORGANIZATION_ROLE('design_owner');
#4328=PERSON_AND_ORGANIZATION_ROLE('creator');
#4329=PERSON_AND_ORGANIZATION_ROLE('design_supplier');
#4330=PERSON_AND_ORGANIZATION_ROLE('classification_officer');
#4331=PERSON_AND_ORGANIZATION_ROLE('creator');
#4332=ORGANIZATION('STI','lab','lab');
#4333=ORGANIZATION('STI','unknown','unknown');
#4334=ORGANIZATION('STI','unknown','unknown');
#4335=ORGANIZATION('STI','unknown','unknown');
#4336=ORGANIZATION('STI','unknown','unknown');
#4337=ORGANIZATION('STI','unknown','unknown');
#4338=ORGANIZATION('STI','unknown','unknown');
#4339=PERSON('1','Box','vc60',$,$,$);
#4340=PERSON('2','last','first',$,$,$);
#4341=PERSON('3','President','Mr.',$,$,$);
#4342=PERSON_AND_ORGANIZATION(#4339,#4332);
#4343=PERSON_AND_ORGANIZATION(#4340,#4333);
#4344=PERSON_AND_ORGANIZATION(#4341,#4334);
#4345=PERSON_AND_ORGANIZATION(#4341,#4335);
#4346=PERSON_AND_ORGANIZATION(#4341,#4336);
#4347=PERSON_AND_ORGANIZATION(#4340,#4337);
#4348=PERSON_AND_ORGANIZATION(#4341,#4338);
#4349=APPLIED_PERSON_AND_ORGANIZATION_ASSIGNMENT(#4342,#4327,(#4358));
#4350=APPLIED_PERSON_AND_ORGANIZATION_ASSIGNMENT(#4343,#4328,(#4326));
#4351=APPLIED_PERSON_AND_ORGANIZATION_ASSIGNMENT(#4343,#4329,(#4326));
#4352=APPLIED_PERSON_AND_ORGANIZATION_ASSIGNMENT(#4346,#4330,(#4290));
#4353=APPLIED_PERSON_AND_ORGANIZATION_ASSIGNMENT(#4347,#4331,(#4284));
#4354=PRODUCT_RELATED_PRODUCT_CATEGORY('detail','detail',(#4358));
#4355=APPLICATION_PROTOCOL_DEFINITION('International Standard',
'config_control_design',1994,#4356);
#4356=APPLICATION_CONTEXT(
'configuration controlled 3d designs of mechanical parts and assemblie
s');
#4357=PRODUCT_CONTEXT('3D Mechanical Parts',#4356,'mechanical');
#4358=PRODUCT('Document','Document','',(#4357));
#4359=(
LENGTH_UNIT()
NAMED_UNIT(*)
SI_UNIT(.MILLI.,.METRE.)
);
#4360=(
NAMED_UNIT(*)
PLANE_ANGLE_UNIT()
SI_UNIT($,.RADIAN.)
);
#4361=DIMENSIONAL_EXPONENTS(0.,0.,0.,0.,0.,0.,0.);
#4362=PLANE_ANGLE_MEASURE_WITH_UNIT(PLANE_ANGLE_MEASURE(0.01745329252),
#4360);
#4363=(
CONVERSION_BASED_UNIT('DEGREES',#4362)
NAMED_UNIT(#4361)
PLANE_ANGLE_UNIT()
);
#4364=(
NAMED_UNIT(*)
SI_UNIT($,.STERADIAN.)
SOLID_ANGLE_UNIT()
);
#4365=UNCERTAINTY_MEASURE_WITH_UNIT(LENGTH_MEASURE(0.001),#4359,
'DISTANCE_ACCURACY_VALUE',
'Maximum model space distance between geometric entities at asserted c
onnectivities');
#4366=(
GEOMETRIC_REPRESENTATION_CONTEXT(3)
GLOBAL_UNCERTAINTY_ASSIGNED_CONTEXT((#4365))
GLOBAL_UNIT_ASSIGNED_CONTEXT((#4364,#4363,#4359))
REPRESENTATION_CONTEXT('ID1','3D')
);
#4367=SHAPE_REPRESENTATION('Document',(#4368,#4552),#4366);
#4368=AXIS2_PLACEMENT_3D('',#4740,#4553,#4554);
#4369=AXIS2_PLACEMENT_3D('',#4741,#4555,$);
#4370=AXIS2_PLACEMENT_3D('',#4742,#4556,$);
#4371=AXIS2_PLACEMENT_3D('',#4743,#4557,$);
#4372=AXIS2_PLACEMENT_3D('',#4756,#4558,$);
#4373=AXIS2_PLACEMENT_3D('',#4769,#4559,$);
#4374=AXIS2_PLACEMENT_3D('',#4770,#4560,$);
#4375=AXIS2_PLACEMENT_3D('',#4771,#4561,$);
#4376=AXIS2_PLACEMENT_3D('',#4784,#4562,$);
#4377=AXIS2_PLACEMENT_3D('',#4821,#4563,$);
#4378=AXIS2_PLACEMENT_3D('',#4822,#4564,$);
#4379=AXIS2_PLACEMENT_3D('',#4835,#4565,$);
#4380=AXIS2_PLACEMENT_3D('',#4848,#4566,$);
#4381=AXIS2_PLACEMENT_3D('',#4849,#4567,$);
#4382=AXIS2_PLACEMENT_3D('',#4850,#4568,$);
#4383=AXIS2_PLACEMENT_3D('',#4863,#4569,$);
#4384=AXIS2_PLACEMENT_3D('',#4900,#4570,$);
#4385=AXIS2_PLACEMENT_3D('',#4901,#4571,$);
#4386=AXIS2_PLACEMENT_3D('',#5150,#4572,$);
#4387=AXIS2_PLACEMENT_3D('',#5151,#4573,$);
#4388=AXIS2_PLACEMENT_3D('',#5400,#4574,$);
#4389=AXIS2_PLACEMENT_3D('',#5401,#4575,$);
#4390=AXIS2_PLACEMENT_3D('',#5622,#4576,$);
#4391=AXIS2_PLACEMENT_3D('',#5623,#4577,$);
#4392=AXIS2_PLACEMENT_3D('',#5844,#4578,$);
#4393=AXIS2_PLACEMENT_3D('',#5845,#4579,$);
#4394=AXIS2_PLACEMENT_3D('',#5846,#4580,$);
#4395=AXIS2_PLACEMENT_3D('',#5847,#4581,$);
#4396=AXIS2_PLACEMENT_3D('',#5848,#4582,$);
#4397=AXIS2_PLACEMENT_3D('',#5849,#4583,$);
#4398=AXIS2_PLACEMENT_3D('',#5864,#4584,$);
#4399=AXIS2_PLACEMENT_3D('',#5879,#4585,$);
#4400=AXIS2_PLACEMENT_3D('',#5908,#4586,$);
#4401=AXIS2_PLACEMENT_3D('',#5909,#4587,$);
#4402=AXIS2_PLACEMENT_3D('',#5910,#4588,$);
#4403=AXIS2_PLACEMENT_3D('',#5911,#4589,$);
#4404=AXIS2_PLACEMENT_3D('',#5912,#4590,$);
#4405=AXIS2_PLACEMENT_3D('',#5913,#4591,$);
#4406=AXIS2_PLACEMENT_3D('',#5914,#4592,$);
#4407=AXIS2_PLACEMENT_3D('',#5915,#4593,$);
#4408=AXIS2_PLACEMENT_3D('',#5916,#4594,$);
#4409=AXIS2_PLACEMENT_3D('',#5917,#4595,$);
#4410=AXIS2_PLACEMENT_3D('',#5918,#4596,$);
#4411=AXIS2_PLACEMENT_3D('',#5919,#4597,$);
#4412=AXIS2_PLACEMENT_3D('',#5920,#4598,$);
#4413=AXIS2_PLACEMENT_3D('',#5921,#4599,$);
#4414=AXIS2_PLACEMENT_3D('',#5934,#4600,$);
#4415=AXIS2_PLACEMENT_3D('',#5947,#4601,$);
#4416=AXIS2_PLACEMENT_3D('',#5948,#4602,$);
#4417=AXIS2_PLACEMENT_3D('',#5973,#4603,$);
#4418=AXIS2_PLACEMENT_3D('',#5986,#4604,$);
#4419=AXIS2_PLACEMENT_3D('',#5987,#4605,$);
#4420=AXIS2_PLACEMENT_3D('',#5988,#4606,$);
#4421=AXIS2_PLACEMENT_3D('',#5989,#4607,$);
#4422=AXIS2_PLACEMENT_3D('',#6014,#4608,$);
#4423=AXIS2_PLACEMENT_3D('',#6015,#4609,$);
#4424=AXIS2_PLACEMENT_3D('',#6016,#4610,$);
#4425=AXIS2_PLACEMENT_3D('',#6017,#4611,$);
#4426=AXIS2_PLACEMENT_3D('',#6018,#4612,$);
#4427=AXIS2_PLACEMENT_3D('',#6019,#4613,$);
#4428=AXIS2_PLACEMENT_3D('',#6020,#4614,$);
#4429=AXIS2_PLACEMENT_3D('',#6021,#4615,$);
#4430=AXIS2_PLACEMENT_3D('',#6034,#4616,$);
#4431=AXIS2_PLACEMENT_3D('',#6047,#4617,$);
#4432=AXIS2_PLACEMENT_3D('',#6084,#4618,$);
#4433=AXIS2_PLACEMENT_3D('',#6097,#4619,$);
#4434=AXIS2_PLACEMENT_3D('',#6098,#4620,$);
#4435=AXIS2_PLACEMENT_3D('',#6111,#4621,$);
#4436=AXIS2_PLACEMENT_3D('',#6112,#4622,$);
#4437=AXIS2_PLACEMENT_3D('',#6125,#4623,$);
#4438=AXIS2_PLACEMENT_3D('',#6126,#4624,$);
#4439=AXIS2_PLACEMENT_3D('',#6127,#4625,$);
#4440=AXIS2_PLACEMENT_3D('',#6140,#4626,$);
#4441=AXIS2_PLACEMENT_3D('',#6141,#4627,$);
#4442=AXIS2_PLACEMENT_3D('',#6154,#4628,$);
#4443=AXIS2_PLACEMENT_3D('',#6167,#4629,$);
#4444=AXIS2_PLACEMENT_3D('',#6168,#4630,$);
#4445=AXIS2_PLACEMENT_3D('',#6169,#4631,$);
#4446=AXIS2_PLACEMENT_3D('',#6170,#4632,$);
#4447=AXIS2_PLACEMENT_3D('',#6171,#4633,$);
#4448=AXIS2_PLACEMENT_3D('',#6172,#4634,$);
#4449=AXIS2_PLACEMENT_3D('',#6173,#4635,$);
#4450=AXIS2_PLACEMENT_3D('',#6174,#4636,$);
#4451=AXIS2_PLACEMENT_3D('',#6175,#4637,$);
#4452=AXIS2_PLACEMENT_3D('',#6176,#4638,$);
#4453=AXIS2_PLACEMENT_3D('',#8251,#4639,$);
#4454=AXIS2_PLACEMENT_3D('',#8264,#4640,$);
#4455=AXIS2_PLACEMENT_3D('',#8265,#4641,$);
#4456=AXIS2_PLACEMENT_3D('',#8266,#4642,$);
#4457=AXIS2_PLACEMENT_3D('',#8267,#4643,$);
#4458=AXIS2_PLACEMENT_3D('',#8274,#4644,$);
#4459=AXIS2_PLACEMENT_3D('',#8275,#4645,$);
#4460=AXIS2_PLACEMENT_3D('',#8276,#4646,$);
#4461=AXIS2_PLACEMENT_3D('',#8277,#4647,$);
#4462=AXIS2_PLACEMENT_3D('',#8278,#4648,$);
#4463=AXIS2_PLACEMENT_3D('',#8289,#4649,$);
#4464=AXIS2_PLACEMENT_3D('',#8290,#4650,$);
#4465=AXIS2_PLACEMENT_3D('',#8291,#4651,$);
#4466=AXIS2_PLACEMENT_3D('',#8326,#4652,$);
#4467=AXIS2_PLACEMENT_3D('',#8327,#4653,$);
#4468=AXIS2_PLACEMENT_3D('',#8340,#4654,$);
#4469=AXIS2_PLACEMENT_3D('',#8353,#4655,$);
#4470=AXIS2_PLACEMENT_3D('',#8354,#4656,$);
#4471=AXIS2_PLACEMENT_3D('',#8355,#4657,$);
#4472=AXIS2_PLACEMENT_3D('',#8356,#4658,$);
#4473=AXIS2_PLACEMENT_3D('',#8363,#4659,$);
#4474=AXIS2_PLACEMENT_3D('',#8364,#4660,$);
#4475=AXIS2_PLACEMENT_3D('',#8365,#4661,$);
#4476=AXIS2_PLACEMENT_3D('',#8366,#4662,$);
#4477=AXIS2_PLACEMENT_3D('',#8367,#4663,$);
#4478=AXIS2_PLACEMENT_3D('',#8378,#4664,$);
#4479=AXIS2_PLACEMENT_3D('',#8379,#4665,$);
#4480=AXIS2_PLACEMENT_3D('',#8380,#4666,$);
#4481=AXIS2_PLACEMENT_3D('',#8415,#4667,$);
#4482=AXIS2_PLACEMENT_3D('',#8416,#4668,$);
#4483=AXIS2_PLACEMENT_3D('',#8959,#4669,$);
#4484=AXIS2_PLACEMENT_3D('',#8972,#4670,$);
#4485=AXIS2_PLACEMENT_3D('',#8985,#4671,$);
#4486=AXIS2_PLACEMENT_3D('',#8986,#4672,$);
#4487=AXIS2_PLACEMENT_3D('',#8987,#4673,$);
#4488=AXIS2_PLACEMENT_3D('',#9012,#4674,$);
#4489=AXIS2_PLACEMENT_3D('',#9013,#4675,$);
#4490=AXIS2_PLACEMENT_3D('',#9014,#4676,$);
#4491=AXIS2_PLACEMENT_3D('',#9015,#4677,$);
#4492=AXIS2_PLACEMENT_3D('',#9016,#4678,$);
#4493=AXIS2_PLACEMENT_3D('',#9017,#4679,$);
#4494=AXIS2_PLACEMENT_3D('',#9018,#4680,$);
#4495=AXIS2_PLACEMENT_3D('',#9019,#4681,$);
#4496=AXIS2_PLACEMENT_3D('',#9020,#4682,$);
#4497=AXIS2_PLACEMENT_3D('',#9021,#4683,$);
#4498=AXIS2_PLACEMENT_3D('',#9022,#4684,$);
#4499=AXIS2_PLACEMENT_3D('',#9035,#4685,$);
#4500=AXIS2_PLACEMENT_3D('',#9036,#4686,$);
#4501=AXIS2_PLACEMENT_3D('',#9037,#4687,$);
#4502=AXIS2_PLACEMENT_3D('',#9038,#4688,$);
#4503=AXIS2_PLACEMENT_3D('',#9039,#4689,$);
#4504=AXIS2_PLACEMENT_3D('',#9040,#4690,$);
#4505=AXIS2_PLACEMENT_3D('',#9065,#4691,$);
#4506=AXIS2_PLACEMENT_3D('',#9066,#4692,$);
#4507=AXIS2_PLACEMENT_3D('',#9067,#4693,$);
#4508=AXIS2_PLACEMENT_3D('',#9068,#4694,$);
#4509=AXIS2_PLACEMENT_3D('',#9069,#4695,$);
#4510=AXIS2_PLACEMENT_3D('',#9070,#4696,$);
#4511=AXIS2_PLACEMENT_3D('',#9071,#4697,$);
#4512=AXIS2_PLACEMENT_3D('',#9072,#4698,$);
#4513=AXIS2_PLACEMENT_3D('',#9073,#4699,$);
#4514=AXIS2_PLACEMENT_3D('',#9074,#4700,$);
#4515=AXIS2_PLACEMENT_3D('',#9075,#4701,$);
#4516=AXIS2_PLACEMENT_3D('',#9088,#4702,$);
#4517=AXIS2_PLACEMENT_3D('',#9089,#4703,$);
#4518=AXIS2_PLACEMENT_3D('',#9090,#4704,$);
#4519=AXIS2_PLACEMENT_3D('',#9091,#4705,$);
#4520=AXIS2_PLACEMENT_3D('',#9092,#4706,$);
#4521=AXIS2_PLACEMENT_3D('',#9093,#4707,$);
#4522=AXIS2_PLACEMENT_3D('',#9094,#4708,$);
#4523=AXIS2_PLACEMENT_3D('',#9095,#4709,$);
#4524=AXIS2_PLACEMENT_3D('',#9096,#4710,$);
#4525=AXIS2_PLACEMENT_3D('',#9097,#4711,$);
#4526=AXIS2_PLACEMENT_3D('',#9098,#4712,$);
#4527=AXIS2_PLACEMENT_3D('',#9099,#4713,$);
#4528=AXIS2_PLACEMENT_3D('',#9100,#4714,$);
#4529=AXIS2_PLACEMENT_3D('',#9101,#4715,$);
#4530=AXIS2_PLACEMENT_3D('',#9102,#4716,$);
#4531=AXIS2_PLACEMENT_3D('',#9103,#4717,$);
#4532=AXIS2_PLACEMENT_3D('',#9104,#4718,$);
#4533=AXIS2_PLACEMENT_3D('',#9105,#4719,$);
#4534=AXIS2_PLACEMENT_3D('',#9106,#4720,$);
#4535=AXIS2_PLACEMENT_3D('',#9107,#4721,$);
#4536=AXIS2_PLACEMENT_3D('',#9108,#4722,$);
#4537=AXIS2_PLACEMENT_3D('',#9109,#4723,$);
#4538=AXIS2_PLACEMENT_3D('',#9110,#4724,$);
#4539=AXIS2_PLACEMENT_3D('',#9111,#4725,$);
#4540=AXIS2_PLACEMENT_3D('',#9112,#4726,$);
#4541=AXIS2_PLACEMENT_3D('',#9113,#4727,$);
#4542=AXIS2_PLACEMENT_3D('',#9114,#4728,$);
#4543=AXIS2_PLACEMENT_3D('',#9115,#4729,$);
#4544=AXIS2_PLACEMENT_3D('',#9116,#4730,$);
#4545=AXIS2_PLACEMENT_3D('',#9117,#4731,$);
#4546=AXIS2_PLACEMENT_3D('',#9118,#4732,$);
#4547=AXIS2_PLACEMENT_3D('',#9119,#4733,$);
#4548=AXIS2_PLACEMENT_3D('',#9120,#4734,$);
#4549=AXIS2_PLACEMENT_3D('',#9121,#4735,$);
#4550=AXIS2_PLACEMENT_3D('',#9122,#4736,$);
#4551=AXIS2_PLACEMENT_3D('',#9123,#4737,$);
#4552=AXIS2_PLACEMENT_3D('',#10062,#4738,#4739);
#4553=DIRECTION('',(0.,0.,1.));
#4554=DIRECTION('',(1.,0.,0.));
#4555=DIRECTION('',(0.,-1.,0.));
#4556=DIRECTION('',(8.57700954658872E-16,-8.57700954658892E-16,-1.));
#4557=DIRECTION('',(8.57700954658854E-16,8.57700954658854E-16,-1.));
#4558=DIRECTION('',(0.,-1.,0.));
#4559=DIRECTION('',(0.,-1.,0.));
#4560=DIRECTION('',(-1.,0.,0.));
#4561=DIRECTION('',(0.,-1.,0.));
#4562=DIRECTION('',(1.,0.,0.));
#4563=DIRECTION('',(-8.57700954658876E-16,-8.57700954658893E-16,1.));
#4564=DIRECTION('',(-8.57700954658852E-16,8.57700954658854E-16,1.));
#4565=DIRECTION('',(0.,1.,0.));
#4566=DIRECTION('',(0.,1.,0.));
#4567=DIRECTION('',(-1.,0.,0.));
#4568=DIRECTION('',(0.,1.,0.));
#4569=DIRECTION('',(1.,0.,0.));
#4570=DIRECTION('',(-2.28430618660634E-13,-1.3107084801453E-15,-1.));
#4571=DIRECTION('',(-2.27708611325851E-13,1.01164325000919E-15,-1.));
#4572=DIRECTION('',(-2.26986603990941E-13,-7.12578019719272E-16,-1.));
#4573=DIRECTION('',(-2.27285669221166E-13,1.43458535456305E-15,-1.));
#4574=DIRECTION('',(2.29750756455921E-13,3.05378838007892E-15,1.));
#4575=DIRECTION('',(2.27708611325768E-13,-1.01164324992623E-15,1.));
#4576=DIRECTION('',(2.27708611325767E-13,1.01164324992484E-15,1.));
#4577=DIRECTION('',(2.27708611325768E-13,-1.01164324992579E-15,1.));
#4578=DIRECTION('',(2.2225094962077E-13,8.64796284671089E-15,1.));
#4579=DIRECTION('',(-2.2850490959887E-13,6.00179837622823E-15,-1.));
#4580=DIRECTION('',(-2.19604785149969E-13,-1.49019228250048E-14,-1.));
#4581=DIRECTION('',(-2.1070466070162E-13,2.38020472734824E-14,-1.));
#4582=DIRECTION('',(-2.19604785150061E-13,-1.49019228247391E-14,-1.));
#4583=DIRECTION('',(2.31151074069576E-13,2.52161601902875E-16,1.));
#4584=DIRECTION('',(2.22250949620775E-13,8.64796284689913E-15,1.));
#4585=DIRECTION('',(2.22250949621144E-13,-8.64796284660023E-15,1.));
#4586=DIRECTION('',(0.00403436818493938,-0.99999186190356,-4.98240564814616E-14));
#4587=DIRECTION('',(0.,-1.,0.));
#4588=DIRECTION('',(0.,1.,0.));
#4589=DIRECTION('',(1.,0.,0.));
#4590=DIRECTION('',(-1.,0.,0.));
#4591=DIRECTION('',(0.,1.,0.));
#4592=DIRECTION('',(0.,-1.,0.));
#4593=DIRECTION('',(-1.,0.,0.));
#4594=DIRECTION('',(1.,0.,0.));
#4595=DIRECTION('',(0.999991861903556,0.00403436818587006,0.));
#4596=DIRECTION('',(-0.00403436818517369,0.999991861903559,8.38477869651869E-16));
#4597=DIRECTION('',(-0.99999186190356,-0.00403436818487538,0.));
#4598=DIRECTION('',(0.,0.,1.));
#4599=DIRECTION('',(0.,-1.,0.));
#4600=DIRECTION('',(0.,-1.,0.));
#4601=DIRECTION('',(0.,1.,0.));
#4602=DIRECTION('',(0.,1.,0.));
#4603=DIRECTION('',(0.707106781186555,7.85046229341896E-17,-0.70710678118654));
#4604=DIRECTION('',(0.,0.,1.));
#4605=DIRECTION('',(1.,0.,0.));
#4606=DIRECTION('',(-1.,0.,0.));
#4607=DIRECTION('',(0.,1.,0.));
#4608=DIRECTION('',(0.,0.,1.));
#4609=DIRECTION('',(-1.,0.,0.));
#4610=DIRECTION('',(0.,0.,1.));
#4611=DIRECTION('',(0.,0.,1.));
#4612=DIRECTION('',(1.,0.,0.));
#4613=DIRECTION('',(1.,0.,0.));
#4614=DIRECTION('',(-1.,0.,0.));
#4615=DIRECTION('',(1.,0.,0.));
#4616=DIRECTION('',(0.,1.,0.));
#4617=DIRECTION('',(0.,-1.,0.));
#4618=DIRECTION('',(0.,-1.,0.));
#4619=DIRECTION('',(0.,0.778260144117174,-0.627941994199078));
#4620=DIRECTION('',(0.,1.,0.));
#4621=DIRECTION('',(2.49791678597733E-15,-0.778260144117171,-0.627941994199082));
#4622=DIRECTION('',(0.,-1.,0.));
#4623=DIRECTION('',(-1.,0.,0.));
#4624=DIRECTION('',(-1.11544905614216E-15,0.778260144117174,-0.627941994199078));
#4625=DIRECTION('',(0.,1.,0.));
#4626=DIRECTION('',(0.,-0.778260144117171,-0.627941994199082));
#4627=DIRECTION('',(0.,-1.,0.));
#4628=DIRECTION('',(-0.707106781186547,-3.92523114670944E-17,-0.707106781186547));
#4629=DIRECTION('',(1.,0.,0.));
#4630=DIRECTION('',(-1.,0.,0.));
#4631=DIRECTION('',(-1.,0.,0.));
#4632=DIRECTION('',(1.,0.,0.));
#4633=DIRECTION('',(0.,0.,1.));
#4634=DIRECTION('',(0.,0.,1.));
#4635=DIRECTION('',(0.,1.,0.));
#4636=DIRECTION('',(0.,0.,-1.));
#4637=DIRECTION('',(1.,0.,0.));
#4638=DIRECTION('',(-1.,0.,0.));
#4639=DIRECTION('',(0.961794454807571,0.273772582084853,0.));
#4640=DIRECTION('',(1.,-3.84194793316499E-28,-1.22555905531634E-28));
#4641=DIRECTION('',(-6.26580355274314E-14,-0.95661607025537,-0.291351495841659));
#4642=DIRECTION('',(-1.82554027152557E-14,-0.696664815864343,0.717396776084686));
#4643=DIRECTION('',(-5.67485539092781E-14,-0.999994872259218,0.00320241397534423));
#4644=DIRECTION('',(0.,0.,1.));
#4645=DIRECTION('',(-1.,5.11258494608145E-14,-2.15120805209513E-14));
#4646=DIRECTION('',(0.,0.,1.));
#4647=DIRECTION('',(0.,0.,-1.));
#4648=DIRECTION('',(-6.00409797810075E-14,-0.992271859193465,-0.124082865266497));
#4649=DIRECTION('',(0.,0.,-1.));
#4650=DIRECTION('',(5.68589534300295E-14,0.999762381534755,-0.021798634543353));
#4651=DIRECTION('',(0.,0.,1.));
#4652=DIRECTION('',(0.,-1.,0.));
#4653=DIRECTION('',(5.88176763294045E-14,0.997175032586224,0.0751129442018072));
#4654=DIRECTION('',(-0.961794454807571,0.273772582084853,5.41159351490608E-17));
#4655=DIRECTION('',(1.,3.84194793316499E-28,1.22555905531634E-28));
#4656=DIRECTION('',(6.26580355274314E-14,-0.956616070255371,-0.291351495841658));
#4657=DIRECTION('',(1.82554027152558E-14,-0.696664815864344,0.717396776084685));
#4658=DIRECTION('',(5.71922853025808E-14,-0.999994872259218,0.0032024139753439));
#4659=DIRECTION('',(0.,0.,1.));
#4660=DIRECTION('',(-1.,-5.11258494608145E-14,2.15120805209513E-14));
#4661=DIRECTION('',(0.,0.,1.));
#4662=DIRECTION('',(0.,0.,-1.));
#4663=DIRECTION('',(6.00547557464055E-14,-0.992271859193465,-0.124082865266497));
#4664=DIRECTION('',(0.,0.,-1.));
#4665=DIRECTION('',(-5.68589534300296E-14,0.999762381534755,-0.021798634543353));
#4666=DIRECTION('',(0.,0.,1.));
#4667=DIRECTION('',(0.,-1.,0.));
#4668=DIRECTION('',(-5.86691787065189E-14,0.997175032586223,0.0751129442018083));
#4669=DIRECTION('',(-0.707106781186547,0.,0.707106781186547));
#4670=DIRECTION('',(0.707106781186547,0.,0.707106781186547));
#4671=DIRECTION('',(0.,0.,1.));
#4672=DIRECTION('',(-4.28850477329429E-16,-4.28850477329429E-16,1.));
#4673=DIRECTION('',(4.28850477329429E-16,-4.28850477329429E-16,1.));
#4674=DIRECTION('',(1.,0.,0.));
#4675=DIRECTION('',(-1.,0.,0.));
#4676=DIRECTION('',(0.,0.,1.));
#4677=DIRECTION('',(0.,0.,1.));
#4678=DIRECTION('',(0.,1.,0.));
#4679=DIRECTION('',(0.,-1.,0.));
#4680=DIRECTION('',(0.,1.,0.));
#4681=DIRECTION('',(0.96179445480757,-0.273772582084857,0.));
#4682=DIRECTION('',(-0.961794454807571,-0.273772582084852,8.74848835454407E-17));
#4683=DIRECTION('',(0.,0.,1.));
#4684=DIRECTION('',(0.,1.,0.));
#4685=DIRECTION('',(0.,-0.976848285746639,-0.213933229382095));
#4686=DIRECTION('',(-0.70710678118655,-0.690736047041901,-0.151273637217217));
#4687=DIRECTION('',(0.707106781186546,-0.690736047041904,-0.151273637217217));
#4688=DIRECTION('',(0.,0.,1.));
#4689=DIRECTION('',(4.28850477329429E-16,-4.28850477329429E-16,-1.));
#4690=DIRECTION('',(-4.28850477329429E-16,-4.28850477329429E-16,-1.));
#4691=DIRECTION('',(1.,0.,0.));
#4692=DIRECTION('',(-1.,0.,0.));
#4693=DIRECTION('',(0.,0.,-1.));
#4694=DIRECTION('',(0.,0.,-1.));
#4695=DIRECTION('',(0.,-1.,0.));
#4696=DIRECTION('',(0.,1.,0.));
#4697=DIRECTION('',(0.,-1.,0.));
#4698=DIRECTION('',(0.96179445480757,0.273772582084857,0.));
#4699=DIRECTION('',(-0.961794454807571,0.273772582084852,0.));
#4700=DIRECTION('',(0.,0.,1.));
#4701=DIRECTION('',(0.,-1.,0.));
#4702=DIRECTION('',(0.,0.976848285746639,-0.213933229382095));
#4703=DIRECTION('',(-0.70710678118655,0.690736047041901,-0.151273637217217));
#4704=DIRECTION('',(0.707106781186546,0.690736047041904,-0.151273637217217));
#4705=DIRECTION('',(0.,0.,-1.));
#4706=DIRECTION('',(1.,0.,0.));
#4707=DIRECTION('',(-1.,0.,0.));
#4708=DIRECTION('',(-1.,0.,0.));
#4709=DIRECTION('',(-9.36985882861949E-16,-9.3698588286195E-16,1.));
#4710=DIRECTION('',(0.,-1.,0.));
#4711=DIRECTION('',(1.,0.,0.));
#4712=DIRECTION('',(-1.,0.,0.));
#4713=DIRECTION('',(0.,-1.,0.));
#4714=DIRECTION('',(0.,0.,1.));
#4715=DIRECTION('',(1.,0.,0.));
#4716=DIRECTION('',(0.,0.,1.));
#4717=DIRECTION('',(0.,1.,0.));
#4718=DIRECTION('',(-1.,0.,0.));
#4719=DIRECTION('',(1.,0.,0.));
#4720=DIRECTION('',(0.,1.,0.));
#4721=DIRECTION('',(-9.36985882861944E-16,9.36985882861945E-16,1.));
#4722=DIRECTION('',(-1.08005291393372E-17,-0.77826014411717,0.627941994199083));
#4723=DIRECTION('',(0.,-1.,0.));
#4724=DIRECTION('',(0.,1.,0.));
#4725=DIRECTION('',(-2.16010582786744E-17,0.778260144117169,0.627941994199084));
#4726=DIRECTION('',(0.,0.,1.));
#4727=DIRECTION('',(0.,0.,1.));
#4728=DIRECTION('',(0.,0.,1.));
#4729=DIRECTION('',(0.,0.,1.));
#4730=DIRECTION('',(0.,0.,1.));
#4731=DIRECTION('',(0.,0.,1.));
#4732=DIRECTION('',(0.,0.,1.));
#4733=DIRECTION('',(0.,-1.,0.));
#4734=DIRECTION('',(-1.08005291393372E-17,-0.77826014411717,0.627941994199083));
#4735=DIRECTION('',(0.,-1.,0.));
#4736=DIRECTION('',(0.,1.,0.));
#4737=DIRECTION('',(-2.16010582786744E-17,0.778260144117169,0.627941994199084));
#4738=DIRECTION('',(0.,0.,1.));
#4739=DIRECTION('',(1.,0.,0.));
#4740=CARTESIAN_POINT('',(0.,0.,0.));
#4741=CARTESIAN_POINT('',(-79.937298019652,-42.72150171207,24.));
#4742=CARTESIAN_POINT('',(-63.,-34.9999999999999,26.));
#4743=CARTESIAN_POINT('',(-103.,-35.,26.));
#4744=CARTESIAN_POINT('',(-79.5096034953519,-31.1085109809749,28.));
#4745=CARTESIAN_POINT('',(-78.3096034953518,-31.1085109809749,28.));
#4746=CARTESIAN_POINT('',(-77.1096034953518,-31.1085109809749,28.));
#4747=CARTESIAN_POINT('',(-76.5096034953519,-31.7085109809751,28.));
#4748=CARTESIAN_POINT('',(-76.5096034953519,-32.9085109809751,28.));
#4749=CARTESIAN_POINT('',(-76.5096034953519,-34.108510980975,28.));
#4750=CARTESIAN_POINT('',(-79.5096034953519,-31.1085109809749,25.));
#4751=CARTESIAN_POINT('',(-78.3096034953518,-31.1085109809749,25.));
#4752=CARTESIAN_POINT('',(-77.1096034953518,-31.1085109809749,25.));
#4753=CARTESIAN_POINT('',(-76.5096034953519,-31.7085109809751,25.0000000000001));
#4754=CARTESIAN_POINT('',(-76.5096034953519,-32.9085109809751,25.0000000000001));
#4755=CARTESIAN_POINT('',(-76.5096034953519,-34.108510980975,25.0000000000001));
#4756=CARTESIAN_POINT('',(-86.4903965046481,-31.1085109809749,25.));
#4757=CARTESIAN_POINT('',(-86.4903965046482,-31.108510980975,25.));
#4758=CARTESIAN_POINT('',(-87.6903965046482,-31.108510980975,25.));
#4759=CARTESIAN_POINT('',(-88.8903965046481,-31.108510980975,25.));
#4760=CARTESIAN_POINT('',(-89.4903965046481,-31.7085109809749,25.));
#4761=CARTESIAN_POINT('',(-89.4903965046481,-32.9085109809749,25.));
#4762=CARTESIAN_POINT('',(-89.4903965046481,-34.1085109809749,25.));
#4763=CARTESIAN_POINT('',(-86.4903965046482,-31.108510980975,28.));
#4764=CARTESIAN_POINT('',(-87.6903965046482,-31.108510980975,28.));
#4765=CARTESIAN_POINT('',(-88.8903965046481,-31.108510980975,28.));
#4766=CARTESIAN_POINT('',(-89.4903965046481,-31.7085109809749,28.));
#4767=CARTESIAN_POINT('',(-89.4903965046481,-32.9085109809749,28.));
#4768=CARTESIAN_POINT('',(-89.4903965046481,-34.1085109809749,28.));
#4769=CARTESIAN_POINT('',(-87.0627019803479,-44.9999999999999,24.));
#4770=CARTESIAN_POINT('',(-76.5096034953519,-34.1085109809749,25.));
#4771=CARTESIAN_POINT('',(-63.,-44.9999999999999,24.));
#4772=CARTESIAN_POINT('',(-76.509603495352,-42.0000000000002,28.));
#4773=CARTESIAN_POINT('',(-76.509603495352,-43.2000000000003,28.));
#4774=CARTESIAN_POINT('',(-76.509603495352,-44.4000000000004,28.));
#4775=CARTESIAN_POINT('',(-75.9096034953514,-44.9999999999998,28.));
#4776=CARTESIAN_POINT('',(-74.7096034953516,-44.9999999999998,28.));
#4777=CARTESIAN_POINT('',(-73.5096034953517,-44.9999999999998,28.));
#4778=CARTESIAN_POINT('',(-76.509603495352,-42.0000000000002,25.));
#4779=CARTESIAN_POINT('',(-76.509603495352,-43.2000000000003,25.));
#4780=CARTESIAN_POINT('',(-76.509603495352,-44.4000000000004,25.));
#4781=CARTESIAN_POINT('',(-75.9096034953514,-44.9999999999998,25.));
#4782=CARTESIAN_POINT('',(-74.7096034953516,-44.9999999999998,25.));
#4783=CARTESIAN_POINT('',(-73.5096034953517,-44.9999999999998,25.));
#4784=CARTESIAN_POINT('',(-89.4903965046481,-41.9999999999999,25.));
#4785=CARTESIAN_POINT('',(-89.490396504648,-41.9999999999998,25.));
#4786=CARTESIAN_POINT('',(-89.490396504648,-43.2,25.));
#4787=CARTESIAN_POINT('',(-89.490396504648,-44.4000000000001,25.));
#4788=CARTESIAN_POINT('',(-90.0903965046483,-44.9999999999999,25.));
#4789=CARTESIAN_POINT('',(-91.2903965046483,-44.9999999999999,25.));
#4790=CARTESIAN_POINT('',(-92.4903965046483,-44.9999999999999,25.));
#4791=CARTESIAN_POINT('',(-89.490396504648,-41.9999999999998,28.));
#4792=CARTESIAN_POINT('',(-89.490396504648,-43.2,28.));
#4793=CARTESIAN_POINT('',(-89.490396504648,-44.4000000000001,28.));
#4794=CARTESIAN_POINT('',(-90.0903965046483,-44.9999999999999,28.));
#4795=CARTESIAN_POINT('',(-91.2903965046483,-44.9999999999999,28.));
#4796=CARTESIAN_POINT('',(-92.4903965046484,-44.9999999999999,28.));
#4797=CARTESIAN_POINT('',(-79.937298019652,-44.,24.));
#4798=CARTESIAN_POINT('',(-79.937298019652,-44.,25.));
#4799=CARTESIAN_POINT('',(-79.937298019652,-44.4000000000001,24.));
#4800=CARTESIAN_POINT('',(-79.937298019652,-44.4,25.));
#4801=CARTESIAN_POINT('',(-79.937298019652,-44.8000000000001,24.));
#4802=CARTESIAN_POINT('',(-79.937298019652,-44.8000000000001,25.));
#4803=CARTESIAN_POINT('',(-79.7372980196519,-44.9999999999999,24.));
#4804=CARTESIAN_POINT('',(-79.7372980196519,-44.9999999999999,25.));
#4805=CARTESIAN_POINT('',(-79.3372980196519,-44.9999999999999,24.));
#4806=CARTESIAN_POINT('',(-79.3372980196519,-44.9999999999999,25.));
#4807=CARTESIAN_POINT('',(-78.9372980196519,-44.9999999999999,24.));
#4808=CARTESIAN_POINT('',(-78.9372980196519,-44.9999999999999,25.));
#4809=CARTESIAN_POINT('',(-86.062701980348,-44.0000000000001,25.));
#4810=CARTESIAN_POINT('',(-86.062701980348,-44.0000000000001,24.));
#4811=CARTESIAN_POINT('',(-86.062701980348,-44.4,25.));
#4812=CARTESIAN_POINT('',(-86.062701980348,-44.4,24.));
#4813=CARTESIAN_POINT('',(-86.062701980348,-44.8,25.));
#4814=CARTESIAN_POINT('',(-86.062701980348,-44.8,24.));
#4815=CARTESIAN_POINT('',(-86.2627019803479,-44.9999999999999,25.));
#4816=CARTESIAN_POINT('',(-86.2627019803479,-44.9999999999999,24.));
#4817=CARTESIAN_POINT('',(-86.6627019803479,-44.9999999999999,25.));
#4818=CARTESIAN_POINT('',(-86.6627019803479,-44.9999999999999,24.));
#4819=CARTESIAN_POINT('',(-87.0627019803478,-44.9999999999999,25.));
#4820=CARTESIAN_POINT('',(-87.0627019803478,-44.9999999999999,24.));
#4821=CARTESIAN_POINT('',(-63.,34.9999999999999,26.));
#4822=CARTESIAN_POINT('',(-103.,35.,26.));
#4823=CARTESIAN_POINT('',(-79.5096034953519,31.1085109809749,28.));
#4824=CARTESIAN_POINT('',(-79.5096034953519,31.1085109809749,25.));
#4825=CARTESIAN_POINT('',(-78.3096034953518,31.1085109809749,28.));
#4826=CARTESIAN_POINT('',(-78.3096034953518,31.1085109809749,25.));
#4827=CARTESIAN_POINT('',(-77.1096034953518,31.1085109809749,28.));
#4828=CARTESIAN_POINT('',(-77.1096034953518,31.1085109809749,25.));
#4829=CARTESIAN_POINT('',(-76.5096034953519,31.7085109809751,28.));
#4830=CARTESIAN_POINT('',(-76.5096034953519,31.7085109809751,25.0000000000001));
#4831=CARTESIAN_POINT('',(-76.5096034953519,32.9085109809751,28.));
#4832=CARTESIAN_POINT('',(-76.5096034953519,32.9085109809751,25.0000000000001));
#4833=CARTESIAN_POINT('',(-76.5096034953519,34.1085109809751,28.));
#4834=CARTESIAN_POINT('',(-76.5096034953519,34.1085109809751,25.0000000000001));
#4835=CARTESIAN_POINT('',(-86.4903965046481,31.108510980975,25.));
#4836=CARTESIAN_POINT('',(-86.4903965046482,31.108510980975,25.));
#4837=CARTESIAN_POINT('',(-86.4903965046482,31.108510980975,28.));
#4838=CARTESIAN_POINT('',(-87.6903965046481,31.108510980975,25.));
#4839=CARTESIAN_POINT('',(-87.6903965046481,31.108510980975,28.));
#4840=CARTESIAN_POINT('',(-88.8903965046481,31.108510980975,25.));
#4841=CARTESIAN_POINT('',(-88.8903965046481,31.108510980975,28.));
#4842=CARTESIAN_POINT('',(-89.4903965046481,31.708510980975,25.));
#4843=CARTESIAN_POINT('',(-89.4903965046481,31.708510980975,28.));
#4844=CARTESIAN_POINT('',(-89.4903965046481,32.9085109809749,25.));
#4845=CARTESIAN_POINT('',(-89.4903965046481,32.9085109809749,28.));
#4846=CARTESIAN_POINT('',(-89.4903965046481,34.1085109809749,25.));
#4847=CARTESIAN_POINT('',(-89.4903965046481,34.1085109809749,28.));
#4848=CARTESIAN_POINT('',(-87.0627019803479,45.,24.));
#4849=CARTESIAN_POINT('',(-76.5096034953518,34.1085109809749,25.));
#4850=CARTESIAN_POINT('',(-62.9999999999999,45.,24.));
#4851=CARTESIAN_POINT('',(-76.509603495352,42.0000000000002,28.));
#4852=CARTESIAN_POINT('',(-76.509603495352,42.0000000000002,25.));
#4853=CARTESIAN_POINT('',(-76.509603495352,43.2000000000003,28.));
#4854=CARTESIAN_POINT('',(-76.509603495352,43.2000000000003,25.));
#4855=CARTESIAN_POINT('',(-76.509603495352,44.4000000000004,28.));
#4856=CARTESIAN_POINT('',(-76.509603495352,44.4000000000004,25.));
#4857=CARTESIAN_POINT('',(-75.9096034953514,44.9999999999999,28.));
#4858=CARTESIAN_POINT('',(-75.9096034953514,44.9999999999999,25.));
#4859=CARTESIAN_POINT('',(-74.7096034953515,44.9999999999999,28.));
#4860=CARTESIAN_POINT('',(-74.7096034953515,44.9999999999999,25.));
#4861=CARTESIAN_POINT('',(-73.5096034953517,44.9999999999999,28.));
#4862=CARTESIAN_POINT('',(-73.5096034953517,44.9999999999999,25.));
#4863=CARTESIAN_POINT('',(-89.4903965046481,41.9999999999999,25.));
#4864=CARTESIAN_POINT('',(-89.490396504648,41.9999999999999,25.));
#4865=CARTESIAN_POINT('',(-89.490396504648,41.9999999999999,28.));
#4866=CARTESIAN_POINT('',(-89.490396504648,43.2,25.));
#4867=CARTESIAN_POINT('',(-89.490396504648,43.2,28.));
#4868=CARTESIAN_POINT('',(-89.490396504648,44.4000000000001,25.));
#4869=CARTESIAN_POINT('',(-89.490396504648,44.4000000000001,28.));
#4870=CARTESIAN_POINT('',(-90.0903965046482,45.,25.));
#4871=CARTESIAN_POINT('',(-90.0903965046482,45.,28.));
#4872=CARTESIAN_POINT('',(-91.2903965046483,45.,25.));
#4873=CARTESIAN_POINT('',(-91.2903965046483,45.,28.));
#4874=CARTESIAN_POINT('',(-92.4903965046483,45.,25.));
#4875=CARTESIAN_POINT('',(-92.4903965046483,45.,28.));
#4876=CARTESIAN_POINT('',(-79.937298019652,44.,24.));
#4877=CARTESIAN_POINT('',(-79.937298019652,44.4000000000001,24.));
#4878=CARTESIAN_POINT('',(-79.937298019652,44.8000000000001,24.));
#4879=CARTESIAN_POINT('',(-79.7372980196518,45.,24.));
#4880=CARTESIAN_POINT('',(-79.3372980196519,45.,24.));
#4881=CARTESIAN_POINT('',(-78.9372980196519,45.,24.));
#4882=CARTESIAN_POINT('',(-79.937298019652,44.,25.));
#4883=CARTESIAN_POINT('',(-79.937298019652,44.4000000000001,25.));
#4884=CARTESIAN_POINT('',(-79.937298019652,44.8000000000001,25.));
#4885=CARTESIAN_POINT('',(-79.7372980196519,45.,25.));
#4886=CARTESIAN_POINT('',(-79.3372980196519,45.,25.));
#4887=CARTESIAN_POINT('',(-78.9372980196519,45.,25.));
#4888=CARTESIAN_POINT('',(-86.062701980348,44.0000000000001,25.));
#4889=CARTESIAN_POINT('',(-86.062701980348,44.4,25.));
#4890=CARTESIAN_POINT('',(-86.062701980348,44.8,25.));
#4891=CARTESIAN_POINT('',(-86.2627019803479,45.,25.));
#4892=CARTESIAN_POINT('',(-86.6627019803479,45.,25.));
#4893=CARTESIAN_POINT('',(-87.0627019803478,45.,25.));
#4894=CARTESIAN_POINT('',(-86.062701980348,44.0000000000001,24.));
#4895=CARTESIAN_POINT('',(-86.062701980348,44.4,24.));
#4896=CARTESIAN_POINT('',(-86.062701980348,44.8,24.));
#4897=CARTESIAN_POINT('',(-86.2627019803479,45.,24.));
#4898=CARTESIAN_POINT('',(-86.6627019803479,45.,24.));
#4899=CARTESIAN_POINT('',(-87.0627019803478,45.,24.));
#4900=CARTESIAN_POINT('',(-63.0000000000005,35.,26.9999999999996));
#4901=CARTESIAN_POINT('',(-63.0000000000005,-34.9999999999998,26.9999999999996));
#4902=CARTESIAN_POINT('',(-73.5096034953521,-43.3999999999998,28.));
#4903=CARTESIAN_POINT('',(-73.6083400242415,-43.3999999999998,28.));
#4904=CARTESIAN_POINT('',(-73.7070747015297,-43.3999270398028,28.));
#4905=CARTESIAN_POINT('',(-73.805810070469,-43.3991713468756,28.0000000000001));
#4906=CARTESIAN_POINT('',(-73.8447906652299,-43.3988730002945,28.0000000000001));
#4907=CARTESIAN_POINT('',(-73.8837713677957,-43.3984682388873,28.0000000000001));
#4908=CARTESIAN_POINT('',(-73.9227485073766,-43.397877564522,28.0000000000001));
#4909=CARTESIAN_POINT('',(-73.5096034953525,-43.3999999999997,25.9999999999996));
#4910=CARTESIAN_POINT('',(-73.608340024242,-43.3999999999997,25.9999999999996));
#4911=CARTESIAN_POINT('',(-73.7070747015301,-43.3999270398027,25.9999999999996));
#4912=CARTESIAN_POINT('',(-73.8058100704695,-43.3991713468755,25.9999999999997));
#4913=CARTESIAN_POINT('',(-73.8447906652304,-43.3988730002944,25.9999999999997));
#4914=CARTESIAN_POINT('',(-73.8837713677962,-43.3984682388872,25.9999999999997));
#4915=CARTESIAN_POINT('',(-73.922748507377,-43.3978775645219,25.9999999999997));
#4916=CARTESIAN_POINT('',(-74.9096034953521,-34.1085109809727,28.));
#4917=CARTESIAN_POINT('',(-74.9096034953521,-33.9357184024849,28.));
#4918=CARTESIAN_POINT('',(-74.909715288253,-33.7629236128113,28.));
#4919=CARTESIAN_POINT('',(-74.9130227646441,-33.5901589562755,28.));
#4920=CARTESIAN_POINT('',(-74.9164238284893,-33.4125057979182,28.));
#4921=CARTESIAN_POINT('',(-74.9232039828281,-33.234884502103,28.));
#4922=CARTESIAN_POINT('',(-74.9361587011161,-33.0576745783672,28.));
#4923=CARTESIAN_POINT('',(-74.9499189782058,-32.8694452707556,28.));
#4924=CARTESIAN_POINT('',(-74.9706455959072,-32.6816800862865,28.));
#4925=CARTESIAN_POINT('',(-75.0014612635548,-32.4954750566031,28.));
#4926=CARTESIAN_POINT('',(-75.0342983369068,-32.297055593876,28.));
#4927=CARTESIAN_POINT('',(-75.0785914891358,-32.1004076811343,28.));
#4928=CARTESIAN_POINT('',(-75.137597674909,-31.9081588193315,28.0000000000001));
#4929=CARTESIAN_POINT('',(-75.1686192300011,-31.8070870659268,28.0000000000001));
#4930=CARTESIAN_POINT('',(-75.2037074114445,-31.7072311934221,28.0000000000001));
#4931=CARTESIAN_POINT('',(-75.2431441827586,-31.6091295836788,28.0000000000001));
#4932=CARTESIAN_POINT('',(-75.2747546031163,-31.5304965460743,28.0000000000001));
#4933=CARTESIAN_POINT('',(-75.309158894077,-31.4529905826031,28.0000000000001));
#4934=CARTESIAN_POINT('',(-75.3464283163345,-31.3768771891674,28.0000000000001));
#4935=CARTESIAN_POINT('',(-75.3958199691936,-31.2760071976624,28.0000000000001));
#4936=CARTESIAN_POINT('',(-75.4502436880366,-31.1775829943535,28.0000000000001));
#4937=CARTESIAN_POINT('',(-75.5097811268089,-31.0823503731058,28.0000000000001));
#4938=CARTESIAN_POINT('',(-75.5708181323594,-30.9847191321328,28.0000000000002));
#4939=CARTESIAN_POINT('',(-75.6372296999599,-30.8904422703715,28.0000000000002));
#4940=CARTESIAN_POINT('',(-75.7087399617238,-30.8001980563468,28.0000000000002));
#4941=CARTESIAN_POINT('',(-75.7810030132687,-30.709003839897,28.0000000000002));
#4942=CARTESIAN_POINT('',(-75.8584726720905,-30.6219276215811,28.0000000000002));
#4943=CARTESIAN_POINT('',(-75.9407444820504,-30.5396523825581,28.0000000000002));
#4944=CARTESIAN_POINT('',(-76.0230162920103,-30.457377143535,28.0000000000003));
#4945=CARTESIAN_POINT('',(-76.1100902531082,-30.3799028838048,28.0000000000003));
#4946=CARTESIAN_POINT('',(-76.2012862925276,-30.3076414199545,28.0000000000003));
#4947=CARTESIAN_POINT('',(-76.2915323105312,-30.2361327293454,28.0000000000003));
#4948=CARTESIAN_POINT('',(-76.3858149718921,-30.1697287932367,28.0000000000003));
#4949=CARTESIAN_POINT('',(-76.4834476216253,-30.1086942657231,28.0000000000004));
#4950=CARTESIAN_POINT('',(-76.5786816170224,-30.0491592441071,28.0000000000004));
#4951=CARTESIAN_POINT('',(-76.6771030167407,-29.9947330390768,28.0000000000004));
#4952=CARTESIAN_POINT('',(-76.7779684286304,-29.9453345068478,28.0000000000004));
#4953=CARTESIAN_POINT('',(-76.8540783664293,-29.9080598936294,28.0000000000005));
#4954=CARTESIAN_POINT('',(-76.9315798630401,-29.8736479103403,28.0000000000005));
#4955=CARTESIAN_POINT('',(-77.0102127536777,-29.8420369686984,28.0000000000005));
#4956=CARTESIAN_POINT('',(-77.1083141800668,-29.8025995470364,28.0000000000005));
#4957=CARTESIAN_POINT('',(-77.2081765930239,-29.7675218767962,28.0000000000005));
#4958=CARTESIAN_POINT('',(-77.3092515485742,-29.7365054727712,28.0000000000006));
#4959=CARTESIAN_POINT('',(-77.5015065011866,-29.6775090848571,28.0000000000006));
#4960=CARTESIAN_POINT('',(-77.6981484267604,-29.6332063375421,28.0000000000006));
#4961=CARTESIAN_POINT('',(-77.8965664451294,-29.6003669480242,28.0000000000007));
#4962=CARTESIAN_POINT('',(-78.0827701193674,-29.5695491067907,28.0000000000007));
#4963=CARTESIAN_POINT('',(-78.2705379491172,-29.5488267258457,28.0000000000008));
#4964=CARTESIAN_POINT('',(-78.4587678051001,-29.5350673272372,28.0000000000008));
#4965=CARTESIAN_POINT('',(-78.6359782451043,-29.522113436002,28.0000000000009));
#4966=CARTESIAN_POINT('',(-78.813598198608,-29.5153311321337,28.0000000000009));
#4967=CARTESIAN_POINT('',(-78.9912510599054,-29.5119295925679,28.0000000000009));
#4968=CARTESIAN_POINT('',(-79.1640154275564,-29.5086216535466,28.000000000001));
#4969=CARTESIAN_POINT('',(-79.3368109168637,-29.5085109809749,28.000000000001));
#4970=CARTESIAN_POINT('',(-79.5096034953522,-29.5085109809749,28.000000000001));
#4971=CARTESIAN_POINT('',(-74.9096034953526,-34.1085109809726,25.9999999999999));
#4972=CARTESIAN_POINT('',(-74.9096034953526,-33.9357184024849,25.9999999999999));
#4973=CARTESIAN_POINT('',(-74.9097152882535,-33.7629236128112,25.9999999999999));
#4974=CARTESIAN_POINT('',(-74.9130227646446,-33.5901589562754,25.9999999999999));
#4975=CARTESIAN_POINT('',(-74.9164238284897,-33.4125057979181,25.9999999999999));
#4976=CARTESIAN_POINT('',(-74.9232039828286,-33.2348845021029,25.9999999999999));
#4977=CARTESIAN_POINT('',(-74.9361587011165,-33.0576745783671,25.9999999999999));
#4978=CARTESIAN_POINT('',(-74.9499189782063,-32.8694452707555,25.9999999999999));
#4979=CARTESIAN_POINT('',(-74.9706455959077,-32.6816800862864,25.9999999999999));
#4980=CARTESIAN_POINT('',(-75.0014612635553,-32.495475056603,25.9999999999999));
#4981=CARTESIAN_POINT('',(-75.0342983369072,-32.2970555938759,25.9999999999999));
#4982=CARTESIAN_POINT('',(-75.0785914891363,-32.1004076811342,25.9999999999999));
#4983=CARTESIAN_POINT('',(-75.1375976749094,-31.9081588193314,26.));
#4984=CARTESIAN_POINT('',(-75.1686192300016,-31.8070870659267,26.));
#4985=CARTESIAN_POINT('',(-75.203707411445,-31.707231193422,26.));
#4986=CARTESIAN_POINT('',(-75.2431441827591,-31.6091295836787,26.));
#4987=CARTESIAN_POINT('',(-75.2747546031167,-31.5304965460742,26.));
#4988=CARTESIAN_POINT('',(-75.3091588940775,-31.452990582603,26.));
#4989=CARTESIAN_POINT('',(-75.3464283163349,-31.3768771891673,26.));
#4990=CARTESIAN_POINT('',(-75.3958199691941,-31.2760071976623,26.));
#4991=CARTESIAN_POINT('',(-75.4502436880371,-31.1775829943534,26.));
#4992=CARTESIAN_POINT('',(-75.5097811268093,-31.0823503731057,26.));
#4993=CARTESIAN_POINT('',(-75.5708181323599,-30.9847191321327,26.0000000000001));
#4994=CARTESIAN_POINT('',(-75.6372296999604,-30.8904422703714,26.0000000000001));
#4995=CARTESIAN_POINT('',(-75.7087399617243,-30.8001980563467,26.0000000000001));
#4996=CARTESIAN_POINT('',(-75.7810030132691,-30.7090038398969,26.0000000000001));
#4997=CARTESIAN_POINT('',(-75.8584726720909,-30.621927621581,26.0000000000001));
#4998=CARTESIAN_POINT('',(-75.9407444820508,-30.539652382558,26.0000000000001));
#4999=CARTESIAN_POINT('',(-76.0230162920107,-30.4573771435349,26.0000000000002));
#5000=CARTESIAN_POINT('',(-76.1100902531087,-30.3799028838047,26.0000000000002));
#5001=CARTESIAN_POINT('',(-76.201286292528,-30.3076414199544,26.0000000000002));
#5002=CARTESIAN_POINT('',(-76.2915323105317,-30.2361327293453,26.0000000000002));
#5003=CARTESIAN_POINT('',(-76.3858149718926,-30.1697287932366,26.0000000000002));
#5004=CARTESIAN_POINT('',(-76.4834476216257,-30.108694265723,26.0000000000003));
#5005=CARTESIAN_POINT('',(-76.5786816170229,-30.049159244107,26.0000000000003));
#5006=CARTESIAN_POINT('',(-76.6771030167411,-29.9947330390767,26.0000000000003));
#5007=CARTESIAN_POINT('',(-76.7779684286309,-29.9453345068477,26.0000000000003));
#5008=CARTESIAN_POINT('',(-76.8540783664297,-29.9080598936293,26.0000000000004));
#5009=CARTESIAN_POINT('',(-76.9315798630406,-29.8736479103402,26.0000000000004));
#5010=CARTESIAN_POINT('',(-77.0102127536781,-29.8420369686983,26.0000000000004));
#5011=CARTESIAN_POINT('',(-77.1083141800673,-29.8025995470363,26.0000000000004));
#5012=CARTESIAN_POINT('',(-77.2081765930244,-29.7675218767961,26.0000000000004));
#5013=CARTESIAN_POINT('',(-77.3092515485746,-29.7365054727711,26.0000000000005));
#5014=CARTESIAN_POINT('',(-77.5015065011871,-29.677509084857,26.0000000000005));
#5015=CARTESIAN_POINT('',(-77.6981484267609,-29.633206337542,26.0000000000005));
#5016=CARTESIAN_POINT('',(-77.8965664451298,-29.6003669480241,26.0000000000006));
#5017=CARTESIAN_POINT('',(-78.0827701193679,-29.5695491067906,26.0000000000006));
#5018=CARTESIAN_POINT('',(-78.2705379491177,-29.5488267258456,26.0000000000007));
#5019=CARTESIAN_POINT('',(-78.4587678051006,-29.5350673272371,26.0000000000007));
#5020=CARTESIAN_POINT('',(-78.6359782451048,-29.5221134360019,26.0000000000008));
#5021=CARTESIAN_POINT('',(-78.8135981986085,-29.5153311321336,26.0000000000008));
#5022=CARTESIAN_POINT('',(-78.9912510599059,-29.5119295925678,26.0000000000008));
#5023=CARTESIAN_POINT('',(-79.1640154275568,-29.5086216535465,26.0000000000009));
#5024=CARTESIAN_POINT('',(-79.3368109168642,-29.5085109809748,26.0000000000009));
#5025=CARTESIAN_POINT('',(-79.5096034953527,-29.5085109809748,26.000000000001));
#5026=CARTESIAN_POINT('',(-86.4903965046484,-29.5085109809749,28.));
#5027=CARTESIAN_POINT('',(-86.6631890831369,-29.5085109809749,28.0000000000001));
#5028=CARTESIAN_POINT('',(-86.835983872811,-29.5086227738757,28.0000000000001));
#5029=CARTESIAN_POINT('',(-87.0087485293475,-29.5119302502668,28.0000000000001));
#5030=CARTESIAN_POINT('',(-87.1864016877047,-29.515331314112,28.0000000000002));
#5031=CARTESIAN_POINT('',(-87.36402298352,-29.5221114684509,28.0000000000002));
#5032=CARTESIAN_POINT('',(-87.5412329072559,-29.5350661867388,28.0000000000002));
#5033=CARTESIAN_POINT('',(-87.7294622148675,-29.5488264638285,28.0000000000003));
#5034=CARTESIAN_POINT('',(-87.9172273993367,-29.5695530815298,28.0000000000003));
#5035=CARTESIAN_POINT('',(-88.1034324290202,-29.6003687491774,28.0000000000004));
#5036=CARTESIAN_POINT('',(-88.3018518917473,-29.6332058225294,28.0000000000004));
#5037=CARTESIAN_POINT('',(-88.4984998044889,-29.6774989747585,28.0000000000005));
#5038=CARTESIAN_POINT('',(-88.6907486662917,-29.7365051605316,28.0000000000005));
#5039=CARTESIAN_POINT('',(-88.7918204196965,-29.7675267156238,28.0000000000005));
#5040=CARTESIAN_POINT('',(-88.8916762922012,-29.8026148970672,28.0000000000005));
#5041=CARTESIAN_POINT('',(-88.9897779019445,-29.8420516683813,28.0000000000006));
#5042=CARTESIAN_POINT('',(-89.068410939549,-29.8736620887389,28.0000000000006));
#5043=CARTESIAN_POINT('',(-89.1459169030203,-29.9080663796997,28.0000000000006));
#5044=CARTESIAN_POINT('',(-89.222030296456,-29.9453358019572,28.0000000000006));
#5045=CARTESIAN_POINT('',(-89.3229002879609,-29.9947274548163,28.0000000000007));
#5046=CARTESIAN_POINT('',(-89.4213244912696,-30.0491511736594,28.0000000000007));
#5047=CARTESIAN_POINT('',(-89.5165571125172,-30.1086886124316,28.0000000000007));
#5048=CARTESIAN_POINT('',(-89.6141883534902,-30.1697256179822,28.0000000000007));
#5049=CARTESIAN_POINT('',(-89.7084652152517,-30.2361371855828,28.0000000000007));
#5050=CARTESIAN_POINT('',(-89.7987094292765,-30.3076474473468,28.0000000000008));
#5051=CARTESIAN_POINT('',(-89.8899036457264,-30.3799104988915,28.0000000000008));
#5052=CARTESIAN_POINT('',(-89.9769798640422,-30.4573801577133,28.0000000000008));
#5053=CARTESIAN_POINT('',(-90.0592551030653,-30.5396519676731,28.0000000000008));
#5054=CARTESIAN_POINT('',(-90.1415303420884,-30.621923777633,28.0000000000008));
#5055=CARTESIAN_POINT('',(-90.2190046018187,-30.708997738731,28.0000000000008));
#5056=CARTESIAN_POINT('',(-90.2912660656689,-30.8001937781504,28.0000000000009));
#5057=CARTESIAN_POINT('',(-90.3627747562778,-30.8904397961541,28.0000000000009));
#5058=CARTESIAN_POINT('',(-90.4291786923864,-30.984722457515,28.0000000000009));
#5059=CARTESIAN_POINT('',(-90.4902132198998,-31.0823551072481,28.0000000000009));
#5060=CARTESIAN_POINT('',(-90.5497482415159,-31.1775891026453,28.0000000000009));
#5061=CARTESIAN_POINT('',(-90.6041744465463,-31.2760105023635,28.0000000000009));
#5062=CARTESIAN_POINT('',(-90.6535729787754,-31.3768759142532,28.0000000000009));
#5063=CARTESIAN_POINT('',(-90.690847591994,-31.4529858520521,28.000000000001));
#5064=CARTESIAN_POINT('',(-90.7252595752831,-31.5304873486628,28.000000000001));
#5065=CARTESIAN_POINT('',(-90.756870516925,-31.6091202393005,28.000000000001));
#5066=CARTESIAN_POINT('',(-90.796307938587,-31.7072216656895,28.000000000001));
#5067=CARTESIAN_POINT('',(-90.8313856088272,-31.8070840786467,28.000000000001));
#5068=CARTESIAN_POINT('',(-90.8624020128523,-31.9081590341969,28.000000000001));
#5069=CARTESIAN_POINT('',(-90.9213984007665,-32.1004139868094,28.000000000001));
#5070=CARTESIAN_POINT('',(-90.9657011480817,-32.2970559123831,28.000000000001));
#5071=CARTESIAN_POINT('',(-90.9985405375996,-32.4954739307521,28.000000000001));
#5072=CARTESIAN_POINT('',(-91.0293583788332,-32.6816776049901,28.000000000001));
#5073=CARTESIAN_POINT('',(-91.050080759778,-32.8694454347401,28.000000000001));
#5074=CARTESIAN_POINT('',(-91.0638401583865,-33.0576752907231,28.000000000001));
#5075=CARTESIAN_POINT('',(-91.0767940496216,-33.2348857307273,28.000000000001));
#5076=CARTESIAN_POINT('',(-91.0835763534898,-33.412505684231,28.000000000001));
#5077=CARTESIAN_POINT('',(-91.0869778930555,-33.5901585455283,28.000000000001));
#5078=CARTESIAN_POINT('',(-91.0902858320767,-33.7629229131792,28.000000000001));
#5079=CARTESIAN_POINT('',(-91.0903965046483,-33.9357184024864,28.000000000001));
#5080=CARTESIAN_POINT('',(-91.0903965046483,-34.1085109809749,28.000000000001));
#5081=CARTESIAN_POINT('',(-86.4903965046489,-29.5085109809748,26.0000000000025));
#5082=CARTESIAN_POINT('',(-86.6631890831373,-29.5085109809748,26.0000000000026));
#5083=CARTESIAN_POINT('',(-86.8359838728115,-29.5086227738756,26.0000000000026));
#5084=CARTESIAN_POINT('',(-87.008748529348,-29.5119302502667,26.0000000000027));
#5085=CARTESIAN_POINT('',(-87.1864016877052,-29.5153313141119,26.0000000000027));
#5086=CARTESIAN_POINT('',(-87.3640229835205,-29.5221114684508,26.0000000000027));
#5087=CARTESIAN_POINT('',(-87.5412329072564,-29.5350661867387,26.0000000000028));
#5088=CARTESIAN_POINT('',(-87.729462214868,-29.5488264638284,26.0000000000028));
#5089=CARTESIAN_POINT('',(-87.9172273993372,-29.5695530815297,26.0000000000029));
#5090=CARTESIAN_POINT('',(-88.1034324290206,-29.6003687491773,26.0000000000029));
#5091=CARTESIAN_POINT('',(-88.3018518917478,-29.6332058225293,26.000000000003));
#5092=CARTESIAN_POINT('',(-88.4984998044894,-29.6774989747584,26.000000000003));
#5093=CARTESIAN_POINT('',(-88.6907486662921,-29.7365051605316,26.000000000003));
#5094=CARTESIAN_POINT('',(-88.7918204196969,-29.7675267156237,26.0000000000031));
#5095=CARTESIAN_POINT('',(-88.8916762922017,-29.8026148970671,26.0000000000031));
#5096=CARTESIAN_POINT('',(-88.9897779019449,-29.8420516683812,26.0000000000031));
#5097=CARTESIAN_POINT('',(-89.0684109395495,-29.8736620887389,26.0000000000031));
#5098=CARTESIAN_POINT('',(-89.1459169030208,-29.9080663796996,26.0000000000031));
#5099=CARTESIAN_POINT('',(-89.2220302964565,-29.9453358019571,26.0000000000032));
#5100=CARTESIAN_POINT('',(-89.3229002879614,-29.9947274548162,26.0000000000032));
#5101=CARTESIAN_POINT('',(-89.42132449127,-30.0491511736593,26.0000000000032));
#5102=CARTESIAN_POINT('',(-89.5165571125177,-30.1086886124315,26.0000000000032));
#5103=CARTESIAN_POINT('',(-89.6141883534907,-30.1697256179821,26.0000000000033));
#5104=CARTESIAN_POINT('',(-89.7084652152522,-30.2361371855827,26.0000000000033));
#5105=CARTESIAN_POINT('',(-89.798709429277,-30.3076474473467,26.0000000000033));
#5106=CARTESIAN_POINT('',(-89.8899036457269,-30.3799104988914,26.0000000000033));
#5107=CARTESIAN_POINT('',(-89.9769798640427,-30.4573801577132,26.0000000000033));
#5108=CARTESIAN_POINT('',(-90.0592551030657,-30.539651967673,26.0000000000034));
#5109=CARTESIAN_POINT('',(-90.1415303420888,-30.6219237776329,26.0000000000034));
#5110=CARTESIAN_POINT('',(-90.2190046018191,-30.7089977387309,26.0000000000034));
#5111=CARTESIAN_POINT('',(-90.2912660656694,-30.8001937781503,26.0000000000034));
#5112=CARTESIAN_POINT('',(-90.3627747562783,-30.890439796154,26.0000000000034));
#5113=CARTESIAN_POINT('',(-90.4291786923868,-30.9847224575149,26.0000000000034));
#5114=CARTESIAN_POINT('',(-90.4902132199003,-31.082355107248,26.0000000000035));
#5115=CARTESIAN_POINT('',(-90.5497482415163,-31.1775891026452,26.0000000000035));
#5116=CARTESIAN_POINT('',(-90.6041744465468,-31.2760105023634,26.0000000000035));
#5117=CARTESIAN_POINT('',(-90.6535729787759,-31.3768759142531,26.0000000000035));
#5118=CARTESIAN_POINT('',(-90.6908475919944,-31.452985852052,26.0000000000035));
#5119=CARTESIAN_POINT('',(-90.7252595752835,-31.5304873486627,26.0000000000035));
#5120=CARTESIAN_POINT('',(-90.7568705169255,-31.6091202393004,26.0000000000035));
#5121=CARTESIAN_POINT('',(-90.7963079385874,-31.7072216656894,26.0000000000035));
#5122=CARTESIAN_POINT('',(-90.8313856088277,-31.8070840786466,26.0000000000035));
#5123=CARTESIAN_POINT('',(-90.8624020128528,-31.9081590341968,26.0000000000035));
#5124=CARTESIAN_POINT('',(-90.921398400767,-32.1004139868093,26.0000000000036));
#5125=CARTESIAN_POINT('',(-90.9657011480821,-32.297055912383,26.0000000000036));
#5126=CARTESIAN_POINT('',(-90.9985405376001,-32.495473930752,26.0000000000036));
#5127=CARTESIAN_POINT('',(-91.0293583788336,-32.68167760499,26.0000000000036));
#5128=CARTESIAN_POINT('',(-91.0500807597785,-32.86944543474,26.0000000000036));
#5129=CARTESIAN_POINT('',(-91.063840158387,-33.057675290723,26.0000000000036));
#5130=CARTESIAN_POINT('',(-91.076794049622,-33.2348857307272,26.0000000000036));
#5131=CARTESIAN_POINT('',(-91.0835763534902,-33.4125056842309,26.0000000000036));
#5132=CARTESIAN_POINT('',(-91.086977893056,-33.5901585455282,26.0000000000036));
#5133=CARTESIAN_POINT('',(-91.0902858320772,-33.7629229131791,26.0000000000036));
#5134=CARTESIAN_POINT('',(-91.0903965046488,-33.9357184024863,26.0000000000036));
#5135=CARTESIAN_POINT('',(-91.0903965046488,-34.1085109809748,26.0000000000036));
#5136=CARTESIAN_POINT('',(-91.0903965046483,-41.9999999999999,28.));
#5137=CARTESIAN_POINT('',(-91.0903965046483,-42.0987365288894,28.));
#5138=CARTESIAN_POINT('',(-91.0904694648454,-42.1974712061775,28.));
#5139=CARTESIAN_POINT('',(-91.0912251577726,-42.2962065751169,28.));
#5140=CARTESIAN_POINT('',(-91.0915235043537,-42.3351871698776,28.));
#5141=CARTESIAN_POINT('',(-91.0919282657609,-42.3741678724431,28.));
#5142=CARTESIAN_POINT('',(-91.0925189401262,-42.4131450120237,28.));
#5143=CARTESIAN_POINT('',(-91.0903965046487,-41.9999999999998,26.0000000000036));
#5144=CARTESIAN_POINT('',(-91.0903965046487,-42.0987365288893,26.0000000000036));
#5145=CARTESIAN_POINT('',(-91.0904694648459,-42.1974712061775,26.0000000000036));
#5146=CARTESIAN_POINT('',(-91.0912251577731,-42.2962065751169,26.0000000000036));
#5147=CARTESIAN_POINT('',(-91.0915235043542,-42.3351871698775,26.0000000000036));
#5148=CARTESIAN_POINT('',(-91.0919282657613,-42.374167872443,26.0000000000036));
#5149=CARTESIAN_POINT('',(-91.0925189401267,-42.4131450120236,26.0000000000036));
#5150=CARTESIAN_POINT('',(-103.000000000001,-34.9999999999999,27.0000000000032));
#5151=CARTESIAN_POINT('',(-103.,35.0000000000001,27.0000000000031));
#5152=CARTESIAN_POINT('',(-92.4903965046484,43.4,28.0000000000001));
#5153=CARTESIAN_POINT('',(-92.3916599757589,43.4,28.));
#5154=CARTESIAN_POINT('',(-92.2929252984706,43.399927039803,28.));
#5155=CARTESIAN_POINT('',(-92.1941899295312,43.3991713468758,28.));
#5156=CARTESIAN_POINT('',(-92.1552093347703,43.3988730002947,28.));
#5157=CARTESIAN_POINT('',(-92.1162286322045,43.3984682388875,28.));
#5158=CARTESIAN_POINT('',(-92.0772514926235,43.3978775645222,28.));
#5159=CARTESIAN_POINT('',(-92.4903965046488,43.4000000000001,26.0000000000039));
#5160=CARTESIAN_POINT('',(-92.3916599757593,43.4000000000001,26.0000000000039));
#5161=CARTESIAN_POINT('',(-92.2929252984711,43.3999270398031,26.0000000000039));
#5162=CARTESIAN_POINT('',(-92.1941899295317,43.3991713468759,26.0000000000038));
#5163=CARTESIAN_POINT('',(-92.1552093347708,43.3988730002947,26.0000000000038));
#5164=CARTESIAN_POINT('',(-92.1162286322049,43.3984682388876,26.0000000000038));
#5165=CARTESIAN_POINT('',(-92.077251492624,43.3978775645223,26.0000000000038));
#5166=CARTESIAN_POINT('',(-91.0903965046483,34.108510980975,28.000000000001));
#5167=CARTESIAN_POINT('',(-91.0903965046483,33.9357184024865,28.000000000001));
#5168=CARTESIAN_POINT('',(-91.0902847117476,33.7629236128122,28.000000000001));
#5169=CARTESIAN_POINT('',(-91.0869772353565,33.5901589562756,28.000000000001));
#5170=CARTESIAN_POINT('',(-91.0835761715113,33.4125057979184,28.000000000001));
#5171=CARTESIAN_POINT('',(-91.0767960171724,33.2348845021032,28.000000000001));
#5172=CARTESIAN_POINT('',(-91.0638412988844,33.0576745783674,28.000000000001));
#5173=CARTESIAN_POINT('',(-91.0500810217947,32.8694452707557,28.000000000001));
#5174=CARTESIAN_POINT('',(-91.0293544040933,32.6816800862865,28.000000000001));
#5175=CARTESIAN_POINT('',(-90.9985387364456,32.495475056603,28.000000000001));
#5176=CARTESIAN_POINT('',(-90.9657016630936,32.2970555938759,28.000000000001));
#5177=CARTESIAN_POINT('',(-90.9214085108645,32.1004076811343,28.000000000001));
#5178=CARTESIAN_POINT('',(-90.8624023250914,31.9081588193315,28.000000000001));
#5179=CARTESIAN_POINT('',(-90.8313807699993,31.8070870659267,28.000000000001));
#5180=CARTESIAN_POINT('',(-90.7962925885559,31.7072311934219,28.000000000001));
#5181=CARTESIAN_POINT('',(-90.7568558172418,31.6091295836787,28.000000000001));
#5182=CARTESIAN_POINT('',(-90.7252453968842,31.5304965460742,28.000000000001));
#5183=CARTESIAN_POINT('',(-90.6908411059234,31.452990582603,28.000000000001));
#5184=CARTESIAN_POINT('',(-90.6535716836659,31.3768771891673,28.0000000000009));
#5185=CARTESIAN_POINT('',(-90.6041800308068,31.2760071976623,28.0000000000009));
#5186=CARTESIAN_POINT('',(-90.5497563119636,31.1775829943535,28.0000000000009));
#5187=CARTESIAN_POINT('',(-90.4902188731914,31.0823503731059,28.0000000000009));
#5188=CARTESIAN_POINT('',(-90.4291818676409,30.9847191321329,28.0000000000009));
#5189=CARTESIAN_POINT('',(-90.3627703000405,30.8904422703716,28.0000000000009));
#5190=CARTESIAN_POINT('',(-90.2912600382767,30.800198056347,28.0000000000009));
#5191=CARTESIAN_POINT('',(-90.218996986732,30.7090038398971,28.0000000000008));
#5192=CARTESIAN_POINT('',(-90.1415273279102,30.6219276215814,28.0000000000008));
#5193=CARTESIAN_POINT('',(-90.0592555179504,30.5396523825584,28.0000000000008));
#5194=CARTESIAN_POINT('',(-89.9769837079906,30.4573771435353,28.0000000000008));
#5195=CARTESIAN_POINT('',(-89.8899097468927,30.379902883805,28.0000000000008));
#5196=CARTESIAN_POINT('',(-89.7987137074732,30.3076414199547,28.0000000000008));
#5197=CARTESIAN_POINT('',(-89.7084676894695,30.2361327293457,28.0000000000007));
#5198=CARTESIAN_POINT('',(-89.6141850281083,30.169728793237,28.0000000000007));
#5199=CARTESIAN_POINT('',(-89.5165523783751,30.1086942657235,28.0000000000007));
#5200=CARTESIAN_POINT('',(-89.4213183829778,30.0491592441075,28.0000000000007));
#5201=CARTESIAN_POINT('',(-89.3228969832596,29.9947330390772,28.0000000000006));
#5202=CARTESIAN_POINT('',(-89.2220315713699,29.9453345068481,28.0000000000006));
#5203=CARTESIAN_POINT('',(-89.1459216335709,29.9080598936296,28.0000000000006));
#5204=CARTESIAN_POINT('',(-89.0684201369601,29.8736479103405,28.0000000000006));
#5205=CARTESIAN_POINT('',(-88.9897872463225,29.8420369686985,28.0000000000006));
#5206=CARTESIAN_POINT('',(-88.8916858199333,29.8025995470365,28.0000000000005));
#5207=CARTESIAN_POINT('',(-88.7918234069763,29.7675218767964,28.0000000000005));
#5208=CARTESIAN_POINT('',(-88.6907484514261,29.7365054727714,28.0000000000005));
#5209=CARTESIAN_POINT('',(-88.4984934988137,29.6775090848573,28.0000000000005));
#5210=CARTESIAN_POINT('',(-88.3018515732401,29.6332063375423,28.0000000000004));
#5211=CARTESIAN_POINT('',(-88.1034335548711,29.6003669480244,28.0000000000004));
#5212=CARTESIAN_POINT('',(-87.9172298806332,29.5695491067909,28.0000000000003));
#5213=CARTESIAN_POINT('',(-87.7294620508832,29.548826725846,28.0000000000003));
#5214=CARTESIAN_POINT('',(-87.5412321949002,29.5350673272374,28.0000000000002));
#5215=CARTESIAN_POINT('',(-87.3640217548959,29.5221134360022,28.0000000000002));
#5216=CARTESIAN_POINT('',(-87.1864018013921,29.5153311321339,28.0000000000002));
#5217=CARTESIAN_POINT('',(-87.0087489400948,29.511929592568,28.0000000000001));
#5218=CARTESIAN_POINT('',(-86.8359845724439,29.5086216535467,28.0000000000001));
#5219=CARTESIAN_POINT('',(-86.6631890831368,29.508510980975,28.));
#5220=CARTESIAN_POINT('',(-86.4903965046483,29.508510980975,28.));
#5221=CARTESIAN_POINT('',(-91.0903965046488,34.1085109809751,26.0000000000036));
#5222=CARTESIAN_POINT('',(-91.0903965046488,33.9357184024866,26.0000000000036));
#5223=CARTESIAN_POINT('',(-91.090284711748,33.7629236128123,26.0000000000036));
#5224=CARTESIAN_POINT('',(-91.0869772353569,33.5901589562757,26.0000000000036));
#5225=CARTESIAN_POINT('',(-91.0835761715118,33.4125057979185,26.0000000000036));
#5226=CARTESIAN_POINT('',(-91.0767960171729,33.2348845021033,26.0000000000036));
#5227=CARTESIAN_POINT('',(-91.0638412988849,33.0576745783675,26.0000000000036));
#5228=CARTESIAN_POINT('',(-91.0500810217951,32.8694452707558,26.0000000000036));
#5229=CARTESIAN_POINT('',(-91.0293544040937,32.6816800862866,26.0000000000036));
#5230=CARTESIAN_POINT('',(-90.9985387364461,32.4954750566031,26.0000000000036));
#5231=CARTESIAN_POINT('',(-90.9657016630941,32.297055593876,26.0000000000036));
#5232=CARTESIAN_POINT('',(-90.921408510865,32.1004076811344,26.0000000000036));
#5233=CARTESIAN_POINT('',(-90.8624023250919,31.9081588193316,26.0000000000035));
#5234=CARTESIAN_POINT('',(-90.8313807699997,31.8070870659268,26.0000000000035));
#5235=CARTESIAN_POINT('',(-90.7962925885564,31.707231193422,26.0000000000035));
#5236=CARTESIAN_POINT('',(-90.7568558172422,31.6091295836788,26.0000000000035));
#5237=CARTESIAN_POINT('',(-90.7252453968846,31.5304965460743,26.0000000000035));
#5238=CARTESIAN_POINT('',(-90.6908411059238,31.4529905826031,26.0000000000035));
#5239=CARTESIAN_POINT('',(-90.6535716836664,31.3768771891674,26.0000000000035));
#5240=CARTESIAN_POINT('',(-90.6041800308072,31.2760071976624,26.0000000000035));
#5241=CARTESIAN_POINT('',(-90.5497563119641,31.1775829943536,26.0000000000035));
#5242=CARTESIAN_POINT('',(-90.4902188731919,31.082350373106,26.0000000000035));
#5243=CARTESIAN_POINT('',(-90.4291818676413,30.984719132133,26.0000000000034));
#5244=CARTESIAN_POINT('',(-90.362770300041,30.8904422703717,26.0000000000034));
#5245=CARTESIAN_POINT('',(-90.2912600382772,30.8001980563471,26.0000000000034));
#5246=CARTESIAN_POINT('',(-90.2189969867324,30.7090038398972,26.0000000000034));
#5247=CARTESIAN_POINT('',(-90.1415273279107,30.6219276215815,26.0000000000034));
#5248=CARTESIAN_POINT('',(-90.0592555179509,30.5396523825585,26.0000000000034));
#5249=CARTESIAN_POINT('',(-89.9769837079911,30.4573771435354,26.0000000000033));
#5250=CARTESIAN_POINT('',(-89.8899097468932,30.3799028838051,26.0000000000033));
#5251=CARTESIAN_POINT('',(-89.7987137074737,30.3076414199548,26.0000000000033));
#5252=CARTESIAN_POINT('',(-89.70846768947,30.2361327293458,26.0000000000033));
#5253=CARTESIAN_POINT('',(-89.6141850281088,30.1697287932371,26.0000000000033));
#5254=CARTESIAN_POINT('',(-89.5165523783756,30.1086942657236,26.0000000000032));
#5255=CARTESIAN_POINT('',(-89.4213183829783,30.0491592441076,26.0000000000032));
#5256=CARTESIAN_POINT('',(-89.3228969832601,29.9947330390773,26.0000000000032));
#5257=CARTESIAN_POINT('',(-89.2220315713703,29.9453345068482,26.0000000000032));
#5258=CARTESIAN_POINT('',(-89.1459216335714,29.9080598936297,26.0000000000031));
#5259=CARTESIAN_POINT('',(-89.0684201369606,29.8736479103406,26.0000000000031));
#5260=CARTESIAN_POINT('',(-88.9897872463229,29.8420369686986,26.0000000000031));
#5261=CARTESIAN_POINT('',(-88.8916858199338,29.8025995470366,26.0000000000031));
#5262=CARTESIAN_POINT('',(-88.7918234069767,29.7675218767965,26.0000000000031));
#5263=CARTESIAN_POINT('',(-88.6907484514266,29.7365054727715,26.000000000003));
#5264=CARTESIAN_POINT('',(-88.4984934988142,29.6775090848574,26.000000000003));
#5265=CARTESIAN_POINT('',(-88.3018515732406,29.6332063375424,26.000000000003));
#5266=CARTESIAN_POINT('',(-88.1034335548716,29.6003669480245,26.0000000000029));
#5267=CARTESIAN_POINT('',(-87.9172298806336,29.569549106791,26.0000000000029));
#5268=CARTESIAN_POINT('',(-87.7294620508837,29.5488267258461,26.0000000000028));
#5269=CARTESIAN_POINT('',(-87.5412321949007,29.5350673272375,26.0000000000028));
#5270=CARTESIAN_POINT('',(-87.3640217548963,29.5221134360023,26.0000000000027));
#5271=CARTESIAN_POINT('',(-87.1864018013925,29.515331132134,26.0000000000027));
#5272=CARTESIAN_POINT('',(-87.0087489400952,29.5119295925681,26.0000000000027));
#5273=CARTESIAN_POINT('',(-86.8359845724443,29.5086216535468,26.0000000000026));
#5274=CARTESIAN_POINT('',(-86.6631890831373,29.5085109809751,26.0000000000026));
#5275=CARTESIAN_POINT('',(-86.4903965046488,29.5085109809751,26.0000000000025));
#5276=CARTESIAN_POINT('',(-79.5096034953522,29.508510980975,28.000000000001));
#5277=CARTESIAN_POINT('',(-79.3368109168637,29.508510980975,28.000000000001));
#5278=CARTESIAN_POINT('',(-79.1640161271894,29.5086227738757,28.000000000001));
#5279=CARTESIAN_POINT('',(-78.9912514706527,29.5119302502668,28.0000000000009));
#5280=CARTESIAN_POINT('',(-78.8135983122955,29.5153313141119,28.0000000000009));
#5281=CARTESIAN_POINT('',(-78.6359770164801,29.5221114684507,28.0000000000009));
#5282=CARTESIAN_POINT('',(-78.4587670927443,29.5350661867387,28.0000000000008));
#5283=CARTESIAN_POINT('',(-78.2705377851327,29.5488264638284,28.0000000000008));
#5284=CARTESIAN_POINT('',(-78.0827726006636,29.5695530815299,28.0000000000007));
#5285=CARTESIAN_POINT('',(-77.8965675709802,29.6003687491776,28.0000000000007));
#5286=CARTESIAN_POINT('',(-77.6981481082531,29.6332058225295,28.0000000000006));
#5287=CARTESIAN_POINT('',(-77.5015001955114,29.6774989747585,28.0000000000006));
#5288=CARTESIAN_POINT('',(-77.3092513337085,29.7365051605317,28.0000000000006));
#5289=CARTESIAN_POINT('',(-77.2081795803036,29.7675267156238,28.0000000000005));
#5290=CARTESIAN_POINT('',(-77.1083237077988,29.8026148970673,28.0000000000005));
#5291=CARTESIAN_POINT('',(-77.0102220980555,29.8420516683814,28.0000000000005));
#5292=CARTESIAN_POINT('',(-76.931589060451,29.8736620887391,28.0000000000005));
#5293=CARTESIAN_POINT('',(-76.8540830969799,29.9080663796999,28.0000000000005));
#5294=CARTESIAN_POINT('',(-76.7779697035442,29.9453358019574,28.0000000000004));
#5295=CARTESIAN_POINT('',(-76.6770997120393,29.9947274548166,28.0000000000004));
#5296=CARTESIAN_POINT('',(-76.5786755087304,30.0491511736596,28.0000000000004));
#5297=CARTESIAN_POINT('',(-76.4834428874827,30.1086886124319,28.0000000000004));
#5298=CARTESIAN_POINT('',(-76.3858116465098,30.1697256179824,28.0000000000003));
#5299=CARTESIAN_POINT('',(-76.2915347847485,30.2361371855828,28.0000000000003));
#5300=CARTESIAN_POINT('',(-76.2012905707238,30.3076474473467,28.0000000000003));
#5301=CARTESIAN_POINT('',(-76.1100963542739,30.3799104988915,28.0000000000003));
#5302=CARTESIAN_POINT('',(-76.023020135958,30.4573801577133,28.0000000000003));
#5303=CARTESIAN_POINT('',(-75.940744896935,30.5396519676732,28.0000000000002));
#5304=CARTESIAN_POINT('',(-75.8584696579119,30.6219237776331,28.0000000000002));
#5305=CARTESIAN_POINT('',(-75.7809953981817,30.7089977387311,28.0000000000002));
#5306=CARTESIAN_POINT('',(-75.7087339343314,30.8001937781506,28.0000000000002));
#5307=CARTESIAN_POINT('',(-75.6372252437225,30.8904397961543,28.0000000000002));
#5308=CARTESIAN_POINT('',(-75.5708213076138,30.9847224575153,28.0000000000002));
#5309=CARTESIAN_POINT('',(-75.5097867801003,31.0823551072485,28.0000000000001));
#5310=CARTESIAN_POINT('',(-75.4502517584843,31.1775891026457,28.0000000000001));
#5311=CARTESIAN_POINT('',(-75.395825553454,31.2760105023639,28.0000000000001));
#5312=CARTESIAN_POINT('',(-75.346427021225,31.3768759142537,28.0000000000001));
#5313=CARTESIAN_POINT('',(-75.3091524080066,31.4529858520525,28.0000000000001));
#5314=CARTESIAN_POINT('',(-75.2747404247175,31.5304873486633,28.0000000000001));
#5315=CARTESIAN_POINT('',(-75.2431294830757,31.6091202393008,28.0000000000001));
#5316=CARTESIAN_POINT('',(-75.2036920614138,31.7072216656899,28.0000000000001));
#5317=CARTESIAN_POINT('',(-75.1686143911736,31.807084078647,28.0000000000001));
#5318=CARTESIAN_POINT('',(-75.1375979871486,31.9081590341972,28.0000000000001));
#5319=CARTESIAN_POINT('',(-75.0786015992345,32.1004139868096,28.));
#5320=CARTESIAN_POINT('',(-75.0342988519195,32.2970559123833,28.));
#5321=CARTESIAN_POINT('',(-75.0014594624015,32.4954739307522,28.));
#5322=CARTESIAN_POINT('',(-74.9706416211679,32.6816776049902,28.));
#5323=CARTESIAN_POINT('',(-74.9499192402229,32.8694454347401,28.));
#5324=CARTESIAN_POINT('',(-74.9361598416144,33.0576752907231,28.));
#5325=CARTESIAN_POINT('',(-74.9232059503793,33.2348857307273,28.));
#5326=CARTESIAN_POINT('',(-74.9164236465112,33.4125056842311,28.));
#5327=CARTESIAN_POINT('',(-74.9130221069453,33.5901585455284,28.));
#5328=CARTESIAN_POINT('',(-74.909714167924,33.7629229131786,28.));
#5329=CARTESIAN_POINT('',(-74.9096034953521,33.9357184024851,28.));
#5330=CARTESIAN_POINT('',(-74.9096034953521,34.1085109809728,28.));
#5331=CARTESIAN_POINT('',(-79.5096034953526,29.5085109809751,26.000000000001));
#5332=CARTESIAN_POINT('',(-79.3368109168641,29.5085109809751,26.0000000000009));
#5333=CARTESIAN_POINT('',(-79.1640161271898,29.5086227738758,26.0000000000009));
#5334=CARTESIAN_POINT('',(-78.9912514706532,29.5119302502669,26.0000000000008));
#5335=CARTESIAN_POINT('',(-78.8135983122959,29.515331314112,26.0000000000008));
#5336=CARTESIAN_POINT('',(-78.6359770164806,29.5221114684508,26.0000000000008));
#5337=CARTESIAN_POINT('',(-78.4587670927447,29.5350661867388,26.0000000000007));
#5338=CARTESIAN_POINT('',(-78.2705377851331,29.5488264638285,26.0000000000007));
#5339=CARTESIAN_POINT('',(-78.0827726006641,29.56955308153,26.0000000000006));
#5340=CARTESIAN_POINT('',(-77.8965675709807,29.6003687491776,26.0000000000006));
#5341=CARTESIAN_POINT('',(-77.6981481082536,29.6332058225296,26.0000000000005));
#5342=CARTESIAN_POINT('',(-77.5015001955119,29.6774989747586,26.0000000000005));
#5343=CARTESIAN_POINT('',(-77.309251333709,29.7365051605317,26.0000000000005));
#5344=CARTESIAN_POINT('',(-77.2081795803041,29.7675267156239,26.0000000000004));
#5345=CARTESIAN_POINT('',(-77.1083237077992,29.8026148970673,26.0000000000004));
#5346=CARTESIAN_POINT('',(-77.010222098056,29.8420516683815,26.0000000000004));
#5347=CARTESIAN_POINT('',(-76.9315890604515,29.8736620887392,26.0000000000004));
#5348=CARTESIAN_POINT('',(-76.8540830969803,29.9080663797,26.0000000000004));
#5349=CARTESIAN_POINT('',(-76.7779697035447,29.9453358019575,26.0000000000003));
#5350=CARTESIAN_POINT('',(-76.6770997120397,29.9947274548167,26.0000000000003));
#5351=CARTESIAN_POINT('',(-76.5786755087309,30.0491511736597,26.0000000000003));
#5352=CARTESIAN_POINT('',(-76.4834428874832,30.108688612432,26.0000000000003));
#5353=CARTESIAN_POINT('',(-76.3858116465102,30.1697256179825,26.0000000000002));
#5354=CARTESIAN_POINT('',(-76.2915347847489,30.2361371855829,26.0000000000002));
#5355=CARTESIAN_POINT('',(-76.2012905707242,30.3076474473468,26.0000000000002));
#5356=CARTESIAN_POINT('',(-76.1100963542744,30.3799104988916,26.0000000000002));
#5357=CARTESIAN_POINT('',(-76.0230201359585,30.4573801577134,26.0000000000002));
#5358=CARTESIAN_POINT('',(-75.9407448969355,30.5396519676733,26.0000000000001));
#5359=CARTESIAN_POINT('',(-75.8584696579123,30.6219237776332,26.0000000000001));
#5360=CARTESIAN_POINT('',(-75.7809953981821,30.7089977387312,26.0000000000001));
#5361=CARTESIAN_POINT('',(-75.7087339343319,30.8001937781507,26.0000000000001));
#5362=CARTESIAN_POINT('',(-75.6372252437229,30.8904397961544,26.0000000000001));
#5363=CARTESIAN_POINT('',(-75.5708213076143,30.9847224575154,26.0000000000001));
#5364=CARTESIAN_POINT('',(-75.5097867801007,31.0823551072486,26.));
#5365=CARTESIAN_POINT('',(-75.4502517584848,31.1775891026458,26.));
#5366=CARTESIAN_POINT('',(-75.3958255534545,31.276010502364,26.));
#5367=CARTESIAN_POINT('',(-75.3464270212255,31.3768759142538,26.));
#5368=CARTESIAN_POINT('',(-75.309152408007,31.4529858520526,26.));
#5369=CARTESIAN_POINT('',(-75.274740424718,31.5304873486633,26.));
#5370=CARTESIAN_POINT('',(-75.2431294830762,31.6091202393009,26.));
#5371=CARTESIAN_POINT('',(-75.2036920614142,31.70722166569,26.));
#5372=CARTESIAN_POINT('',(-75.1686143911741,31.8070840786471,26.));
#5373=CARTESIAN_POINT('',(-75.137597987149,31.9081590341973,26.));
#5374=CARTESIAN_POINT('',(-75.078601599235,32.1004139868097,25.9999999999999));
#5375=CARTESIAN_POINT('',(-75.0342988519199,32.2970559123834,25.9999999999999));
#5376=CARTESIAN_POINT('',(-75.001459462402,32.4954739307523,25.9999999999999));
#5377=CARTESIAN_POINT('',(-74.9706416211684,32.6816776049903,25.9999999999999));
#5378=CARTESIAN_POINT('',(-74.9499192402233,32.8694454347402,25.9999999999999));
#5379=CARTESIAN_POINT('',(-74.9361598416149,33.0576752907232,25.9999999999999));
#5380=CARTESIAN_POINT('',(-74.9232059503797,33.2348857307274,25.9999999999999));
#5381=CARTESIAN_POINT('',(-74.9164236465116,33.4125056842312,25.9999999999999));
#5382=CARTESIAN_POINT('',(-74.9130221069458,33.5901585455285,25.9999999999999));
#5383=CARTESIAN_POINT('',(-74.9097141679245,33.7629229131787,25.9999999999999));
#5384=CARTESIAN_POINT('',(-74.9096034953526,33.9357184024852,25.9999999999999));
#5385=CARTESIAN_POINT('',(-74.9096034953526,34.1085109809729,25.9999999999999));
#5386=CARTESIAN_POINT('',(-74.9096034953521,42.0000000000001,28.0000000000001));
#5387=CARTESIAN_POINT('',(-74.9096034953521,42.0987365288896,28.0000000000001));
#5388=CARTESIAN_POINT('',(-74.9095305351551,42.1974712061779,28.0000000000001));
#5389=CARTESIAN_POINT('',(-74.9087748422278,42.2962065751173,28.0000000000001));
#5390=CARTESIAN_POINT('',(-74.9084764956467,42.3351871698781,28.0000000000001));
#5391=CARTESIAN_POINT('',(-74.9080717342396,42.3741678724438,28.0000000000001));
#5392=CARTESIAN_POINT('',(-74.9074810598742,42.4131450120246,28.0000000000001));
#5393=CARTESIAN_POINT('',(-74.9096034953526,42.0000000000002,25.9999999999999));
#5394=CARTESIAN_POINT('',(-74.9096034953526,42.0987365288897,25.9999999999999));
#5395=CARTESIAN_POINT('',(-74.9095305351555,42.1974712061779,25.9999999999999));
#5396=CARTESIAN_POINT('',(-74.9087748422283,42.2962065751174,25.9999999999999));
#5397=CARTESIAN_POINT('',(-74.9084764956472,42.3351871698782,25.9999999999999));
#5398=CARTESIAN_POINT('',(-74.90807173424,42.3741678724439,25.9999999999999));
#5399=CARTESIAN_POINT('',(-74.9074810598746,42.4131450120247,25.9999999999999));
#5400=CARTESIAN_POINT('',(-63.0000000000007,35.,25.4999999999972));
#5401=CARTESIAN_POINT('',(-63.0000000000007,-34.9999999999998,25.4999999999972));
#5402=CARTESIAN_POINT('',(-79.5096034953526,-29.5085109809748,26.000000000001));
#5403=CARTESIAN_POINT('',(-79.5096034953526,-29.5085109809748,25.000000000001));
#5404=CARTESIAN_POINT('',(-79.3368109168642,-29.5085109809748,26.0000000000009));
#5405=CARTESIAN_POINT('',(-79.3368109168642,-29.5085109809748,25.0000000000009));
#5406=CARTESIAN_POINT('',(-79.1640154275568,-29.5086216535465,26.0000000000009));
#5407=CARTESIAN_POINT('',(-79.1640154275568,-29.5086216535465,25.0000000000009));
#5408=CARTESIAN_POINT('',(-78.9912510599059,-29.5119295925678,26.0000000000008));
#5409=CARTESIAN_POINT('',(-78.9912510599059,-29.5119295925678,25.0000000000008));
#5410=CARTESIAN_POINT('',(-78.8135981986084,-29.5153311321336,26.0000000000008));
#5411=CARTESIAN_POINT('',(-78.8135981986084,-29.5153311321336,25.0000000000008));
#5412=CARTESIAN_POINT('',(-78.6359782451048,-29.5221134360019,26.0000000000008));
#5413=CARTESIAN_POINT('',(-78.6359782451048,-29.5221134360019,25.0000000000008));
#5414=CARTESIAN_POINT('',(-78.4587678051006,-29.5350673272371,26.0000000000007));
#5415=CARTESIAN_POINT('',(-78.4587678051006,-29.5350673272371,25.0000000000007));
#5416=CARTESIAN_POINT('',(-78.2705379491177,-29.5488267258456,26.0000000000007));
#5417=CARTESIAN_POINT('',(-78.2705379491177,-29.5488267258456,25.0000000000007));
#5418=CARTESIAN_POINT('',(-78.0827701193678,-29.5695491067906,26.0000000000006));
#5419=CARTESIAN_POINT('',(-78.0827701193678,-29.5695491067906,25.0000000000006));
#5420=CARTESIAN_POINT('',(-77.8965664451298,-29.6003669480241,26.0000000000006));
#5421=CARTESIAN_POINT('',(-77.8965664451298,-29.6003669480241,25.0000000000006));
#5422=CARTESIAN_POINT('',(-77.6981484267609,-29.633206337542,26.0000000000005));
#5423=CARTESIAN_POINT('',(-77.6981484267609,-29.633206337542,25.0000000000005));
#5424=CARTESIAN_POINT('',(-77.501506501187,-29.677509084857,26.0000000000005));
#5425=CARTESIAN_POINT('',(-77.501506501187,-29.677509084857,25.0000000000005));
#5426=CARTESIAN_POINT('',(-77.3092515485746,-29.7365054727711,26.0000000000005));
#5427=CARTESIAN_POINT('',(-77.3092515485746,-29.7365054727711,25.0000000000005));
#5428=CARTESIAN_POINT('',(-77.2081765930244,-29.7675218767961,26.0000000000004));
#5429=CARTESIAN_POINT('',(-77.2081765930244,-29.7675218767961,25.0000000000004));
#5430=CARTESIAN_POINT('',(-77.1083141800673,-29.8025995470363,26.0000000000004));
#5431=CARTESIAN_POINT('',(-77.1083141800673,-29.8025995470363,25.0000000000004));
#5432=CARTESIAN_POINT('',(-77.0102127536781,-29.8420369686983,26.0000000000004));
#5433=CARTESIAN_POINT('',(-77.0102127536781,-29.8420369686983,25.0000000000004));
#5434=CARTESIAN_POINT('',(-76.9315798630405,-29.8736479103402,26.0000000000004));
#5435=CARTESIAN_POINT('',(-76.9315798630405,-29.8736479103402,25.0000000000004));
#5436=CARTESIAN_POINT('',(-76.8540783664297,-29.9080598936293,26.0000000000004));
#5437=CARTESIAN_POINT('',(-76.8540783664297,-29.9080598936293,25.0000000000004));
#5438=CARTESIAN_POINT('',(-76.7779684286308,-29.9453345068477,26.0000000000003));
#5439=CARTESIAN_POINT('',(-76.7779684286308,-29.9453345068477,25.0000000000003));
#5440=CARTESIAN_POINT('',(-76.6771030167411,-29.9947330390767,26.0000000000003));
#5441=CARTESIAN_POINT('',(-76.6771030167411,-29.9947330390767,25.0000000000003));
#5442=CARTESIAN_POINT('',(-76.5786816170229,-30.049159244107,26.0000000000003));
#5443=CARTESIAN_POINT('',(-76.5786816170229,-30.049159244107,25.0000000000003));
#5444=CARTESIAN_POINT('',(-76.4834476216257,-30.108694265723,26.0000000000003));
#5445=CARTESIAN_POINT('',(-76.4834476216257,-30.108694265723,25.0000000000003));
#5446=CARTESIAN_POINT('',(-76.3858149718925,-30.1697287932366,26.0000000000002));
#5447=CARTESIAN_POINT('',(-76.3858149718925,-30.1697287932366,25.0000000000002));
#5448=CARTESIAN_POINT('',(-76.2915323105317,-30.2361327293453,26.0000000000002));
#5449=CARTESIAN_POINT('',(-76.2915323105317,-30.2361327293453,25.0000000000002));
#5450=CARTESIAN_POINT('',(-76.201286292528,-30.3076414199544,26.0000000000002));
#5451=CARTESIAN_POINT('',(-76.201286292528,-30.3076414199544,25.0000000000002));
#5452=CARTESIAN_POINT('',(-76.1100902531087,-30.3799028838047,26.0000000000002));
#5453=CARTESIAN_POINT('',(-76.1100902531087,-30.3799028838047,25.0000000000002));
#5454=CARTESIAN_POINT('',(-76.0230162920107,-30.4573771435349,26.0000000000002));
#5455=CARTESIAN_POINT('',(-76.0230162920107,-30.4573771435349,25.0000000000002));
#5456=CARTESIAN_POINT('',(-75.9407444820508,-30.539652382558,26.0000000000001));
#5457=CARTESIAN_POINT('',(-75.9407444820508,-30.539652382558,25.0000000000001));
#5458=CARTESIAN_POINT('',(-75.8584726720909,-30.621927621581,26.0000000000001));
#5459=CARTESIAN_POINT('',(-75.8584726720909,-30.621927621581,25.0000000000001));
#5460=CARTESIAN_POINT('',(-75.7810030132691,-30.7090038398969,26.0000000000001));
#5461=CARTESIAN_POINT('',(-75.7810030132691,-30.7090038398969,25.0000000000001));
#5462=CARTESIAN_POINT('',(-75.7087399617243,-30.8001980563467,26.0000000000001));
#5463=CARTESIAN_POINT('',(-75.7087399617243,-30.8001980563467,25.0000000000001));
#5464=CARTESIAN_POINT('',(-75.6372296999603,-30.8904422703714,26.0000000000001));
#5465=CARTESIAN_POINT('',(-75.6372296999603,-30.8904422703714,25.0000000000001));
#5466=CARTESIAN_POINT('',(-75.5708181323598,-30.9847191321327,26.0000000000001));
#5467=CARTESIAN_POINT('',(-75.5708181323598,-30.9847191321327,25.0000000000001));
#5468=CARTESIAN_POINT('',(-75.5097811268093,-31.0823503731057,26.));
#5469=CARTESIAN_POINT('',(-75.5097811268093,-31.0823503731057,25.));
#5470=CARTESIAN_POINT('',(-75.450243688037,-31.1775829943534,26.));
#5471=CARTESIAN_POINT('',(-75.450243688037,-31.1775829943534,25.));
#5472=CARTESIAN_POINT('',(-75.395819969194,-31.2760071976623,26.));
#5473=CARTESIAN_POINT('',(-75.395819969194,-31.2760071976623,25.));
#5474=CARTESIAN_POINT('',(-75.3464283163349,-31.3768771891673,26.));
#5475=CARTESIAN_POINT('',(-75.3464283163349,-31.3768771891673,25.));
#5476=CARTESIAN_POINT('',(-75.3091588940775,-31.452990582603,26.));
#5477=CARTESIAN_POINT('',(-75.3091588940775,-31.452990582603,25.));
#5478=CARTESIAN_POINT('',(-75.2747546031167,-31.5304965460742,26.));
#5479=CARTESIAN_POINT('',(-75.2747546031167,-31.5304965460742,25.));
#5480=CARTESIAN_POINT('',(-75.2431441827591,-31.6091295836787,26.));
#5481=CARTESIAN_POINT('',(-75.2431441827591,-31.6091295836787,25.));
#5482=CARTESIAN_POINT('',(-75.203707411445,-31.707231193422,26.));
#5483=CARTESIAN_POINT('',(-75.203707411445,-31.707231193422,25.));
#5484=CARTESIAN_POINT('',(-75.1686192300016,-31.8070870659267,26.));
#5485=CARTESIAN_POINT('',(-75.1686192300016,-31.8070870659267,25.));
#5486=CARTESIAN_POINT('',(-75.1375976749094,-31.9081588193314,26.));
#5487=CARTESIAN_POINT('',(-75.1375976749094,-31.9081588193314,25.));
#5488=CARTESIAN_POINT('',(-75.0785914891362,-32.1004076811342,25.9999999999999));
#5489=CARTESIAN_POINT('',(-75.0785914891362,-32.1004076811342,24.9999999999999));
#5490=CARTESIAN_POINT('',(-75.0342983369072,-32.2970555938759,25.9999999999999));
#5491=CARTESIAN_POINT('',(-75.0342983369072,-32.2970555938759,24.9999999999999));
#5492=CARTESIAN_POINT('',(-75.0014612635552,-32.495475056603,25.9999999999999));
#5493=CARTESIAN_POINT('',(-75.0014612635552,-32.495475056603,24.9999999999999));
#5494=CARTESIAN_POINT('',(-74.9706455959077,-32.6816800862864,25.9999999999999));
#5495=CARTESIAN_POINT('',(-74.9706455959077,-32.6816800862864,24.9999999999999));
#5496=CARTESIAN_POINT('',(-74.9499189782062,-32.8694452707555,25.9999999999999));
#5497=CARTESIAN_POINT('',(-74.9499189782062,-32.8694452707555,24.9999999999999));
#5498=CARTESIAN_POINT('',(-74.9361587011165,-33.0576745783671,25.9999999999999));
#5499=CARTESIAN_POINT('',(-74.9361587011165,-33.0576745783671,24.9999999999999));
#5500=CARTESIAN_POINT('',(-74.9232039828286,-33.2348845021029,25.9999999999999));
#5501=CARTESIAN_POINT('',(-74.9232039828286,-33.2348845021029,24.9999999999999));
#5502=CARTESIAN_POINT('',(-74.9164238284897,-33.4125057979181,25.9999999999999));
#5503=CARTESIAN_POINT('',(-74.9164238284897,-33.4125057979181,24.9999999999999));
#5504=CARTESIAN_POINT('',(-74.9130227646445,-33.5901589562754,25.9999999999999));
#5505=CARTESIAN_POINT('',(-74.9130227646445,-33.5901589562754,24.9999999999999));
#5506=CARTESIAN_POINT('',(-74.9097152882534,-33.762923612812,25.9999999999999));
#5507=CARTESIAN_POINT('',(-74.9097152882534,-33.762923612812,24.9999999999999));
#5508=CARTESIAN_POINT('',(-74.9096034953526,-33.9357184024864,25.9999999999999));
#5509=CARTESIAN_POINT('',(-74.9096034953526,-33.9357184024864,24.9999999999999));
#5510=CARTESIAN_POINT('',(-74.9096034953526,-34.1085109809749,25.9999999999999));
#5511=CARTESIAN_POINT('',(-74.9096034953526,-34.1085109809749,24.9999999999999));
#5512=CARTESIAN_POINT('',(-91.0903965046487,-34.1085109809748,26.0000000000036));
#5513=CARTESIAN_POINT('',(-91.0903965046487,-34.1085109809748,25.0000000000036));
#5514=CARTESIAN_POINT('',(-91.0903965046487,-33.9357184024863,26.0000000000036));
#5515=CARTESIAN_POINT('',(-91.0903965046487,-33.9357184024863,25.0000000000036));
#5516=CARTESIAN_POINT('',(-91.0902858320772,-33.7629229131791,26.0000000000036));
#5517=CARTESIAN_POINT('',(-91.0902858320772,-33.7629229131791,25.0000000000036));
#5518=CARTESIAN_POINT('',(-91.086977893056,-33.5901585455282,26.0000000000036));
#5519=CARTESIAN_POINT('',(-91.086977893056,-33.5901585455282,25.0000000000036));
#5520=CARTESIAN_POINT('',(-91.0835763534902,-33.4125056842309,26.0000000000036));
#5521=CARTESIAN_POINT('',(-91.0835763534902,-33.4125056842309,25.0000000000036));
#5522=CARTESIAN_POINT('',(-91.076794049622,-33.2348857307272,26.0000000000036));
#5523=CARTESIAN_POINT('',(-91.076794049622,-33.2348857307272,25.0000000000036));
#5524=CARTESIAN_POINT('',(-91.063840158387,-33.057675290723,26.0000000000036));
#5525=CARTESIAN_POINT('',(-91.063840158387,-33.057675290723,25.0000000000036));
#5526=CARTESIAN_POINT('',(-91.0500807597785,-32.86944543474,26.0000000000036));
#5527=CARTESIAN_POINT('',(-91.0500807597785,-32.86944543474,25.0000000000036));
#5528=CARTESIAN_POINT('',(-91.0293583788336,-32.68167760499,26.0000000000036));
#5529=CARTESIAN_POINT('',(-91.0293583788336,-32.68167760499,25.0000000000036));
#5530=CARTESIAN_POINT('',(-90.9985405376001,-32.495473930752,26.0000000000036));
#5531=CARTESIAN_POINT('',(-90.9985405376001,-32.495473930752,25.0000000000036));
#5532=CARTESIAN_POINT('',(-90.9657011480821,-32.297055912383,26.0000000000036));
#5533=CARTESIAN_POINT('',(-90.9657011480821,-32.297055912383,25.0000000000036));
#5534=CARTESIAN_POINT('',(-90.9213984007669,-32.1004139868093,26.0000000000036));
#5535=CARTESIAN_POINT('',(-90.9213984007669,-32.1004139868093,25.0000000000036));
#5536=CARTESIAN_POINT('',(-90.8624020128527,-31.9081590341968,26.0000000000035));
#5537=CARTESIAN_POINT('',(-90.8624020128527,-31.9081590341968,25.0000000000035));
#5538=CARTESIAN_POINT('',(-90.8313856088277,-31.8070840786466,26.0000000000035));
#5539=CARTESIAN_POINT('',(-90.8313856088277,-31.8070840786466,25.0000000000035));
#5540=CARTESIAN_POINT('',(-90.7963079385874,-31.7072216656894,26.0000000000035));
#5541=CARTESIAN_POINT('',(-90.7963079385874,-31.7072216656894,25.0000000000035));
#5542=CARTESIAN_POINT('',(-90.7568705169254,-31.6091202393004,26.0000000000035));
#5543=CARTESIAN_POINT('',(-90.7568705169254,-31.6091202393004,25.0000000000035));
#5544=CARTESIAN_POINT('',(-90.7252595752835,-31.5304873486627,26.0000000000035));
#5545=CARTESIAN_POINT('',(-90.7252595752835,-31.5304873486627,25.0000000000035));
#5546=CARTESIAN_POINT('',(-90.6908475919944,-31.452985852052,26.0000000000035));
#5547=CARTESIAN_POINT('',(-90.6908475919944,-31.452985852052,25.0000000000035));
#5548=CARTESIAN_POINT('',(-90.6535729787759,-31.3768759142531,26.0000000000035));
#5549=CARTESIAN_POINT('',(-90.6535729787759,-31.3768759142531,25.0000000000035));
#5550=CARTESIAN_POINT('',(-90.6041744465467,-31.2760105023634,26.0000000000035));
#5551=CARTESIAN_POINT('',(-90.6041744465467,-31.2760105023634,25.0000000000035));
#5552=CARTESIAN_POINT('',(-90.5497482415163,-31.1775891026452,26.0000000000035));
#5553=CARTESIAN_POINT('',(-90.5497482415163,-31.1775891026452,25.0000000000035));
#5554=CARTESIAN_POINT('',(-90.4902132199002,-31.082355107248,26.0000000000035));
#5555=CARTESIAN_POINT('',(-90.4902132199002,-31.082355107248,25.0000000000035));
#5556=CARTESIAN_POINT('',(-90.4291786923868,-30.9847224575149,26.0000000000034));
#5557=CARTESIAN_POINT('',(-90.4291786923868,-30.9847224575149,25.0000000000034));
#5558=CARTESIAN_POINT('',(-90.3627747562782,-30.890439796154,26.0000000000034));
#5559=CARTESIAN_POINT('',(-90.3627747562782,-30.890439796154,25.0000000000034));
#5560=CARTESIAN_POINT('',(-90.2912660656693,-30.8001937781503,26.0000000000034));
#5561=CARTESIAN_POINT('',(-90.2912660656693,-30.8001937781503,25.0000000000034));
#5562=CARTESIAN_POINT('',(-90.2190046018191,-30.7089977387309,26.0000000000034));
#5563=CARTESIAN_POINT('',(-90.2190046018191,-30.7089977387309,25.0000000000034));
#5564=CARTESIAN_POINT('',(-90.1415303420888,-30.6219237776329,26.0000000000034));
#5565=CARTESIAN_POINT('',(-90.1415303420888,-30.6219237776329,25.0000000000034));
#5566=CARTESIAN_POINT('',(-90.0592551030657,-30.539651967673,26.0000000000034));
#5567=CARTESIAN_POINT('',(-90.0592551030657,-30.539651967673,25.0000000000034));
#5568=CARTESIAN_POINT('',(-89.9769798640427,-30.4573801577132,26.0000000000033));
#5569=CARTESIAN_POINT('',(-89.9769798640427,-30.4573801577132,25.0000000000033));
#5570=CARTESIAN_POINT('',(-89.8899036457268,-30.3799104988914,26.0000000000033));
#5571=CARTESIAN_POINT('',(-89.8899036457268,-30.3799104988914,25.0000000000033));
#5572=CARTESIAN_POINT('',(-89.7987094292769,-30.3076474473467,26.0000000000033));
#5573=CARTESIAN_POINT('',(-89.7987094292769,-30.3076474473467,25.0000000000033));
#5574=CARTESIAN_POINT('',(-89.7084652152522,-30.2361371855827,26.0000000000033));
#5575=CARTESIAN_POINT('',(-89.7084652152522,-30.2361371855827,25.0000000000033));
#5576=CARTESIAN_POINT('',(-89.6141883534907,-30.1697256179821,26.0000000000033));
#5577=CARTESIAN_POINT('',(-89.6141883534907,-30.1697256179821,25.0000000000033));
#5578=CARTESIAN_POINT('',(-89.5165571125176,-30.1086886124315,26.0000000000032));
#5579=CARTESIAN_POINT('',(-89.5165571125176,-30.1086886124315,25.0000000000032));
#5580=CARTESIAN_POINT('',(-89.42132449127,-30.0491511736593,26.0000000000032));
#5581=CARTESIAN_POINT('',(-89.42132449127,-30.0491511736593,25.0000000000032));
#5582=CARTESIAN_POINT('',(-89.3229002879614,-29.9947274548162,26.0000000000032));
#5583=CARTESIAN_POINT('',(-89.3229002879614,-29.9947274548162,25.0000000000032));
#5584=CARTESIAN_POINT('',(-89.2220302964565,-29.9453358019571,26.0000000000032));
#5585=CARTESIAN_POINT('',(-89.2220302964565,-29.9453358019571,25.0000000000032));
#5586=CARTESIAN_POINT('',(-89.1459169030207,-29.9080663796996,26.0000000000031));
#5587=CARTESIAN_POINT('',(-89.1459169030207,-29.9080663796996,25.0000000000031));
#5588=CARTESIAN_POINT('',(-89.0684109395495,-29.8736620887389,26.0000000000031));
#5589=CARTESIAN_POINT('',(-89.0684109395495,-29.8736620887389,25.0000000000031));
#5590=CARTESIAN_POINT('',(-88.9897779019449,-29.8420516683812,26.0000000000031));
#5591=CARTESIAN_POINT('',(-88.9897779019449,-29.8420516683812,25.0000000000031));
#5592=CARTESIAN_POINT('',(-88.8916762922016,-29.8026148970671,26.0000000000031));
#5593=CARTESIAN_POINT('',(-88.8916762922016,-29.8026148970671,25.0000000000031));
#5594=CARTESIAN_POINT('',(-88.7918204196969,-29.7675267156237,26.0000000000031));
#5595=CARTESIAN_POINT('',(-88.7918204196969,-29.7675267156237,25.0000000000031));
#5596=CARTESIAN_POINT('',(-88.6907486662921,-29.7365051605316,26.000000000003));
#5597=CARTESIAN_POINT('',(-88.6907486662921,-29.7365051605316,25.000000000003));
#5598=CARTESIAN_POINT('',(-88.4984998044894,-29.6774989747584,26.000000000003));
#5599=CARTESIAN_POINT('',(-88.4984998044894,-29.6774989747584,25.000000000003));
#5600=CARTESIAN_POINT('',(-88.3018518917477,-29.6332058225293,26.000000000003));
#5601=CARTESIAN_POINT('',(-88.3018518917477,-29.6332058225293,25.000000000003));
#5602=CARTESIAN_POINT('',(-88.1034324290206,-29.6003687491773,26.0000000000029));
#5603=CARTESIAN_POINT('',(-88.1034324290206,-29.6003687491773,25.0000000000029));
#5604=CARTESIAN_POINT('',(-87.9172273993372,-29.5695530815297,26.0000000000029));
#5605=CARTESIAN_POINT('',(-87.9172273993372,-29.5695530815297,25.0000000000029));
#5606=CARTESIAN_POINT('',(-87.729462214868,-29.5488264638284,26.0000000000028));
#5607=CARTESIAN_POINT('',(-87.729462214868,-29.5488264638284,25.0000000000028));
#5608=CARTESIAN_POINT('',(-87.5412329072563,-29.5350661867387,26.0000000000028));
#5609=CARTESIAN_POINT('',(-87.5412329072563,-29.5350661867387,25.0000000000028));
#5610=CARTESIAN_POINT('',(-87.3640229835205,-29.5221114684508,26.0000000000027));
#5611=CARTESIAN_POINT('',(-87.3640229835205,-29.5221114684508,25.0000000000027));
#5612=CARTESIAN_POINT('',(-87.1864016877052,-29.5153313141119,26.0000000000027));
#5613=CARTESIAN_POINT('',(-87.1864016877052,-29.5153313141119,25.0000000000027));
#5614=CARTESIAN_POINT('',(-87.008748529348,-29.5119302502667,26.0000000000027));
#5615=CARTESIAN_POINT('',(-87.008748529348,-29.5119302502667,25.0000000000027));
#5616=CARTESIAN_POINT('',(-86.8359838728115,-29.5086227738756,26.0000000000026));
#5617=CARTESIAN_POINT('',(-86.8359838728115,-29.5086227738756,25.0000000000026));
#5618=CARTESIAN_POINT('',(-86.6631890831373,-29.5085109809748,26.0000000000026));
#5619=CARTESIAN_POINT('',(-86.6631890831373,-29.5085109809748,25.0000000000026));
#5620=CARTESIAN_POINT('',(-86.4903965046488,-29.5085109809748,26.0000000000025));
#5621=CARTESIAN_POINT('',(-86.4903965046488,-29.5085109809748,25.0000000000025));
#5622=CARTESIAN_POINT('',(-103.000000000001,-34.9999999999999,25.5000000000063));
#5623=CARTESIAN_POINT('',(-103.000000000001,35.0000000000002,25.5000000000063));
#5624=CARTESIAN_POINT('',(-86.4903965046488,29.5085109809751,26.0000000000025));
#5625=CARTESIAN_POINT('',(-86.4903965046488,29.5085109809751,25.0000000000025));
#5626=CARTESIAN_POINT('',(-86.6631890831373,29.5085109809751,26.0000000000026));
#5627=CARTESIAN_POINT('',(-86.6631890831373,29.5085109809751,25.0000000000026));
#5628=CARTESIAN_POINT('',(-86.8359845724443,29.5086216535468,26.0000000000026));
#5629=CARTESIAN_POINT('',(-86.8359845724443,29.5086216535468,25.0000000000026));
#5630=CARTESIAN_POINT('',(-87.0087489400952,29.5119295925681,26.0000000000027));
#5631=CARTESIAN_POINT('',(-87.0087489400952,29.5119295925681,25.0000000000027));
#5632=CARTESIAN_POINT('',(-87.1864018013925,29.515331132134,26.0000000000027));
#5633=CARTESIAN_POINT('',(-87.1864018013925,29.515331132134,25.0000000000027));
#5634=CARTESIAN_POINT('',(-87.3640217548963,29.5221134360023,26.0000000000027));
#5635=CARTESIAN_POINT('',(-87.3640217548963,29.5221134360023,25.0000000000027));
#5636=CARTESIAN_POINT('',(-87.5412321949006,29.5350673272375,26.0000000000028));
#5637=CARTESIAN_POINT('',(-87.5412321949006,29.5350673272375,25.0000000000028));
#5638=CARTESIAN_POINT('',(-87.7294620508837,29.5488267258461,26.0000000000028));
#5639=CARTESIAN_POINT('',(-87.7294620508837,29.5488267258461,25.0000000000028));
#5640=CARTESIAN_POINT('',(-87.9172298806336,29.569549106791,26.0000000000029));
#5641=CARTESIAN_POINT('',(-87.9172298806336,29.569549106791,25.0000000000029));
#5642=CARTESIAN_POINT('',(-88.1034335548716,29.6003669480245,26.0000000000029));
#5643=CARTESIAN_POINT('',(-88.1034335548716,29.6003669480245,25.0000000000029));
#5644=CARTESIAN_POINT('',(-88.3018515732406,29.6332063375424,26.000000000003));
#5645=CARTESIAN_POINT('',(-88.3018515732406,29.6332063375424,25.000000000003));
#5646=CARTESIAN_POINT('',(-88.4984934988142,29.6775090848574,26.000000000003));
#5647=CARTESIAN_POINT('',(-88.4984934988142,29.6775090848574,25.000000000003));
#5648=CARTESIAN_POINT('',(-88.6907484514266,29.7365054727715,26.000000000003));
#5649=CARTESIAN_POINT('',(-88.6907484514266,29.7365054727715,25.000000000003));
#5650=CARTESIAN_POINT('',(-88.7918234069767,29.7675218767965,26.0000000000031));
#5651=CARTESIAN_POINT('',(-88.7918234069767,29.7675218767965,25.0000000000031));
#5652=CARTESIAN_POINT('',(-88.8916858199338,29.8025995470366,26.0000000000031));
#5653=CARTESIAN_POINT('',(-88.8916858199338,29.8025995470366,25.0000000000031));
#5654=CARTESIAN_POINT('',(-88.9897872463229,29.8420369686986,26.0000000000031));
#5655=CARTESIAN_POINT('',(-88.9897872463229,29.8420369686986,25.0000000000031));
#5656=CARTESIAN_POINT('',(-89.0684201369606,29.8736479103406,26.0000000000031));
#5657=CARTESIAN_POINT('',(-89.0684201369606,29.8736479103406,25.0000000000031));
#5658=CARTESIAN_POINT('',(-89.1459216335714,29.9080598936297,26.0000000000031));
#5659=CARTESIAN_POINT('',(-89.1459216335714,29.9080598936297,25.0000000000031));
#5660=CARTESIAN_POINT('',(-89.2220315713703,29.9453345068482,26.0000000000032));
#5661=CARTESIAN_POINT('',(-89.2220315713703,29.9453345068482,25.0000000000032));
#5662=CARTESIAN_POINT('',(-89.3228969832601,29.9947330390773,26.0000000000032));
#5663=CARTESIAN_POINT('',(-89.3228969832601,29.9947330390773,25.0000000000032));
#5664=CARTESIAN_POINT('',(-89.4213183829782,30.0491592441076,26.0000000000032));
#5665=CARTESIAN_POINT('',(-89.4213183829782,30.0491592441076,25.0000000000032));
#5666=CARTESIAN_POINT('',(-89.5165523783756,30.1086942657236,26.0000000000032));
#5667=CARTESIAN_POINT('',(-89.5165523783756,30.1086942657236,25.0000000000032));
#5668=CARTESIAN_POINT('',(-89.6141850281088,30.1697287932371,26.0000000000033));
#5669=CARTESIAN_POINT('',(-89.6141850281088,30.1697287932371,25.0000000000033));
#5670=CARTESIAN_POINT('',(-89.7084676894699,30.2361327293458,26.0000000000033));
#5671=CARTESIAN_POINT('',(-89.7084676894699,30.2361327293458,25.0000000000033));
#5672=CARTESIAN_POINT('',(-89.7987137074737,30.3076414199548,26.0000000000033));
#5673=CARTESIAN_POINT('',(-89.7987137074737,30.3076414199548,25.0000000000033));
#5674=CARTESIAN_POINT('',(-89.8899097468932,30.3799028838051,26.0000000000033));
#5675=CARTESIAN_POINT('',(-89.8899097468932,30.3799028838051,25.0000000000033));
#5676=CARTESIAN_POINT('',(-89.9769837079911,30.4573771435354,26.0000000000033));
#5677=CARTESIAN_POINT('',(-89.9769837079911,30.4573771435354,25.0000000000033));
#5678=CARTESIAN_POINT('',(-90.0592555179509,30.5396523825585,26.0000000000034));
#5679=CARTESIAN_POINT('',(-90.0592555179509,30.5396523825585,25.0000000000034));
#5680=CARTESIAN_POINT('',(-90.1415273279107,30.6219276215815,26.0000000000034));
#5681=CARTESIAN_POINT('',(-90.1415273279107,30.6219276215815,25.0000000000034));
#5682=CARTESIAN_POINT('',(-90.2189969867324,30.7090038398972,26.0000000000034));
#5683=CARTESIAN_POINT('',(-90.2189969867324,30.7090038398972,25.0000000000034));
#5684=CARTESIAN_POINT('',(-90.2912600382772,30.8001980563471,26.0000000000034));
#5685=CARTESIAN_POINT('',(-90.2912600382772,30.8001980563471,25.0000000000034));
#5686=CARTESIAN_POINT('',(-90.362770300041,30.8904422703717,26.0000000000034));
#5687=CARTESIAN_POINT('',(-90.362770300041,30.8904422703717,25.0000000000034));
#5688=CARTESIAN_POINT('',(-90.4291818676413,30.984719132133,26.0000000000034));
#5689=CARTESIAN_POINT('',(-90.4291818676413,30.984719132133,25.0000000000034));
#5690=CARTESIAN_POINT('',(-90.4902188731919,31.082350373106,26.0000000000035));
#5691=CARTESIAN_POINT('',(-90.4902188731919,31.082350373106,25.0000000000035));
#5692=CARTESIAN_POINT('',(-90.5497563119641,31.1775829943536,26.0000000000035));
#5693=CARTESIAN_POINT('',(-90.5497563119641,31.1775829943536,25.0000000000035));
#5694=CARTESIAN_POINT('',(-90.6041800308072,31.2760071976624,26.0000000000035));
#5695=CARTESIAN_POINT('',(-90.6041800308072,31.2760071976624,25.0000000000035));
#5696=CARTESIAN_POINT('',(-90.6535716836664,31.3768771891674,26.0000000000035));
#5697=CARTESIAN_POINT('',(-90.6535716836664,31.3768771891674,25.0000000000035));
#5698=CARTESIAN_POINT('',(-90.6908411059238,31.4529905826031,26.0000000000035));
#5699=CARTESIAN_POINT('',(-90.6908411059238,31.4529905826031,25.0000000000035));
#5700=CARTESIAN_POINT('',(-90.7252453968846,31.5304965460743,26.0000000000035));
#5701=CARTESIAN_POINT('',(-90.7252453968846,31.5304965460743,25.0000000000035));
#5702=CARTESIAN_POINT('',(-90.7568558172422,31.6091295836788,26.0000000000035));
#5703=CARTESIAN_POINT('',(-90.7568558172422,31.6091295836788,25.0000000000035));
#5704=CARTESIAN_POINT('',(-90.7962925885563,31.707231193422,26.0000000000035));
#5705=CARTESIAN_POINT('',(-90.7962925885563,31.707231193422,25.0000000000035));
#5706=CARTESIAN_POINT('',(-90.8313807699997,31.8070870659268,26.0000000000035));
#5707=CARTESIAN_POINT('',(-90.8313807699997,31.8070870659268,25.0000000000035));
#5708=CARTESIAN_POINT('',(-90.8624023250919,31.9081588193316,26.0000000000035));
#5709=CARTESIAN_POINT('',(-90.8624023250919,31.9081588193316,25.0000000000035));
#5710=CARTESIAN_POINT('',(-90.921408510865,32.1004076811344,26.0000000000036));
#5711=CARTESIAN_POINT('',(-90.921408510865,32.1004076811344,25.0000000000036));
#5712=CARTESIAN_POINT('',(-90.9657016630941,32.297055593876,26.0000000000036));
#5713=CARTESIAN_POINT('',(-90.9657016630941,32.297055593876,25.0000000000036));
#5714=CARTESIAN_POINT('',(-90.9985387364461,32.4954750566031,26.0000000000036));
#5715=CARTESIAN_POINT('',(-90.9985387364461,32.4954750566031,25.0000000000036));
#5716=CARTESIAN_POINT('',(-91.0293544040937,32.6816800862866,26.0000000000036));
#5717=CARTESIAN_POINT('',(-91.0293544040937,32.6816800862866,25.0000000000036));
#5718=CARTESIAN_POINT('',(-91.0500810217952,32.8694452707558,26.0000000000036));
#5719=CARTESIAN_POINT('',(-91.0500810217952,32.8694452707558,25.0000000000036));
#5720=CARTESIAN_POINT('',(-91.0638412988849,33.0576745783675,26.0000000000036));
#5721=CARTESIAN_POINT('',(-91.0638412988849,33.0576745783675,25.0000000000036));
#5722=CARTESIAN_POINT('',(-91.0767960171729,33.2348845021033,26.0000000000036));
#5723=CARTESIAN_POINT('',(-91.0767960171729,33.2348845021033,25.0000000000036));
#5724=CARTESIAN_POINT('',(-91.0835761715118,33.4125057979185,26.0000000000036));
#5725=CARTESIAN_POINT('',(-91.0835761715118,33.4125057979185,25.0000000000036));
#5726=CARTESIAN_POINT('',(-91.0869772353569,33.5901589562757,26.0000000000036));
#5727=CARTESIAN_POINT('',(-91.0869772353569,33.5901589562757,25.0000000000036));
#5728=CARTESIAN_POINT('',(-91.090284711748,33.7629236128123,26.0000000000036));
#5729=CARTESIAN_POINT('',(-91.090284711748,33.7629236128123,25.0000000000036));
#5730=CARTESIAN_POINT('',(-91.0903965046488,33.9357184024866,26.0000000000036));
#5731=CARTESIAN_POINT('',(-91.0903965046488,33.9357184024866,25.0000000000036));
#5732=CARTESIAN_POINT('',(-91.0903965046488,34.1085109809751,26.0000000000036));
#5733=CARTESIAN_POINT('',(-91.0903965046488,34.1085109809751,25.0000000000036));
#5734=CARTESIAN_POINT('',(-74.9096034953526,34.1085109809752,25.9999999999999));
#5735=CARTESIAN_POINT('',(-74.9096034953526,34.1085109809752,24.9999999999999));
#5736=CARTESIAN_POINT('',(-74.9096034953526,33.9357184024867,25.9999999999999));
#5737=CARTESIAN_POINT('',(-74.9096034953526,33.9357184024867,24.9999999999999));
#5738=CARTESIAN_POINT('',(-74.9097141679245,33.7629229131795,25.9999999999999));
#5739=CARTESIAN_POINT('',(-74.9097141679245,33.7629229131795,24.9999999999999));
#5740=CARTESIAN_POINT('',(-74.9130221069458,33.5901585455285,25.9999999999999));
#5741=CARTESIAN_POINT('',(-74.9130221069458,33.5901585455285,24.9999999999999));
#5742=CARTESIAN_POINT('',(-74.9164236465117,33.4125056842312,25.9999999999999));
#5743=CARTESIAN_POINT('',(-74.9164236465117,33.4125056842312,24.9999999999999));
#5744=CARTESIAN_POINT('',(-74.9232059503798,33.2348857307274,25.9999999999999));
#5745=CARTESIAN_POINT('',(-74.9232059503798,33.2348857307274,24.9999999999999));
#5746=CARTESIAN_POINT('',(-74.9361598416149,33.0576752907232,25.9999999999999));
#5747=CARTESIAN_POINT('',(-74.9361598416149,33.0576752907232,24.9999999999999));
#5748=CARTESIAN_POINT('',(-74.9499192402234,32.8694454347402,25.9999999999999));
#5749=CARTESIAN_POINT('',(-74.9499192402234,32.8694454347402,24.9999999999999));
#5750=CARTESIAN_POINT('',(-74.9706416211684,32.6816776049903,25.9999999999999));
#5751=CARTESIAN_POINT('',(-74.9706416211684,32.6816776049903,24.9999999999999));
#5752=CARTESIAN_POINT('',(-75.001459462402,32.4954739307523,25.9999999999999));
#5753=CARTESIAN_POINT('',(-75.001459462402,32.4954739307523,24.9999999999999));
#5754=CARTESIAN_POINT('',(-75.0342988519199,32.2970559123834,25.9999999999999));
#5755=CARTESIAN_POINT('',(-75.0342988519199,32.2970559123834,24.9999999999999));
#5756=CARTESIAN_POINT('',(-75.078601599235,32.1004139868097,25.9999999999999));
#5757=CARTESIAN_POINT('',(-75.078601599235,32.1004139868097,24.9999999999999));
#5758=CARTESIAN_POINT('',(-75.1375979871491,31.9081590341973,26.));
#5759=CARTESIAN_POINT('',(-75.1375979871491,31.9081590341973,25.));
#5760=CARTESIAN_POINT('',(-75.1686143911741,31.8070840786471,26.));
#5761=CARTESIAN_POINT('',(-75.1686143911741,31.8070840786471,25.));
#5762=CARTESIAN_POINT('',(-75.2036920614143,31.70722166569,26.));
#5763=CARTESIAN_POINT('',(-75.2036920614143,31.70722166569,25.));
#5764=CARTESIAN_POINT('',(-75.2431294830762,31.6091202393009,26.));
#5765=CARTESIAN_POINT('',(-75.2431294830762,31.6091202393009,25.));
#5766=CARTESIAN_POINT('',(-75.274740424718,31.5304873486633,26.));
#5767=CARTESIAN_POINT('',(-75.274740424718,31.5304873486633,25.));
#5768=CARTESIAN_POINT('',(-75.3091524080071,31.4529858520526,26.));
#5769=CARTESIAN_POINT('',(-75.3091524080071,31.4529858520526,25.));
#5770=CARTESIAN_POINT('',(-75.3464270212255,31.3768759142538,26.));
#5771=CARTESIAN_POINT('',(-75.3464270212255,31.3768759142538,25.));
#5772=CARTESIAN_POINT('',(-75.3958255534545,31.276010502364,26.));
#5773=CARTESIAN_POINT('',(-75.3958255534545,31.276010502364,25.));
#5774=CARTESIAN_POINT('',(-75.4502517584848,31.1775891026458,26.));
#5775=CARTESIAN_POINT('',(-75.4502517584848,31.1775891026458,25.));
#5776=CARTESIAN_POINT('',(-75.5097867801008,31.0823551072486,26.));
#5777=CARTESIAN_POINT('',(-75.5097867801008,31.0823551072486,25.));
#5778=CARTESIAN_POINT('',(-75.5708213076143,30.9847224575154,26.0000000000001));
#5779=CARTESIAN_POINT('',(-75.5708213076143,30.9847224575154,25.0000000000001));
#5780=CARTESIAN_POINT('',(-75.637225243723,30.8904397961544,26.0000000000001));
#5781=CARTESIAN_POINT('',(-75.637225243723,30.8904397961544,25.0000000000001));
#5782=CARTESIAN_POINT('',(-75.7087339343319,30.8001937781507,26.0000000000001));
#5783=CARTESIAN_POINT('',(-75.7087339343319,30.8001937781507,25.0000000000001));
#5784=CARTESIAN_POINT('',(-75.7809953981822,30.7089977387312,26.0000000000001));
#5785=CARTESIAN_POINT('',(-75.7809953981822,30.7089977387312,25.0000000000001));
#5786=CARTESIAN_POINT('',(-75.8584696579124,30.6219237776332,26.0000000000001));
#5787=CARTESIAN_POINT('',(-75.8584696579124,30.6219237776332,25.0000000000001));
#5788=CARTESIAN_POINT('',(-75.9407448969355,30.5396519676733,26.0000000000001));
#5789=CARTESIAN_POINT('',(-75.9407448969355,30.5396519676733,25.0000000000001));
#5790=CARTESIAN_POINT('',(-76.0230201359585,30.4573801577134,26.0000000000002));
#5791=CARTESIAN_POINT('',(-76.0230201359585,30.4573801577134,25.0000000000002));
#5792=CARTESIAN_POINT('',(-76.1100963542744,30.3799104988916,26.0000000000002));
#5793=CARTESIAN_POINT('',(-76.1100963542744,30.3799104988916,25.0000000000002));
#5794=CARTESIAN_POINT('',(-76.2012905707243,30.3076474473468,26.0000000000002));
#5795=CARTESIAN_POINT('',(-76.2012905707243,30.3076474473468,25.0000000000002));
#5796=CARTESIAN_POINT('',(-76.291534784749,30.2361371855829,26.0000000000002));
#5797=CARTESIAN_POINT('',(-76.291534784749,30.2361371855829,25.0000000000002));
#5798=CARTESIAN_POINT('',(-76.3858116465102,30.1697256179825,26.0000000000002));
#5799=CARTESIAN_POINT('',(-76.3858116465102,30.1697256179825,25.0000000000002));
#5800=CARTESIAN_POINT('',(-76.4834428874832,30.108688612432,26.0000000000003));
#5801=CARTESIAN_POINT('',(-76.4834428874832,30.108688612432,25.0000000000003));
#5802=CARTESIAN_POINT('',(-76.5786755087309,30.0491511736597,26.0000000000003));
#5803=CARTESIAN_POINT('',(-76.5786755087309,30.0491511736597,25.0000000000003));
#5804=CARTESIAN_POINT('',(-76.6770997120397,29.9947274548167,26.0000000000003));
#5805=CARTESIAN_POINT('',(-76.6770997120397,29.9947274548167,25.0000000000003));
#5806=CARTESIAN_POINT('',(-76.7779697035447,29.9453358019575,26.0000000000003));
#5807=CARTESIAN_POINT('',(-76.7779697035447,29.9453358019575,25.0000000000003));
#5808=CARTESIAN_POINT('',(-76.8540830969804,29.9080663797,26.0000000000004));
#5809=CARTESIAN_POINT('',(-76.8540830969804,29.9080663797,25.0000000000004));
#5810=CARTESIAN_POINT('',(-76.9315890604515,29.8736620887392,26.0000000000004));
#5811=CARTESIAN_POINT('',(-76.9315890604515,29.8736620887392,25.0000000000004));
#5812=CARTESIAN_POINT('',(-77.010222098056,29.8420516683815,26.0000000000004));
#5813=CARTESIAN_POINT('',(-77.010222098056,29.8420516683815,25.0000000000004));
#5814=CARTESIAN_POINT('',(-77.1083237077993,29.8026148970673,26.0000000000004));
#5815=CARTESIAN_POINT('',(-77.1083237077993,29.8026148970673,25.0000000000004));
#5816=CARTESIAN_POINT('',(-77.2081795803041,29.7675267156239,26.0000000000004));
#5817=CARTESIAN_POINT('',(-77.2081795803041,29.7675267156239,25.0000000000004));
#5818=CARTESIAN_POINT('',(-77.309251333709,29.7365051605317,26.0000000000005));
#5819=CARTESIAN_POINT('',(-77.309251333709,29.7365051605317,25.0000000000005));
#5820=CARTESIAN_POINT('',(-77.5015001955119,29.6774989747586,26.0000000000005));
#5821=CARTESIAN_POINT('',(-77.5015001955119,29.6774989747586,25.0000000000005));
#5822=CARTESIAN_POINT('',(-77.6981481082536,29.6332058225296,26.0000000000005));
#5823=CARTESIAN_POINT('',(-77.6981481082536,29.6332058225296,25.0000000000005));
#5824=CARTESIAN_POINT('',(-77.8965675709807,29.6003687491776,26.0000000000006));
#5825=CARTESIAN_POINT('',(-77.8965675709807,29.6003687491776,25.0000000000006));
#5826=CARTESIAN_POINT('',(-78.0827726006641,29.56955308153,26.0000000000006));
#5827=CARTESIAN_POINT('',(-78.0827726006641,29.56955308153,25.0000000000006));
#5828=CARTESIAN_POINT('',(-78.2705377851331,29.5488264638285,26.0000000000007));
#5829=CARTESIAN_POINT('',(-78.2705377851331,29.5488264638285,25.0000000000007));
#5830=CARTESIAN_POINT('',(-78.4587670927448,29.5350661867388,26.0000000000007));
#5831=CARTESIAN_POINT('',(-78.4587670927448,29.5350661867388,25.0000000000007));
#5832=CARTESIAN_POINT('',(-78.6359770164806,29.5221114684508,26.0000000000008));
#5833=CARTESIAN_POINT('',(-78.6359770164806,29.5221114684508,25.0000000000008));
#5834=CARTESIAN_POINT('',(-78.813598312296,29.515331314112,26.0000000000008));
#5835=CARTESIAN_POINT('',(-78.813598312296,29.515331314112,25.0000000000008));
#5836=CARTESIAN_POINT('',(-78.9912514706532,29.5119302502669,26.0000000000008));
#5837=CARTESIAN_POINT('',(-78.9912514706532,29.5119302502669,25.0000000000008));
#5838=CARTESIAN_POINT('',(-79.1640161271899,29.5086227738758,26.0000000000009));
#5839=CARTESIAN_POINT('',(-79.1640161271899,29.5086227738758,25.0000000000009));
#5840=CARTESIAN_POINT('',(-79.3368109168642,29.5085109809751,26.0000000000009));
#5841=CARTESIAN_POINT('',(-79.3368109168642,29.5085109809751,25.0000000000009));
#5842=CARTESIAN_POINT('',(-79.5096034953526,29.5085109809751,26.000000000001));
#5843=CARTESIAN_POINT('',(-79.5096034953526,29.5085109809751,25.000000000001));
#5844=CARTESIAN_POINT('',(-73.9075958677094,42.3979923723571,25.4999999999997));
#5845=CARTESIAN_POINT('',(-73.9075958677093,-42.3979923723568,26.9999999999999));
#5846=CARTESIAN_POINT('',(-92.0924041322916,-42.3979923723568,27.000000000002));
#5847=CARTESIAN_POINT('',(-92.0924041322915,42.3979923723571,27.000000000002));
#5848=CARTESIAN_POINT('',(-73.9075958677092,42.3979923723571,26.9999999999999));
#5849=CARTESIAN_POINT('',(-73.9075958677095,-42.3979923723567,25.4999999999997));
#5850=CARTESIAN_POINT('',(-73.922748507377,-43.3978775645219,25.9999999999997));
#5851=CARTESIAN_POINT('',(-73.922748507377,-43.3978775645219,24.9999999999997));
#5852=CARTESIAN_POINT('',(-73.8837713677961,-43.3984682388872,25.9999999999997));
#5853=CARTESIAN_POINT('',(-73.8837713677961,-43.3984682388872,24.9999999999997));
#5854=CARTESIAN_POINT('',(-73.8447906652304,-43.3988730002944,25.9999999999997));
#5855=CARTESIAN_POINT('',(-73.8447906652304,-43.3988730002944,24.9999999999997));
#5856=CARTESIAN_POINT('',(-73.8058100704694,-43.3991713468755,25.9999999999997));
#5857=CARTESIAN_POINT('',(-73.8058100704694,-43.3991713468755,24.9999999999997));
#5858=CARTESIAN_POINT('',(-73.7070747015301,-43.3999270398027,25.9999999999996));
#5859=CARTESIAN_POINT('',(-73.7070747015301,-43.3999270398027,24.9999999999996));
#5860=CARTESIAN_POINT('',(-73.6083400242419,-43.3999999999997,25.9999999999996));
#5861=CARTESIAN_POINT('',(-73.6083400242419,-43.3999999999997,24.9999999999996));
#5862=CARTESIAN_POINT('',(-73.5096034953525,-43.3999999999997,25.9999999999996));
#5863=CARTESIAN_POINT('',(-73.5096034953525,-43.3999999999997,24.9999999999996));
#5864=CARTESIAN_POINT('',(-92.0924041322918,-42.3979923723568,25.5000000000038));
#5865=CARTESIAN_POINT('',(-91.0925189401267,-42.4131450120236,26.0000000000036));
#5866=CARTESIAN_POINT('',(-91.0925189401267,-42.4131450120236,25.0000000000036));
#5867=CARTESIAN_POINT('',(-91.0919282657613,-42.374167872443,26.0000000000036));
#5868=CARTESIAN_POINT('',(-91.0919282657613,-42.374167872443,25.0000000000036));
#5869=CARTESIAN_POINT('',(-91.0915235043542,-42.3351871698775,26.0000000000036));
#5870=CARTESIAN_POINT('',(-91.0915235043542,-42.3351871698775,25.0000000000036));
#5871=CARTESIAN_POINT('',(-91.0912251577731,-42.2962065751169,26.0000000000036));
#5872=CARTESIAN_POINT('',(-91.0912251577731,-42.2962065751169,25.0000000000036));
#5873=CARTESIAN_POINT('',(-91.0904694648458,-42.1974712061775,26.0000000000036));
#5874=CARTESIAN_POINT('',(-91.0904694648458,-42.1974712061775,25.0000000000036));
#5875=CARTESIAN_POINT('',(-91.0903965046488,-42.0987365288893,26.0000000000036));
#5876=CARTESIAN_POINT('',(-91.0903965046488,-42.0987365288893,25.0000000000036));
#5877=CARTESIAN_POINT('',(-91.0903965046488,-41.9999999999998,26.0000000000036));
#5878=CARTESIAN_POINT('',(-91.0903965046488,-41.9999999999998,25.0000000000036));
#5879=CARTESIAN_POINT('',(-92.0924041322918,42.3979923723571,25.5000000000038));
#5880=CARTESIAN_POINT('',(-92.077251492624,43.3978775645223,26.0000000000038));
#5881=CARTESIAN_POINT('',(-92.077251492624,43.3978775645223,25.0000000000038));
#5882=CARTESIAN_POINT('',(-92.1162286322049,43.3984682388876,26.0000000000038));
#5883=CARTESIAN_POINT('',(-92.1162286322049,43.3984682388876,25.0000000000038));
#5884=CARTESIAN_POINT('',(-92.1552093347708,43.3988730002947,26.0000000000038));
#5885=CARTESIAN_POINT('',(-92.1552093347708,43.3988730002947,25.0000000000038));
#5886=CARTESIAN_POINT('',(-92.1941899295317,43.3991713468759,26.0000000000038));
#5887=CARTESIAN_POINT('',(-92.1941899295317,43.3991713468759,25.0000000000038));
#5888=CARTESIAN_POINT('',(-92.2929252984711,43.3999270398031,26.0000000000039));
#5889=CARTESIAN_POINT('',(-92.2929252984711,43.3999270398031,25.0000000000039));
#5890=CARTESIAN_POINT('',(-92.3916599757593,43.4000000000001,26.0000000000039));
#5891=CARTESIAN_POINT('',(-92.3916599757593,43.4000000000001,25.0000000000039));
#5892=CARTESIAN_POINT('',(-92.4903965046488,43.4000000000001,26.0000000000039));
#5893=CARTESIAN_POINT('',(-92.4903965046488,43.4000000000001,25.0000000000039));
#5894=CARTESIAN_POINT('',(-74.9074810598746,42.4131450120247,25.9999999999999));
#5895=CARTESIAN_POINT('',(-74.9074810598746,42.4131450120247,24.9999999999999));
#5896=CARTESIAN_POINT('',(-74.90807173424,42.3741678724439,25.9999999999999));
#5897=CARTESIAN_POINT('',(-74.90807173424,42.3741678724439,24.9999999999999));
#5898=CARTESIAN_POINT('',(-74.9084764956471,42.3351871698782,25.9999999999999));
#5899=CARTESIAN_POINT('',(-74.9084764956471,42.3351871698782,24.9999999999999));
#5900=CARTESIAN_POINT('',(-74.9087748422283,42.2962065751174,25.9999999999999));
#5901=CARTESIAN_POINT('',(-74.9087748422283,42.2962065751174,24.9999999999999));
#5902=CARTESIAN_POINT('',(-74.9095305351555,42.1974712061779,25.9999999999999));
#5903=CARTESIAN_POINT('',(-74.9095305351555,42.1974712061779,24.9999999999999));
#5904=CARTESIAN_POINT('',(-74.9096034953526,42.0987365288897,25.9999999999999));
#5905=CARTESIAN_POINT('',(-74.9096034953526,42.0987365288897,24.9999999999999));
#5906=CARTESIAN_POINT('',(-74.9096034953526,42.0000000000002,25.9999999999999));
#5907=CARTESIAN_POINT('',(-74.9096034953526,42.0000000000002,24.9999999999999));
#5908=CARTESIAN_POINT('',(-73.9227524439259,43.3988533104315,28.0000000000001));
#5909=CARTESIAN_POINT('',(-73.509603495352,43.3999999999999,28.0000000000024));
#5910=CARTESIAN_POINT('',(-63.,-43.3999999999999,28.));
#5911=CARTESIAN_POINT('',(-74.9096034953519,-42.,28.));
#5912=CARTESIAN_POINT('',(-91.0903965046481,-34.1085109809748,28.));
#5913=CARTESIAN_POINT('',(-92.4903965046482,-43.4,28.));
#5914=CARTESIAN_POINT('',(-103.,43.4,28.0000000000024));
#5915=CARTESIAN_POINT('',(-91.0903965046481,42.0000000000001,28.));
#5916=CARTESIAN_POINT('',(-74.9096034953519,34.1085109809751,28.));
#5917=CARTESIAN_POINT('',(-74.9101236058571,-42.0000020983342,28.0000000000002));
#5918=CARTESIAN_POINT('',(-92.4903944063141,-43.4005201105042,28.0000000000002));
#5919=CARTESIAN_POINT('',(-91.0898763941443,42.0000020983343,28.));
#5920=CARTESIAN_POINT('',(-113.,45.,28.));
#5921=CARTESIAN_POINT('',(-86.4903965046483,29.508510980975,28.0000000000002));
#5922=CARTESIAN_POINT('',(-83.8,27.508510980975,25.0000000000013));
#5923=CARTESIAN_POINT('',(-83.8,28.308510980975,25.0000000000013));
#5924=CARTESIAN_POINT('',(-83.8,29.108510980975,25.0000000000013));
#5925=CARTESIAN_POINT('',(-84.2,29.508510980975,25.0000000000013));
#5926=CARTESIAN_POINT('',(-85.,29.508510980975,25.0000000000013));
#5927=CARTESIAN_POINT('',(-85.8,29.508510980975,25.0000000000013));
#5928=CARTESIAN_POINT('',(-83.8,27.508510980975,28.));
#5929=CARTESIAN_POINT('',(-83.8,28.308510980975,28.));
#5930=CARTESIAN_POINT('',(-83.8,29.108510980975,28.));
#5931=CARTESIAN_POINT('',(-84.2,29.508510980975,28.));
#5932=CARTESIAN_POINT('',(-85.,29.508510980975,28.));
#5933=CARTESIAN_POINT('',(-85.8,29.508510980975,28.));
#5934=CARTESIAN_POINT('',(-80.2,29.508510980975,28.0000000000002));
#5935=CARTESIAN_POINT('',(-82.2,27.508510980975,28.));
#5936=CARTESIAN_POINT('',(-82.2,28.308510980975,28.));
#5937=CARTESIAN_POINT('',(-82.2,29.108510980975,28.));
#5938=CARTESIAN_POINT('',(-81.8,29.508510980975,28.));
#5939=CARTESIAN_POINT('',(-81.,29.508510980975,28.));
#5940=CARTESIAN_POINT('',(-80.2,29.508510980975,28.));
#5941=CARTESIAN_POINT('',(-82.2,27.508510980975,25.0000000000014));
#5942=CARTESIAN_POINT('',(-82.2,28.308510980975,25.0000000000014));
#5943=CARTESIAN_POINT('',(-82.2,29.108510980975,25.0000000000014));
#5944=CARTESIAN_POINT('',(-81.8,29.508510980975,25.0000000000014));
#5945=CARTESIAN_POINT('',(-81.,29.508510980975,25.0000000000014));
#5946=CARTESIAN_POINT('',(-80.2,29.508510980975,25.0000000000014));
#5947=CARTESIAN_POINT('',(-85.7999999999993,-29.5085109809749,28.0000000000001));
#5948=CARTESIAN_POINT('',(-79.509603495352,-29.5085109809749,28.));
#5949=CARTESIAN_POINT('',(-82.2,-27.5085109809749,25.0000000000006));
#5950=CARTESIAN_POINT('',(-82.2,-28.3085109809749,25.0000000000006));
#5951=CARTESIAN_POINT('',(-82.2,-29.1085109809749,25.0000000000006));
#5952=CARTESIAN_POINT('',(-81.8,-29.5085109809749,25.0000000000007));
#5953=CARTESIAN_POINT('',(-81.,-29.5085109809749,25.0000000000007));
#5954=CARTESIAN_POINT('',(-80.2,-29.5085109809749,25.0000000000007));
#5955=CARTESIAN_POINT('',(-82.2,-27.5085109809749,27.9999999999999));
#5956=CARTESIAN_POINT('',(-82.2,-28.3085109809749,27.9999999999999));
#5957=CARTESIAN_POINT('',(-82.2,-29.1085109809749,27.9999999999999));
#5958=CARTESIAN_POINT('',(-81.8,-29.5085109809749,28.0000000000001));
#5959=CARTESIAN_POINT('',(-81.,-29.5085109809749,28.0000000000001));
#5960=CARTESIAN_POINT('',(-80.2,-29.5085109809749,28.0000000000001));
#5961=CARTESIAN_POINT('',(-83.8,-27.508510980975,28.));
#5962=CARTESIAN_POINT('',(-83.8,-28.308510980975,28.));
#5963=CARTESIAN_POINT('',(-83.8,-29.1085109809751,28.));
#5964=CARTESIAN_POINT('',(-84.2000000000001,-29.508510980975,28.));
#5965=CARTESIAN_POINT('',(-85.,-29.508510980975,28.));
#5966=CARTESIAN_POINT('',(-85.8,-29.508510980975,28.));
#5967=CARTESIAN_POINT('',(-83.8,-27.508510980975,25.000000000002));
#5968=CARTESIAN_POINT('',(-83.8,-28.3085109809751,25.000000000002));
#5969=CARTESIAN_POINT('',(-83.8,-29.1085109809751,25.000000000002));
#5970=CARTESIAN_POINT('',(-84.2000000000001,-29.508510980975,25.0000000000021));
#5971=CARTESIAN_POINT('',(-85.,-29.508510980975,25.0000000000021));
#5972=CARTESIAN_POINT('',(-85.8,-29.508510980975,25.0000000000021));
#5973=CARTESIAN_POINT('',(-54.2,-19.8068535938088,24.));
#5974=CARTESIAN_POINT('',(-53.,19.1135011312552,25.2828427124746));
#5975=CARTESIAN_POINT('',(-53.,19.1135011312552,25.2497056274847));
#5976=CARTESIAN_POINT('',(-53.,19.1135011312552,25.2165685424949));
#5977=CARTESIAN_POINT('',(-53.0117157287526,19.1135011312553,25.1882842712474));
#5978=CARTESIAN_POINT('',(-53.0351471862577,19.1135011312553,25.1648528137423));
#5979=CARTESIAN_POINT('',(-53.0585786437627,19.1135011312553,25.1414213562373));
#5980=CARTESIAN_POINT('',(-53.,-19.1135011312552,25.2828427124746));
#5981=CARTESIAN_POINT('',(-53.,-19.1135011312552,25.2497056274847));
#5982=CARTESIAN_POINT('',(-53.,-19.1135011312552,25.2165685424949));
#5983=CARTESIAN_POINT('',(-53.0117157287526,-19.1135011312552,25.1882842712474));
#5984=CARTESIAN_POINT('',(-53.0351471862577,-19.1135011312552,25.1648528137423));
#5985=CARTESIAN_POINT('',(-53.0585786437627,-19.1135011312552,25.1414213562373));
#5986=CARTESIAN_POINT('',(-111.67718878296,43.4000000000002,25.0000000000083));
#5987=CARTESIAN_POINT('',(-111.4,10.8,28.));
#5988=CARTESIAN_POINT('',(-83.8,27.508510980975,25.0000000000016));
#5989=CARTESIAN_POINT('',(-101.4,0.799999999999996,25.0000000000016));
#5990=CARTESIAN_POINT('',(-93.799999992051,0.799999999999995,25.0000000000016));
#5991=CARTESIAN_POINT('',(-89.7999999920509,0.799999999999995,25.0000000000016));
#5992=CARTESIAN_POINT('',(-85.7999999920509,0.799999999999995,25.0000000000016));
#5993=CARTESIAN_POINT('',(-83.7999999999997,2.80000000635903,25.0000000000016));
#5994=CARTESIAN_POINT('',(-83.7999999999997,6.80000000317953,25.0000000000016));
#5995=CARTESIAN_POINT('',(-83.7999999999997,10.8,25.0000000000016));
#5996=CARTESIAN_POINT('',(-93.799999992051,0.799999999999995,28.0000000000001));
#5997=CARTESIAN_POINT('',(-89.799999992051,0.799999999999995,28.0000000000001));
#5998=CARTESIAN_POINT('',(-85.7999999920509,0.799999999999995,28.0000000000001));
#5999=CARTESIAN_POINT('',(-83.7999999999997,2.80000000635903,28.));
#6000=CARTESIAN_POINT('',(-83.7999999999997,6.80000000317953,28.));
#6001=CARTESIAN_POINT('',(-83.7999999999997,10.8,28.));
#6002=CARTESIAN_POINT('',(-101.4,0.799999999999995,25.0000000000015));
#6003=CARTESIAN_POINT('',(-101.4,0.799999999999995,27.9999999999999));
#6004=CARTESIAN_POINT('',(-105.4,0.799999999999995,25.0000000000015));
#6005=CARTESIAN_POINT('',(-105.4,0.799999999999995,27.9999999999999));
#6006=CARTESIAN_POINT('',(-109.4,0.799999999999995,25.0000000000015));
#6007=CARTESIAN_POINT('',(-109.4,0.799999999999995,27.9999999999999));
#6008=CARTESIAN_POINT('',(-111.4,2.79999999999999,25.0000000000017));
#6009=CARTESIAN_POINT('',(-111.4,2.79999999999999,28.));
#6010=CARTESIAN_POINT('',(-111.4,6.79999999999997,25.0000000000017));
#6011=CARTESIAN_POINT('',(-111.4,6.79999999999997,28.));
#6012=CARTESIAN_POINT('',(-111.4,10.8,25.0000000000017));
#6013=CARTESIAN_POINT('',(-111.4,10.8,28.));
#6014=CARTESIAN_POINT('',(-82.4771887829593,-0.7573974016339,25.0000000000016));
#6015=CARTESIAN_POINT('',(-54.6,-10.8,28.));
#6016=CARTESIAN_POINT('',(-111.67718878296,-0.7573974016339,25.0000000000083));
#6017=CARTESIAN_POINT('',(-82.4771887829596,43.4000000000001,25.0000000000016));
#6018=CARTESIAN_POINT('',(-82.2,-27.5085109809749,25.0000000000017));
#6019=CARTESIAN_POINT('',(-82.2000000000001,27.508510980975,25.0000000000017));
#6020=CARTESIAN_POINT('',(-83.8,-27.508510980975,25.0000000000019));
#6021=CARTESIAN_POINT('',(-111.4,-10.8,25.0000000000042));
#6022=CARTESIAN_POINT('',(-72.2000000000001,0.800000000000019,25.0000000000022));
#6023=CARTESIAN_POINT('',(-72.2000000000001,0.800000000000019,27.9999999999999));
#6024=CARTESIAN_POINT('',(-76.2000000000001,0.800000000000019,25.0000000000022));
#6025=CARTESIAN_POINT('',(-76.2000000000001,0.800000000000019,27.9999999999999));
#6026=CARTESIAN_POINT('',(-80.2000000000001,0.800000000000019,25.0000000000022));
#6027=CARTESIAN_POINT('',(-80.2000000000001,0.800000000000019,27.9999999999999));
#6028=CARTESIAN_POINT('',(-82.2000000000007,2.79999999999956,25.0000000000024));
#6029=CARTESIAN_POINT('',(-82.2000000000007,2.79999999999956,28.0000000000001));
#6030=CARTESIAN_POINT('',(-82.2000000000007,6.7999999999998,25.0000000000024));
#6031=CARTESIAN_POINT('',(-82.2000000000007,6.7999999999998,28.0000000000001));
#6032=CARTESIAN_POINT('',(-82.2000000000007,10.8,25.0000000000024));
#6033=CARTESIAN_POINT('',(-82.2000000000007,10.8,28.0000000000001));
#6034=CARTESIAN_POINT('',(-72.2000000000001,0.800000000000018,25.0000000000025));
#6035=CARTESIAN_POINT('',(-64.5999999999997,0.800000000000018,28.));
#6036=CARTESIAN_POINT('',(-64.5999999999997,0.800000000000018,25.0000000000014));
#6037=CARTESIAN_POINT('',(-60.5999999999996,0.800000000000018,28.));
#6038=CARTESIAN_POINT('',(-60.5999999999996,0.800000000000018,25.0000000000014));
#6039=CARTESIAN_POINT('',(-56.5999999999996,0.800000000000018,28.));
#6040=CARTESIAN_POINT('',(-56.5999999999996,0.800000000000018,25.0000000000014));
#6041=CARTESIAN_POINT('',(-54.5999999999997,2.80000000000013,28.));
#6042=CARTESIAN_POINT('',(-54.5999999999997,2.80000000000014,25.0000000000014));
#6043=CARTESIAN_POINT('',(-54.5999999999997,6.8000000000001,28.));
#6044=CARTESIAN_POINT('',(-54.5999999999997,6.8000000000001,25.0000000000014));
#6045=CARTESIAN_POINT('',(-54.5999999999997,10.8000000000001,28.));
#6046=CARTESIAN_POINT('',(-54.5999999999997,10.8000000000001,25.0000000000014));
#6047=CARTESIAN_POINT('',(-64.5999999999999,-0.799999999999997,25.0000000000025));
#6048=CARTESIAN_POINT('',(-64.5999999999996,-0.799999999999997,24.9999999999989));
#6049=CARTESIAN_POINT('',(-64.5999999999996,-0.799999999999997,28.));
#6050=CARTESIAN_POINT('',(-60.5999999999997,-0.799999999999997,24.9999999999989));
#6051=CARTESIAN_POINT('',(-60.5999999999997,-0.799999999999997,28.));
#6052=CARTESIAN_POINT('',(-56.5999999999997,-0.799999999999997,24.9999999999989));
#6053=CARTESIAN_POINT('',(-56.5999999999997,-0.799999999999997,28.));
#6054=CARTESIAN_POINT('',(-54.5999999999999,-2.80000000000017,24.9999999999989));
#6055=CARTESIAN_POINT('',(-54.5999999999999,-2.80000000000017,28.0000000000001));
#6056=CARTESIAN_POINT('',(-54.5999999999999,-6.80000000000006,24.9999999999989));
#6057=CARTESIAN_POINT('',(-54.5999999999999,-6.80000000000006,28.0000000000001));
#6058=CARTESIAN_POINT('',(-54.5999999999999,-10.8,24.9999999999989));
#6059=CARTESIAN_POINT('',(-54.5999999999999,-10.8,28.0000000000001));
#6060=CARTESIAN_POINT('',(-72.2,-0.799999999999998,25.0000000000022));
#6061=CARTESIAN_POINT('',(-76.2,-0.799999999999998,25.0000000000022));
#6062=CARTESIAN_POINT('',(-80.2,-0.799999999999998,25.0000000000022));
#6063=CARTESIAN_POINT('',(-82.2,-2.79999999999997,25.0000000000022));
#6064=CARTESIAN_POINT('',(-82.2,-6.79999999999997,25.0000000000022));
#6065=CARTESIAN_POINT('',(-82.2,-10.8,25.0000000000022));
#6066=CARTESIAN_POINT('',(-72.2,-0.799999999999998,28.));
#6067=CARTESIAN_POINT('',(-76.2,-0.799999999999998,28.));
#6068=CARTESIAN_POINT('',(-80.2,-0.799999999999998,28.));
#6069=CARTESIAN_POINT('',(-82.2,-2.79999999999997,28.0000000000001));
#6070=CARTESIAN_POINT('',(-82.2,-6.79999999999997,28.0000000000001));
#6071=CARTESIAN_POINT('',(-82.2,-10.8,28.0000000000001));
#6072=CARTESIAN_POINT('',(-93.8,-0.799999999999997,25.0000000000024));
#6073=CARTESIAN_POINT('',(-93.8,-0.799999999999997,28.));
#6074=CARTESIAN_POINT('',(-89.8,-0.799999999999997,25.0000000000024));
#6075=CARTESIAN_POINT('',(-89.8,-0.799999999999997,28.));
#6076=CARTESIAN_POINT('',(-85.8,-0.799999999999997,25.0000000000024));
#6077=CARTESIAN_POINT('',(-85.8,-0.799999999999997,28.));
#6078=CARTESIAN_POINT('',(-83.8000000000002,-2.80000000000012,25.0000000000024));
#6079=CARTESIAN_POINT('',(-83.8000000000002,-2.80000000000012,28.));
#6080=CARTESIAN_POINT('',(-83.8000000000002,-6.80000000000005,25.0000000000024));
#6081=CARTESIAN_POINT('',(-83.8000000000002,-6.80000000000004,28.));
#6082=CARTESIAN_POINT('',(-83.8000000000002,-10.8,25.0000000000024));
#6083=CARTESIAN_POINT('',(-83.8000000000002,-10.8,28.));
#6084=CARTESIAN_POINT('',(-93.8,-0.799999999999997,25.0000000000025));
#6085=CARTESIAN_POINT('',(-101.4,-0.799999999999996,28.));
#6086=CARTESIAN_POINT('',(-101.4,-0.799999999999996,25.0000000000033));
#6087=CARTESIAN_POINT('',(-105.4,-0.799999999999996,28.));
#6088=CARTESIAN_POINT('',(-105.4,-0.799999999999996,25.0000000000033));
#6089=CARTESIAN_POINT('',(-109.4,-0.799999999999996,28.));
#6090=CARTESIAN_POINT('',(-109.4,-0.799999999999996,25.0000000000033));
#6091=CARTESIAN_POINT('',(-111.400000000001,-2.79999999999962,28.));
#6092=CARTESIAN_POINT('',(-111.400000000001,-2.79999999999963,25.0000000000033));
#6093=CARTESIAN_POINT('',(-111.400000000001,-6.79999999999982,28.));
#6094=CARTESIAN_POINT('',(-111.400000000001,-6.79999999999982,25.0000000000033));
#6095=CARTESIAN_POINT('',(-111.400000000001,-10.8,28.));
#6096=CARTESIAN_POINT('',(-111.400000000001,-10.8,25.0000000000033));
#6097=CARTESIAN_POINT('',(-53.,-19.1578491024318,24.8043646286724));
#6098=CARTESIAN_POINT('',(-53.,-19.1135011312552,25.2828427124746));
#6099=CARTESIAN_POINT('',(-53.3956353713276,-19.1135011312552,24.9299530275122));
#6100=CARTESIAN_POINT('',(-53.3956353713276,-19.1135011312552,24.9017033028012));
#6101=CARTESIAN_POINT('',(-53.3956353713276,-19.1135011312552,24.8734535780901));
#6102=CARTESIAN_POINT('',(-53.3956353713276,-19.1223707254905,24.8483358983222));
#6103=CARTESIAN_POINT('',(-53.3956353713276,-19.1401099139612,24.8263502634973));
#6104=CARTESIAN_POINT('',(-53.3956353713276,-19.1578491024318,24.8043646286724));
#6105=CARTESIAN_POINT('',(-53.,-19.1135011312552,24.9299530275122));
#6106=CARTESIAN_POINT('',(-53.,-19.1135011312552,24.9017033028012));
#6107=CARTESIAN_POINT('',(-53.,-19.1135011312552,24.8734535780901));
#6108=CARTESIAN_POINT('',(-53.,-19.1223707254905,24.8483358983222));
#6109=CARTESIAN_POINT('',(-53.,-19.1401099139612,24.8263502634973));
#6110=CARTESIAN_POINT('',(-53.,-19.1578491024318,24.8043646286724));
#6111=CARTESIAN_POINT('',(-53.,19.1578491024318,24.8043646286724));
#6112=CARTESIAN_POINT('',(-53.,19.1135011312553,25.2828427124746));
#6113=CARTESIAN_POINT('',(-53.3956353713276,19.1135011312553,24.9299530275122));
#6114=CARTESIAN_POINT('',(-53.,19.1135011312553,24.9299530275122));
#6115=CARTESIAN_POINT('',(-53.3956353713276,19.1135011312553,24.9017033028012));
#6116=CARTESIAN_POINT('',(-53.,19.1135011312553,24.9017033028012));
#6117=CARTESIAN_POINT('',(-53.3956353713276,19.1135011312553,24.8734535780901));
#6118=CARTESIAN_POINT('',(-53.,19.1135011312553,24.8734535780901));
#6119=CARTESIAN_POINT('',(-53.3956353713276,19.1223707254906,24.8483358983222));
#6120=CARTESIAN_POINT('',(-53.,19.1223707254906,24.8483358983222));
#6121=CARTESIAN_POINT('',(-53.3956353713276,19.1401099139612,24.8263502634973));
#6122=CARTESIAN_POINT('',(-53.,19.1401099139612,24.8263502634973));
#6123=CARTESIAN_POINT('',(-53.3956353713276,19.1578491024318,24.8043646286724));
#6124=CARTESIAN_POINT('',(-53.,19.1578491024318,24.8043646286724));
#6125=CARTESIAN_POINT('',(-54.5999999999997,10.8,24.9999999999953));
#6126=CARTESIAN_POINT('',(-113.,-19.1578491024318,24.8043646286724));
#6127=CARTESIAN_POINT('',(-113.,-19.1135011312552,25.2828427124746));
#6128=CARTESIAN_POINT('',(-112.604364628672,-19.1135011312552,24.9299530275122));
#6129=CARTESIAN_POINT('',(-113.,-19.1135011312552,24.9299530275122));
#6130=CARTESIAN_POINT('',(-112.604364628672,-19.1135011312552,24.9017033028012));
#6131=CARTESIAN_POINT('',(-113.,-19.1135011312552,24.9017033028012));
#6132=CARTESIAN_POINT('',(-112.604364628672,-19.1135011312552,24.8734535780901));
#6133=CARTESIAN_POINT('',(-113.,-19.1135011312552,24.8734535780901));
#6134=CARTESIAN_POINT('',(-112.604364628672,-19.1223707254905,24.8483358983222));
#6135=CARTESIAN_POINT('',(-113.,-19.1223707254905,24.8483358983222));
#6136=CARTESIAN_POINT('',(-112.604364628672,-19.1401099139612,24.8263502634973));
#6137=CARTESIAN_POINT('',(-113.,-19.1401099139612,24.8263502634973));
#6138=CARTESIAN_POINT('',(-112.604364628672,-19.1578491024318,24.8043646286724));
#6139=CARTESIAN_POINT('',(-113.,-19.1578491024318,24.8043646286724));
#6140=CARTESIAN_POINT('',(-113.,19.1578491024318,24.8043646286724));
#6141=CARTESIAN_POINT('',(-113.,19.1135011312553,25.2828427124746));
#6142=CARTESIAN_POINT('',(-112.604364628672,19.1135011312553,24.9299530275122));
#6143=CARTESIAN_POINT('',(-112.604364628672,19.1135011312553,24.9017033028012));
#6144=CARTESIAN_POINT('',(-112.604364628672,19.1135011312553,24.8734535780901));
#6145=CARTESIAN_POINT('',(-112.604364628672,19.1223707254906,24.8483358983222));
#6146=CARTESIAN_POINT('',(-112.604364628672,19.1401099139612,24.8263502634973));
#6147=CARTESIAN_POINT('',(-112.604364628672,19.1578491024318,24.8043646286724));
#6148=CARTESIAN_POINT('',(-113.,19.1135011312553,24.9299530275122));
#6149=CARTESIAN_POINT('',(-113.,19.1135011312553,24.9017033028012));
#6150=CARTESIAN_POINT('',(-113.,19.1135011312553,24.8734535780901));
#6151=CARTESIAN_POINT('',(-113.,19.1223707254906,24.8483358983222));
#6152=CARTESIAN_POINT('',(-113.,19.1401099139612,24.8263502634973));
#6153=CARTESIAN_POINT('',(-113.,19.1578491024318,24.8043646286724));
#6154=CARTESIAN_POINT('',(-112.941421356237,-19.8068535938088,25.1414213562373));
#6155=CARTESIAN_POINT('',(-113.,-19.1135011312552,25.2828427124746));
#6156=CARTESIAN_POINT('',(-113.,-19.1135011312552,25.2497056274848));
#6157=CARTESIAN_POINT('',(-113.,-19.1135011312552,25.2165685424949));
#6158=CARTESIAN_POINT('',(-112.988284271247,-19.1135011312552,25.1882842712475));
#6159=CARTESIAN_POINT('',(-112.964852813742,-19.1135011312552,25.1648528137424));
#6160=CARTESIAN_POINT('',(-112.941421356237,-19.1135011312552,25.1414213562373));
#6161=CARTESIAN_POINT('',(-113.,19.1135011312553,25.2828427124746));
#6162=CARTESIAN_POINT('',(-113.,19.1135011312553,25.2497056274848));
#6163=CARTESIAN_POINT('',(-113.,19.1135011312553,25.2165685424949));
#6164=CARTESIAN_POINT('',(-112.988284271247,19.1135011312553,25.1882842712475));
#6165=CARTESIAN_POINT('',(-112.964852813742,19.1135011312553,25.1648528137424));
#6166=CARTESIAN_POINT('',(-112.941421356237,19.1135011312553,25.1414213562373));
#6167=CARTESIAN_POINT('',(-53.,34.9999999999999,23.9999999999999));
#6168=CARTESIAN_POINT('',(-113.,-34.9999999999999,23.9999999999999));
#6169=CARTESIAN_POINT('',(-79.937298019652,-43.9999999999999,24.));
#6170=CARTESIAN_POINT('',(-86.0627019803479,-42.72150171207,24.));
#6171=CARTESIAN_POINT('',(-73.5096034953517,-31.1085109809749,25.));
#6172=CARTESIAN_POINT('',(-92.4903965046482,31.108510980975,25.));
#6173=CARTESIAN_POINT('',(-86.0627019803479,42.72150171207,24.));
#6174=CARTESIAN_POINT('',(-53.,-45.,24.));
#6175=CARTESIAN_POINT('',(-86.062701980348,44.,24.));
#6176=CARTESIAN_POINT('',(-79.937298019652,42.72150171207,24.));
#6177=CARTESIAN_POINT('',(-79.937298019652,-42.72150171207,25.));
#6178=CARTESIAN_POINT('',(-79.937298019652,-42.72150171207,24.));
#6179=CARTESIAN_POINT('',(-86.0627019803479,-42.72150171207,24.));
#6180=CARTESIAN_POINT('',(-86.0627019803479,-42.72150171207,25.));
#6181=CARTESIAN_POINT('',(-113.,19.8068535938088,24.));
#6182=CARTESIAN_POINT('',(-113.,19.1135011312553,24.9299530275122));
#6183=CARTESIAN_POINT('',(-113.,19.1578491024318,24.8043646286724));
#6184=CARTESIAN_POINT('',(-113.,-19.8068535938088,24.));
#6185=CARTESIAN_POINT('',(-113.,-19.1135011312552,24.9299530275122));
#6186=CARTESIAN_POINT('',(-113.,-19.1578491024318,24.8043646286724));
#6187=CARTESIAN_POINT('',(-53.,19.8068535938088,24.));
#6188=CARTESIAN_POINT('',(-53.,19.1135011312553,24.9299530275122));
#6189=CARTESIAN_POINT('',(-53.,19.1578491024318,24.8043646286724));
#6190=CARTESIAN_POINT('',(-53.,-34.9999999999999,24.));
#6191=CARTESIAN_POINT('',(-63.,-44.9999999999999,24.));
#6192=CARTESIAN_POINT('',(-103.,-45.,24.));
#6193=CARTESIAN_POINT('',(-113.,-34.9999999999999,24.));
#6194=CARTESIAN_POINT('',(-63.,-44.9999999999999,28.));
#6195=CARTESIAN_POINT('',(-53.,-34.9999999999999,28.));
#6196=CARTESIAN_POINT('',(-113.,-34.9999999999999,28.));
#6197=CARTESIAN_POINT('',(-103.,-45.,28.));
#6198=CARTESIAN_POINT('',(-79.5096034953519,-31.1085109809749,25.));
#6199=CARTESIAN_POINT('',(-79.5096034953519,-31.1085109809749,28.));
#6200=CARTESIAN_POINT('',(-76.5096034953519,-34.108510980975,28.));
#6201=CARTESIAN_POINT('',(-76.5096034953519,-34.108510980975,25.));
#6202=CARTESIAN_POINT('',(-86.4903965046482,-31.1085109809749,25.));
#6203=CARTESIAN_POINT('',(-89.4903965046481,-34.1085109809749,28.));
#6204=CARTESIAN_POINT('',(-89.4903965046481,-34.1085109809749,25.));
#6205=CARTESIAN_POINT('',(-86.4903965046481,-31.108510980975,28.));
#6206=CARTESIAN_POINT('',(-73.5096034953518,-44.9999999999999,28.));
#6207=CARTESIAN_POINT('',(-76.5096034953519,-42.,28.));
#6208=CARTESIAN_POINT('',(-76.5096034953519,-42.,25.));
#6209=CARTESIAN_POINT('',(-73.5096034953517,-44.9999999999998,25.));
#6210=CARTESIAN_POINT('',(-92.4903965046482,-44.9999999999999,28.));
#6211=CARTESIAN_POINT('',(-89.4903965046481,-41.9999999999999,28.));
#6212=CARTESIAN_POINT('',(-89.4903965046481,-41.9999999999999,25.));
#6213=CARTESIAN_POINT('',(-92.4903965046482,-44.9999999999999,25.));
#6214=CARTESIAN_POINT('',(-78.937298019652,-44.9999999999999,25.));
#6215=CARTESIAN_POINT('',(-79.937298019652,-43.9999999999999,24.));
#6216=CARTESIAN_POINT('',(-79.937298019652,-43.9999999999999,25.));
#6217=CARTESIAN_POINT('',(-78.937298019652,-44.9999999999999,24.));
#6218=CARTESIAN_POINT('',(-86.062701980348,-43.9999999999999,24.));
#6219=CARTESIAN_POINT('',(-86.062701980348,-43.9999999999999,25.));
#6220=CARTESIAN_POINT('',(-87.0627019803479,-44.9999999999999,25.));
#6221=CARTESIAN_POINT('',(-87.0627019803479,-44.9999999999999,24.));
#6222=CARTESIAN_POINT('',(-53.,34.9999999999999,24.));
#6223=CARTESIAN_POINT('',(-62.9999999999999,44.9999999999999,24.));
#6224=CARTESIAN_POINT('',(-103.,45.,24.));
#6225=CARTESIAN_POINT('',(-113.,35.,24.));
#6226=CARTESIAN_POINT('',(-62.9999999999999,44.9999999999999,28.));
#6227=CARTESIAN_POINT('',(-53.,34.9999999999999,28.));
#6228=CARTESIAN_POINT('',(-113.,35.,28.));
#6229=CARTESIAN_POINT('',(-103.,45.,28.));
#6230=CARTESIAN_POINT('',(-79.5096034953519,31.108510980975,25.));
#6231=CARTESIAN_POINT('',(-79.5096034953519,31.108510980975,28.));
#6232=CARTESIAN_POINT('',(-76.5096034953519,34.108510980975,28.));
#6233=CARTESIAN_POINT('',(-76.5096034953519,34.108510980975,25.));
#6234=CARTESIAN_POINT('',(-86.4903965046481,31.108510980975,25.));
#6235=CARTESIAN_POINT('',(-89.4903965046481,34.108510980975,28.));
#6236=CARTESIAN_POINT('',(-89.4903965046481,34.1085109809749,25.));
#6237=CARTESIAN_POINT('',(-86.4903965046481,31.108510980975,28.));
#6238=CARTESIAN_POINT('',(-73.5096034953518,44.9999999999999,28.));
#6239=CARTESIAN_POINT('',(-76.5096034953519,42.,28.));
#6240=CARTESIAN_POINT('',(-76.5096034953519,42.,25.));
#6241=CARTESIAN_POINT('',(-73.5096034953517,44.9999999999999,25.));
#6242=CARTESIAN_POINT('',(-92.4903965046482,45.,28.));
#6243=CARTESIAN_POINT('',(-89.490396504648,41.9999999999999,28.));
#6244=CARTESIAN_POINT('',(-89.490396504648,41.9999999999999,25.));
#6245=CARTESIAN_POINT('',(-92.4903965046482,45.,25.));
#6246=CARTESIAN_POINT('',(-78.9372980196519,45.,25.));
#6247=CARTESIAN_POINT('',(-79.937298019652,44.,24.));
#6248=CARTESIAN_POINT('',(-79.937298019652,44.,25.));
#6249=CARTESIAN_POINT('',(-78.937298019652,45.,24.));
#6250=CARTESIAN_POINT('',(-86.0627019803479,44.,24.));
#6251=CARTESIAN_POINT('',(-86.0627019803479,44.,25.));
#6252=CARTESIAN_POINT('',(-87.0627019803478,45.,25.));
#6253=CARTESIAN_POINT('',(-87.0627019803479,45.,24.));
#6254=CARTESIAN_POINT('',(-73.9227485073761,43.3978775645223,25.9999999999997));
#6255=CARTESIAN_POINT('',(-63.0000000000006,43.4000000000001,25.9999999999972));
#6256=CARTESIAN_POINT('',(-54.6000000000006,35.,25.9999999999953));
#6257=CARTESIAN_POINT('',(-54.6000000000007,-34.9999999999997,25.9999999999953));
#6258=CARTESIAN_POINT('',(-63.0000000000007,-43.3999999999998,25.9999999999972));
#6259=CARTESIAN_POINT('',(-73.5096034953525,-43.3999999999997,25.9999999999996));
#6260=CARTESIAN_POINT('',(-74.9096034953526,-34.1085109809749,25.9999999999999));
#6261=CARTESIAN_POINT('',(-79.5096034953527,-29.5085109809748,26.000000000001));
#6262=CARTESIAN_POINT('',(-86.4903965046489,-29.5085109809748,26.0000000000025));
#6263=CARTESIAN_POINT('',(-91.0903965046488,-34.1085109809748,26.0000000000036));
#6264=CARTESIAN_POINT('',(-91.0903965046487,-41.9999999999998,26.0000000000036));
#6265=CARTESIAN_POINT('',(-103.000000000001,-43.3999999999998,26.0000000000063));
#6266=CARTESIAN_POINT('',(-111.400000000001,-34.9999999999998,26.0000000000082));
#6267=CARTESIAN_POINT('',(-111.400000000001,35.0000000000001,26.0000000000082));
#6268=CARTESIAN_POINT('',(-103.000000000001,43.4000000000002,26.0000000000063));
#6269=CARTESIAN_POINT('',(-92.4903965046488,43.4000000000001,26.0000000000039));
#6270=CARTESIAN_POINT('',(-91.0903965046488,34.1085109809751,26.0000000000036));
#6271=CARTESIAN_POINT('',(-86.4903965046488,29.5085109809751,26.0000000000025));
#6272=CARTESIAN_POINT('',(-79.5096034953526,29.5085109809751,26.000000000001));
#6273=CARTESIAN_POINT('',(-74.9096034953526,34.1085109809752,25.9999999999999));
#6274=CARTESIAN_POINT('',(-74.9096034953526,42.0000000000002,25.9999999999999));
#6275=CARTESIAN_POINT('',(-73.9227485073756,43.3978775645222,28.));
#6276=CARTESIAN_POINT('',(-73.509603495352,43.4,28.));
#6277=CARTESIAN_POINT('',(-63.0000000000002,43.4,28.));
#6278=CARTESIAN_POINT('',(-54.6000000000002,34.9999999999999,28.));
#6279=CARTESIAN_POINT('',(-54.6000000000002,-34.9999999999998,28.));
#6280=CARTESIAN_POINT('',(-63.0000000000002,-43.3999999999999,28.));
#6281=CARTESIAN_POINT('',(-73.5096034953521,-43.3999999999999,28.));
#6282=CARTESIAN_POINT('',(-74.9096034953521,-42.,28.));
#6283=CARTESIAN_POINT('',(-74.9096034953521,-34.108510980975,28.));
#6284=CARTESIAN_POINT('',(-79.5096034953522,-29.5085109809749,28.));
#6285=CARTESIAN_POINT('',(-86.4903965046484,-29.5085109809749,28.));
#6286=CARTESIAN_POINT('',(-91.0903965046483,-34.1085109809749,28.));
#6287=CARTESIAN_POINT('',(-91.0903965046483,-41.9999999999998,28.));
#6288=CARTESIAN_POINT('',(-92.4903965046484,-43.3999999999999,28.));
#6289=CARTESIAN_POINT('',(-103.,-43.3999999999999,28.));
#6290=CARTESIAN_POINT('',(-111.4,-34.9999999999999,28.));
#6291=CARTESIAN_POINT('',(-111.4,35.,28.));
#6292=CARTESIAN_POINT('',(-103.,43.4000000000001,28.));
#6293=CARTESIAN_POINT('',(-92.4903965046484,43.4,28.));
#6294=CARTESIAN_POINT('',(-91.0903965046483,42.,28.));
#6295=CARTESIAN_POINT('',(-91.0903965046483,34.108510980975,28.));
#6296=CARTESIAN_POINT('',(-86.4903965046483,29.508510980975,28.));
#6297=CARTESIAN_POINT('',(-79.5096034953522,29.508510980975,28.));
#6298=CARTESIAN_POINT('',(-74.9096034953521,34.108510980975,28.));
#6299=CARTESIAN_POINT('',(-74.9096034953521,42.0000000000001,28.));
#6300=CARTESIAN_POINT('',(-73.9227485073761,43.3978775645223,24.9999999999997));
#6301=CARTESIAN_POINT('',(-73.5096034953525,43.4000000000001,24.9999999999996));
#6302=CARTESIAN_POINT('',(-63.0000000000006,43.4000000000001,24.9999999999972));
#6303=CARTESIAN_POINT('',(-54.6000000000006,35.,24.9999999999953));
#6304=CARTESIAN_POINT('',(-54.6000000000007,-34.9999999999997,24.9999999999953));
#6305=CARTESIAN_POINT('',(-63.0000000000007,-43.3999999999998,24.9999999999972));
#6306=CARTESIAN_POINT('',(-73.5096034953525,-43.3999999999997,24.9999999999996));
#6307=CARTESIAN_POINT('',(-74.9096034953526,-41.9999999999999,24.9999999999999));
#6308=CARTESIAN_POINT('',(-74.9096034953526,-34.1085109809749,24.9999999999999));
#6309=CARTESIAN_POINT('',(-79.5096034953527,-29.5085109809748,25.000000000001));
#6310=CARTESIAN_POINT('',(-86.4903965046489,-29.5085109809748,25.0000000000025));
#6311=CARTESIAN_POINT('',(-91.0903965046488,-34.1085109809748,25.0000000000036));
#6312=CARTESIAN_POINT('',(-91.0903965046487,-41.9999999999998,25.0000000000036));
#6313=CARTESIAN_POINT('',(-92.4903965046489,-43.3999999999998,25.0000000000039));
#6314=CARTESIAN_POINT('',(-103.000000000001,-43.3999999999998,25.0000000000063));
#6315=CARTESIAN_POINT('',(-111.400000000001,-34.9999999999998,25.0000000000082));
#6316=CARTESIAN_POINT('',(-111.400000000001,35.0000000000001,25.0000000000082));
#6317=CARTESIAN_POINT('',(-103.000000000001,43.4000000000002,25.0000000000063));
#6318=CARTESIAN_POINT('',(-92.4903965046488,43.4000000000001,25.0000000000039));
#6319=CARTESIAN_POINT('',(-91.0903965046487,42.0000000000001,25.0000000000036));
#6320=CARTESIAN_POINT('',(-91.0903965046488,34.1085109809751,25.0000000000036));
#6321=CARTESIAN_POINT('',(-86.4903965046488,29.5085109809751,25.0000000000025));
#6322=CARTESIAN_POINT('',(-79.5096034953526,29.5085109809751,25.000000000001));
#6323=CARTESIAN_POINT('',(-74.9096034953526,34.1085109809752,24.9999999999999));
#6324=CARTESIAN_POINT('',(-74.9096034953526,42.0000000000002,24.9999999999999));
#6325=CARTESIAN_POINT('',(-73.9227485073766,-43.397877564522,27.9999999999999));
#6326=CARTESIAN_POINT('',(-73.922748507377,-43.3978775645219,25.9999999999997));
#6327=CARTESIAN_POINT('',(-74.9074810598742,-42.413145012023,28.0000000000002));
#6328=CARTESIAN_POINT('',(-74.9074810598747,-42.4131450120229,25.9999999999999));
#6329=CARTESIAN_POINT('',(-91.0925189401262,-42.4131450120236,27.9999999999999));
#6330=CARTESIAN_POINT('',(-91.0925189401267,-42.4131450120235,26.0000000000036));
#6331=CARTESIAN_POINT('',(-92.0772514926239,-43.397877564522,28.0000000000001));
#6332=CARTESIAN_POINT('',(-92.0772514926243,-43.3978775645219,26.0000000000038));
#6333=CARTESIAN_POINT('',(-92.0772514926236,43.3978775645221,28.0000000000001));
#6334=CARTESIAN_POINT('',(-92.077251492624,43.3978775645223,26.0000000000038));
#6335=CARTESIAN_POINT('',(-91.0925189401262,42.4131450120254,27.9999999999999));
#6336=CARTESIAN_POINT('',(-91.0925189401266,42.4131450120254,26.0000000000036));
#6337=CARTESIAN_POINT('',(-74.9074810598742,42.4131450120246,28.0000000000001));
#6338=CARTESIAN_POINT('',(-74.9074810598746,42.4131450120247,25.9999999999999));
#6339=CARTESIAN_POINT('',(-74.9074810598747,-42.4131450120229,24.9999999999999));
#6340=CARTESIAN_POINT('',(-73.9227485073772,-43.3978775645219,24.9999999999997));
#6341=CARTESIAN_POINT('',(-92.0772514926243,-43.3978775645219,25.0000000000038));
#6342=CARTESIAN_POINT('',(-91.0925189401267,-42.4131450120236,25.0000000000036));
#6343=CARTESIAN_POINT('',(-91.0925189401266,42.4131450120254,25.0000000000036));
#6344=CARTESIAN_POINT('',(-92.077251492624,43.3978775645223,25.0000000000038));
#6345=CARTESIAN_POINT('',(-74.9074810598746,42.4131450120247,24.9999999999999));
#6346=CARTESIAN_POINT('',(-85.8,29.508510980975,28.));
#6347=CARTESIAN_POINT('',(-85.8,29.5085109809751,25.0000000000019));
#6348=CARTESIAN_POINT('',(-83.8000000000001,27.508510980975,25.0000000000016));
#6349=CARTESIAN_POINT('',(-83.8,27.508510980975,28.));
#6350=CARTESIAN_POINT('',(-82.2,27.508510980975,25.0000000000016));
#6351=CARTESIAN_POINT('',(-82.2,27.508510980975,28.));
#6352=CARTESIAN_POINT('',(-80.2000000000001,29.508510980975,28.));
#6353=CARTESIAN_POINT('',(-80.2,29.5085109809751,25.0000000000013));
#6354=CARTESIAN_POINT('',(-80.2,-29.5085109809749,28.));
#6355=CARTESIAN_POINT('',(-80.2,-29.5085109809749,25.000000000001));
#6356=CARTESIAN_POINT('',(-82.2,-27.5085109809749,25.0000000000013));
#6357=CARTESIAN_POINT('',(-82.2,-27.5085109809749,28.));
#6358=CARTESIAN_POINT('',(-83.8,-27.508510980975,25.0000000000019));
#6359=CARTESIAN_POINT('',(-83.8,-27.508510980975,28.));
#6360=CARTESIAN_POINT('',(-85.8,-29.5085109809749,28.));
#6361=CARTESIAN_POINT('',(-85.8,-29.5085109809749,25.0000000000022));
#6362=CARTESIAN_POINT('',(-53.,-19.8068535938088,24.));
#6363=CARTESIAN_POINT('',(-54.2,-19.8068535938088,24.));
#6364=CARTESIAN_POINT('',(-93.7999999968204,0.799999999999996,25.000000000002));
#6365=CARTESIAN_POINT('',(-101.4,0.799999999999997,25.0000000000022));
#6366=CARTESIAN_POINT('',(-101.4,0.799999999999997,28.));
#6367=CARTESIAN_POINT('',(-93.7999999964525,0.799999999999996,28.));
#6368=CARTESIAN_POINT('',(-111.4,10.8,28.));
#6369=CARTESIAN_POINT('',(-111.4,10.8,25.0000000000028));
#6370=CARTESIAN_POINT('',(-83.7999999999999,10.8,28.));
#6371=CARTESIAN_POINT('',(-83.7999999999999,10.8,25.0000000000016));
#6372=CARTESIAN_POINT('',(-72.2000000000001,0.800000000000008,25.0000000000016));
#6373=CARTESIAN_POINT('',(-72.1999999999999,0.800000000000008,28.));
#6374=CARTESIAN_POINT('',(-82.2000000000003,10.8,28.));
#6375=CARTESIAN_POINT('',(-82.2000000000003,10.8,25.0000000000022));
#6376=CARTESIAN_POINT('',(-64.5999999999996,0.80000000000001,28.));
#6377=CARTESIAN_POINT('',(-54.5999999999998,10.8,28.));
#6378=CARTESIAN_POINT('',(-54.5999999999999,10.8,25.0000000000008));
#6379=CARTESIAN_POINT('',(-64.5999999999996,0.80000000000001,25.0000000000012));
#6380=CARTESIAN_POINT('',(-64.5999999999999,-0.799999999999999,25.0000000000001));
#6381=CARTESIAN_POINT('',(-64.5999999999998,-0.799999999999999,28.));
#6382=CARTESIAN_POINT('',(-54.5999999999998,-10.8,28.));
#6383=CARTESIAN_POINT('',(-54.5999999999999,-10.8,24.9999999999998));
#6384=CARTESIAN_POINT('',(-72.2,-0.799999999999998,28.));
#6385=CARTESIAN_POINT('',(-82.2,-10.8,28.));
#6386=CARTESIAN_POINT('',(-82.2,-10.8,25.0000000000021));
#6387=CARTESIAN_POINT('',(-72.2,-0.799999999999999,25.0000000000013));
#6388=CARTESIAN_POINT('',(-93.7999999999999,-0.799999999999997,25.0000000000023));
#6389=CARTESIAN_POINT('',(-93.8,-0.799999999999997,28.));
#6390=CARTESIAN_POINT('',(-83.8000000000001,-10.8,28.));
#6391=CARTESIAN_POINT('',(-83.8000000000001,-10.8,25.0000000000023));
#6392=CARTESIAN_POINT('',(-101.4,-0.799999999999998,28.));
#6393=CARTESIAN_POINT('',(-111.400000000001,-10.8,28.));
#6394=CARTESIAN_POINT('',(-111.400000000001,-10.8,25.0000000000038));
#6395=CARTESIAN_POINT('',(-101.4,-0.799999999999998,25.0000000000029));
#6396=CARTESIAN_POINT('',(-53.,-19.1135011312552,24.9299530275122));
#6397=CARTESIAN_POINT('',(-53.,-19.1578491024318,24.8043646286724));
#6398=CARTESIAN_POINT('',(-53.3956353713276,-19.1578491024318,24.8043646286724));
#6399=CARTESIAN_POINT('',(-53.2700469724877,-19.1135011312552,24.9299530275122));
#6400=CARTESIAN_POINT('',(-53.0585786437627,-19.1135011312552,25.1414213562373));
#6401=CARTESIAN_POINT('',(-53.,-19.1135011312552,25.2828427124746));
#6402=CARTESIAN_POINT('',(-54.2,19.8068535938088,24.));
#6403=CARTESIAN_POINT('',(-53.3956353713276,19.1578491024318,24.8043646286724));
#6404=CARTESIAN_POINT('',(-53.,19.1135011312553,25.2828427124746));
#6405=CARTESIAN_POINT('',(-53.0585786437627,19.1135011312553,25.1414213562373));
#6406=CARTESIAN_POINT('',(-53.2700469724877,19.1135011312553,24.9299530275122));
#6407=CARTESIAN_POINT('',(-111.8,-19.8068535938088,24.));
#6408=CARTESIAN_POINT('',(-112.604364628672,-19.1578491024318,24.8043646286724));
#6409=CARTESIAN_POINT('',(-113.,-19.1135011312552,25.2828427124746));
#6410=CARTESIAN_POINT('',(-112.941421356237,-19.1135011312552,25.1414213562373));
#6411=CARTESIAN_POINT('',(-112.729953027512,-19.1135011312552,24.9299530275122));
#6412=CARTESIAN_POINT('',(-111.8,19.8068535938088,24.));
#6413=CARTESIAN_POINT('',(-112.604364628672,19.1578491024318,24.8043646286724));
#6414=CARTESIAN_POINT('',(-113.,19.1135011312553,25.2828427124746));
#6415=CARTESIAN_POINT('',(-112.941421356237,19.1135011312553,25.1414213562373));
#6416=CARTESIAN_POINT('',(-112.729953027512,19.1135011312553,24.9299530275122));
#6417=CARTESIAN_POINT('',(-79.937298019652,42.72150171207,25.));
#6418=CARTESIAN_POINT('',(-86.0627019803479,42.72150171207,25.));
#6419=CARTESIAN_POINT('',(-79.937298019652,42.72150171207,24.));
#6420=CARTESIAN_POINT('',(-86.0627019803479,42.72150171207,24.));
#6421=CARTESIAN_POINT('',(-79.937298019652,-42.72150171207,25.));
#6422=CARTESIAN_POINT('',(-79.937298019652,-42.72150171207,24.));
#6423=CARTESIAN_POINT('',(-79.937298019652,-42.72150171207,24.));
#6424=CARTESIAN_POINT('',(-86.0627019803479,-42.72150171207,24.));
#6425=CARTESIAN_POINT('',(-86.0627019803479,-42.72150171207,24.));
#6426=CARTESIAN_POINT('',(-86.0627019803479,-42.72150171207,25.));
#6427=CARTESIAN_POINT('',(-86.0627019803479,-42.72150171207,25.));
#6428=CARTESIAN_POINT('',(-79.937298019652,-42.72150171207,25.));
#6429=CARTESIAN_POINT('',(-113.,19.8068535938088,24.));
#6430=CARTESIAN_POINT('',(-111.8,19.8068535938088,24.));
#6431=CARTESIAN_POINT('',(-113.,19.1578491024318,24.8043646286724));
#6432=CARTESIAN_POINT('',(-113.,19.8068535938088,24.));
#6433=CARTESIAN_POINT('',(-113.,19.1135011312553,24.9299530275122));
#6434=CARTESIAN_POINT('',(-113.,19.1135011312553,24.9017033028012));
#6435=CARTESIAN_POINT('',(-113.,19.1135011312553,24.8734535780902));
#6436=CARTESIAN_POINT('',(-113.,19.1223707254906,24.8483358983222));
#6437=CARTESIAN_POINT('',(-113.,19.1401099139612,24.8263502634973));
#6438=CARTESIAN_POINT('',(-113.,19.1578491024318,24.8043646286724));
#6439=CARTESIAN_POINT('',(-111.8,-19.8068535938088,24.));
#6440=CARTESIAN_POINT('',(-113.,-19.8068535938088,24.));
#6441=CARTESIAN_POINT('',(-113.,-19.1578491024318,24.8043646286724));
#6442=CARTESIAN_POINT('',(-113.,-19.8068535938088,24.));
#6443=CARTESIAN_POINT('',(-113.,-19.1135011312552,24.9299530275122));
#6444=CARTESIAN_POINT('',(-113.,-19.1135011312552,24.9017033028012));
#6445=CARTESIAN_POINT('',(-113.,-19.1135011312552,24.8734535780902));
#6446=CARTESIAN_POINT('',(-113.,-19.1223707254905,24.8483358983222));
#6447=CARTESIAN_POINT('',(-113.,-19.1401099139612,24.8263502634973));
#6448=CARTESIAN_POINT('',(-113.,-19.1578491024318,24.8043646286724));
#6449=CARTESIAN_POINT('',(-54.2,19.8068535938088,24.));
#6450=CARTESIAN_POINT('',(-53.,19.8068535938088,24.));
#6451=CARTESIAN_POINT('',(-53.,19.1578491024318,24.8043646286724));
#6452=CARTESIAN_POINT('',(-53.,19.8068535938088,24.));
#6453=CARTESIAN_POINT('',(-53.,19.1135011312553,24.9299530275122));
#6454=CARTESIAN_POINT('',(-53.,19.1135011312553,24.9017033028012));
#6455=CARTESIAN_POINT('',(-53.,19.1135011312553,24.8734535780902));
#6456=CARTESIAN_POINT('',(-53.,19.1223707254906,24.8483358983222));
#6457=CARTESIAN_POINT('',(-53.,19.1401099139612,24.8263502634973));
#6458=CARTESIAN_POINT('',(-53.,19.1578491024318,24.8043646286724));
#6459=CARTESIAN_POINT('',(-53.,-34.9999999999999,24.));
#6460=CARTESIAN_POINT('',(-53.,-44.9999999999999,24.));
#6461=CARTESIAN_POINT('',(-63.,-44.9999999999999,24.));
#6462=CARTESIAN_POINT('',(-63.,-44.9999999999999,24.));
#6463=CARTESIAN_POINT('',(-63.,-44.9999999999999,28.));
#6464=CARTESIAN_POINT('',(-53.,-34.9999999999999,24.));
#6465=CARTESIAN_POINT('',(-53.,-34.9999999999999,28.));
#6466=CARTESIAN_POINT('',(-103.,-45.,24.));
#6467=CARTESIAN_POINT('',(-103.,-45.,28.));
#6468=CARTESIAN_POINT('',(-103.,-45.,24.));
#6469=CARTESIAN_POINT('',(-113.,-45.,24.));
#6470=CARTESIAN_POINT('',(-113.,-34.9999999999999,24.));
#6471=CARTESIAN_POINT('',(-113.,-34.9999999999999,24.));
#6472=CARTESIAN_POINT('',(-113.,-34.9999999999999,28.));
#6473=CARTESIAN_POINT('',(-63.,-44.9999999999999,28.));
#6474=CARTESIAN_POINT('',(-53.,-44.9999999999998,28.));
#6475=CARTESIAN_POINT('',(-53.,-34.9999999999999,28.));
#6476=CARTESIAN_POINT('',(-113.,-34.9999999999999,28.));
#6477=CARTESIAN_POINT('',(-113.,-44.9999999999999,28.));
#6478=CARTESIAN_POINT('',(-103.,-45.,28.));
#6479=CARTESIAN_POINT('',(-103.,-45.,28.));
#6480=CARTESIAN_POINT('',(-97.7451982523241,-45.,28.));
#6481=CARTESIAN_POINT('',(-92.4903965046482,-44.9999999999999,28.));
#6482=CARTESIAN_POINT('',(-79.5096034953519,-31.1085109809749,28.));
#6483=CARTESIAN_POINT('',(-86.4903965046481,-31.108510980975,28.));
#6484=CARTESIAN_POINT('',(-79.5096034953519,-31.1085109809749,28.));
#6485=CARTESIAN_POINT('',(-79.5096034953519,-31.1085109809749,25.));
#6486=CARTESIAN_POINT('',(-76.5096034953519,-34.108510980975,28.));
#6487=CARTESIAN_POINT('',(-76.5096034953519,-34.108510980975,25.));
#6488=CARTESIAN_POINT('',(-79.5096034953519,-31.1085109809749,25.));
#6489=CARTESIAN_POINT('',(-78.3096034953518,-31.1085109809749,25.));
#6490=CARTESIAN_POINT('',(-77.1096034953518,-31.1085109809749,25.));
#6491=CARTESIAN_POINT('',(-76.5096034953519,-31.708510980975,25.));
#6492=CARTESIAN_POINT('',(-76.5096034953519,-32.908510980975,25.));
#6493=CARTESIAN_POINT('',(-76.5096034953519,-34.108510980975,25.));
#6494=CARTESIAN_POINT('',(-79.5096034953519,-31.1085109809749,28.));
#6495=CARTESIAN_POINT('',(-78.3096034953518,-31.1085109809749,28.));
#6496=CARTESIAN_POINT('',(-77.1096034953518,-31.1085109809749,28.));
#6497=CARTESIAN_POINT('',(-76.5096034953519,-31.7085109809751,28.));
#6498=CARTESIAN_POINT('',(-76.5096034953519,-32.908510980975,28.));
#6499=CARTESIAN_POINT('',(-76.5096034953519,-34.108510980975,28.));
#6500=CARTESIAN_POINT('',(-86.4903965046482,-31.1085109809749,25.));
#6501=CARTESIAN_POINT('',(-79.5096034953519,-31.1085109809749,25.));
#6502=CARTESIAN_POINT('',(-89.4903965046481,-34.1085109809749,28.));
#6503=CARTESIAN_POINT('',(-89.4903965046481,-41.9999999999999,28.));
#6504=CARTESIAN_POINT('',(-89.4903965046481,-34.1085109809749,25.));
#6505=CARTESIAN_POINT('',(-89.4903965046481,-34.1085109809749,28.));
#6506=CARTESIAN_POINT('',(-86.4903965046482,-31.1085109809749,25.));
#6507=CARTESIAN_POINT('',(-86.4903965046481,-31.108510980975,28.));
#6508=CARTESIAN_POINT('',(-89.4903965046481,-34.1085109809749,25.));
#6509=CARTESIAN_POINT('',(-89.4903965046481,-32.9085109809749,25.));
#6510=CARTESIAN_POINT('',(-89.4903965046481,-31.7085109809749,25.));
#6511=CARTESIAN_POINT('',(-88.8903965046481,-31.1085109809749,25.));
#6512=CARTESIAN_POINT('',(-87.6903965046481,-31.1085109809749,25.));
#6513=CARTESIAN_POINT('',(-86.4903965046482,-31.1085109809749,25.));
#6514=CARTESIAN_POINT('',(-89.4903965046481,-34.1085109809749,28.));
#6515=CARTESIAN_POINT('',(-89.4903965046481,-32.9085109809749,28.));
#6516=CARTESIAN_POINT('',(-89.4903965046481,-31.7085109809749,28.));
#6517=CARTESIAN_POINT('',(-88.8903965046481,-31.108510980975,28.));
#6518=CARTESIAN_POINT('',(-87.6903965046481,-31.108510980975,28.));
#6519=CARTESIAN_POINT('',(-86.4903965046481,-31.108510980975,28.));
#6520=CARTESIAN_POINT('',(-63.,-44.9999999999999,24.));
#6521=CARTESIAN_POINT('',(-78.937298019652,-44.9999999999999,24.));
#6522=CARTESIAN_POINT('',(-76.5096034953519,-34.108510980975,25.));
#6523=CARTESIAN_POINT('',(-76.5096034953519,-42.,25.));
#6524=CARTESIAN_POINT('',(-73.5096034953518,-44.9999999999999,28.));
#6525=CARTESIAN_POINT('',(-68.2548017476759,-44.9999999999999,28.));
#6526=CARTESIAN_POINT('',(-63.,-44.9999999999999,28.));
#6527=CARTESIAN_POINT('',(-76.5096034953519,-42.,28.));
#6528=CARTESIAN_POINT('',(-76.5096034953519,-34.108510980975,28.));
#6529=CARTESIAN_POINT('',(-76.5096034953519,-42.,28.));
#6530=CARTESIAN_POINT('',(-76.5096034953519,-42.,25.));
#6531=CARTESIAN_POINT('',(-73.5096034953518,-44.9999999999999,28.));
#6532=CARTESIAN_POINT('',(-73.5096034953517,-44.9999999999998,25.));
#6533=CARTESIAN_POINT('',(-76.5096034953519,-42.,25.));
#6534=CARTESIAN_POINT('',(-76.5096034953519,-43.2000000000002,25.));
#6535=CARTESIAN_POINT('',(-76.5096034953519,-44.4000000000003,25.));
#6536=CARTESIAN_POINT('',(-75.9096034953514,-44.9999999999998,25.));
#6537=CARTESIAN_POINT('',(-74.7096034953516,-44.9999999999998,25.));
#6538=CARTESIAN_POINT('',(-73.5096034953517,-44.9999999999998,25.));
#6539=CARTESIAN_POINT('',(-76.5096034953519,-42.,28.));
#6540=CARTESIAN_POINT('',(-76.509603495352,-43.2000000000002,28.));
#6541=CARTESIAN_POINT('',(-76.509603495352,-44.4000000000003,28.));
#6542=CARTESIAN_POINT('',(-75.9096034953515,-44.9999999999998,28.));
#6543=CARTESIAN_POINT('',(-74.7096034953516,-44.9999999999999,28.));
#6544=CARTESIAN_POINT('',(-73.5096034953518,-44.9999999999999,28.));
#6545=CARTESIAN_POINT('',(-89.4903965046481,-41.9999999999999,25.));
#6546=CARTESIAN_POINT('',(-89.4903965046481,-34.1085109809749,25.));
#6547=CARTESIAN_POINT('',(-89.4903965046481,-41.9999999999999,25.));
#6548=CARTESIAN_POINT('',(-89.4903965046481,-41.9999999999999,28.));
#6549=CARTESIAN_POINT('',(-92.4903965046482,-44.9999999999999,25.));
#6550=CARTESIAN_POINT('',(-92.4903965046482,-44.9999999999999,28.));
#6551=CARTESIAN_POINT('',(-92.4903965046482,-44.9999999999999,25.));
#6552=CARTESIAN_POINT('',(-91.2903965046482,-44.9999999999999,25.));
#6553=CARTESIAN_POINT('',(-90.0903965046482,-44.9999999999999,25.));
#6554=CARTESIAN_POINT('',(-89.490396504648,-44.4000000000001,25.));
#6555=CARTESIAN_POINT('',(-89.490396504648,-43.2,25.));
#6556=CARTESIAN_POINT('',(-89.4903965046481,-41.9999999999999,25.));
#6557=CARTESIAN_POINT('',(-92.4903965046482,-44.9999999999999,28.));
#6558=CARTESIAN_POINT('',(-91.2903965046482,-45.,28.));
#6559=CARTESIAN_POINT('',(-90.0903965046482,-45.,28.));
#6560=CARTESIAN_POINT('',(-89.490396504648,-44.4000000000001,28.));
#6561=CARTESIAN_POINT('',(-89.490396504648,-43.2,28.));
#6562=CARTESIAN_POINT('',(-89.4903965046481,-41.9999999999999,28.));
#6563=CARTESIAN_POINT('',(-79.937298019652,-43.9999999999999,24.));
#6564=CARTESIAN_POINT('',(-79.937298019652,-43.9999999999999,25.));
#6565=CARTESIAN_POINT('',(-78.937298019652,-44.9999999999999,24.));
#6566=CARTESIAN_POINT('',(-78.937298019652,-44.9999999999999,25.));
#6567=CARTESIAN_POINT('',(-78.937298019652,-44.9999999999999,24.));
#6568=CARTESIAN_POINT('',(-79.3372980196519,-44.9999999999999,24.));
#6569=CARTESIAN_POINT('',(-79.7372980196519,-44.9999999999999,24.));
#6570=CARTESIAN_POINT('',(-79.937298019652,-44.8000000000001,24.));
#6571=CARTESIAN_POINT('',(-79.937298019652,-44.4,24.));
#6572=CARTESIAN_POINT('',(-79.937298019652,-43.9999999999999,24.));
#6573=CARTESIAN_POINT('',(-78.937298019652,-44.9999999999999,25.));
#6574=CARTESIAN_POINT('',(-79.3372980196519,-44.9999999999999,25.));
#6575=CARTESIAN_POINT('',(-79.7372980196519,-44.9999999999999,25.));
#6576=CARTESIAN_POINT('',(-79.937298019652,-44.8000000000001,25.));
#6577=CARTESIAN_POINT('',(-79.937298019652,-44.4,25.));
#6578=CARTESIAN_POINT('',(-79.937298019652,-43.9999999999999,25.));
#6579=CARTESIAN_POINT('',(-87.0627019803479,-44.9999999999999,24.));
#6580=CARTESIAN_POINT('',(-103.,-45.,24.));
#6581=CARTESIAN_POINT('',(-86.062701980348,-43.9999999999999,25.));
#6582=CARTESIAN_POINT('',(-86.062701980348,-43.9999999999999,24.));
#6583=CARTESIAN_POINT('',(-87.0627019803479,-44.9999999999999,25.));
#6584=CARTESIAN_POINT('',(-87.0627019803479,-44.9999999999999,24.));
#6585=CARTESIAN_POINT('',(-86.062701980348,-43.9999999999999,24.));
#6586=CARTESIAN_POINT('',(-86.062701980348,-44.3999999999999,24.));
#6587=CARTESIAN_POINT('',(-86.062701980348,-44.7999999999999,24.));
#6588=CARTESIAN_POINT('',(-86.262701980348,-44.9999999999999,24.));
#6589=CARTESIAN_POINT('',(-86.662701980348,-44.9999999999999,24.));
#6590=CARTESIAN_POINT('',(-87.0627019803479,-44.9999999999999,24.));
#6591=CARTESIAN_POINT('',(-86.062701980348,-43.9999999999999,25.));
#6592=CARTESIAN_POINT('',(-86.062701980348,-44.3999999999999,25.));
#6593=CARTESIAN_POINT('',(-86.062701980348,-44.7999999999999,25.));
#6594=CARTESIAN_POINT('',(-86.262701980348,-44.9999999999999,25.));
#6595=CARTESIAN_POINT('',(-86.6627019803479,-44.9999999999999,25.));
#6596=CARTESIAN_POINT('',(-87.0627019803479,-44.9999999999999,25.));
#6597=CARTESIAN_POINT('',(-73.5096034953517,-44.9999999999998,25.));
#6598=CARTESIAN_POINT('',(-76.5096034953519,-44.9999999999999,25.));
#6599=CARTESIAN_POINT('',(-78.937298019652,-44.9999999999999,25.));
#6600=CARTESIAN_POINT('',(-87.0627019803479,-44.9999999999999,25.));
#6601=CARTESIAN_POINT('',(-89.4903965046481,-44.9999999999999,25.));
#6602=CARTESIAN_POINT('',(-92.4903965046482,-44.9999999999999,25.));
#6603=CARTESIAN_POINT('',(-53.,34.9999999999999,24.));
#6604=CARTESIAN_POINT('',(-53.,44.9999999999999,24.));
#6605=CARTESIAN_POINT('',(-62.9999999999999,44.9999999999999,24.));
#6606=CARTESIAN_POINT('',(-62.9999999999999,44.9999999999999,24.));
#6607=CARTESIAN_POINT('',(-62.9999999999999,44.9999999999999,28.));
#6608=CARTESIAN_POINT('',(-53.,34.9999999999999,24.));
#6609=CARTESIAN_POINT('',(-53.,34.9999999999999,28.));
#6610=CARTESIAN_POINT('',(-103.,45.,24.));
#6611=CARTESIAN_POINT('',(-103.,45.,28.));
#6612=CARTESIAN_POINT('',(-103.,45.,24.));
#6613=CARTESIAN_POINT('',(-113.,45.,24.));
#6614=CARTESIAN_POINT('',(-113.,35.,24.));
#6615=CARTESIAN_POINT('',(-113.,35.,24.));
#6616=CARTESIAN_POINT('',(-113.,35.,28.));
#6617=CARTESIAN_POINT('',(-62.9999999999999,44.9999999999999,28.));
#6618=CARTESIAN_POINT('',(-53.,44.9999999999999,28.));
#6619=CARTESIAN_POINT('',(-53.,34.9999999999999,28.));
#6620=CARTESIAN_POINT('',(-113.,35.,28.));
#6621=CARTESIAN_POINT('',(-113.,45.,28.));
#6622=CARTESIAN_POINT('',(-103.,45.,28.));
#6623=CARTESIAN_POINT('',(-103.,45.,28.));
#6624=CARTESIAN_POINT('',(-97.7451982523241,45.,28.));
#6625=CARTESIAN_POINT('',(-92.4903965046482,45.,28.));
#6626=CARTESIAN_POINT('',(-79.5096034953519,31.108510980975,28.));
#6627=CARTESIAN_POINT('',(-86.4903965046481,31.108510980975,28.));
#6628=CARTESIAN_POINT('',(-79.5096034953519,31.108510980975,28.));
#6629=CARTESIAN_POINT('',(-79.5096034953519,31.108510980975,25.));
#6630=CARTESIAN_POINT('',(-76.5096034953519,34.108510980975,28.));
#6631=CARTESIAN_POINT('',(-76.5096034953519,34.108510980975,25.));
#6632=CARTESIAN_POINT('',(-79.5096034953519,31.108510980975,25.));
#6633=CARTESIAN_POINT('',(-78.3096034953518,31.1085109809749,25.));
#6634=CARTESIAN_POINT('',(-77.1096034953517,31.1085109809749,25.));
#6635=CARTESIAN_POINT('',(-76.5096034953519,31.708510980975,25.));
#6636=CARTESIAN_POINT('',(-76.5096034953519,32.908510980975,25.));
#6637=CARTESIAN_POINT('',(-76.5096034953519,34.108510980975,25.));
#6638=CARTESIAN_POINT('',(-79.5096034953519,31.108510980975,28.));
#6639=CARTESIAN_POINT('',(-78.3096034953518,31.1085109809749,28.));
#6640=CARTESIAN_POINT('',(-77.1096034953517,31.1085109809749,28.));
#6641=CARTESIAN_POINT('',(-76.5096034953519,31.7085109809751,28.));
#6642=CARTESIAN_POINT('',(-76.5096034953519,32.908510980975,28.));
#6643=CARTESIAN_POINT('',(-76.5096034953519,34.108510980975,28.));
#6644=CARTESIAN_POINT('',(-86.4903965046481,31.108510980975,25.));
#6645=CARTESIAN_POINT('',(-79.5096034953519,31.108510980975,25.));
#6646=CARTESIAN_POINT('',(-89.4903965046481,34.108510980975,28.));
#6647=CARTESIAN_POINT('',(-89.490396504648,41.9999999999999,28.));
#6648=CARTESIAN_POINT('',(-89.4903965046481,34.1085109809749,25.));
#6649=CARTESIAN_POINT('',(-89.4903965046481,34.108510980975,28.));
#6650=CARTESIAN_POINT('',(-86.4903965046481,31.108510980975,25.));
#6651=CARTESIAN_POINT('',(-86.4903965046481,31.108510980975,28.));
#6652=CARTESIAN_POINT('',(-89.4903965046481,34.1085109809749,25.));
#6653=CARTESIAN_POINT('',(-89.4903965046481,32.908510980975,25.));
#6654=CARTESIAN_POINT('',(-89.4903965046481,31.708510980975,25.));
#6655=CARTESIAN_POINT('',(-88.8903965046481,31.108510980975,25.));
#6656=CARTESIAN_POINT('',(-87.6903965046481,31.108510980975,25.));
#6657=CARTESIAN_POINT('',(-86.4903965046481,31.108510980975,25.));
#6658=CARTESIAN_POINT('',(-89.4903965046481,34.108510980975,28.));
#6659=CARTESIAN_POINT('',(-89.4903965046481,32.908510980975,28.));
#6660=CARTESIAN_POINT('',(-89.490396504648,31.708510980975,28.));
#6661=CARTESIAN_POINT('',(-88.890396504648,31.108510980975,28.));
#6662=CARTESIAN_POINT('',(-87.6903965046481,31.108510980975,28.));
#6663=CARTESIAN_POINT('',(-86.4903965046481,31.108510980975,28.));
#6664=CARTESIAN_POINT('',(-62.9999999999999,44.9999999999999,24.));
#6665=CARTESIAN_POINT('',(-78.937298019652,45.,24.));
#6666=CARTESIAN_POINT('',(-76.5096034953519,34.108510980975,25.));
#6667=CARTESIAN_POINT('',(-76.5096034953519,42.,25.));
#6668=CARTESIAN_POINT('',(-73.5096034953518,44.9999999999999,28.));
#6669=CARTESIAN_POINT('',(-68.2548017476759,44.9999999999999,28.));
#6670=CARTESIAN_POINT('',(-62.9999999999999,44.9999999999999,28.));
#6671=CARTESIAN_POINT('',(-76.5096034953519,42.,28.));
#6672=CARTESIAN_POINT('',(-76.5096034953519,34.108510980975,28.));
#6673=CARTESIAN_POINT('',(-76.5096034953519,42.,28.));
#6674=CARTESIAN_POINT('',(-76.5096034953519,42.,25.));
#6675=CARTESIAN_POINT('',(-73.5096034953518,44.9999999999999,28.));
#6676=CARTESIAN_POINT('',(-73.5096034953517,44.9999999999999,25.));
#6677=CARTESIAN_POINT('',(-76.5096034953519,42.,25.));
#6678=CARTESIAN_POINT('',(-76.5096034953519,43.2000000000002,25.));
#6679=CARTESIAN_POINT('',(-76.5096034953519,44.4000000000003,25.));
#6680=CARTESIAN_POINT('',(-75.9096034953514,44.9999999999998,25.));
#6681=CARTESIAN_POINT('',(-74.7096034953515,44.9999999999998,25.));
#6682=CARTESIAN_POINT('',(-73.5096034953517,44.9999999999999,25.));
#6683=CARTESIAN_POINT('',(-76.5096034953519,42.,28.));
#6684=CARTESIAN_POINT('',(-76.509603495352,43.2000000000002,28.));
#6685=CARTESIAN_POINT('',(-76.509603495352,44.4000000000004,28.));
#6686=CARTESIAN_POINT('',(-75.9096034953515,44.9999999999998,28.));
#6687=CARTESIAN_POINT('',(-74.7096034953516,44.9999999999999,28.));
#6688=CARTESIAN_POINT('',(-73.5096034953518,44.9999999999999,28.));
#6689=CARTESIAN_POINT('',(-89.490396504648,41.9999999999999,25.));
#6690=CARTESIAN_POINT('',(-89.4903965046481,34.1085109809749,25.));
#6691=CARTESIAN_POINT('',(-89.490396504648,41.9999999999999,25.));
#6692=CARTESIAN_POINT('',(-89.490396504648,41.9999999999999,28.));
#6693=CARTESIAN_POINT('',(-92.4903965046482,45.,25.));
#6694=CARTESIAN_POINT('',(-92.4903965046482,45.,28.));
#6695=CARTESIAN_POINT('',(-92.4903965046482,45.,25.));
#6696=CARTESIAN_POINT('',(-91.2903965046482,45.,25.));
#6697=CARTESIAN_POINT('',(-90.0903965046482,45.,25.));
#6698=CARTESIAN_POINT('',(-89.4903965046479,44.4000000000002,25.));
#6699=CARTESIAN_POINT('',(-89.490396504648,43.2000000000001,25.));
#6700=CARTESIAN_POINT('',(-89.490396504648,41.9999999999999,25.));
#6701=CARTESIAN_POINT('',(-92.4903965046482,45.,28.));
#6702=CARTESIAN_POINT('',(-91.2903965046482,45.,28.));
#6703=CARTESIAN_POINT('',(-90.0903965046482,45.,28.));
#6704=CARTESIAN_POINT('',(-89.4903965046479,44.4000000000002,28.));
#6705=CARTESIAN_POINT('',(-89.490396504648,43.2000000000001,28.));
#6706=CARTESIAN_POINT('',(-89.490396504648,41.9999999999999,28.));
#6707=CARTESIAN_POINT('',(-79.937298019652,44.,24.));
#6708=CARTESIAN_POINT('',(-79.937298019652,44.,25.));
#6709=CARTESIAN_POINT('',(-78.937298019652,45.,24.));
#6710=CARTESIAN_POINT('',(-78.9372980196519,45.,25.));
#6711=CARTESIAN_POINT('',(-78.937298019652,45.,24.));
#6712=CARTESIAN_POINT('',(-79.3372980196519,44.9999999999999,24.));
#6713=CARTESIAN_POINT('',(-79.7372980196519,44.9999999999999,24.));
#6714=CARTESIAN_POINT('',(-79.937298019652,44.8000000000001,24.));
#6715=CARTESIAN_POINT('',(-79.937298019652,44.4,24.));
#6716=CARTESIAN_POINT('',(-79.937298019652,44.,24.));
#6717=CARTESIAN_POINT('',(-78.9372980196519,45.,25.));
#6718=CARTESIAN_POINT('',(-79.3372980196519,44.9999999999999,25.));
#6719=CARTESIAN_POINT('',(-79.7372980196519,44.9999999999999,25.));
#6720=CARTESIAN_POINT('',(-79.937298019652,44.8000000000001,25.));
#6721=CARTESIAN_POINT('',(-79.937298019652,44.4,25.));
#6722=CARTESIAN_POINT('',(-79.937298019652,44.,25.));
#6723=CARTESIAN_POINT('',(-87.0627019803479,45.,24.));
#6724=CARTESIAN_POINT('',(-103.,45.,24.));
#6725=CARTESIAN_POINT('',(-86.0627019803479,44.,25.));
#6726=CARTESIAN_POINT('',(-86.0627019803479,44.,24.));
#6727=CARTESIAN_POINT('',(-87.0627019803478,45.,25.));
#6728=CARTESIAN_POINT('',(-87.0627019803479,45.,24.));
#6729=CARTESIAN_POINT('',(-86.0627019803479,44.,24.));
#6730=CARTESIAN_POINT('',(-86.062701980348,44.4,24.));
#6731=CARTESIAN_POINT('',(-86.062701980348,44.7999999999999,24.));
#6732=CARTESIAN_POINT('',(-86.262701980348,44.9999999999999,24.));
#6733=CARTESIAN_POINT('',(-86.6627019803479,44.9999999999999,24.));
#6734=CARTESIAN_POINT('',(-87.0627019803479,45.,24.));
#6735=CARTESIAN_POINT('',(-86.0627019803479,44.,25.));
#6736=CARTESIAN_POINT('',(-86.0627019803479,44.4,25.));
#6737=CARTESIAN_POINT('',(-86.062701980348,44.7999999999999,25.));
#6738=CARTESIAN_POINT('',(-86.2627019803479,44.9999999999999,25.));
#6739=CARTESIAN_POINT('',(-86.6627019803479,44.9999999999999,25.));
#6740=CARTESIAN_POINT('',(-87.0627019803478,45.,25.));
#6741=CARTESIAN_POINT('',(-73.5096034953517,44.9999999999999,25.));
#6742=CARTESIAN_POINT('',(-76.5096034953518,45.,25.));
#6743=CARTESIAN_POINT('',(-78.9372980196519,45.,25.));
#6744=CARTESIAN_POINT('',(-87.0627019803478,45.,25.));
#6745=CARTESIAN_POINT('',(-89.4903965046481,45.,25.));
#6746=CARTESIAN_POINT('',(-92.4903965046482,45.,25.));
#6747=CARTESIAN_POINT('',(-113.,35.,28.));
#6748=CARTESIAN_POINT('',(-113.,-34.9999999999999,28.));
#6749=CARTESIAN_POINT('',(-53.,-34.9999999999999,28.));
#6750=CARTESIAN_POINT('',(-53.,34.9999999999999,28.));
#6751=CARTESIAN_POINT('',(-63.0000000000006,43.4000000000001,25.9999999999972));
#6752=CARTESIAN_POINT('',(-58.0793939239347,43.4000000000001,25.9999999999961));
#6753=CARTESIAN_POINT('',(-54.6000000000007,39.920606076066,25.9999999999953));
#6754=CARTESIAN_POINT('',(-54.6000000000006,35.,25.9999999999953));
#6755=CARTESIAN_POINT('',(-54.6000000000007,-34.9999999999997,25.9999999999953));
#6756=CARTESIAN_POINT('',(-54.6000000000007,-39.9206060760658,25.9999999999953));
#6757=CARTESIAN_POINT('',(-58.0793939239347,-43.3999999999998,25.9999999999961));
#6758=CARTESIAN_POINT('',(-63.0000000000007,-43.3999999999998,25.9999999999972));
#6759=CARTESIAN_POINT('',(-73.5096034953525,-43.3999999999997,25.9999999999996));
#6760=CARTESIAN_POINT('',(-73.608340024242,-43.3999999999997,25.9999999999996));
#6761=CARTESIAN_POINT('',(-73.7070747015301,-43.3999270398027,25.9999999999996));
#6762=CARTESIAN_POINT('',(-73.8058100704695,-43.3991713468755,25.9999999999997));
#6763=CARTESIAN_POINT('',(-73.8447906652304,-43.3988730002944,25.9999999999997));
#6764=CARTESIAN_POINT('',(-73.8837713677962,-43.3984682388872,25.9999999999997));
#6765=CARTESIAN_POINT('',(-73.922748507377,-43.3978775645219,25.9999999999997));
#6766=CARTESIAN_POINT('',(-74.9096034953526,-34.1085109809749,25.9999999999999));
#6767=CARTESIAN_POINT('',(-74.9096034953526,-33.9357184024864,25.9999999999999));
#6768=CARTESIAN_POINT('',(-74.9097152882534,-33.762923612812,25.9999999999999));
#6769=CARTESIAN_POINT('',(-74.9130227646446,-33.5901589562754,25.9999999999999));
#6770=CARTESIAN_POINT('',(-74.9164238284897,-33.4125057979181,25.9999999999999));
#6771=CARTESIAN_POINT('',(-74.9232039828286,-33.2348845021029,25.9999999999999));
#6772=CARTESIAN_POINT('',(-74.9361587011165,-33.0576745783671,25.9999999999999));
#6773=CARTESIAN_POINT('',(-74.9499189782063,-32.8694452707555,25.9999999999999));
#6774=CARTESIAN_POINT('',(-74.9706455959077,-32.6816800862864,25.9999999999999));
#6775=CARTESIAN_POINT('',(-75.0014612635553,-32.495475056603,25.9999999999999));
#6776=CARTESIAN_POINT('',(-75.0342983369072,-32.2970555938759,25.9999999999999));
#6777=CARTESIAN_POINT('',(-75.0785914891363,-32.1004076811342,25.9999999999999));
#6778=CARTESIAN_POINT('',(-75.1375976749094,-31.9081588193314,26.));
#6779=CARTESIAN_POINT('',(-75.1686192300016,-31.8070870659267,26.));
#6780=CARTESIAN_POINT('',(-75.203707411445,-31.707231193422,26.));
#6781=CARTESIAN_POINT('',(-75.2431441827591,-31.6091295836787,26.));
#6782=CARTESIAN_POINT('',(-75.2747546031167,-31.5304965460742,26.));
#6783=CARTESIAN_POINT('',(-75.3091588940775,-31.452990582603,26.));
#6784=CARTESIAN_POINT('',(-75.3464283163349,-31.3768771891673,26.));
#6785=CARTESIAN_POINT('',(-75.3958199691941,-31.2760071976623,26.));
#6786=CARTESIAN_POINT('',(-75.4502436880371,-31.1775829943534,26.));
#6787=CARTESIAN_POINT('',(-75.5097811268093,-31.0823503731057,26.));
#6788=CARTESIAN_POINT('',(-75.5708181323599,-30.9847191321327,26.0000000000001));
#6789=CARTESIAN_POINT('',(-75.6372296999604,-30.8904422703714,26.0000000000001));
#6790=CARTESIAN_POINT('',(-75.7087399617243,-30.8001980563467,26.0000000000001));
#6791=CARTESIAN_POINT('',(-75.7810030132691,-30.7090038398969,26.0000000000001));
#6792=CARTESIAN_POINT('',(-75.8584726720909,-30.621927621581,26.0000000000001));
#6793=CARTESIAN_POINT('',(-75.9407444820508,-30.539652382558,26.0000000000001));
#6794=CARTESIAN_POINT('',(-76.0230162920107,-30.4573771435349,26.0000000000002));
#6795=CARTESIAN_POINT('',(-76.1100902531087,-30.3799028838047,26.0000000000002));
#6796=CARTESIAN_POINT('',(-76.201286292528,-30.3076414199544,26.0000000000002));
#6797=CARTESIAN_POINT('',(-76.2915323105317,-30.2361327293453,26.0000000000002));
#6798=CARTESIAN_POINT('',(-76.3858149718926,-30.1697287932366,26.0000000000002));
#6799=CARTESIAN_POINT('',(-76.4834476216257,-30.108694265723,26.0000000000003));
#6800=CARTESIAN_POINT('',(-76.5786816170229,-30.049159244107,26.0000000000003));
#6801=CARTESIAN_POINT('',(-76.6771030167411,-29.9947330390767,26.0000000000003));
#6802=CARTESIAN_POINT('',(-76.7779684286309,-29.9453345068477,26.0000000000003));
#6803=CARTESIAN_POINT('',(-76.8540783664297,-29.9080598936293,26.0000000000004));
#6804=CARTESIAN_POINT('',(-76.9315798630406,-29.8736479103402,26.0000000000004));
#6805=CARTESIAN_POINT('',(-77.0102127536781,-29.8420369686983,26.0000000000004));
#6806=CARTESIAN_POINT('',(-77.1083141800673,-29.8025995470363,26.0000000000004));
#6807=CARTESIAN_POINT('',(-77.2081765930244,-29.7675218767961,26.0000000000004));
#6808=CARTESIAN_POINT('',(-77.3092515485746,-29.7365054727711,26.0000000000005));
#6809=CARTESIAN_POINT('',(-77.5015065011871,-29.677509084857,26.0000000000005));
#6810=CARTESIAN_POINT('',(-77.6981484267609,-29.633206337542,26.0000000000005));
#6811=CARTESIAN_POINT('',(-77.8965664451298,-29.6003669480241,26.0000000000006));
#6812=CARTESIAN_POINT('',(-78.0827701193679,-29.5695491067906,26.0000000000006));
#6813=CARTESIAN_POINT('',(-78.2705379491177,-29.5488267258456,26.0000000000007));
#6814=CARTESIAN_POINT('',(-78.4587678051006,-29.5350673272371,26.0000000000007));
#6815=CARTESIAN_POINT('',(-78.6359782451048,-29.5221134360019,26.0000000000008));
#6816=CARTESIAN_POINT('',(-78.8135981986085,-29.5153311321336,26.0000000000008));
#6817=CARTESIAN_POINT('',(-78.9912510599059,-29.5119295925678,26.0000000000008));
#6818=CARTESIAN_POINT('',(-79.1640154275568,-29.5086216535465,26.0000000000009));
#6819=CARTESIAN_POINT('',(-79.3368109168642,-29.5085109809748,26.0000000000009));
#6820=CARTESIAN_POINT('',(-79.5096034953527,-29.5085109809748,26.000000000001));
#6821=CARTESIAN_POINT('',(-86.4903965046489,-29.5085109809748,26.0000000000025));
#6822=CARTESIAN_POINT('',(-86.6631890831373,-29.5085109809748,26.0000000000026));
#6823=CARTESIAN_POINT('',(-86.8359838728115,-29.5086227738756,26.0000000000026));
#6824=CARTESIAN_POINT('',(-87.008748529348,-29.5119302502667,26.0000000000027));
#6825=CARTESIAN_POINT('',(-87.1864016877052,-29.5153313141119,26.0000000000027));
#6826=CARTESIAN_POINT('',(-87.3640229835205,-29.5221114684508,26.0000000000027));
#6827=CARTESIAN_POINT('',(-87.5412329072564,-29.5350661867387,26.0000000000028));
#6828=CARTESIAN_POINT('',(-87.729462214868,-29.5488264638284,26.0000000000028));
#6829=CARTESIAN_POINT('',(-87.9172273993372,-29.5695530815297,26.0000000000029));
#6830=CARTESIAN_POINT('',(-88.1034324290206,-29.6003687491773,26.0000000000029));
#6831=CARTESIAN_POINT('',(-88.3018518917478,-29.6332058225293,26.000000000003));
#6832=CARTESIAN_POINT('',(-88.4984998044894,-29.6774989747584,26.000000000003));
#6833=CARTESIAN_POINT('',(-88.6907486662921,-29.7365051605316,26.000000000003));
#6834=CARTESIAN_POINT('',(-88.7918204196969,-29.7675267156237,26.0000000000031));
#6835=CARTESIAN_POINT('',(-88.8916762922017,-29.8026148970671,26.0000000000031));
#6836=CARTESIAN_POINT('',(-88.9897779019449,-29.8420516683812,26.0000000000031));
#6837=CARTESIAN_POINT('',(-89.0684109395495,-29.8736620887389,26.0000000000031));
#6838=CARTESIAN_POINT('',(-89.1459169030208,-29.9080663796996,26.0000000000031));
#6839=CARTESIAN_POINT('',(-89.2220302964565,-29.9453358019571,26.0000000000032));
#6840=CARTESIAN_POINT('',(-89.3229002879614,-29.9947274548162,26.0000000000032));
#6841=CARTESIAN_POINT('',(-89.42132449127,-30.0491511736593,26.0000000000032));
#6842=CARTESIAN_POINT('',(-89.5165571125177,-30.1086886124315,26.0000000000032));
#6843=CARTESIAN_POINT('',(-89.6141883534907,-30.1697256179821,26.0000000000033));
#6844=CARTESIAN_POINT('',(-89.7084652152522,-30.2361371855827,26.0000000000033));
#6845=CARTESIAN_POINT('',(-89.798709429277,-30.3076474473467,26.0000000000033));
#6846=CARTESIAN_POINT('',(-89.8899036457269,-30.3799104988914,26.0000000000033));
#6847=CARTESIAN_POINT('',(-89.9769798640427,-30.4573801577132,26.0000000000033));
#6848=CARTESIAN_POINT('',(-90.0592551030657,-30.539651967673,26.0000000000034));
#6849=CARTESIAN_POINT('',(-90.1415303420888,-30.6219237776329,26.0000000000034));
#6850=CARTESIAN_POINT('',(-90.2190046018191,-30.7089977387309,26.0000000000034));
#6851=CARTESIAN_POINT('',(-90.2912660656694,-30.8001937781503,26.0000000000034));
#6852=CARTESIAN_POINT('',(-90.3627747562783,-30.890439796154,26.0000000000034));
#6853=CARTESIAN_POINT('',(-90.4291786923868,-30.9847224575149,26.0000000000034));
#6854=CARTESIAN_POINT('',(-90.4902132199003,-31.082355107248,26.0000000000035));
#6855=CARTESIAN_POINT('',(-90.5497482415163,-31.1775891026452,26.0000000000035));
#6856=CARTESIAN_POINT('',(-90.6041744465468,-31.2760105023634,26.0000000000035));
#6857=CARTESIAN_POINT('',(-90.6535729787759,-31.3768759142531,26.0000000000035));
#6858=CARTESIAN_POINT('',(-90.6908475919944,-31.452985852052,26.0000000000035));
#6859=CARTESIAN_POINT('',(-90.7252595752835,-31.5304873486627,26.0000000000035));
#6860=CARTESIAN_POINT('',(-90.7568705169255,-31.6091202393004,26.0000000000035));
#6861=CARTESIAN_POINT('',(-90.7963079385874,-31.7072216656894,26.0000000000035));
#6862=CARTESIAN_POINT('',(-90.8313856088277,-31.8070840786466,26.0000000000035));
#6863=CARTESIAN_POINT('',(-90.8624020128528,-31.9081590341968,26.0000000000035));
#6864=CARTESIAN_POINT('',(-90.921398400767,-32.1004139868093,26.0000000000036));
#6865=CARTESIAN_POINT('',(-90.9657011480821,-32.297055912383,26.0000000000036));
#6866=CARTESIAN_POINT('',(-90.9985405376001,-32.495473930752,26.0000000000036));
#6867=CARTESIAN_POINT('',(-91.0293583788336,-32.68167760499,26.0000000000036));
#6868=CARTESIAN_POINT('',(-91.0500807597785,-32.86944543474,26.0000000000036));
#6869=CARTESIAN_POINT('',(-91.063840158387,-33.057675290723,26.0000000000036));
#6870=CARTESIAN_POINT('',(-91.076794049622,-33.2348857307272,26.0000000000036));
#6871=CARTESIAN_POINT('',(-91.0835763534902,-33.4125056842309,26.0000000000036));
#6872=CARTESIAN_POINT('',(-91.086977893056,-33.5901585455282,26.0000000000036));
#6873=CARTESIAN_POINT('',(-91.0902858320772,-33.7629229131791,26.0000000000036));
#6874=CARTESIAN_POINT('',(-91.0903965046488,-33.9357184024863,26.0000000000036));
#6875=CARTESIAN_POINT('',(-91.0903965046488,-34.1085109809748,26.0000000000036));
#6876=CARTESIAN_POINT('',(-91.0903965046487,-41.9999999999998,26.0000000000036));
#6877=CARTESIAN_POINT('',(-91.0903965046487,-42.0987365288893,26.0000000000036));
#6878=CARTESIAN_POINT('',(-91.0904694648459,-42.1974712061775,26.0000000000036));
#6879=CARTESIAN_POINT('',(-91.0912251577731,-42.2962065751169,26.0000000000036));
#6880=CARTESIAN_POINT('',(-91.0915235043542,-42.3351871698775,26.0000000000036));
#6881=CARTESIAN_POINT('',(-91.0919282657613,-42.374167872443,26.0000000000036));
#6882=CARTESIAN_POINT('',(-91.0925189401267,-42.4131450120235,26.0000000000036));
#6883=CARTESIAN_POINT('',(-103.000000000001,-43.3999999999998,26.0000000000063));
#6884=CARTESIAN_POINT('',(-107.920606076067,-43.3999999999998,26.0000000000074));
#6885=CARTESIAN_POINT('',(-111.400000000001,-39.9206060760658,26.0000000000082));
#6886=CARTESIAN_POINT('',(-111.400000000001,-34.9999999999998,26.0000000000082));
#6887=CARTESIAN_POINT('',(-111.400000000001,35.0000000000001,26.0000000000082));
#6888=CARTESIAN_POINT('',(-111.400000000001,39.9206060760661,26.0000000000082));
#6889=CARTESIAN_POINT('',(-107.920606076067,43.4000000000001,26.0000000000074));
#6890=CARTESIAN_POINT('',(-103.000000000001,43.4000000000002,26.0000000000063));
#6891=CARTESIAN_POINT('',(-92.4903965046488,43.4000000000001,26.0000000000039));
#6892=CARTESIAN_POINT('',(-92.3916599757593,43.4000000000001,26.0000000000039));
#6893=CARTESIAN_POINT('',(-92.2929252984711,43.3999270398031,26.0000000000039));
#6894=CARTESIAN_POINT('',(-92.1941899295317,43.3991713468759,26.0000000000038));
#6895=CARTESIAN_POINT('',(-92.1552093347708,43.3988730002947,26.0000000000038));
#6896=CARTESIAN_POINT('',(-92.1162286322049,43.3984682388876,26.0000000000038));
#6897=CARTESIAN_POINT('',(-92.077251492624,43.3978775645223,26.0000000000038));
#6898=CARTESIAN_POINT('',(-91.0903965046488,34.1085109809751,26.0000000000036));
#6899=CARTESIAN_POINT('',(-91.0903965046488,33.9357184024866,26.0000000000036));
#6900=CARTESIAN_POINT('',(-91.090284711748,33.7629236128123,26.0000000000036));
#6901=CARTESIAN_POINT('',(-91.0869772353569,33.5901589562757,26.0000000000036));
#6902=CARTESIAN_POINT('',(-91.0835761715118,33.4125057979185,26.0000000000036));
#6903=CARTESIAN_POINT('',(-91.0767960171729,33.2348845021033,26.0000000000036));
#6904=CARTESIAN_POINT('',(-91.0638412988849,33.0576745783675,26.0000000000036));
#6905=CARTESIAN_POINT('',(-91.0500810217951,32.8694452707558,26.0000000000036));
#6906=CARTESIAN_POINT('',(-91.0293544040937,32.6816800862866,26.0000000000036));
#6907=CARTESIAN_POINT('',(-90.9985387364461,32.4954750566031,26.0000000000036));
#6908=CARTESIAN_POINT('',(-90.9657016630941,32.297055593876,26.0000000000036));
#6909=CARTESIAN_POINT('',(-90.921408510865,32.1004076811344,26.0000000000036));
#6910=CARTESIAN_POINT('',(-90.8624023250919,31.9081588193316,26.0000000000035));
#6911=CARTESIAN_POINT('',(-90.8313807699997,31.8070870659268,26.0000000000035));
#6912=CARTESIAN_POINT('',(-90.7962925885564,31.707231193422,26.0000000000035));
#6913=CARTESIAN_POINT('',(-90.7568558172422,31.6091295836788,26.0000000000035));
#6914=CARTESIAN_POINT('',(-90.7252453968846,31.5304965460743,26.0000000000035));
#6915=CARTESIAN_POINT('',(-90.6908411059238,31.4529905826031,26.0000000000035));
#6916=CARTESIAN_POINT('',(-90.6535716836664,31.3768771891674,26.0000000000035));
#6917=CARTESIAN_POINT('',(-90.6041800308072,31.2760071976624,26.0000000000035));
#6918=CARTESIAN_POINT('',(-90.5497563119641,31.1775829943536,26.0000000000035));
#6919=CARTESIAN_POINT('',(-90.4902188731919,31.082350373106,26.0000000000035));
#6920=CARTESIAN_POINT('',(-90.4291818676413,30.984719132133,26.0000000000034));
#6921=CARTESIAN_POINT('',(-90.362770300041,30.8904422703717,26.0000000000034));
#6922=CARTESIAN_POINT('',(-90.2912600382772,30.8001980563471,26.0000000000034));
#6923=CARTESIAN_POINT('',(-90.2189969867324,30.7090038398972,26.0000000000034));
#6924=CARTESIAN_POINT('',(-90.1415273279107,30.6219276215815,26.0000000000034));
#6925=CARTESIAN_POINT('',(-90.0592555179509,30.5396523825585,26.0000000000034));
#6926=CARTESIAN_POINT('',(-89.9769837079911,30.4573771435354,26.0000000000033));
#6927=CARTESIAN_POINT('',(-89.8899097468932,30.3799028838051,26.0000000000033));
#6928=CARTESIAN_POINT('',(-89.7987137074737,30.3076414199548,26.0000000000033));
#6929=CARTESIAN_POINT('',(-89.70846768947,30.2361327293458,26.0000000000033));
#6930=CARTESIAN_POINT('',(-89.6141850281088,30.1697287932371,26.0000000000033));
#6931=CARTESIAN_POINT('',(-89.5165523783756,30.1086942657236,26.0000000000032));
#6932=CARTESIAN_POINT('',(-89.4213183829783,30.0491592441076,26.0000000000032));
#6933=CARTESIAN_POINT('',(-89.3228969832601,29.9947330390773,26.0000000000032));
#6934=CARTESIAN_POINT('',(-89.2220315713703,29.9453345068482,26.0000000000032));
#6935=CARTESIAN_POINT('',(-89.1459216335714,29.9080598936297,26.0000000000031));
#6936=CARTESIAN_POINT('',(-89.0684201369606,29.8736479103406,26.0000000000031));
#6937=CARTESIAN_POINT('',(-88.9897872463229,29.8420369686986,26.0000000000031));
#6938=CARTESIAN_POINT('',(-88.8916858199338,29.8025995470366,26.0000000000031));
#6939=CARTESIAN_POINT('',(-88.7918234069767,29.7675218767965,26.0000000000031));
#6940=CARTESIAN_POINT('',(-88.6907484514266,29.7365054727715,26.000000000003));
#6941=CARTESIAN_POINT('',(-88.4984934988142,29.6775090848574,26.000000000003));
#6942=CARTESIAN_POINT('',(-88.3018515732406,29.6332063375424,26.000000000003));
#6943=CARTESIAN_POINT('',(-88.1034335548716,29.6003669480245,26.0000000000029));
#6944=CARTESIAN_POINT('',(-87.9172298806336,29.569549106791,26.0000000000029));
#6945=CARTESIAN_POINT('',(-87.7294620508837,29.5488267258461,26.0000000000028));
#6946=CARTESIAN_POINT('',(-87.5412321949007,29.5350673272375,26.0000000000028));
#6947=CARTESIAN_POINT('',(-87.3640217548963,29.5221134360023,26.0000000000027));
#6948=CARTESIAN_POINT('',(-87.1864018013925,29.515331132134,26.0000000000027));
#6949=CARTESIAN_POINT('',(-87.0087489400952,29.5119295925681,26.0000000000027));
#6950=CARTESIAN_POINT('',(-86.8359845724443,29.5086216535468,26.0000000000026));
#6951=CARTESIAN_POINT('',(-86.6631890831373,29.5085109809751,26.0000000000026));
#6952=CARTESIAN_POINT('',(-86.4903965046488,29.5085109809751,26.0000000000025));
#6953=CARTESIAN_POINT('',(-79.5096034953526,29.5085109809751,26.000000000001));
#6954=CARTESIAN_POINT('',(-79.3368109168641,29.5085109809751,26.0000000000009));
#6955=CARTESIAN_POINT('',(-79.1640161271898,29.5086227738758,26.0000000000009));
#6956=CARTESIAN_POINT('',(-78.9912514706532,29.5119302502669,26.0000000000008));
#6957=CARTESIAN_POINT('',(-78.8135983122959,29.515331314112,26.0000000000008));
#6958=CARTESIAN_POINT('',(-78.6359770164806,29.5221114684508,26.0000000000008));
#6959=CARTESIAN_POINT('',(-78.4587670927447,29.5350661867388,26.0000000000007));
#6960=CARTESIAN_POINT('',(-78.2705377851331,29.5488264638285,26.0000000000007));
#6961=CARTESIAN_POINT('',(-78.0827726006641,29.56955308153,26.0000000000006));
#6962=CARTESIAN_POINT('',(-77.8965675709807,29.6003687491776,26.0000000000006));
#6963=CARTESIAN_POINT('',(-77.6981481082536,29.6332058225296,26.0000000000005));
#6964=CARTESIAN_POINT('',(-77.5015001955119,29.6774989747586,26.0000000000005));
#6965=CARTESIAN_POINT('',(-77.309251333709,29.7365051605317,26.0000000000005));
#6966=CARTESIAN_POINT('',(-77.2081795803041,29.7675267156239,26.0000000000004));
#6967=CARTESIAN_POINT('',(-77.1083237077992,29.8026148970673,26.0000000000004));
#6968=CARTESIAN_POINT('',(-77.010222098056,29.8420516683815,26.0000000000004));
#6969=CARTESIAN_POINT('',(-76.9315890604515,29.8736620887392,26.0000000000004));
#6970=CARTESIAN_POINT('',(-76.8540830969803,29.9080663797,26.0000000000004));
#6971=CARTESIAN_POINT('',(-76.7779697035447,29.9453358019575,26.0000000000003));
#6972=CARTESIAN_POINT('',(-76.6770997120397,29.9947274548167,26.0000000000003));
#6973=CARTESIAN_POINT('',(-76.5786755087309,30.0491511736597,26.0000000000003));
#6974=CARTESIAN_POINT('',(-76.4834428874832,30.108688612432,26.0000000000003));
#6975=CARTESIAN_POINT('',(-76.3858116465102,30.1697256179825,26.0000000000002));
#6976=CARTESIAN_POINT('',(-76.2915347847489,30.2361371855829,26.0000000000002));
#6977=CARTESIAN_POINT('',(-76.2012905707242,30.3076474473468,26.0000000000002));
#6978=CARTESIAN_POINT('',(-76.1100963542744,30.3799104988916,26.0000000000002));
#6979=CARTESIAN_POINT('',(-76.0230201359585,30.4573801577134,26.0000000000002));
#6980=CARTESIAN_POINT('',(-75.9407448969355,30.5396519676733,26.0000000000001));
#6981=CARTESIAN_POINT('',(-75.8584696579123,30.6219237776332,26.0000000000001));
#6982=CARTESIAN_POINT('',(-75.7809953981821,30.7089977387312,26.0000000000001));
#6983=CARTESIAN_POINT('',(-75.7087339343319,30.8001937781507,26.0000000000001));
#6984=CARTESIAN_POINT('',(-75.6372252437229,30.8904397961544,26.0000000000001));
#6985=CARTESIAN_POINT('',(-75.5708213076143,30.9847224575154,26.0000000000001));
#6986=CARTESIAN_POINT('',(-75.5097867801007,31.0823551072486,26.));
#6987=CARTESIAN_POINT('',(-75.4502517584848,31.1775891026458,26.));
#6988=CARTESIAN_POINT('',(-75.3958255534545,31.276010502364,26.));
#6989=CARTESIAN_POINT('',(-75.3464270212255,31.3768759142538,26.));
#6990=CARTESIAN_POINT('',(-75.309152408007,31.4529858520526,26.));
#6991=CARTESIAN_POINT('',(-75.274740424718,31.5304873486633,26.));
#6992=CARTESIAN_POINT('',(-75.2431294830762,31.6091202393009,26.));
#6993=CARTESIAN_POINT('',(-75.2036920614142,31.70722166569,26.));
#6994=CARTESIAN_POINT('',(-75.1686143911741,31.8070840786471,26.));
#6995=CARTESIAN_POINT('',(-75.137597987149,31.9081590341973,26.));
#6996=CARTESIAN_POINT('',(-75.078601599235,32.1004139868097,25.9999999999999));
#6997=CARTESIAN_POINT('',(-75.0342988519199,32.2970559123834,25.9999999999999));
#6998=CARTESIAN_POINT('',(-75.001459462402,32.4954739307523,25.9999999999999));
#6999=CARTESIAN_POINT('',(-74.9706416211684,32.6816776049903,25.9999999999999));
#7000=CARTESIAN_POINT('',(-74.9499192402233,32.8694454347402,25.9999999999999));
#7001=CARTESIAN_POINT('',(-74.9361598416149,33.0576752907232,25.9999999999999));
#7002=CARTESIAN_POINT('',(-74.9232059503797,33.2348857307274,25.9999999999999));
#7003=CARTESIAN_POINT('',(-74.9164236465116,33.4125056842312,25.9999999999999));
#7004=CARTESIAN_POINT('',(-74.9130221069458,33.5901585455285,25.9999999999999));
#7005=CARTESIAN_POINT('',(-74.9097141679244,33.7629229131795,25.9999999999999));
#7006=CARTESIAN_POINT('',(-74.9096034953526,33.9357184024867,25.9999999999999));
#7007=CARTESIAN_POINT('',(-74.9096034953526,34.1085109809752,25.9999999999999));
#7008=CARTESIAN_POINT('',(-74.9096034953526,42.0000000000002,25.9999999999999));
#7009=CARTESIAN_POINT('',(-74.9096034953526,42.0987365288897,25.9999999999999));
#7010=CARTESIAN_POINT('',(-74.9095305351555,42.1974712061779,25.9999999999999));
#7011=CARTESIAN_POINT('',(-74.9087748422283,42.2962065751174,25.9999999999999));
#7012=CARTESIAN_POINT('',(-74.9084764956472,42.3351871698782,25.9999999999999));
#7013=CARTESIAN_POINT('',(-74.90807173424,42.3741678724439,25.9999999999999));
#7014=CARTESIAN_POINT('',(-74.9074810598746,42.4131450120247,25.9999999999999));
#7015=CARTESIAN_POINT('',(-73.9227485073756,43.3978775645222,28.));
#7016=CARTESIAN_POINT('',(-73.8837713677951,43.3984682388876,28.));
#7017=CARTESIAN_POINT('',(-73.8447906652296,43.3988730002947,28.));
#7018=CARTESIAN_POINT('',(-73.805810070469,43.3991713468758,28.));
#7019=CARTESIAN_POINT('',(-73.7070747015296,43.399927039803,28.));
#7020=CARTESIAN_POINT('',(-73.6083400242415,43.4,28.));
#7021=CARTESIAN_POINT('',(-73.509603495352,43.4,28.));
#7022=CARTESIAN_POINT('',(-73.509603495352,43.4,28.));
#7023=CARTESIAN_POINT('',(-70.0064023302347,43.4,28.0000000000004));
#7024=CARTESIAN_POINT('',(-66.5032011651174,43.4,27.9999999999996));
#7025=CARTESIAN_POINT('',(-63.0000000000002,43.4,28.));
#7026=CARTESIAN_POINT('',(-63.0000000000002,43.4,28.));
#7027=CARTESIAN_POINT('',(-54.6000000000002,43.3999999999999,27.9999999999992));
#7028=CARTESIAN_POINT('',(-54.6000000000002,34.9999999999999,28.));
#7029=CARTESIAN_POINT('',(-54.6000000000002,-34.9999999999998,28.));
#7030=CARTESIAN_POINT('',(-54.6000000000003,-43.3999999999998,27.9999999999992));
#7031=CARTESIAN_POINT('',(-63.0000000000002,-43.3999999999999,28.));
#7032=CARTESIAN_POINT('',(-63.0000000000002,-43.3999999999999,28.));
#7033=CARTESIAN_POINT('',(-66.5032011651175,-43.3999999999999,27.9999999999996));
#7034=CARTESIAN_POINT('',(-70.0064023302348,-43.3999999999999,28.0000000000004));
#7035=CARTESIAN_POINT('',(-73.5096034953521,-43.3999999999999,28.));
#7036=CARTESIAN_POINT('',(-73.5096034953521,-43.3999999999999,28.));
#7037=CARTESIAN_POINT('',(-73.6083400242415,-43.3999999999999,27.9999999999999));
#7038=CARTESIAN_POINT('',(-73.7070747015297,-43.3999270398028,27.9999999999999));
#7039=CARTESIAN_POINT('',(-73.8058100704691,-43.3991713468756,27.9999999999999));
#7040=CARTESIAN_POINT('',(-73.8447906652299,-43.3988730002945,27.9999999999999));
#7041=CARTESIAN_POINT('',(-73.8837713677957,-43.3984682388873,27.9999999999999));
#7042=CARTESIAN_POINT('',(-73.9227485073766,-43.397877564522,27.9999999999999));
#7043=CARTESIAN_POINT('',(-74.9096034953521,-42.,28.));
#7044=CARTESIAN_POINT('',(-74.9096034953521,-39.369503660325,28.));
#7045=CARTESIAN_POINT('',(-74.9096034953521,-36.73900732065,28.));
#7046=CARTESIAN_POINT('',(-74.9096034953521,-34.108510980975,28.));
#7047=CARTESIAN_POINT('',(-74.9096034953521,-34.108510980975,28.));
#7048=CARTESIAN_POINT('',(-74.9096034953521,-33.9357184024865,27.9999999999995));
#7049=CARTESIAN_POINT('',(-74.909715288253,-33.7629236128121,27.9999999999995));
#7050=CARTESIAN_POINT('',(-74.9130227646441,-33.5901589562755,27.9999999999995));
#7051=CARTESIAN_POINT('',(-74.9164238284893,-33.4125057979182,27.9999999999995));
#7052=CARTESIAN_POINT('',(-74.9232039828281,-33.234884502103,27.9999999999995));
#7053=CARTESIAN_POINT('',(-74.9361587011161,-33.0576745783672,27.9999999999995));
#7054=CARTESIAN_POINT('',(-74.9499189782058,-32.8694452707556,27.9999999999995));
#7055=CARTESIAN_POINT('',(-74.9706455959072,-32.6816800862865,27.9999999999995));
#7056=CARTESIAN_POINT('',(-75.0014612635548,-32.4954750566031,27.9999999999995));
#7057=CARTESIAN_POINT('',(-75.0342983369068,-32.297055593876,27.9999999999995));
#7058=CARTESIAN_POINT('',(-75.0785914891358,-32.1004076811343,27.9999999999995));
#7059=CARTESIAN_POINT('',(-75.137597674909,-31.9081588193316,27.9999999999996));
#7060=CARTESIAN_POINT('',(-75.1686192300012,-31.8070870659268,27.9999999999996));
#7061=CARTESIAN_POINT('',(-75.2037074114445,-31.707231193422,27.9999999999996));
#7062=CARTESIAN_POINT('',(-75.2431441827586,-31.6091295836788,27.9999999999996));
#7063=CARTESIAN_POINT('',(-75.2747546031163,-31.5304965460743,27.9999999999996));
#7064=CARTESIAN_POINT('',(-75.309158894077,-31.4529905826031,27.9999999999996));
#7065=CARTESIAN_POINT('',(-75.3464283163345,-31.3768771891674,27.9999999999996));
#7066=CARTESIAN_POINT('',(-75.3958199691936,-31.2760071976624,27.9999999999996));
#7067=CARTESIAN_POINT('',(-75.4502436880366,-31.1775829943535,27.9999999999996));
#7068=CARTESIAN_POINT('',(-75.5097811268089,-31.0823503731058,27.9999999999996));
#7069=CARTESIAN_POINT('',(-75.5708181323594,-30.9847191321328,27.9999999999997));
#7070=CARTESIAN_POINT('',(-75.6372296999599,-30.8904422703715,27.9999999999997));
#7071=CARTESIAN_POINT('',(-75.7087399617238,-30.8001980563469,27.9999999999997));
#7072=CARTESIAN_POINT('',(-75.7810030132687,-30.709003839897,27.9999999999997));
#7073=CARTESIAN_POINT('',(-75.8584726720905,-30.6219276215811,27.9999999999997));
#7074=CARTESIAN_POINT('',(-75.9407444820503,-30.5396523825581,27.9999999999997));
#7075=CARTESIAN_POINT('',(-76.0230162920103,-30.457377143535,27.9999999999998));
#7076=CARTESIAN_POINT('',(-76.1100902531083,-30.3799028838048,27.9999999999998));
#7077=CARTESIAN_POINT('',(-76.2012862925276,-30.3076414199545,27.9999999999998));
#7078=CARTESIAN_POINT('',(-76.2915323105312,-30.2361327293455,27.9999999999998));
#7079=CARTESIAN_POINT('',(-76.3858149718921,-30.1697287932367,27.9999999999998));
#7080=CARTESIAN_POINT('',(-76.4834476216253,-30.1086942657231,27.9999999999999));
#7081=CARTESIAN_POINT('',(-76.5786816170224,-30.0491592441071,27.9999999999999));
#7082=CARTESIAN_POINT('',(-76.6771030167407,-29.9947330390768,27.9999999999999));
#7083=CARTESIAN_POINT('',(-76.7779684286304,-29.9453345068478,27.9999999999999));
#7084=CARTESIAN_POINT('',(-76.8540783664293,-29.9080598936293,27.9999999999999));
#7085=CARTESIAN_POINT('',(-76.9315798630401,-29.8736479103403,28.));
#7086=CARTESIAN_POINT('',(-77.0102127536777,-29.8420369686984,28.));
#7087=CARTESIAN_POINT('',(-77.1083141800668,-29.8025995470364,28.));
#7088=CARTESIAN_POINT('',(-77.2081765930239,-29.7675218767962,28.));
#7089=CARTESIAN_POINT('',(-77.3092515485742,-29.7365054727712,28.0000000000001));
#7090=CARTESIAN_POINT('',(-77.5015065011866,-29.6775090848571,28.0000000000001));
#7091=CARTESIAN_POINT('',(-77.6981484267604,-29.633206337542,28.0000000000001));
#7092=CARTESIAN_POINT('',(-77.8965664451294,-29.6003669480242,28.0000000000002));
#7093=CARTESIAN_POINT('',(-78.0827701193674,-29.5695491067906,28.0000000000002));
#7094=CARTESIAN_POINT('',(-78.2705379491172,-29.5488267258457,28.0000000000003));
#7095=CARTESIAN_POINT('',(-78.4587678051001,-29.5350673272372,28.0000000000003));
#7096=CARTESIAN_POINT('',(-78.6359782451043,-29.522113436002,28.0000000000004));
#7097=CARTESIAN_POINT('',(-78.813598198608,-29.5153311321337,28.0000000000004));
#7098=CARTESIAN_POINT('',(-78.9912510599054,-29.5119295925679,28.0000000000004));
#7099=CARTESIAN_POINT('',(-79.1640154275564,-29.5086216535466,28.0000000000005));
#7100=CARTESIAN_POINT('',(-79.3368109168637,-29.5085109809749,28.0000000000005));
#7101=CARTESIAN_POINT('',(-79.5096034953522,-29.5085109809749,28.));
#7102=CARTESIAN_POINT('',(-79.5096034953522,-29.5085109809749,28.));
#7103=CARTESIAN_POINT('',(-79.7397356635681,-29.5085109809749,28.));
#7104=CARTESIAN_POINT('',(-79.9698678317841,-29.5085109809749,28.));
#7105=CARTESIAN_POINT('',(-80.2,-29.5085109809749,28.));
#7106=CARTESIAN_POINT('',(-86.4903965046484,-29.5085109809749,28.));
#7107=CARTESIAN_POINT('',(-86.6631890831369,-29.5085109809749,27.9999999999995));
#7108=CARTESIAN_POINT('',(-86.8359838728111,-29.5086227738757,27.9999999999995));
#7109=CARTESIAN_POINT('',(-87.0087485293475,-29.5119302502668,27.9999999999996));
#7110=CARTESIAN_POINT('',(-87.1864016877047,-29.515331314112,27.9999999999996));
#7111=CARTESIAN_POINT('',(-87.36402298352,-29.5221114684508,27.9999999999996));
#7112=CARTESIAN_POINT('',(-87.5412329072559,-29.5350661867388,27.9999999999997));
#7113=CARTESIAN_POINT('',(-87.7294622148675,-29.5488264638284,27.9999999999997));
#7114=CARTESIAN_POINT('',(-87.9172273993367,-29.5695530815298,27.9999999999998));
#7115=CARTESIAN_POINT('',(-88.1034324290202,-29.6003687491774,27.9999999999998));
#7116=CARTESIAN_POINT('',(-88.3018518917473,-29.6332058225294,27.9999999999999));
#7117=CARTESIAN_POINT('',(-88.4984998044889,-29.6774989747585,27.9999999999999));
#7118=CARTESIAN_POINT('',(-88.6907486662917,-29.7365051605316,28.));
#7119=CARTESIAN_POINT('',(-88.7918204196965,-29.7675267156238,28.));
#7120=CARTESIAN_POINT('',(-88.8916762922012,-29.8026148970672,28.));
#7121=CARTESIAN_POINT('',(-88.9897779019445,-29.8420516683813,28.));
#7122=CARTESIAN_POINT('',(-89.068410939549,-29.873662088739,28.));
#7123=CARTESIAN_POINT('',(-89.1459169030203,-29.9080663796997,28.0000000000001));
#7124=CARTESIAN_POINT('',(-89.222030296456,-29.9453358019572,28.0000000000001));
#7125=CARTESIAN_POINT('',(-89.3229002879609,-29.9947274548163,28.0000000000001));
#7126=CARTESIAN_POINT('',(-89.4213244912696,-30.0491511736593,28.0000000000001));
#7127=CARTESIAN_POINT('',(-89.5165571125172,-30.1086886124316,28.0000000000001));
#7128=CARTESIAN_POINT('',(-89.6141883534902,-30.1697256179822,28.0000000000002));
#7129=CARTESIAN_POINT('',(-89.7084652152517,-30.2361371855828,28.0000000000002));
#7130=CARTESIAN_POINT('',(-89.7987094292765,-30.3076474473467,28.0000000000002));
#7131=CARTESIAN_POINT('',(-89.8899036457264,-30.3799104988915,28.0000000000002));
#7132=CARTESIAN_POINT('',(-89.9769798640422,-30.4573801577133,28.0000000000002));
#7133=CARTESIAN_POINT('',(-90.0592551030653,-30.5396519676731,28.0000000000003));
#7134=CARTESIAN_POINT('',(-90.1415303420884,-30.621923777633,28.0000000000003));
#7135=CARTESIAN_POINT('',(-90.2190046018187,-30.708997738731,28.0000000000003));
#7136=CARTESIAN_POINT('',(-90.2912660656689,-30.8001937781505,28.0000000000003));
#7137=CARTESIAN_POINT('',(-90.3627747562778,-30.8904397961541,28.0000000000003));
#7138=CARTESIAN_POINT('',(-90.4291786923864,-30.984722457515,28.0000000000003));
#7139=CARTESIAN_POINT('',(-90.4902132198998,-31.0823551072481,28.0000000000004));
#7140=CARTESIAN_POINT('',(-90.5497482415158,-31.1775891026453,28.0000000000004));
#7141=CARTESIAN_POINT('',(-90.6041744465463,-31.2760105023635,28.0000000000004));
#7142=CARTESIAN_POINT('',(-90.6535729787754,-31.3768759142532,28.0000000000004));
#7143=CARTESIAN_POINT('',(-90.690847591994,-31.4529858520521,28.0000000000004));
#7144=CARTESIAN_POINT('',(-90.7252595752831,-31.5304873486628,28.0000000000004));
#7145=CARTESIAN_POINT('',(-90.756870516925,-31.6091202393004,28.0000000000004));
#7146=CARTESIAN_POINT('',(-90.796307938587,-31.7072216656895,28.0000000000004));
#7147=CARTESIAN_POINT('',(-90.8313856088272,-31.8070840786467,28.0000000000004));
#7148=CARTESIAN_POINT('',(-90.8624020128523,-31.9081590341969,28.0000000000005));
#7149=CARTESIAN_POINT('',(-90.9213984007665,-32.1004139868094,28.0000000000005));
#7150=CARTESIAN_POINT('',(-90.9657011480817,-32.2970559123831,28.0000000000005));
#7151=CARTESIAN_POINT('',(-90.9985405375996,-32.4954739307522,28.0000000000005));
#7152=CARTESIAN_POINT('',(-91.0293583788331,-32.6816776049901,28.0000000000005));
#7153=CARTESIAN_POINT('',(-91.050080759778,-32.8694454347401,28.0000000000005));
#7154=CARTESIAN_POINT('',(-91.0638401583865,-33.057675290723,28.0000000000005));
#7155=CARTESIAN_POINT('',(-91.0767940496216,-33.2348857307273,28.0000000000005));
#7156=CARTESIAN_POINT('',(-91.0835763534898,-33.412505684231,28.0000000000005));
#7157=CARTESIAN_POINT('',(-91.0869778930555,-33.5901585455283,28.0000000000005));
#7158=CARTESIAN_POINT('',(-91.0902858320767,-33.7629229131792,28.0000000000005));
#7159=CARTESIAN_POINT('',(-91.0903965046483,-33.9357184024864,28.0000000000005));
#7160=CARTESIAN_POINT('',(-91.0903965046483,-34.1085109809749,28.));
#7161=CARTESIAN_POINT('',(-91.0903965046483,-34.1085109809749,28.));
#7162=CARTESIAN_POINT('',(-91.0903965046483,-36.7390073206499,28.));
#7163=CARTESIAN_POINT('',(-91.0903965046483,-39.3695036603249,28.));
#7164=CARTESIAN_POINT('',(-91.0903965046483,-41.9999999999998,28.));
#7165=CARTESIAN_POINT('',(-91.0903965046483,-41.9999999999998,28.));
#7166=CARTESIAN_POINT('',(-91.0903965046483,-42.0987365288894,27.9999999999999));
#7167=CARTESIAN_POINT('',(-91.0904694648454,-42.1974712061776,27.9999999999999));
#7168=CARTESIAN_POINT('',(-91.0912251577726,-42.296206575117,27.9999999999999));
#7169=CARTESIAN_POINT('',(-91.0915235043537,-42.3351871698776,27.9999999999999));
#7170=CARTESIAN_POINT('',(-91.0919282657609,-42.3741678724431,27.9999999999999));
#7171=CARTESIAN_POINT('',(-91.0925189401262,-42.4131450120236,27.9999999999999));
#7172=CARTESIAN_POINT('',(-92.4903965046484,-43.3999999999999,28.));
#7173=CARTESIAN_POINT('',(-95.9935976697657,-43.3999999999999,27.9999999999996));
#7174=CARTESIAN_POINT('',(-99.496798834883,-43.3999999999999,28.0000000000004));
#7175=CARTESIAN_POINT('',(-103.,-43.3999999999999,28.));
#7176=CARTESIAN_POINT('',(-103.,-43.3999999999999,28.));
#7177=CARTESIAN_POINT('',(-111.4,-43.3999999999999,28.0000000000008));
#7178=CARTESIAN_POINT('',(-111.4,-34.9999999999999,28.));
#7179=CARTESIAN_POINT('',(-111.4,35.,28.));
#7180=CARTESIAN_POINT('',(-111.4,43.4,28.0000000000008));
#7181=CARTESIAN_POINT('',(-103.,43.4000000000001,28.));
#7182=CARTESIAN_POINT('',(-103.,43.4000000000001,28.));
#7183=CARTESIAN_POINT('',(-99.4967988348829,43.4000000000001,28.0000000000004));
#7184=CARTESIAN_POINT('',(-95.9935976697657,43.4000000000001,27.9999999999996));
#7185=CARTESIAN_POINT('',(-92.4903965046484,43.4,28.));
#7186=CARTESIAN_POINT('',(-92.4903965046484,43.4,28.));
#7187=CARTESIAN_POINT('',(-92.3916599757589,43.4000000000001,28.0000000000002));
#7188=CARTESIAN_POINT('',(-92.2929252984707,43.399927039803,28.0000000000001));
#7189=CARTESIAN_POINT('',(-92.1941899295313,43.3991713468758,28.0000000000001));
#7190=CARTESIAN_POINT('',(-92.1552093347703,43.3988730002946,28.0000000000001));
#7191=CARTESIAN_POINT('',(-92.1162286322045,43.3984682388875,28.0000000000001));
#7192=CARTESIAN_POINT('',(-92.0772514926236,43.3978775645221,28.0000000000001));
#7193=CARTESIAN_POINT('',(-91.0903965046483,42.,28.));
#7194=CARTESIAN_POINT('',(-91.0903965046483,39.369503660325,28.));
#7195=CARTESIAN_POINT('',(-91.0903965046483,36.73900732065,28.));
#7196=CARTESIAN_POINT('',(-91.0903965046483,34.108510980975,28.));
#7197=CARTESIAN_POINT('',(-91.0903965046483,34.108510980975,28.));
#7198=CARTESIAN_POINT('',(-91.0903965046483,33.9357184024865,28.0000000000005));
#7199=CARTESIAN_POINT('',(-91.0902847117476,33.7629236128122,28.0000000000005));
#7200=CARTESIAN_POINT('',(-91.0869772353565,33.5901589562756,28.0000000000005));
#7201=CARTESIAN_POINT('',(-91.0835761715113,33.4125057979184,28.0000000000005));
#7202=CARTESIAN_POINT('',(-91.0767960171724,33.2348845021032,28.0000000000005));
#7203=CARTESIAN_POINT('',(-91.0638412988844,33.0576745783674,28.0000000000005));
#7204=CARTESIAN_POINT('',(-91.0500810217947,32.8694452707557,28.0000000000005));
#7205=CARTESIAN_POINT('',(-91.0293544040933,32.6816800862865,28.0000000000005));
#7206=CARTESIAN_POINT('',(-90.9985387364456,32.495475056603,28.0000000000005));
#7207=CARTESIAN_POINT('',(-90.9657016630936,32.2970555938759,28.0000000000005));
#7208=CARTESIAN_POINT('',(-90.9214085108645,32.1004076811343,28.0000000000005));
#7209=CARTESIAN_POINT('',(-90.8624023250914,31.9081588193315,28.0000000000005));
#7210=CARTESIAN_POINT('',(-90.8313807699993,31.8070870659267,28.0000000000004));
#7211=CARTESIAN_POINT('',(-90.7962925885559,31.7072311934219,28.0000000000004));
#7212=CARTESIAN_POINT('',(-90.7568558172418,31.6091295836787,28.0000000000004));
#7213=CARTESIAN_POINT('',(-90.7252453968842,31.5304965460742,28.0000000000004));
#7214=CARTESIAN_POINT('',(-90.6908411059234,31.452990582603,28.0000000000004));
#7215=CARTESIAN_POINT('',(-90.6535716836659,31.3768771891673,28.0000000000004));
#7216=CARTESIAN_POINT('',(-90.6041800308068,31.2760071976623,28.0000000000004));
#7217=CARTESIAN_POINT('',(-90.5497563119636,31.1775829943535,28.0000000000004));
#7218=CARTESIAN_POINT('',(-90.4902188731914,31.0823503731059,28.0000000000004));
#7219=CARTESIAN_POINT('',(-90.4291818676409,30.9847191321329,28.0000000000003));
#7220=CARTESIAN_POINT('',(-90.3627703000405,30.8904422703716,28.0000000000003));
#7221=CARTESIAN_POINT('',(-90.2912600382767,30.800198056347,28.0000000000003));
#7222=CARTESIAN_POINT('',(-90.218996986732,30.7090038398971,28.0000000000003));
#7223=CARTESIAN_POINT('',(-90.1415273279102,30.6219276215814,28.0000000000003));
#7224=CARTESIAN_POINT('',(-90.0592555179504,30.5396523825584,28.0000000000003));
#7225=CARTESIAN_POINT('',(-89.9769837079906,30.4573771435354,28.0000000000002));
#7226=CARTESIAN_POINT('',(-89.8899097468927,30.379902883805,28.0000000000002));
#7227=CARTESIAN_POINT('',(-89.7987137074732,30.3076414199547,28.0000000000002));
#7228=CARTESIAN_POINT('',(-89.7084676894695,30.2361327293457,28.0000000000002));
#7229=CARTESIAN_POINT('',(-89.6141850281083,30.169728793237,28.0000000000002));
#7230=CARTESIAN_POINT('',(-89.5165523783751,30.1086942657235,28.0000000000001));
#7231=CARTESIAN_POINT('',(-89.4213183829778,30.0491592441075,28.0000000000001));
#7232=CARTESIAN_POINT('',(-89.3228969832596,29.9947330390772,28.0000000000001));
#7233=CARTESIAN_POINT('',(-89.2220315713699,29.9453345068481,28.0000000000001));
#7234=CARTESIAN_POINT('',(-89.1459216335709,29.9080598936296,28.0000000000001));
#7235=CARTESIAN_POINT('',(-89.0684201369601,29.8736479103405,28.));
#7236=CARTESIAN_POINT('',(-88.9897872463225,29.8420369686985,28.));
#7237=CARTESIAN_POINT('',(-88.8916858199333,29.8025995470366,28.));
#7238=CARTESIAN_POINT('',(-88.7918234069762,29.7675218767963,28.));
#7239=CARTESIAN_POINT('',(-88.6907484514261,29.7365054727714,28.));
#7240=CARTESIAN_POINT('',(-88.4984934988137,29.6775090848573,27.9999999999999));
#7241=CARTESIAN_POINT('',(-88.3018515732401,29.6332063375423,27.9999999999999));
#7242=CARTESIAN_POINT('',(-88.1034335548711,29.6003669480244,27.9999999999998));
#7243=CARTESIAN_POINT('',(-87.9172298806332,29.5695491067909,27.9999999999998));
#7244=CARTESIAN_POINT('',(-87.7294620508832,29.548826725846,27.9999999999997));
#7245=CARTESIAN_POINT('',(-87.5412321949002,29.5350673272374,27.9999999999997));
#7246=CARTESIAN_POINT('',(-87.3640217548959,29.5221134360022,27.9999999999996));
#7247=CARTESIAN_POINT('',(-87.1864018013921,29.5153311321339,27.9999999999996));
#7248=CARTESIAN_POINT('',(-87.0087489400948,29.511929592568,27.9999999999996));
#7249=CARTESIAN_POINT('',(-86.8359845724439,29.5086216535467,27.9999999999995));
#7250=CARTESIAN_POINT('',(-86.6631890831368,29.508510980975,27.9999999999995));
#7251=CARTESIAN_POINT('',(-86.4903965046483,29.508510980975,28.));
#7252=CARTESIAN_POINT('',(-86.4903965046483,29.508510980975,28.));
#7253=CARTESIAN_POINT('',(-86.2602643364322,29.508510980975,28.));
#7254=CARTESIAN_POINT('',(-86.0301321682161,29.508510980975,28.));
#7255=CARTESIAN_POINT('',(-85.8,29.508510980975,28.));
#7256=CARTESIAN_POINT('',(-79.5096034953522,29.508510980975,28.));
#7257=CARTESIAN_POINT('',(-79.3368109168637,29.508510980975,28.0000000000005));
#7258=CARTESIAN_POINT('',(-79.1640161271894,29.5086227738757,28.0000000000005));
#7259=CARTESIAN_POINT('',(-78.9912514706527,29.5119302502668,28.0000000000004));
#7260=CARTESIAN_POINT('',(-78.8135983122955,29.5153313141119,28.0000000000004));
#7261=CARTESIAN_POINT('',(-78.6359770164801,29.5221114684507,28.0000000000004));
#7262=CARTESIAN_POINT('',(-78.4587670927443,29.5350661867387,28.0000000000003));
#7263=CARTESIAN_POINT('',(-78.2705377851327,29.5488264638284,28.0000000000003));
#7264=CARTESIAN_POINT('',(-78.0827726006636,29.5695530815299,28.0000000000002));
#7265=CARTESIAN_POINT('',(-77.8965675709802,29.6003687491775,28.0000000000002));
#7266=CARTESIAN_POINT('',(-77.6981481082531,29.6332058225295,28.0000000000001));
#7267=CARTESIAN_POINT('',(-77.5015001955115,29.6774989747585,28.0000000000001));
#7268=CARTESIAN_POINT('',(-77.3092513337085,29.7365051605317,28.0000000000001));
#7269=CARTESIAN_POINT('',(-77.2081795803036,29.7675267156238,28.));
#7270=CARTESIAN_POINT('',(-77.1083237077988,29.8026148970672,28.));
#7271=CARTESIAN_POINT('',(-77.0102220980555,29.8420516683814,28.));
#7272=CARTESIAN_POINT('',(-76.931589060451,29.8736620887391,28.));
#7273=CARTESIAN_POINT('',(-76.8540830969799,29.9080663796999,27.9999999999999));
#7274=CARTESIAN_POINT('',(-76.7779697035442,29.9453358019574,27.9999999999999));
#7275=CARTESIAN_POINT('',(-76.6770997120393,29.9947274548166,27.9999999999999));
#7276=CARTESIAN_POINT('',(-76.5786755087304,30.0491511736596,27.9999999999999));
#7277=CARTESIAN_POINT('',(-76.4834428874827,30.1086886124319,27.9999999999999));
#7278=CARTESIAN_POINT('',(-76.3858116465098,30.1697256179824,27.9999999999998));
#7279=CARTESIAN_POINT('',(-76.2915347847485,30.2361371855828,27.9999999999998));
#7280=CARTESIAN_POINT('',(-76.2012905707238,30.3076474473467,27.9999999999998));
#7281=CARTESIAN_POINT('',(-76.1100963542739,30.3799104988915,27.9999999999998));
#7282=CARTESIAN_POINT('',(-76.023020135958,30.4573801577133,27.9999999999998));
#7283=CARTESIAN_POINT('',(-75.940744896935,30.5396519676732,27.9999999999997));
#7284=CARTESIAN_POINT('',(-75.8584696579119,30.6219237776331,27.9999999999997));
#7285=CARTESIAN_POINT('',(-75.7809953981817,30.7089977387311,27.9999999999997));
#7286=CARTESIAN_POINT('',(-75.7087339343314,30.8001937781506,27.9999999999997));
#7287=CARTESIAN_POINT('',(-75.6372252437225,30.8904397961543,27.9999999999997));
#7288=CARTESIAN_POINT('',(-75.5708213076138,30.9847224575153,27.9999999999997));
#7289=CARTESIAN_POINT('',(-75.5097867801003,31.0823551072485,27.9999999999996));
#7290=CARTESIAN_POINT('',(-75.4502517584843,31.1775891026457,27.9999999999996));
#7291=CARTESIAN_POINT('',(-75.395825553454,31.276010502364,27.9999999999996));
#7292=CARTESIAN_POINT('',(-75.346427021225,31.3768759142536,27.9999999999996));
#7293=CARTESIAN_POINT('',(-75.3091524080066,31.4529858520525,27.9999999999996));
#7294=CARTESIAN_POINT('',(-75.2747404247175,31.5304873486633,27.9999999999996));
#7295=CARTESIAN_POINT('',(-75.2431294830757,31.6091202393008,27.9999999999996));
#7296=CARTESIAN_POINT('',(-75.2036920614138,31.7072216656899,27.9999999999996));
#7297=CARTESIAN_POINT('',(-75.1686143911736,31.807084078647,27.9999999999996));
#7298=CARTESIAN_POINT('',(-75.1375979871486,31.9081590341972,27.9999999999996));
#7299=CARTESIAN_POINT('',(-75.0786015992345,32.1004139868097,27.9999999999995));
#7300=CARTESIAN_POINT('',(-75.0342988519195,32.2970559123833,27.9999999999995));
#7301=CARTESIAN_POINT('',(-75.0014594624015,32.4954739307522,27.9999999999995));
#7302=CARTESIAN_POINT('',(-74.9706416211679,32.6816776049902,27.9999999999995));
#7303=CARTESIAN_POINT('',(-74.9499192402229,32.8694454347401,27.9999999999995));
#7304=CARTESIAN_POINT('',(-74.9361598416144,33.057675290723,27.9999999999995));
#7305=CARTESIAN_POINT('',(-74.9232059503793,33.2348857307273,27.9999999999995));
#7306=CARTESIAN_POINT('',(-74.9164236465112,33.4125056842311,27.9999999999995));
#7307=CARTESIAN_POINT('',(-74.9130221069453,33.5901585455285,27.9999999999995));
#7308=CARTESIAN_POINT('',(-74.909714167924,33.7629229131794,27.9999999999995));
#7309=CARTESIAN_POINT('',(-74.9096034953521,33.9357184024866,27.9999999999995));
#7310=CARTESIAN_POINT('',(-74.9096034953521,34.108510980975,28.));
#7311=CARTESIAN_POINT('',(-74.9096034953521,34.108510980975,28.));
#7312=CARTESIAN_POINT('',(-74.9096034953521,36.7390073206501,28.));
#7313=CARTESIAN_POINT('',(-74.9096034953521,39.3695036603251,28.));
#7314=CARTESIAN_POINT('',(-74.9096034953521,42.0000000000001,28.));
#7315=CARTESIAN_POINT('',(-74.9096034953521,42.0000000000001,28.));
#7316=CARTESIAN_POINT('',(-74.9096034953521,42.0987365288896,28.0000000000001));
#7317=CARTESIAN_POINT('',(-74.9095305351551,42.1974712061779,28.0000000000001));
#7318=CARTESIAN_POINT('',(-74.9087748422278,42.2962065751173,28.0000000000001));
#7319=CARTESIAN_POINT('',(-74.9084764956467,42.3351871698781,28.0000000000001));
#7320=CARTESIAN_POINT('',(-74.9080717342396,42.3741678724438,28.0000000000001));
#7321=CARTESIAN_POINT('',(-74.9074810598742,42.4131450120246,28.0000000000001));
#7322=CARTESIAN_POINT('',(-73.9227485073756,43.3978775645222,28.));
#7323=CARTESIAN_POINT('',(-73.9227485073761,43.3978775645223,25.9999999999997));
#7324=CARTESIAN_POINT('',(-63.0000000000002,43.4,28.));
#7325=CARTESIAN_POINT('',(-63.0000000000006,43.4000000000001,25.9999999999972));
#7326=CARTESIAN_POINT('',(-54.6000000000002,34.9999999999999,28.));
#7327=CARTESIAN_POINT('',(-54.6000000000006,35.,25.9999999999953));
#7328=CARTESIAN_POINT('',(-54.6000000000002,-34.9999999999998,28.));
#7329=CARTESIAN_POINT('',(-54.6000000000007,-34.9999999999997,25.9999999999953));
#7330=CARTESIAN_POINT('',(-63.0000000000002,-43.3999999999999,28.));
#7331=CARTESIAN_POINT('',(-63.0000000000007,-43.3999999999998,25.9999999999972));
#7332=CARTESIAN_POINT('',(-73.5096034953521,-43.3999999999999,28.));
#7333=CARTESIAN_POINT('',(-73.5096034953525,-43.3999999999997,25.9999999999996));
#7334=CARTESIAN_POINT('',(-74.9096034953521,-34.108510980975,28.));
#7335=CARTESIAN_POINT('',(-74.9096034953526,-34.1085109809749,25.9999999999999));
#7336=CARTESIAN_POINT('',(-79.5096034953522,-29.5085109809749,28.));
#7337=CARTESIAN_POINT('',(-79.5096034953527,-29.5085109809748,26.000000000001));
#7338=CARTESIAN_POINT('',(-86.4903965046484,-29.5085109809749,28.));
#7339=CARTESIAN_POINT('',(-86.4903965046489,-29.5085109809748,26.0000000000025));
#7340=CARTESIAN_POINT('',(-91.0903965046483,-34.1085109809749,28.));
#7341=CARTESIAN_POINT('',(-91.0903965046488,-34.1085109809748,26.0000000000036));
#7342=CARTESIAN_POINT('',(-91.0903965046483,-41.9999999999998,28.));
#7343=CARTESIAN_POINT('',(-91.0903965046487,-41.9999999999998,26.0000000000036));
#7344=CARTESIAN_POINT('',(-103.,-43.3999999999999,28.));
#7345=CARTESIAN_POINT('',(-103.000000000001,-43.3999999999998,26.0000000000063));
#7346=CARTESIAN_POINT('',(-111.4,-34.9999999999999,28.));
#7347=CARTESIAN_POINT('',(-111.400000000001,-34.9999999999998,26.0000000000082));
#7348=CARTESIAN_POINT('',(-111.4,35.,28.));
#7349=CARTESIAN_POINT('',(-111.400000000001,35.0000000000001,26.0000000000082));
#7350=CARTESIAN_POINT('',(-103.,43.4000000000001,28.));
#7351=CARTESIAN_POINT('',(-103.000000000001,43.4000000000002,26.0000000000063));
#7352=CARTESIAN_POINT('',(-92.4903965046484,43.4,28.));
#7353=CARTESIAN_POINT('',(-92.4903965046488,43.4000000000001,26.0000000000039));
#7354=CARTESIAN_POINT('',(-91.0903965046483,34.108510980975,28.));
#7355=CARTESIAN_POINT('',(-91.0903965046488,34.1085109809751,26.0000000000036));
#7356=CARTESIAN_POINT('',(-86.4903965046483,29.508510980975,28.));
#7357=CARTESIAN_POINT('',(-86.4903965046488,29.5085109809751,26.0000000000025));
#7358=CARTESIAN_POINT('',(-79.5096034953522,29.508510980975,28.));
#7359=CARTESIAN_POINT('',(-79.5096034953526,29.5085109809751,26.000000000001));
#7360=CARTESIAN_POINT('',(-74.9096034953521,34.108510980975,28.));
#7361=CARTESIAN_POINT('',(-74.9096034953526,34.1085109809752,25.9999999999999));
#7362=CARTESIAN_POINT('',(-74.9096034953521,42.0000000000001,28.));
#7363=CARTESIAN_POINT('',(-74.9096034953526,42.0000000000002,25.9999999999999));
#7364=CARTESIAN_POINT('',(-73.9227485073761,43.3978775645223,25.9999999999997));
#7365=CARTESIAN_POINT('',(-73.9227485073761,43.3978775645223,24.9999999999997));
#7366=CARTESIAN_POINT('',(-73.9227485073761,43.3978775645223,24.9999999999997));
#7367=CARTESIAN_POINT('',(-73.8837713677955,43.3984682388877,24.9999999999997));
#7368=CARTESIAN_POINT('',(-73.8447906652301,43.3988730002948,24.9999999999997));
#7369=CARTESIAN_POINT('',(-73.8058100704695,43.3991713468759,24.9999999999997));
#7370=CARTESIAN_POINT('',(-73.7070747015301,43.3999270398031,24.9999999999996));
#7371=CARTESIAN_POINT('',(-73.6083400242419,43.4000000000001,24.9999999999996));
#7372=CARTESIAN_POINT('',(-73.5096034953525,43.4000000000001,24.9999999999996));
#7373=CARTESIAN_POINT('',(-73.5096034953525,43.4000000000001,24.9999999999996));
#7374=CARTESIAN_POINT('',(-70.0064023302352,43.4000000000001,24.9999999999988));
#7375=CARTESIAN_POINT('',(-66.5032011651179,43.4000000000001,24.999999999998));
#7376=CARTESIAN_POINT('',(-63.0000000000006,43.4000000000001,24.9999999999972));
#7377=CARTESIAN_POINT('',(-63.0000000000006,43.4000000000001,24.9999999999972));
#7378=CARTESIAN_POINT('',(-63.0000000000006,43.4000000000001,25.9999999999972));
#7379=CARTESIAN_POINT('',(-63.0000000000006,43.4000000000001,24.9999999999972));
#7380=CARTESIAN_POINT('',(-58.0793939239347,43.4000000000001,24.9999999999961));
#7381=CARTESIAN_POINT('',(-54.6000000000007,39.920606076066,24.9999999999953));
#7382=CARTESIAN_POINT('',(-54.6000000000006,35.,24.9999999999953));
#7383=CARTESIAN_POINT('',(-54.6000000000006,35.,24.9999999999953));
#7384=CARTESIAN_POINT('',(-54.6000000000006,35.,25.9999999999953));
#7385=CARTESIAN_POINT('',(-54.6000000000007,-34.9999999999997,24.9999999999953));
#7386=CARTESIAN_POINT('',(-54.6000000000007,-34.9999999999997,25.9999999999953));
#7387=CARTESIAN_POINT('',(-54.6000000000007,-34.9999999999997,24.9999999999953));
#7388=CARTESIAN_POINT('',(-54.6000000000007,-39.9206060760658,24.9999999999953));
#7389=CARTESIAN_POINT('',(-58.0793939239347,-43.3999999999998,24.9999999999961));
#7390=CARTESIAN_POINT('',(-63.0000000000007,-43.3999999999998,24.9999999999972));
#7391=CARTESIAN_POINT('',(-63.0000000000007,-43.3999999999998,24.9999999999972));
#7392=CARTESIAN_POINT('',(-63.0000000000007,-43.3999999999998,25.9999999999972));
#7393=CARTESIAN_POINT('',(-63.0000000000007,-43.3999999999998,24.9999999999972));
#7394=CARTESIAN_POINT('',(-66.503201165118,-43.3999999999998,24.999999999998));
#7395=CARTESIAN_POINT('',(-70.0064023302352,-43.3999999999997,24.9999999999988));
#7396=CARTESIAN_POINT('',(-73.5096034953525,-43.3999999999997,24.9999999999996));
#7397=CARTESIAN_POINT('',(-73.5096034953525,-43.3999999999997,24.9999999999996));
#7398=CARTESIAN_POINT('',(-73.5096034953525,-43.3999999999997,25.9999999999996));
#7399=CARTESIAN_POINT('',(-73.5096034953525,-43.3999999999997,24.9999999999996));
#7400=CARTESIAN_POINT('',(-73.608340024242,-43.3999999999997,24.9999999999996));
#7401=CARTESIAN_POINT('',(-73.7070747015301,-43.3999270398027,24.9999999999996));
#7402=CARTESIAN_POINT('',(-73.8058100704695,-43.3991713468755,24.9999999999997));
#7403=CARTESIAN_POINT('',(-73.8447906652304,-43.3988730002944,24.9999999999997));
#7404=CARTESIAN_POINT('',(-73.8837713677962,-43.3984682388872,24.9999999999997));
#7405=CARTESIAN_POINT('',(-73.9227485073772,-43.3978775645219,24.9999999999997));
#7406=CARTESIAN_POINT('',(-74.9096034953526,-41.9999999999999,24.9999999999999));
#7407=CARTESIAN_POINT('',(-74.9096034953526,-39.3695036603249,24.9999999999999));
#7408=CARTESIAN_POINT('',(-74.9096034953526,-36.7390073206499,24.9999999999999));
#7409=CARTESIAN_POINT('',(-74.9096034953526,-34.1085109809749,24.9999999999999));
#7410=CARTESIAN_POINT('',(-74.9096034953526,-34.1085109809749,24.9999999999999));
#7411=CARTESIAN_POINT('',(-74.9096034953526,-34.1085109809749,25.9999999999999));
#7412=CARTESIAN_POINT('',(-74.9096034953526,-34.1085109809749,24.9999999999999));
#7413=CARTESIAN_POINT('',(-74.9096034953526,-33.9357184024864,24.9999999999999));
#7414=CARTESIAN_POINT('',(-74.9097152882534,-33.762923612812,24.9999999999999));
#7415=CARTESIAN_POINT('',(-74.9130227646446,-33.5901589562754,24.9999999999999));
#7416=CARTESIAN_POINT('',(-74.9164238284897,-33.4125057979181,24.9999999999999));
#7417=CARTESIAN_POINT('',(-74.9232039828286,-33.2348845021029,24.9999999999999));
#7418=CARTESIAN_POINT('',(-74.9361587011165,-33.0576745783671,24.9999999999999));
#7419=CARTESIAN_POINT('',(-74.9499189782063,-32.8694452707555,24.9999999999999));
#7420=CARTESIAN_POINT('',(-74.9706455959077,-32.6816800862864,24.9999999999999));
#7421=CARTESIAN_POINT('',(-75.0014612635553,-32.495475056603,24.9999999999999));
#7422=CARTESIAN_POINT('',(-75.0342983369072,-32.2970555938759,24.9999999999999));
#7423=CARTESIAN_POINT('',(-75.0785914891363,-32.1004076811342,24.9999999999999));
#7424=CARTESIAN_POINT('',(-75.1375976749094,-31.9081588193314,25.));
#7425=CARTESIAN_POINT('',(-75.1686192300016,-31.8070870659267,25.));
#7426=CARTESIAN_POINT('',(-75.203707411445,-31.707231193422,25.));
#7427=CARTESIAN_POINT('',(-75.2431441827591,-31.6091295836787,25.));
#7428=CARTESIAN_POINT('',(-75.2747546031167,-31.5304965460742,25.));
#7429=CARTESIAN_POINT('',(-75.3091588940775,-31.452990582603,25.));
#7430=CARTESIAN_POINT('',(-75.3464283163349,-31.3768771891673,25.));
#7431=CARTESIAN_POINT('',(-75.3958199691941,-31.2760071976623,25.));
#7432=CARTESIAN_POINT('',(-75.4502436880371,-31.1775829943534,25.));
#7433=CARTESIAN_POINT('',(-75.5097811268093,-31.0823503731057,25.));
#7434=CARTESIAN_POINT('',(-75.5708181323599,-30.9847191321327,25.0000000000001));
#7435=CARTESIAN_POINT('',(-75.6372296999604,-30.8904422703714,25.0000000000001));
#7436=CARTESIAN_POINT('',(-75.7087399617243,-30.8001980563467,25.0000000000001));
#7437=CARTESIAN_POINT('',(-75.7810030132691,-30.7090038398969,25.0000000000001));
#7438=CARTESIAN_POINT('',(-75.8584726720909,-30.621927621581,25.0000000000001));
#7439=CARTESIAN_POINT('',(-75.9407444820508,-30.539652382558,25.0000000000001));
#7440=CARTESIAN_POINT('',(-76.0230162920107,-30.4573771435349,25.0000000000002));
#7441=CARTESIAN_POINT('',(-76.1100902531087,-30.3799028838047,25.0000000000002));
#7442=CARTESIAN_POINT('',(-76.201286292528,-30.3076414199544,25.0000000000002));
#7443=CARTESIAN_POINT('',(-76.2915323105317,-30.2361327293453,25.0000000000002));
#7444=CARTESIAN_POINT('',(-76.3858149718926,-30.1697287932366,25.0000000000002));
#7445=CARTESIAN_POINT('',(-76.4834476216257,-30.108694265723,25.0000000000003));
#7446=CARTESIAN_POINT('',(-76.5786816170229,-30.049159244107,25.0000000000003));
#7447=CARTESIAN_POINT('',(-76.6771030167411,-29.9947330390767,25.0000000000003));
#7448=CARTESIAN_POINT('',(-76.7779684286309,-29.9453345068477,25.0000000000003));
#7449=CARTESIAN_POINT('',(-76.8540783664297,-29.9080598936293,25.0000000000004));
#7450=CARTESIAN_POINT('',(-76.9315798630406,-29.8736479103402,25.0000000000004));
#7451=CARTESIAN_POINT('',(-77.0102127536781,-29.8420369686983,25.0000000000004));
#7452=CARTESIAN_POINT('',(-77.1083141800673,-29.8025995470363,25.0000000000004));
#7453=CARTESIAN_POINT('',(-77.2081765930244,-29.7675218767961,25.0000000000004));
#7454=CARTESIAN_POINT('',(-77.3092515485746,-29.7365054727711,25.0000000000005));
#7455=CARTESIAN_POINT('',(-77.5015065011871,-29.677509084857,25.0000000000005));
#7456=CARTESIAN_POINT('',(-77.6981484267609,-29.633206337542,25.0000000000005));
#7457=CARTESIAN_POINT('',(-77.8965664451298,-29.6003669480241,25.0000000000006));
#7458=CARTESIAN_POINT('',(-78.0827701193679,-29.5695491067906,25.0000000000006));
#7459=CARTESIAN_POINT('',(-78.2705379491177,-29.5488267258456,25.0000000000007));
#7460=CARTESIAN_POINT('',(-78.4587678051006,-29.5350673272371,25.0000000000007));
#7461=CARTESIAN_POINT('',(-78.6359782451048,-29.5221134360019,25.0000000000008));
#7462=CARTESIAN_POINT('',(-78.8135981986085,-29.5153311321336,25.0000000000008));
#7463=CARTESIAN_POINT('',(-78.9912510599059,-29.5119295925678,25.0000000000008));
#7464=CARTESIAN_POINT('',(-79.1640154275568,-29.5086216535465,25.0000000000009));
#7465=CARTESIAN_POINT('',(-79.3368109168642,-29.5085109809748,25.0000000000009));
#7466=CARTESIAN_POINT('',(-79.5096034953527,-29.5085109809748,25.000000000001));
#7467=CARTESIAN_POINT('',(-79.5096034953527,-29.5085109809748,25.000000000001));
#7468=CARTESIAN_POINT('',(-79.5096034953527,-29.5085109809748,26.000000000001));
#7469=CARTESIAN_POINT('',(-79.5096034953527,-29.5085109809748,25.000000000001));
#7470=CARTESIAN_POINT('',(-79.7397356635685,-29.5085109809748,25.000000000001));
#7471=CARTESIAN_POINT('',(-79.9698678317843,-29.5085109809748,25.000000000001));
#7472=CARTESIAN_POINT('',(-80.2,-29.5085109809749,25.000000000001));
#7473=CARTESIAN_POINT('',(-86.4903965046489,-29.5085109809748,25.0000000000025));
#7474=CARTESIAN_POINT('',(-86.4903965046489,-29.5085109809748,26.0000000000025));
#7475=CARTESIAN_POINT('',(-86.4903965046489,-29.5085109809748,25.0000000000025));
#7476=CARTESIAN_POINT('',(-86.6631890831373,-29.5085109809748,25.0000000000026));
#7477=CARTESIAN_POINT('',(-86.8359838728115,-29.5086227738756,25.0000000000026));
#7478=CARTESIAN_POINT('',(-87.008748529348,-29.5119302502667,25.0000000000027));
#7479=CARTESIAN_POINT('',(-87.1864016877052,-29.5153313141119,25.0000000000027));
#7480=CARTESIAN_POINT('',(-87.3640229835205,-29.5221114684508,25.0000000000027));
#7481=CARTESIAN_POINT('',(-87.5412329072564,-29.5350661867387,25.0000000000028));
#7482=CARTESIAN_POINT('',(-87.729462214868,-29.5488264638284,25.0000000000028));
#7483=CARTESIAN_POINT('',(-87.9172273993372,-29.5695530815297,25.0000000000029));
#7484=CARTESIAN_POINT('',(-88.1034324290206,-29.6003687491773,25.0000000000029));
#7485=CARTESIAN_POINT('',(-88.3018518917478,-29.6332058225293,25.000000000003));
#7486=CARTESIAN_POINT('',(-88.4984998044894,-29.6774989747584,25.000000000003));
#7487=CARTESIAN_POINT('',(-88.6907486662921,-29.7365051605316,25.000000000003));
#7488=CARTESIAN_POINT('',(-88.7918204196969,-29.7675267156237,25.0000000000031));
#7489=CARTESIAN_POINT('',(-88.8916762922017,-29.8026148970671,25.0000000000031));
#7490=CARTESIAN_POINT('',(-88.9897779019449,-29.8420516683812,25.0000000000031));
#7491=CARTESIAN_POINT('',(-89.0684109395495,-29.8736620887389,25.0000000000031));
#7492=CARTESIAN_POINT('',(-89.1459169030208,-29.9080663796996,25.0000000000031));
#7493=CARTESIAN_POINT('',(-89.2220302964565,-29.9453358019571,25.0000000000032));
#7494=CARTESIAN_POINT('',(-89.3229002879614,-29.9947274548162,25.0000000000032));
#7495=CARTESIAN_POINT('',(-89.42132449127,-30.0491511736593,25.0000000000032));
#7496=CARTESIAN_POINT('',(-89.5165571125177,-30.1086886124315,25.0000000000032));
#7497=CARTESIAN_POINT('',(-89.6141883534907,-30.1697256179821,25.0000000000033));
#7498=CARTESIAN_POINT('',(-89.7084652152522,-30.2361371855827,25.0000000000033));
#7499=CARTESIAN_POINT('',(-89.798709429277,-30.3076474473467,25.0000000000033));
#7500=CARTESIAN_POINT('',(-89.8899036457269,-30.3799104988914,25.0000000000033));
#7501=CARTESIAN_POINT('',(-89.9769798640427,-30.4573801577132,25.0000000000033));
#7502=CARTESIAN_POINT('',(-90.0592551030657,-30.539651967673,25.0000000000034));
#7503=CARTESIAN_POINT('',(-90.1415303420888,-30.6219237776329,25.0000000000034));
#7504=CARTESIAN_POINT('',(-90.2190046018191,-30.7089977387309,25.0000000000034));
#7505=CARTESIAN_POINT('',(-90.2912660656694,-30.8001937781503,25.0000000000034));
#7506=CARTESIAN_POINT('',(-90.3627747562783,-30.890439796154,25.0000000000034));
#7507=CARTESIAN_POINT('',(-90.4291786923868,-30.9847224575149,25.0000000000034));
#7508=CARTESIAN_POINT('',(-90.4902132199003,-31.082355107248,25.0000000000035));
#7509=CARTESIAN_POINT('',(-90.5497482415163,-31.1775891026452,25.0000000000035));
#7510=CARTESIAN_POINT('',(-90.6041744465468,-31.2760105023634,25.0000000000035));
#7511=CARTESIAN_POINT('',(-90.6535729787759,-31.3768759142531,25.0000000000035));
#7512=CARTESIAN_POINT('',(-90.6908475919944,-31.452985852052,25.0000000000035));
#7513=CARTESIAN_POINT('',(-90.7252595752835,-31.5304873486627,25.0000000000035));
#7514=CARTESIAN_POINT('',(-90.7568705169255,-31.6091202393004,25.0000000000035));
#7515=CARTESIAN_POINT('',(-90.7963079385874,-31.7072216656894,25.0000000000035));
#7516=CARTESIAN_POINT('',(-90.8313856088277,-31.8070840786466,25.0000000000035));
#7517=CARTESIAN_POINT('',(-90.8624020128528,-31.9081590341968,25.0000000000035));
#7518=CARTESIAN_POINT('',(-90.921398400767,-32.1004139868093,25.0000000000036));
#7519=CARTESIAN_POINT('',(-90.9657011480821,-32.297055912383,25.0000000000036));
#7520=CARTESIAN_POINT('',(-90.9985405376001,-32.495473930752,25.0000000000036));
#7521=CARTESIAN_POINT('',(-91.0293583788336,-32.68167760499,25.0000000000036));
#7522=CARTESIAN_POINT('',(-91.0500807597785,-32.86944543474,25.0000000000036));
#7523=CARTESIAN_POINT('',(-91.063840158387,-33.057675290723,25.0000000000036));
#7524=CARTESIAN_POINT('',(-91.076794049622,-33.2348857307272,25.0000000000036));
#7525=CARTESIAN_POINT('',(-91.0835763534902,-33.4125056842309,25.0000000000036));
#7526=CARTESIAN_POINT('',(-91.086977893056,-33.5901585455282,25.0000000000036));
#7527=CARTESIAN_POINT('',(-91.0902858320772,-33.7629229131791,25.0000000000036));
#7528=CARTESIAN_POINT('',(-91.0903965046488,-33.9357184024863,25.0000000000036));
#7529=CARTESIAN_POINT('',(-91.0903965046488,-34.1085109809748,25.0000000000036));
#7530=CARTESIAN_POINT('',(-91.0903965046488,-34.1085109809748,25.0000000000036));
#7531=CARTESIAN_POINT('',(-91.0903965046488,-34.1085109809748,26.0000000000036));
#7532=CARTESIAN_POINT('',(-91.0903965046488,-34.1085109809748,25.0000000000036));
#7533=CARTESIAN_POINT('',(-91.0903965046488,-36.7390073206498,25.0000000000036));
#7534=CARTESIAN_POINT('',(-91.0903965046487,-39.3695036603248,25.0000000000036));
#7535=CARTESIAN_POINT('',(-91.0903965046487,-41.9999999999998,25.0000000000036));
#7536=CARTESIAN_POINT('',(-91.0903965046487,-41.9999999999998,25.0000000000036));
#7537=CARTESIAN_POINT('',(-91.0903965046487,-41.9999999999998,26.0000000000036));
#7538=CARTESIAN_POINT('',(-91.0903965046487,-41.9999999999998,25.0000000000036));
#7539=CARTESIAN_POINT('',(-91.0903965046487,-42.0987365288893,25.0000000000036));
#7540=CARTESIAN_POINT('',(-91.0904694648459,-42.1974712061775,25.0000000000036));
#7541=CARTESIAN_POINT('',(-91.0912251577731,-42.2962065751169,25.0000000000036));
#7542=CARTESIAN_POINT('',(-91.0915235043542,-42.3351871698775,25.0000000000036));
#7543=CARTESIAN_POINT('',(-91.0919282657613,-42.374167872443,25.0000000000036));
#7544=CARTESIAN_POINT('',(-91.0925189401267,-42.4131450120236,25.0000000000036));
#7545=CARTESIAN_POINT('',(-92.4903965046489,-43.3999999999998,25.0000000000039));
#7546=CARTESIAN_POINT('',(-95.9935976697661,-43.3999999999998,25.0000000000047));
#7547=CARTESIAN_POINT('',(-99.4967988348834,-43.3999999999998,25.0000000000055));
#7548=CARTESIAN_POINT('',(-103.000000000001,-43.3999999999998,25.0000000000063));
#7549=CARTESIAN_POINT('',(-103.000000000001,-43.3999999999998,25.0000000000063));
#7550=CARTESIAN_POINT('',(-103.000000000001,-43.3999999999998,26.0000000000063));
#7551=CARTESIAN_POINT('',(-103.000000000001,-43.3999999999998,25.0000000000063));
#7552=CARTESIAN_POINT('',(-107.920606076067,-43.3999999999998,25.0000000000074));
#7553=CARTESIAN_POINT('',(-111.400000000001,-39.9206060760658,25.0000000000082));
#7554=CARTESIAN_POINT('',(-111.400000000001,-34.9999999999998,25.0000000000082));
#7555=CARTESIAN_POINT('',(-111.400000000001,-34.9999999999998,25.0000000000082));
#7556=CARTESIAN_POINT('',(-111.400000000001,-34.9999999999998,26.0000000000082));
#7557=CARTESIAN_POINT('',(-111.400000000001,35.0000000000001,25.0000000000082));
#7558=CARTESIAN_POINT('',(-111.400000000001,35.0000000000001,26.0000000000082));
#7559=CARTESIAN_POINT('',(-111.400000000001,35.0000000000001,25.0000000000082));
#7560=CARTESIAN_POINT('',(-111.400000000001,39.9206060760661,25.0000000000082));
#7561=CARTESIAN_POINT('',(-107.920606076067,43.4000000000001,25.0000000000074));
#7562=CARTESIAN_POINT('',(-103.000000000001,43.4000000000002,25.0000000000063));
#7563=CARTESIAN_POINT('',(-103.000000000001,43.4000000000002,25.0000000000063));
#7564=CARTESIAN_POINT('',(-103.000000000001,43.4000000000002,26.0000000000063));
#7565=CARTESIAN_POINT('',(-103.000000000001,43.4000000000002,25.0000000000063));
#7566=CARTESIAN_POINT('',(-99.4967988348834,43.4000000000002,25.0000000000055));
#7567=CARTESIAN_POINT('',(-95.9935976697661,43.4000000000002,25.0000000000047));
#7568=CARTESIAN_POINT('',(-92.4903965046488,43.4000000000001,25.0000000000039));
#7569=CARTESIAN_POINT('',(-92.4903965046488,43.4000000000001,25.0000000000039));
#7570=CARTESIAN_POINT('',(-92.4903965046488,43.4000000000001,26.0000000000039));
#7571=CARTESIAN_POINT('',(-92.4903965046488,43.4000000000001,25.0000000000039));
#7572=CARTESIAN_POINT('',(-92.3916599757593,43.4000000000001,25.0000000000039));
#7573=CARTESIAN_POINT('',(-92.2929252984711,43.3999270398031,25.0000000000039));
#7574=CARTESIAN_POINT('',(-92.1941899295317,43.3991713468759,25.0000000000038));
#7575=CARTESIAN_POINT('',(-92.1552093347708,43.3988730002947,25.0000000000038));
#7576=CARTESIAN_POINT('',(-92.1162286322049,43.3984682388876,25.0000000000038));
#7577=CARTESIAN_POINT('',(-92.077251492624,43.3978775645223,25.0000000000038));
#7578=CARTESIAN_POINT('',(-91.0903965046487,42.0000000000001,25.0000000000036));
#7579=CARTESIAN_POINT('',(-91.0903965046487,39.3695036603251,25.0000000000036));
#7580=CARTESIAN_POINT('',(-91.0903965046488,36.7390073206501,25.0000000000036));
#7581=CARTESIAN_POINT('',(-91.0903965046488,34.1085109809751,25.0000000000036));
#7582=CARTESIAN_POINT('',(-91.0903965046488,34.1085109809751,25.0000000000036));
#7583=CARTESIAN_POINT('',(-91.0903965046488,34.1085109809751,26.0000000000036));
#7584=CARTESIAN_POINT('',(-91.0903965046488,34.1085109809751,25.0000000000036));
#7585=CARTESIAN_POINT('',(-91.0903965046488,33.9357184024866,25.0000000000036));
#7586=CARTESIAN_POINT('',(-91.090284711748,33.7629236128123,25.0000000000036));
#7587=CARTESIAN_POINT('',(-91.0869772353569,33.5901589562757,25.0000000000036));
#7588=CARTESIAN_POINT('',(-91.0835761715118,33.4125057979185,25.0000000000036));
#7589=CARTESIAN_POINT('',(-91.0767960171729,33.2348845021033,25.0000000000036));
#7590=CARTESIAN_POINT('',(-91.0638412988849,33.0576745783675,25.0000000000036));
#7591=CARTESIAN_POINT('',(-91.0500810217951,32.8694452707558,25.0000000000036));
#7592=CARTESIAN_POINT('',(-91.0293544040937,32.6816800862866,25.0000000000036));
#7593=CARTESIAN_POINT('',(-90.9985387364461,32.4954750566031,25.0000000000036));
#7594=CARTESIAN_POINT('',(-90.9657016630941,32.297055593876,25.0000000000036));
#7595=CARTESIAN_POINT('',(-90.921408510865,32.1004076811344,25.0000000000036));
#7596=CARTESIAN_POINT('',(-90.8624023250919,31.9081588193316,25.0000000000035));
#7597=CARTESIAN_POINT('',(-90.8313807699997,31.8070870659268,25.0000000000035));
#7598=CARTESIAN_POINT('',(-90.7962925885564,31.707231193422,25.0000000000035));
#7599=CARTESIAN_POINT('',(-90.7568558172422,31.6091295836788,25.0000000000035));
#7600=CARTESIAN_POINT('',(-90.7252453968846,31.5304965460743,25.0000000000035));
#7601=CARTESIAN_POINT('',(-90.6908411059238,31.4529905826031,25.0000000000035));
#7602=CARTESIAN_POINT('',(-90.6535716836664,31.3768771891674,25.0000000000035));
#7603=CARTESIAN_POINT('',(-90.6041800308072,31.2760071976624,25.0000000000035));
#7604=CARTESIAN_POINT('',(-90.5497563119641,31.1775829943536,25.0000000000035));
#7605=CARTESIAN_POINT('',(-90.4902188731919,31.082350373106,25.0000000000035));
#7606=CARTESIAN_POINT('',(-90.4291818676413,30.984719132133,25.0000000000034));
#7607=CARTESIAN_POINT('',(-90.362770300041,30.8904422703717,25.0000000000034));
#7608=CARTESIAN_POINT('',(-90.2912600382772,30.8001980563471,25.0000000000034));
#7609=CARTESIAN_POINT('',(-90.2189969867324,30.7090038398972,25.0000000000034));
#7610=CARTESIAN_POINT('',(-90.1415273279107,30.6219276215815,25.0000000000034));
#7611=CARTESIAN_POINT('',(-90.0592555179509,30.5396523825585,25.0000000000034));
#7612=CARTESIAN_POINT('',(-89.9769837079911,30.4573771435354,25.0000000000033));
#7613=CARTESIAN_POINT('',(-89.8899097468932,30.3799028838051,25.0000000000033));
#7614=CARTESIAN_POINT('',(-89.7987137074737,30.3076414199548,25.0000000000033));
#7615=CARTESIAN_POINT('',(-89.70846768947,30.2361327293458,25.0000000000033));
#7616=CARTESIAN_POINT('',(-89.6141850281088,30.1697287932371,25.0000000000033));
#7617=CARTESIAN_POINT('',(-89.5165523783756,30.1086942657236,25.0000000000032));
#7618=CARTESIAN_POINT('',(-89.4213183829783,30.0491592441076,25.0000000000032));
#7619=CARTESIAN_POINT('',(-89.3228969832601,29.9947330390773,25.0000000000032));
#7620=CARTESIAN_POINT('',(-89.2220315713703,29.9453345068482,25.0000000000032));
#7621=CARTESIAN_POINT('',(-89.1459216335714,29.9080598936297,25.0000000000031));
#7622=CARTESIAN_POINT('',(-89.0684201369606,29.8736479103406,25.0000000000031));
#7623=CARTESIAN_POINT('',(-88.9897872463229,29.8420369686986,25.0000000000031));
#7624=CARTESIAN_POINT('',(-88.8916858199338,29.8025995470366,25.0000000000031));
#7625=CARTESIAN_POINT('',(-88.7918234069767,29.7675218767965,25.0000000000031));
#7626=CARTESIAN_POINT('',(-88.6907484514266,29.7365054727715,25.000000000003));
#7627=CARTESIAN_POINT('',(-88.4984934988142,29.6775090848574,25.000000000003));
#7628=CARTESIAN_POINT('',(-88.3018515732406,29.6332063375424,25.000000000003));
#7629=CARTESIAN_POINT('',(-88.1034335548716,29.6003669480245,25.0000000000029));
#7630=CARTESIAN_POINT('',(-87.9172298806336,29.569549106791,25.0000000000029));
#7631=CARTESIAN_POINT('',(-87.7294620508837,29.5488267258461,25.0000000000028));
#7632=CARTESIAN_POINT('',(-87.5412321949007,29.5350673272375,25.0000000000028));
#7633=CARTESIAN_POINT('',(-87.3640217548963,29.5221134360023,25.0000000000027));
#7634=CARTESIAN_POINT('',(-87.1864018013925,29.515331132134,25.0000000000027));
#7635=CARTESIAN_POINT('',(-87.0087489400952,29.5119295925681,25.0000000000027));
#7636=CARTESIAN_POINT('',(-86.8359845724443,29.5086216535468,25.0000000000026));
#7637=CARTESIAN_POINT('',(-86.6631890831373,29.5085109809751,25.0000000000026));
#7638=CARTESIAN_POINT('',(-86.4903965046488,29.5085109809751,25.0000000000025));
#7639=CARTESIAN_POINT('',(-86.4903965046488,29.5085109809751,25.0000000000025));
#7640=CARTESIAN_POINT('',(-86.4903965046488,29.5085109809751,26.0000000000025));
#7641=CARTESIAN_POINT('',(-86.4903965046488,29.5085109809751,25.0000000000025));
#7642=CARTESIAN_POINT('',(-86.2602643364325,29.5085109809751,25.0000000000023));
#7643=CARTESIAN_POINT('',(-86.0301321682163,29.5085109809751,25.0000000000021));
#7644=CARTESIAN_POINT('',(-85.8,29.5085109809751,25.0000000000019));
#7645=CARTESIAN_POINT('',(-79.5096034953526,29.5085109809751,25.000000000001));
#7646=CARTESIAN_POINT('',(-79.5096034953526,29.5085109809751,26.000000000001));
#7647=CARTESIAN_POINT('',(-79.5096034953526,29.5085109809751,25.000000000001));
#7648=CARTESIAN_POINT('',(-79.3368109168641,29.5085109809751,25.0000000000009));
#7649=CARTESIAN_POINT('',(-79.1640161271898,29.5086227738758,25.0000000000009));
#7650=CARTESIAN_POINT('',(-78.9912514706532,29.5119302502669,25.0000000000008));
#7651=CARTESIAN_POINT('',(-78.8135983122959,29.515331314112,25.0000000000008));
#7652=CARTESIAN_POINT('',(-78.6359770164806,29.5221114684508,25.0000000000008));
#7653=CARTESIAN_POINT('',(-78.4587670927447,29.5350661867388,25.0000000000007));
#7654=CARTESIAN_POINT('',(-78.2705377851331,29.5488264638285,25.0000000000007));
#7655=CARTESIAN_POINT('',(-78.0827726006641,29.56955308153,25.0000000000006));
#7656=CARTESIAN_POINT('',(-77.8965675709807,29.6003687491776,25.0000000000006));
#7657=CARTESIAN_POINT('',(-77.6981481082536,29.6332058225296,25.0000000000005));
#7658=CARTESIAN_POINT('',(-77.5015001955119,29.6774989747586,25.0000000000005));
#7659=CARTESIAN_POINT('',(-77.309251333709,29.7365051605317,25.0000000000005));
#7660=CARTESIAN_POINT('',(-77.2081795803041,29.7675267156239,25.0000000000004));
#7661=CARTESIAN_POINT('',(-77.1083237077992,29.8026148970673,25.0000000000004));
#7662=CARTESIAN_POINT('',(-77.010222098056,29.8420516683815,25.0000000000004));
#7663=CARTESIAN_POINT('',(-76.9315890604515,29.8736620887392,25.0000000000004));
#7664=CARTESIAN_POINT('',(-76.8540830969803,29.9080663797,25.0000000000004));
#7665=CARTESIAN_POINT('',(-76.7779697035447,29.9453358019575,25.0000000000003));
#7666=CARTESIAN_POINT('',(-76.6770997120397,29.9947274548167,25.0000000000003));
#7667=CARTESIAN_POINT('',(-76.5786755087309,30.0491511736597,25.0000000000003));
#7668=CARTESIAN_POINT('',(-76.4834428874832,30.108688612432,25.0000000000003));
#7669=CARTESIAN_POINT('',(-76.3858116465102,30.1697256179825,25.0000000000002));
#7670=CARTESIAN_POINT('',(-76.2915347847489,30.2361371855829,25.0000000000002));
#7671=CARTESIAN_POINT('',(-76.2012905707242,30.3076474473468,25.0000000000002));
#7672=CARTESIAN_POINT('',(-76.1100963542744,30.3799104988916,25.0000000000002));
#7673=CARTESIAN_POINT('',(-76.0230201359585,30.4573801577134,25.0000000000002));
#7674=CARTESIAN_POINT('',(-75.9407448969355,30.5396519676733,25.0000000000001));
#7675=CARTESIAN_POINT('',(-75.8584696579123,30.6219237776332,25.0000000000001));
#7676=CARTESIAN_POINT('',(-75.7809953981821,30.7089977387312,25.0000000000001));
#7677=CARTESIAN_POINT('',(-75.7087339343319,30.8001937781507,25.0000000000001));
#7678=CARTESIAN_POINT('',(-75.6372252437229,30.8904397961544,25.0000000000001));
#7679=CARTESIAN_POINT('',(-75.5708213076143,30.9847224575154,25.0000000000001));
#7680=CARTESIAN_POINT('',(-75.5097867801007,31.0823551072486,25.));
#7681=CARTESIAN_POINT('',(-75.4502517584848,31.1775891026458,25.));
#7682=CARTESIAN_POINT('',(-75.3958255534545,31.276010502364,25.));
#7683=CARTESIAN_POINT('',(-75.3464270212255,31.3768759142538,25.));
#7684=CARTESIAN_POINT('',(-75.309152408007,31.4529858520526,25.));
#7685=CARTESIAN_POINT('',(-75.274740424718,31.5304873486633,25.));
#7686=CARTESIAN_POINT('',(-75.2431294830762,31.6091202393009,25.));
#7687=CARTESIAN_POINT('',(-75.2036920614142,31.70722166569,25.));
#7688=CARTESIAN_POINT('',(-75.1686143911741,31.8070840786471,25.));
#7689=CARTESIAN_POINT('',(-75.137597987149,31.9081590341973,25.));
#7690=CARTESIAN_POINT('',(-75.078601599235,32.1004139868097,24.9999999999999));
#7691=CARTESIAN_POINT('',(-75.0342988519199,32.2970559123834,24.9999999999999));
#7692=CARTESIAN_POINT('',(-75.001459462402,32.4954739307523,24.9999999999999));
#7693=CARTESIAN_POINT('',(-74.9706416211684,32.6816776049903,24.9999999999999));
#7694=CARTESIAN_POINT('',(-74.9499192402233,32.8694454347402,24.9999999999999));
#7695=CARTESIAN_POINT('',(-74.9361598416149,33.0576752907232,24.9999999999999));
#7696=CARTESIAN_POINT('',(-74.9232059503797,33.2348857307274,24.9999999999999));
#7697=CARTESIAN_POINT('',(-74.9164236465116,33.4125056842312,24.9999999999999));
#7698=CARTESIAN_POINT('',(-74.9130221069458,33.5901585455285,24.9999999999999));
#7699=CARTESIAN_POINT('',(-74.9097141679244,33.7629229131795,24.9999999999999));
#7700=CARTESIAN_POINT('',(-74.9096034953526,33.9357184024867,24.9999999999999));
#7701=CARTESIAN_POINT('',(-74.9096034953526,34.1085109809752,24.9999999999999));
#7702=CARTESIAN_POINT('',(-74.9096034953526,34.1085109809752,24.9999999999999));
#7703=CARTESIAN_POINT('',(-74.9096034953526,34.1085109809752,25.9999999999999));
#7704=CARTESIAN_POINT('',(-74.9096034953526,34.1085109809752,24.9999999999999));
#7705=CARTESIAN_POINT('',(-74.9096034953526,36.7390073206502,24.9999999999999));
#7706=CARTESIAN_POINT('',(-74.9096034953526,39.3695036603252,24.9999999999999));
#7707=CARTESIAN_POINT('',(-74.9096034953526,42.0000000000002,24.9999999999999));
#7708=CARTESIAN_POINT('',(-74.9096034953526,42.0000000000002,24.9999999999999));
#7709=CARTESIAN_POINT('',(-74.9096034953526,42.0000000000002,25.9999999999999));
#7710=CARTESIAN_POINT('',(-74.9096034953526,42.0000000000002,24.9999999999999));
#7711=CARTESIAN_POINT('',(-74.9096034953526,42.0987365288897,24.9999999999999));
#7712=CARTESIAN_POINT('',(-74.9095305351555,42.1974712061779,24.9999999999999));
#7713=CARTESIAN_POINT('',(-74.9087748422283,42.2962065751174,24.9999999999999));
#7714=CARTESIAN_POINT('',(-74.9084764956472,42.3351871698782,24.9999999999999));
#7715=CARTESIAN_POINT('',(-74.90807173424,42.3741678724439,24.9999999999999));
#7716=CARTESIAN_POINT('',(-74.9074810598746,42.4131450120247,24.9999999999999));
#7717=CARTESIAN_POINT('',(-73.9227485073766,-43.397877564522,27.9999999999999));
#7718=CARTESIAN_POINT('',(-73.922748507377,-43.3978775645219,25.9999999999997));
#7719=CARTESIAN_POINT('',(-73.922748507377,-43.3978775645219,25.9999999999997));
#7720=CARTESIAN_POINT('',(-74.4944888188717,-43.3892131948609,25.9999999999998));
#7721=CARTESIAN_POINT('',(-74.8988166902145,-42.9848853235176,25.9999999999999));
#7722=CARTESIAN_POINT('',(-74.9074810598747,-42.4131450120229,25.9999999999999));
#7723=CARTESIAN_POINT('',(-73.9227485073766,-43.397877564522,27.9999999999999));
#7724=CARTESIAN_POINT('',(-74.4944888188712,-43.389213194861,28.0000000000001));
#7725=CARTESIAN_POINT('',(-74.898816690214,-42.9848853235176,28.0000000000001));
#7726=CARTESIAN_POINT('',(-74.9074810598742,-42.413145012023,28.0000000000002));
#7727=CARTESIAN_POINT('',(-74.9074810598742,-42.413145012023,28.0000000000002));
#7728=CARTESIAN_POINT('',(-74.9074810598747,-42.4131450120229,25.9999999999999));
#7729=CARTESIAN_POINT('',(-74.9074810598742,-42.413145012023,28.0000000000002));
#7730=CARTESIAN_POINT('',(-74.9080717342396,-42.3741678724427,28.0000000000002));
#7731=CARTESIAN_POINT('',(-74.9084764956467,-42.3351871698775,28.0000000000002));
#7732=CARTESIAN_POINT('',(-74.9087748422278,-42.2962065751171,28.0000000000002));
#7733=CARTESIAN_POINT('',(-74.909530535155,-42.1974712061777,28.0000000000002));
#7734=CARTESIAN_POINT('',(-74.9096034953522,-42.0987365288895,28.0000000000002));
#7735=CARTESIAN_POINT('',(-74.9096034953521,-42.,28.));
#7736=CARTESIAN_POINT('',(-91.0925189401262,-42.4131450120236,27.9999999999999));
#7737=CARTESIAN_POINT('',(-91.0925189401267,-42.4131450120235,26.0000000000036));
#7738=CARTESIAN_POINT('',(-91.0925189401267,-42.4131450120235,26.0000000000036));
#7739=CARTESIAN_POINT('',(-91.1011833097872,-42.9848853235179,26.0000000000036));
#7740=CARTESIAN_POINT('',(-91.5055111811299,-43.3892131948609,26.0000000000037));
#7741=CARTESIAN_POINT('',(-92.0772514926243,-43.3978775645219,26.0000000000038));
#7742=CARTESIAN_POINT('',(-91.0925189401262,-42.4131450120236,27.9999999999999));
#7743=CARTESIAN_POINT('',(-91.1011833097868,-42.984885323518,28.0000000000001));
#7744=CARTESIAN_POINT('',(-91.5055111811295,-43.389213194861,28.));
#7745=CARTESIAN_POINT('',(-92.0772514926239,-43.397877564522,28.0000000000001));
#7746=CARTESIAN_POINT('',(-92.0772514926239,-43.397877564522,28.0000000000001));
#7747=CARTESIAN_POINT('',(-92.0772514926243,-43.3978775645219,26.0000000000038));
#7748=CARTESIAN_POINT('',(-92.0772514926239,-43.397877564522,28.0000000000001));
#7749=CARTESIAN_POINT('',(-92.1162286322046,-43.3984682388874,28.0000000000001));
#7750=CARTESIAN_POINT('',(-92.1552093347702,-43.3988730002945,28.0000000000001));
#7751=CARTESIAN_POINT('',(-92.194189929531,-43.3991713468757,28.0000000000001));
#7752=CARTESIAN_POINT('',(-92.2929252984704,-43.3999270398029,28.0000000000001));
#7753=CARTESIAN_POINT('',(-92.3916599757589,-43.3999999999999,28.0000000000002));
#7754=CARTESIAN_POINT('',(-92.4903965046484,-43.3999999999999,28.));
#7755=CARTESIAN_POINT('',(-92.0772514926236,43.3978775645221,28.0000000000001));
#7756=CARTESIAN_POINT('',(-92.077251492624,43.3978775645223,26.0000000000038));
#7757=CARTESIAN_POINT('',(-92.077251492624,43.3978775645223,26.0000000000038));
#7758=CARTESIAN_POINT('',(-91.5055111811304,43.3892131948612,26.0000000000037));
#7759=CARTESIAN_POINT('',(-91.101183309788,42.984885323519,26.0000000000036));
#7760=CARTESIAN_POINT('',(-91.0925189401266,42.4131450120254,26.0000000000036));
#7761=CARTESIAN_POINT('',(-92.0772514926236,43.3978775645221,28.0000000000001));
#7762=CARTESIAN_POINT('',(-91.50551118113,43.3892131948611,28.));
#7763=CARTESIAN_POINT('',(-91.1011833097876,42.9848853235189,27.9999999999999));
#7764=CARTESIAN_POINT('',(-91.0925189401262,42.4131450120254,27.9999999999999));
#7765=CARTESIAN_POINT('',(-91.0925189401262,42.4131450120254,27.9999999999999));
#7766=CARTESIAN_POINT('',(-91.0925189401266,42.4131450120254,26.0000000000036));
#7767=CARTESIAN_POINT('',(-91.0925189401262,42.4131450120254,27.9999999999999));
#7768=CARTESIAN_POINT('',(-91.0919282657607,42.3741678724442,27.9999999999999));
#7769=CARTESIAN_POINT('',(-91.0915235043535,42.3351871698781,27.9999999999999));
#7770=CARTESIAN_POINT('',(-91.0912251577724,42.2962065751169,27.9999999999999));
#7771=CARTESIAN_POINT('',(-91.0904694648451,42.1974712061776,27.9999999999999));
#7772=CARTESIAN_POINT('',(-91.0903965046483,42.0987365288895,27.9999999999999));
#7773=CARTESIAN_POINT('',(-91.0903965046483,42.,28.));
#7774=CARTESIAN_POINT('',(-74.9074810598742,42.4131450120246,28.0000000000001));
#7775=CARTESIAN_POINT('',(-74.9074810598746,42.4131450120247,25.9999999999999));
#7776=CARTESIAN_POINT('',(-74.9074810598746,42.4131450120247,25.9999999999999));
#7777=CARTESIAN_POINT('',(-74.8988166902136,42.9848853235191,25.9999999999999));
#7778=CARTESIAN_POINT('',(-74.4944888188705,43.3892131948618,25.9999999999998));
#7779=CARTESIAN_POINT('',(-73.9227485073761,43.3978775645223,25.9999999999997));
#7780=CARTESIAN_POINT('',(-74.9074810598742,42.4131450120246,28.0000000000001));
#7781=CARTESIAN_POINT('',(-74.8988166902132,42.984885323519,28.0000000000001));
#7782=CARTESIAN_POINT('',(-74.4944888188701,43.3892131948617,28.));
#7783=CARTESIAN_POINT('',(-73.9227485073756,43.3978775645222,28.));
#7784=CARTESIAN_POINT('',(-74.9074810598747,-42.4131450120229,25.9999999999999));
#7785=CARTESIAN_POINT('',(-74.9074810598747,-42.4131450120229,24.9999999999999));
#7786=CARTESIAN_POINT('',(-74.9074810598747,-42.4131450120229,24.9999999999999));
#7787=CARTESIAN_POINT('',(-74.90807173424,-42.3741678724426,24.9999999999999));
#7788=CARTESIAN_POINT('',(-74.9084764956471,-42.3351871698774,24.9999999999999));
#7789=CARTESIAN_POINT('',(-74.9087748422282,-42.296206575117,24.9999999999999));
#7790=CARTESIAN_POINT('',(-74.9095305351555,-42.1974712061776,24.9999999999999));
#7791=CARTESIAN_POINT('',(-74.9096034953526,-42.0987365288894,24.9999999999999));
#7792=CARTESIAN_POINT('',(-74.9096034953526,-41.9999999999999,24.9999999999999));
#7793=CARTESIAN_POINT('',(-73.922748507377,-43.3978775645219,25.9999999999997));
#7794=CARTESIAN_POINT('',(-73.9227485073772,-43.3978775645219,24.9999999999997));
#7795=CARTESIAN_POINT('',(-73.9227485073772,-43.3978775645219,24.9999999999997));
#7796=CARTESIAN_POINT('',(-74.4944888188715,-43.3892131948602,24.9999999999995));
#7797=CARTESIAN_POINT('',(-74.8988166902145,-42.9848853235175,24.9999999999999));
#7798=CARTESIAN_POINT('',(-74.9074810598747,-42.4131450120229,24.9999999999999));
#7799=CARTESIAN_POINT('',(-92.0772514926243,-43.3978775645219,26.0000000000038));
#7800=CARTESIAN_POINT('',(-92.0772514926243,-43.3978775645219,25.0000000000038));
#7801=CARTESIAN_POINT('',(-92.0772514926243,-43.3978775645219,25.0000000000038));
#7802=CARTESIAN_POINT('',(-92.1162286322051,-43.3984682388873,25.0000000000038));
#7803=CARTESIAN_POINT('',(-92.1552093347707,-43.3988730002945,25.0000000000038));
#7804=CARTESIAN_POINT('',(-92.1941899295314,-43.3991713468756,25.0000000000038));
#7805=CARTESIAN_POINT('',(-92.2929252984709,-43.3999270398028,25.0000000000039));
#7806=CARTESIAN_POINT('',(-92.3916599757594,-43.3999999999998,25.0000000000039));
#7807=CARTESIAN_POINT('',(-92.4903965046489,-43.3999999999998,25.0000000000039));
#7808=CARTESIAN_POINT('',(-91.0925189401267,-42.4131450120235,26.0000000000036));
#7809=CARTESIAN_POINT('',(-91.0925189401267,-42.4131450120236,25.0000000000036));
#7810=CARTESIAN_POINT('',(-91.0925189401267,-42.4131450120236,25.0000000000036));
#7811=CARTESIAN_POINT('',(-91.1011833097872,-42.984885323518,25.0000000000036));
#7812=CARTESIAN_POINT('',(-91.50551118113,-43.3892131948609,25.0000000000037));
#7813=CARTESIAN_POINT('',(-92.0772514926243,-43.3978775645219,25.0000000000038));
#7814=CARTESIAN_POINT('',(-91.0925189401266,42.4131450120254,26.0000000000036));
#7815=CARTESIAN_POINT('',(-91.0925189401266,42.4131450120254,25.0000000000036));
#7816=CARTESIAN_POINT('',(-91.0925189401266,42.4131450120254,25.0000000000036));
#7817=CARTESIAN_POINT('',(-91.0919282657612,42.3741678724443,25.0000000000036));
#7818=CARTESIAN_POINT('',(-91.091523504354,42.3351871698782,25.0000000000036));
#7819=CARTESIAN_POINT('',(-91.0912251577728,42.296206575117,25.0000000000036));
#7820=CARTESIAN_POINT('',(-91.0904694648456,42.1974712061777,25.0000000000036));
#7821=CARTESIAN_POINT('',(-91.0903965046487,42.0987365288896,25.0000000000036));
#7822=CARTESIAN_POINT('',(-91.0903965046487,42.0000000000001,25.0000000000036));
#7823=CARTESIAN_POINT('',(-92.077251492624,43.3978775645223,26.0000000000038));
#7824=CARTESIAN_POINT('',(-92.077251492624,43.3978775645223,25.0000000000038));
#7825=CARTESIAN_POINT('',(-92.077251492624,43.3978775645223,25.0000000000038));
#7826=CARTESIAN_POINT('',(-91.5055111811304,43.3892131948612,25.0000000000037));
#7827=CARTESIAN_POINT('',(-91.101183309788,42.984885323519,25.0000000000036));
#7828=CARTESIAN_POINT('',(-91.0925189401266,42.4131450120254,25.0000000000036));
#7829=CARTESIAN_POINT('',(-74.9074810598746,42.4131450120247,25.9999999999999));
#7830=CARTESIAN_POINT('',(-74.9074810598746,42.4131450120247,24.9999999999999));
#7831=CARTESIAN_POINT('',(-74.9074810598746,42.4131450120247,24.9999999999999));
#7832=CARTESIAN_POINT('',(-74.8988166902136,42.9848853235191,24.9999999999999));
#7833=CARTESIAN_POINT('',(-74.4944888188705,43.3892131948618,24.9999999999998));
#7834=CARTESIAN_POINT('',(-73.9227485073761,43.3978775645223,24.9999999999997));
#7835=CARTESIAN_POINT('',(-73.5096034953525,43.4000000000001,24.9999999999996));
#7836=CARTESIAN_POINT('',(-73.509603495352,43.4,28.));
#7837=CARTESIAN_POINT('',(-74.9096034953526,-41.9999999999999,24.9999999999999));
#7838=CARTESIAN_POINT('',(-74.9096034953521,-42.,28.));
#7839=CARTESIAN_POINT('',(-92.4903965046489,-43.3999999999998,25.0000000000039));
#7840=CARTESIAN_POINT('',(-92.4903965046484,-43.3999999999999,28.));
#7841=CARTESIAN_POINT('',(-91.0903965046487,42.0000000000001,25.0000000000036));
#7842=CARTESIAN_POINT('',(-91.0903965046483,42.,28.));
#7843=CARTESIAN_POINT('',(-83.8000000000001,27.508510980975,25.0000000000016));
#7844=CARTESIAN_POINT('',(-83.8,27.508510980975,28.));
#7845=CARTESIAN_POINT('',(-85.8,29.5085109809751,25.0000000000019));
#7846=CARTESIAN_POINT('',(-85.8,29.508510980975,28.));
#7847=CARTESIAN_POINT('',(-85.8,29.5085109809751,25.0000000000019));
#7848=CARTESIAN_POINT('',(-85.,29.5085109809751,25.0000000000019));
#7849=CARTESIAN_POINT('',(-84.2,29.5085109809751,25.0000000000018));
#7850=CARTESIAN_POINT('',(-83.8,29.108510980975,25.0000000000017));
#7851=CARTESIAN_POINT('',(-83.8,28.308510980975,25.0000000000017));
#7852=CARTESIAN_POINT('',(-83.8000000000001,27.508510980975,25.0000000000016));
#7853=CARTESIAN_POINT('',(-85.8,29.508510980975,28.));
#7854=CARTESIAN_POINT('',(-85.,29.508510980975,28.));
#7855=CARTESIAN_POINT('',(-84.1999999999999,29.508510980975,28.));
#7856=CARTESIAN_POINT('',(-83.8,29.108510980975,28.));
#7857=CARTESIAN_POINT('',(-83.8,28.308510980975,28.));
#7858=CARTESIAN_POINT('',(-83.8,27.508510980975,28.));
#7859=CARTESIAN_POINT('',(-80.2000000000001,29.508510980975,28.));
#7860=CARTESIAN_POINT('',(-79.9698678317841,29.508510980975,28.));
#7861=CARTESIAN_POINT('',(-79.7397356635682,29.508510980975,28.));
#7862=CARTESIAN_POINT('',(-79.5096034953522,29.508510980975,28.));
#7863=CARTESIAN_POINT('',(-80.2,29.5085109809751,25.0000000000013));
#7864=CARTESIAN_POINT('',(-79.9698678317842,29.5085109809751,25.0000000000012));
#7865=CARTESIAN_POINT('',(-79.7397356635684,29.5085109809751,25.0000000000011));
#7866=CARTESIAN_POINT('',(-79.5096034953526,29.5085109809751,25.000000000001));
#7867=CARTESIAN_POINT('',(-82.2,27.508510980975,28.));
#7868=CARTESIAN_POINT('',(-82.2,27.508510980975,25.0000000000016));
#7869=CARTESIAN_POINT('',(-80.2000000000001,29.508510980975,28.));
#7870=CARTESIAN_POINT('',(-80.2,29.5085109809751,25.0000000000013));
#7871=CARTESIAN_POINT('',(-82.2,27.508510980975,28.));
#7872=CARTESIAN_POINT('',(-82.2,28.308510980975,28.));
#7873=CARTESIAN_POINT('',(-82.2,29.108510980975,28.));
#7874=CARTESIAN_POINT('',(-81.8000000000001,29.508510980975,28.));
#7875=CARTESIAN_POINT('',(-81.0000000000001,29.508510980975,28.));
#7876=CARTESIAN_POINT('',(-80.2000000000001,29.508510980975,28.));
#7877=CARTESIAN_POINT('',(-82.2,27.508510980975,25.0000000000016));
#7878=CARTESIAN_POINT('',(-82.2,28.308510980975,25.0000000000015));
#7879=CARTESIAN_POINT('',(-82.2,29.108510980975,25.0000000000015));
#7880=CARTESIAN_POINT('',(-81.8,29.508510980975,25.0000000000014));
#7881=CARTESIAN_POINT('',(-81.,29.508510980975,25.0000000000013));
#7882=CARTESIAN_POINT('',(-80.2,29.5085109809751,25.0000000000013));
#7883=CARTESIAN_POINT('',(-85.8,-29.5085109809749,28.));
#7884=CARTESIAN_POINT('',(-86.0301321682161,-29.5085109809749,28.));
#7885=CARTESIAN_POINT('',(-86.2602643364323,-29.5085109809749,28.));
#7886=CARTESIAN_POINT('',(-86.4903965046484,-29.5085109809749,28.));
#7887=CARTESIAN_POINT('',(-85.8,-29.5085109809749,25.0000000000022));
#7888=CARTESIAN_POINT('',(-86.0301321682163,-29.5085109809749,25.0000000000023));
#7889=CARTESIAN_POINT('',(-86.2602643364326,-29.5085109809748,25.0000000000024));
#7890=CARTESIAN_POINT('',(-86.4903965046489,-29.5085109809748,25.0000000000025));
#7891=CARTESIAN_POINT('',(-82.2,-27.5085109809749,25.0000000000013));
#7892=CARTESIAN_POINT('',(-82.2,-27.5085109809749,28.));
#7893=CARTESIAN_POINT('',(-83.8,-27.508510980975,28.));
#7894=CARTESIAN_POINT('',(-83.8,-27.508510980975,25.0000000000019));
#7895=CARTESIAN_POINT('',(-85.8,-29.5085109809749,28.));
#7896=CARTESIAN_POINT('',(-85.8,-29.5085109809749,25.0000000000022));
#7897=CARTESIAN_POINT('',(-80.2,-29.5085109809749,25.000000000001));
#7898=CARTESIAN_POINT('',(-80.2,-29.5085109809749,28.));
#7899=CARTESIAN_POINT('',(-80.2,-29.5085109809749,25.000000000001));
#7900=CARTESIAN_POINT('',(-81.0000000000001,-29.5085109809749,25.0000000000011));
#7901=CARTESIAN_POINT('',(-81.8000000000001,-29.5085109809749,25.0000000000011));
#7902=CARTESIAN_POINT('',(-82.2,-29.1085109809749,25.0000000000011));
#7903=CARTESIAN_POINT('',(-82.2,-28.3085109809749,25.0000000000012));
#7904=CARTESIAN_POINT('',(-82.2,-27.5085109809749,25.0000000000013));
#7905=CARTESIAN_POINT('',(-80.2,-29.5085109809749,28.));
#7906=CARTESIAN_POINT('',(-81.,-29.5085109809749,28.));
#7907=CARTESIAN_POINT('',(-81.8,-29.5085109809749,28.));
#7908=CARTESIAN_POINT('',(-82.2,-29.1085109809749,27.9999999999999));
#7909=CARTESIAN_POINT('',(-82.2,-28.3085109809749,27.9999999999999));
#7910=CARTESIAN_POINT('',(-82.2,-27.5085109809749,28.));
#7911=CARTESIAN_POINT('',(-83.8,-27.508510980975,25.0000000000019));
#7912=CARTESIAN_POINT('',(-83.8,-28.308510980975,25.0000000000019));
#7913=CARTESIAN_POINT('',(-83.8,-29.108510980975,25.000000000002));
#7914=CARTESIAN_POINT('',(-84.2000000000001,-29.5085109809749,25.0000000000021));
#7915=CARTESIAN_POINT('',(-85.,-29.5085109809749,25.0000000000022));
#7916=CARTESIAN_POINT('',(-85.8,-29.5085109809749,25.0000000000022));
#7917=CARTESIAN_POINT('',(-83.8,-27.508510980975,28.));
#7918=CARTESIAN_POINT('',(-83.8,-28.308510980975,28.));
#7919=CARTESIAN_POINT('',(-83.8,-29.108510980975,28.));
#7920=CARTESIAN_POINT('',(-84.2000000000001,-29.5085109809749,28.));
#7921=CARTESIAN_POINT('',(-85.,-29.5085109809749,28.));
#7922=CARTESIAN_POINT('',(-85.8,-29.5085109809749,28.));
#7923=CARTESIAN_POINT('',(-53.,-19.8068535938088,24.));
#7924=CARTESIAN_POINT('',(-54.2,-19.8068535938088,24.));
#7925=CARTESIAN_POINT('',(-54.2,-19.8068535938088,24.));
#7926=CARTESIAN_POINT('',(-54.2,19.8068535938088,24.));
#7927=CARTESIAN_POINT('',(-111.8,-19.8068535938088,24.));
#7928=CARTESIAN_POINT('',(-111.8,19.8068535938088,24.));
#7929=CARTESIAN_POINT('',(-53.,19.8068535938088,24.));
#7930=CARTESIAN_POINT('',(-53.,34.9999999999999,24.));
#7931=CARTESIAN_POINT('',(-53.,-34.9999999999999,24.));
#7932=CARTESIAN_POINT('',(-53.,-19.8068535938088,24.));
#7933=CARTESIAN_POINT('',(-113.,-19.8068535938088,24.));
#7934=CARTESIAN_POINT('',(-113.,-34.9999999999999,24.));
#7935=CARTESIAN_POINT('',(-113.,35.,24.));
#7936=CARTESIAN_POINT('',(-113.,19.8068535938088,24.));
#7937=CARTESIAN_POINT('',(-83.8,27.508510980975,28.));
#7938=CARTESIAN_POINT('',(-83.8,22.5200000000001,28.));
#7939=CARTESIAN_POINT('',(-83.7999999999999,10.8,28.));
#7940=CARTESIAN_POINT('',(-83.8000000000001,27.508510980975,25.0000000000016));
#7941=CARTESIAN_POINT('',(-83.8,22.5200000000001,25.0000000000016));
#7942=CARTESIAN_POINT('',(-83.7999999999999,10.8,25.0000000000016));
#7943=CARTESIAN_POINT('',(-101.4,0.799999999999997,25.0000000000022));
#7944=CARTESIAN_POINT('',(-93.7999999968204,0.799999999999996,25.000000000002));
#7945=CARTESIAN_POINT('',(-93.7999999964525,0.799999999999996,28.));
#7946=CARTESIAN_POINT('',(-101.4,0.799999999999997,28.));
#7947=CARTESIAN_POINT('',(-111.4,10.8,28.));
#7948=CARTESIAN_POINT('',(-111.4,35.,28.));
#7949=CARTESIAN_POINT('',(-101.4,0.799999999999997,25.0000000000022));
#7950=CARTESIAN_POINT('',(-101.4,0.799999999999997,28.));
#7951=CARTESIAN_POINT('',(-111.4,10.8,25.0000000000028));
#7952=CARTESIAN_POINT('',(-111.4,10.8,28.));
#7953=CARTESIAN_POINT('',(-83.7999999999999,10.8,25.0000000000016));
#7954=CARTESIAN_POINT('',(-83.7999999999999,10.8,28.));
#7955=CARTESIAN_POINT('',(-83.7999999999999,10.8,25.0000000000016));
#7956=CARTESIAN_POINT('',(-83.8000000009537,6.8000000031795,25.0000000000017));
#7957=CARTESIAN_POINT('',(-83.8000000019076,2.80000000635901,25.0000000000017));
#7958=CARTESIAN_POINT('',(-85.7999999949127,0.799999999999983,25.0000000000019));
#7959=CARTESIAN_POINT('',(-89.7999999958665,0.79999999999999,25.0000000000019));
#7960=CARTESIAN_POINT('',(-93.7999999968204,0.799999999999996,25.000000000002));
#7961=CARTESIAN_POINT('',(-93.7999999968204,0.799999999999996,25.000000000002));
#7962=CARTESIAN_POINT('',(-93.7999999964525,0.799999999999996,28.));
#7963=CARTESIAN_POINT('',(-83.7999999999999,10.8,28.));
#7964=CARTESIAN_POINT('',(-83.8000000008802,6.80000000317951,28.));
#7965=CARTESIAN_POINT('',(-83.8000000017604,2.80000000635902,28.));
#7966=CARTESIAN_POINT('',(-85.7999999946919,0.799999999999989,28.0000000000001));
#7967=CARTESIAN_POINT('',(-89.7999999955722,0.799999999999993,28.0000000000001));
#7968=CARTESIAN_POINT('',(-93.7999999964525,0.799999999999996,28.));
#7969=CARTESIAN_POINT('',(-101.4,0.799999999999997,25.0000000000022));
#7970=CARTESIAN_POINT('',(-105.4,0.800000000000003,25.0000000000023));
#7971=CARTESIAN_POINT('',(-109.4,0.800000000000008,25.0000000000024));
#7972=CARTESIAN_POINT('',(-111.4,2.80000000000001,25.0000000000026));
#7973=CARTESIAN_POINT('',(-111.4,6.79999999999999,25.0000000000027));
#7974=CARTESIAN_POINT('',(-111.4,10.8,25.0000000000028));
#7975=CARTESIAN_POINT('',(-101.4,0.799999999999997,28.));
#7976=CARTESIAN_POINT('',(-105.4,0.800000000000003,27.9999999999999));
#7977=CARTESIAN_POINT('',(-109.4,0.800000000000008,27.9999999999999));
#7978=CARTESIAN_POINT('',(-111.4,2.80000000000001,28.0000000000001));
#7979=CARTESIAN_POINT('',(-111.4,6.79999999999999,28.));
#7980=CARTESIAN_POINT('',(-111.4,10.8,28.));
#7981=CARTESIAN_POINT('',(-79.937298019652,-43.9999999999999,24.));
#7982=CARTESIAN_POINT('',(-79.937298019652,-42.72150171207,24.));
#7983=CARTESIAN_POINT('',(-79.937298019652,-43.9999999999999,25.));
#7984=CARTESIAN_POINT('',(-79.937298019652,-42.72150171207,25.));
#7985=CARTESIAN_POINT('',(-82.2,-27.5085109809749,28.));
#7986=CARTESIAN_POINT('',(-82.2,-10.8,28.));
#7987=CARTESIAN_POINT('',(-82.2,-27.5085109809749,25.0000000000013));
#7988=CARTESIAN_POINT('',(-82.2,-10.8,25.0000000000021));
#7989=CARTESIAN_POINT('',(-54.6000000000002,34.9999999999999,28.));
#7990=CARTESIAN_POINT('',(-54.5999999999998,10.8,28.));
#7991=CARTESIAN_POINT('',(-111.4,-34.9999999999999,28.));
#7992=CARTESIAN_POINT('',(-111.400000000001,-10.8,28.));
#7993=CARTESIAN_POINT('',(-72.2000000000001,0.800000000000008,25.0000000000016));
#7994=CARTESIAN_POINT('',(-64.5999999999996,0.80000000000001,25.0000000000012));
#7995=CARTESIAN_POINT('',(-82.2000000000003,10.8,28.));
#7996=CARTESIAN_POINT('',(-82.2,27.508510980975,28.));
#7997=CARTESIAN_POINT('',(-82.2000000000003,10.8,25.0000000000022));
#7998=CARTESIAN_POINT('',(-82.2,27.508510980975,25.0000000000016));
#7999=CARTESIAN_POINT('',(-72.2000000000001,0.800000000000008,25.0000000000016));
#8000=CARTESIAN_POINT('',(-72.1999999999999,0.800000000000008,28.));
#8001=CARTESIAN_POINT('',(-82.2000000000003,10.8,25.0000000000022));
#8002=CARTESIAN_POINT('',(-82.2000000000003,10.8,28.));
#8003=CARTESIAN_POINT('',(-72.2000000000001,0.800000000000008,25.0000000000016));
#8004=CARTESIAN_POINT('',(-76.2,0.800000000000008,25.0000000000017));
#8005=CARTESIAN_POINT('',(-80.2,0.800000000000007,25.0000000000018));
#8006=CARTESIAN_POINT('',(-82.2000000000005,2.79999999999955,25.0000000000021));
#8007=CARTESIAN_POINT('',(-82.2000000000004,6.79999999999979,25.0000000000022));
#8008=CARTESIAN_POINT('',(-82.2000000000003,10.8,25.0000000000022));
#8009=CARTESIAN_POINT('',(-72.1999999999999,0.800000000000008,28.));
#8010=CARTESIAN_POINT('',(-76.1999999999999,0.800000000000009,27.9999999999999));
#8011=CARTESIAN_POINT('',(-80.1999999999999,0.800000000000009,27.9999999999999));
#8012=CARTESIAN_POINT('',(-82.2000000000004,2.79999999999955,28.0000000000001));
#8013=CARTESIAN_POINT('',(-82.2000000000004,6.79999999999979,28.));
#8014=CARTESIAN_POINT('',(-82.2000000000003,10.8,28.));
#8015=CARTESIAN_POINT('',(-64.5999999999996,0.80000000000001,28.));
#8016=CARTESIAN_POINT('',(-72.1999999999999,0.800000000000008,28.));
#8017=CARTESIAN_POINT('',(-54.5999999999998,10.8,28.));
#8018=CARTESIAN_POINT('',(-54.5999999999999,10.8,25.0000000000008));
#8019=CARTESIAN_POINT('',(-64.5999999999996,0.80000000000001,28.));
#8020=CARTESIAN_POINT('',(-64.5999999999996,0.80000000000001,25.0000000000012));
#8021=CARTESIAN_POINT('',(-54.5999999999999,10.8,25.0000000000008));
#8022=CARTESIAN_POINT('',(-54.5999999999998,6.80000000000008,25.0000000000009));
#8023=CARTESIAN_POINT('',(-54.5999999999998,2.80000000000011,25.000000000001));
#8024=CARTESIAN_POINT('',(-56.5999999999996,0.800000000000001,25.000000000001));
#8025=CARTESIAN_POINT('',(-60.5999999999996,0.800000000000005,25.0000000000011));
#8026=CARTESIAN_POINT('',(-64.5999999999996,0.80000000000001,25.0000000000012));
#8027=CARTESIAN_POINT('',(-54.5999999999998,10.8,28.));
#8028=CARTESIAN_POINT('',(-54.5999999999998,6.80000000000007,28.));
#8029=CARTESIAN_POINT('',(-54.5999999999997,2.80000000000011,28.));
#8030=CARTESIAN_POINT('',(-56.5999999999996,0.799999999999998,28.));
#8031=CARTESIAN_POINT('',(-60.5999999999996,0.800000000000004,28.));
#8032=CARTESIAN_POINT('',(-64.5999999999996,0.80000000000001,28.));
#8033=CARTESIAN_POINT('',(-64.5999999999999,-0.799999999999999,25.0000000000001));
#8034=CARTESIAN_POINT('',(-72.2,-0.799999999999999,25.0000000000013));
#8035=CARTESIAN_POINT('',(-54.5999999999998,-10.8,28.));
#8036=CARTESIAN_POINT('',(-54.6000000000002,-34.9999999999998,28.));
#8037=CARTESIAN_POINT('',(-64.5999999999999,-0.799999999999999,25.0000000000001));
#8038=CARTESIAN_POINT('',(-64.5999999999998,-0.799999999999999,28.));
#8039=CARTESIAN_POINT('',(-54.5999999999999,-10.8,24.9999999999998));
#8040=CARTESIAN_POINT('',(-54.5999999999998,-10.8,28.));
#8041=CARTESIAN_POINT('',(-64.5999999999999,-0.799999999999999,25.0000000000001));
#8042=CARTESIAN_POINT('',(-60.5999999999998,-0.800000000000005,25.));
#8043=CARTESIAN_POINT('',(-56.5999999999998,-0.800000000000011,24.9999999999999));
#8044=CARTESIAN_POINT('',(-54.6,-2.80000000000019,24.9999999999999));
#8045=CARTESIAN_POINT('',(-54.6,-6.80000000000009,24.9999999999999));
#8046=CARTESIAN_POINT('',(-54.5999999999999,-10.8,24.9999999999998));
#8047=CARTESIAN_POINT('',(-64.5999999999998,-0.799999999999999,28.));
#8048=CARTESIAN_POINT('',(-60.5999999999998,-0.800000000000003,28.));
#8049=CARTESIAN_POINT('',(-56.5999999999997,-0.800000000000008,28.));
#8050=CARTESIAN_POINT('',(-54.5999999999999,-2.80000000000018,28.));
#8051=CARTESIAN_POINT('',(-54.5999999999999,-6.80000000000008,28.));
#8052=CARTESIAN_POINT('',(-54.5999999999998,-10.8,28.));
#8053=CARTESIAN_POINT('',(-72.2,-0.799999999999998,28.));
#8054=CARTESIAN_POINT('',(-64.5999999999998,-0.799999999999999,28.));
#8055=CARTESIAN_POINT('',(-82.2,-10.8,25.0000000000021));
#8056=CARTESIAN_POINT('',(-82.2,-10.8,28.));
#8057=CARTESIAN_POINT('',(-72.2,-0.799999999999999,25.0000000000013));
#8058=CARTESIAN_POINT('',(-72.2,-0.799999999999998,28.));
#8059=CARTESIAN_POINT('',(-82.2,-10.8,25.0000000000021));
#8060=CARTESIAN_POINT('',(-82.2,-6.79999999999998,25.0000000000019));
#8061=CARTESIAN_POINT('',(-82.2,-2.79999999999998,25.0000000000018));
#8062=CARTESIAN_POINT('',(-80.2,-0.800000000000004,25.0000000000016));
#8063=CARTESIAN_POINT('',(-76.2,-0.800000000000001,25.0000000000015));
#8064=CARTESIAN_POINT('',(-72.2,-0.799999999999999,25.0000000000013));
#8065=CARTESIAN_POINT('',(-82.2,-10.8,28.));
#8066=CARTESIAN_POINT('',(-82.2,-6.79999999999998,28.));
#8067=CARTESIAN_POINT('',(-82.2,-2.79999999999998,28.));
#8068=CARTESIAN_POINT('',(-80.2,-0.800000000000005,28.));
#8069=CARTESIAN_POINT('',(-76.2,-0.800000000000001,28.));
#8070=CARTESIAN_POINT('',(-72.2,-0.799999999999998,28.));
#8071=CARTESIAN_POINT('',(-93.7999999999999,-0.799999999999997,25.0000000000023));
#8072=CARTESIAN_POINT('',(-101.4,-0.799999999999998,25.0000000000029));
#8073=CARTESIAN_POINT('',(-83.8000000000001,-10.8,28.));
#8074=CARTESIAN_POINT('',(-83.8,-27.508510980975,28.));
#8075=CARTESIAN_POINT('',(-83.8000000000001,-10.8,25.0000000000023));
#8076=CARTESIAN_POINT('',(-83.8,-27.508510980975,25.0000000000019));
#8077=CARTESIAN_POINT('',(-93.7999999999999,-0.799999999999997,25.0000000000023));
#8078=CARTESIAN_POINT('',(-93.8,-0.799999999999997,28.));
#8079=CARTESIAN_POINT('',(-83.8000000000001,-10.8,25.0000000000023));
#8080=CARTESIAN_POINT('',(-83.8000000000001,-10.8,28.));
#8081=CARTESIAN_POINT('',(-93.7999999999999,-0.799999999999997,25.0000000000023));
#8082=CARTESIAN_POINT('',(-89.7999999999999,-0.8,25.0000000000023));
#8083=CARTESIAN_POINT('',(-85.7999999999999,-0.800000000000003,25.0000000000023));
#8084=CARTESIAN_POINT('',(-83.8000000000001,-2.80000000000013,25.0000000000023));
#8085=CARTESIAN_POINT('',(-83.8000000000001,-6.80000000000006,25.0000000000023));
#8086=CARTESIAN_POINT('',(-83.8000000000001,-10.8,25.0000000000023));
#8087=CARTESIAN_POINT('',(-93.8,-0.799999999999997,28.));
#8088=CARTESIAN_POINT('',(-89.8,-0.799999999999999,28.));
#8089=CARTESIAN_POINT('',(-85.8,-0.800000000000001,28.));
#8090=CARTESIAN_POINT('',(-83.8000000000001,-2.80000000000013,28.));
#8091=CARTESIAN_POINT('',(-83.8000000000001,-6.80000000000005,28.));
#8092=CARTESIAN_POINT('',(-83.8000000000001,-10.8,28.));
#8093=CARTESIAN_POINT('',(-101.4,-0.799999999999998,28.));
#8094=CARTESIAN_POINT('',(-93.8,-0.799999999999997,28.));
#8095=CARTESIAN_POINT('',(-111.400000000001,-10.8,28.));
#8096=CARTESIAN_POINT('',(-111.400000000001,-10.8,25.0000000000038));
#8097=CARTESIAN_POINT('',(-101.4,-0.799999999999998,28.));
#8098=CARTESIAN_POINT('',(-101.4,-0.799999999999998,25.0000000000029));
#8099=CARTESIAN_POINT('',(-111.400000000001,-10.8,25.0000000000038));
#8100=CARTESIAN_POINT('',(-111.400000000001,-6.79999999999982,25.0000000000036));
#8101=CARTESIAN_POINT('',(-111.400000000001,-2.79999999999962,25.0000000000034));
#8102=CARTESIAN_POINT('',(-109.4,-0.799999999999995,25.0000000000033));
#8103=CARTESIAN_POINT('',(-105.4,-0.799999999999997,25.0000000000031));
#8104=CARTESIAN_POINT('',(-101.4,-0.799999999999998,25.0000000000029));
#8105=CARTESIAN_POINT('',(-111.400000000001,-10.8,28.));
#8106=CARTESIAN_POINT('',(-111.400000000001,-6.79999999999982,28.));
#8107=CARTESIAN_POINT('',(-111.400000000001,-2.79999999999962,28.));
#8108=CARTESIAN_POINT('',(-109.4,-0.799999999999998,28.));
#8109=CARTESIAN_POINT('',(-105.4,-0.799999999999998,28.));
#8110=CARTESIAN_POINT('',(-101.4,-0.799999999999998,28.));
#8111=CARTESIAN_POINT('',(-53.,-19.1578491024318,24.8043646286724));
#8112=CARTESIAN_POINT('',(-53.,-19.8068535938088,24.));
#8113=CARTESIAN_POINT('',(-53.,-19.1135011312552,24.9299530275122));
#8114=CARTESIAN_POINT('',(-53.,-19.1135011312552,24.9017033028012));
#8115=CARTESIAN_POINT('',(-53.,-19.1135011312552,24.8734535780902));
#8116=CARTESIAN_POINT('',(-53.,-19.1223707254905,24.8483358983222));
#8117=CARTESIAN_POINT('',(-53.,-19.1401099139612,24.8263502634973));
#8118=CARTESIAN_POINT('',(-53.,-19.1578491024318,24.8043646286724));
#8119=CARTESIAN_POINT('',(-54.2,-19.8068535938088,24.));
#8120=CARTESIAN_POINT('',(-53.9318784571092,-19.5905187633498,24.2681215428908));
#8121=CARTESIAN_POINT('',(-53.6637569142184,-19.3741839328908,24.5362430857816));
#8122=CARTESIAN_POINT('',(-53.3956353713276,-19.1578491024318,24.8043646286724));
#8123=CARTESIAN_POINT('',(-53.2700469724877,-19.1135011312552,24.9299530275122));
#8124=CARTESIAN_POINT('',(-53.0585786437627,-19.1135011312552,25.1414213562373));
#8125=CARTESIAN_POINT('',(-53.3956353713276,-19.1578491024318,24.8043646286724));
#8126=CARTESIAN_POINT('',(-53.3472218606655,-19.1187864873652,24.8527781393345));
#8127=CARTESIAN_POINT('',(-53.3253574089131,-19.1135011312552,24.8746425910869));
#8128=CARTESIAN_POINT('',(-53.2700469724877,-19.1135011312552,24.9299530275122));
#8129=CARTESIAN_POINT('',(-53.,-19.1135011312552,25.2828427124746));
#8130=CARTESIAN_POINT('',(-53.,-19.1135011312552,25.2497056274847));
#8131=CARTESIAN_POINT('',(-53.,-19.1135011312552,25.2165685424949));
#8132=CARTESIAN_POINT('',(-53.0117157287526,-19.1135011312552,25.1882842712474));
#8133=CARTESIAN_POINT('',(-53.0351471862577,-19.1135011312552,25.1648528137423));
#8134=CARTESIAN_POINT('',(-53.0585786437627,-19.1135011312552,25.1414213562373));
#8135=CARTESIAN_POINT('',(-53.,-19.1135011312552,25.2828427124746));
#8136=CARTESIAN_POINT('',(-53.,-19.1135011312552,24.9299530275122));
#8137=CARTESIAN_POINT('',(-53.2700469724877,-19.1135011312552,24.9299530275122));
#8138=CARTESIAN_POINT('',(-53.,-19.1135011312552,24.9299530275122));
#8139=CARTESIAN_POINT('',(-53.3956353713276,-19.1578491024318,24.8043646286724));
#8140=CARTESIAN_POINT('',(-53.,-19.1578491024318,24.8043646286724));
#8141=CARTESIAN_POINT('',(-54.5999999999999,-10.8,24.9999999999998));
#8142=CARTESIAN_POINT('',(-54.6000000000002,-19.1135011312552,24.9999999999983));
#8143=CARTESIAN_POINT('',(-54.6000000000002,-20.9999999999975,24.9999999999979));
#8144=CARTESIAN_POINT('',(-54.6000000000007,-34.9999999999997,24.9999999999953));
#8145=CARTESIAN_POINT('',(-53.3956353713276,19.1578491024318,24.8043646286724));
#8146=CARTESIAN_POINT('',(-53.6637569142184,19.3741839328908,24.5362430857816));
#8147=CARTESIAN_POINT('',(-53.9318784571092,19.5905187633498,24.2681215428908));
#8148=CARTESIAN_POINT('',(-54.2,19.8068535938088,24.));
#8149=CARTESIAN_POINT('',(-53.0585786437627,19.1135011312553,25.1414213562373));
#8150=CARTESIAN_POINT('',(-53.2700469724877,19.1135011312553,24.9299530275122));
#8151=CARTESIAN_POINT('',(-53.0585786437627,19.1135011312553,25.1414213562373));
#8152=CARTESIAN_POINT('',(-53.0351471862577,19.1135011312553,25.1648528137423));
#8153=CARTESIAN_POINT('',(-53.0117157287526,19.1135011312553,25.1882842712474));
#8154=CARTESIAN_POINT('',(-53.,19.1135011312552,25.2165685424949));
#8155=CARTESIAN_POINT('',(-53.,19.1135011312552,25.2497056274847));
#8156=CARTESIAN_POINT('',(-53.,19.1135011312553,25.2828427124746));
#8157=CARTESIAN_POINT('',(-53.2700469724877,19.1135011312553,24.9299530275122));
#8158=CARTESIAN_POINT('',(-53.3253574089131,19.1135011312553,24.8746425910869));
#8159=CARTESIAN_POINT('',(-53.3472218606655,19.1187864873652,24.8527781393345));
#8160=CARTESIAN_POINT('',(-53.3956353713276,19.1578491024318,24.8043646286724));
#8161=CARTESIAN_POINT('',(-53.,19.1135011312553,25.2828427124746));
#8162=CARTESIAN_POINT('',(-53.,19.1135011312553,24.9299530275122));
#8163=CARTESIAN_POINT('',(-53.2700469724877,19.1135011312553,24.9299530275122));
#8164=CARTESIAN_POINT('',(-53.,19.1135011312553,24.9299530275122));
#8165=CARTESIAN_POINT('',(-53.3956353713276,19.1578491024318,24.8043646286724));
#8166=CARTESIAN_POINT('',(-53.,19.1578491024318,24.8043646286724));
#8167=CARTESIAN_POINT('',(-53.0585786437627,19.1135011312553,25.1414213562373));
#8168=CARTESIAN_POINT('',(-53.0585786437627,-19.1135011312552,25.1414213562373));
#8169=CARTESIAN_POINT('',(-53.,19.1135011312553,25.2828427124746));
#8170=CARTESIAN_POINT('',(-53.,-19.1135011312552,25.2828427124746));
#8171=CARTESIAN_POINT('',(-54.5999999999999,10.8,25.0000000000008));
#8172=CARTESIAN_POINT('',(-54.6000000000001,19.1135011312553,24.9999999999989));
#8173=CARTESIAN_POINT('',(-54.6,21.,25.));
#8174=CARTESIAN_POINT('',(-54.6000000000006,35.,24.9999999999953));
#8175=CARTESIAN_POINT('',(-112.604364628672,-19.1578491024318,24.8043646286724));
#8176=CARTESIAN_POINT('',(-112.336243085782,-19.3741839328908,24.5362430857816));
#8177=CARTESIAN_POINT('',(-112.068121542891,-19.5905187633498,24.2681215428908));
#8178=CARTESIAN_POINT('',(-111.8,-19.8068535938088,24.));
#8179=CARTESIAN_POINT('',(-112.941421356237,-19.1135011312552,25.1414213562373));
#8180=CARTESIAN_POINT('',(-112.729953027512,-19.1135011312552,24.9299530275122));
#8181=CARTESIAN_POINT('',(-112.941421356237,-19.1135011312552,25.1414213562373));
#8182=CARTESIAN_POINT('',(-112.964852813742,-19.1135011312552,25.1648528137424));
#8183=CARTESIAN_POINT('',(-112.988284271247,-19.1135011312552,25.1882842712475));
#8184=CARTESIAN_POINT('',(-113.,-19.1135011312552,25.2165685424949));
#8185=CARTESIAN_POINT('',(-113.,-19.1135011312552,25.2497056274848));
#8186=CARTESIAN_POINT('',(-113.,-19.1135011312552,25.2828427124746));
#8187=CARTESIAN_POINT('',(-112.729953027512,-19.1135011312552,24.9299530275122));
#8188=CARTESIAN_POINT('',(-112.674642591087,-19.1135011312552,24.8746425910869));
#8189=CARTESIAN_POINT('',(-112.652778139335,-19.1187864873652,24.8527781393345));
#8190=CARTESIAN_POINT('',(-112.604364628672,-19.1578491024318,24.8043646286724));
#8191=CARTESIAN_POINT('',(-113.,-19.1135011312552,25.2828427124746));
#8192=CARTESIAN_POINT('',(-113.,-19.1135011312552,24.9299530275122));
#8193=CARTESIAN_POINT('',(-112.729953027512,-19.1135011312552,24.9299530275122));
#8194=CARTESIAN_POINT('',(-113.,-19.1135011312552,24.9299530275122));
#8195=CARTESIAN_POINT('',(-112.604364628672,-19.1578491024318,24.8043646286724));
#8196=CARTESIAN_POINT('',(-113.,-19.1578491024318,24.8043646286724));
#8197=CARTESIAN_POINT('',(-112.941421356237,-19.1135011312552,25.1414213562373));
#8198=CARTESIAN_POINT('',(-112.941421356237,19.1135011312553,25.1414213562373));
#8199=CARTESIAN_POINT('',(-113.,-19.1135011312552,25.2828427124746));
#8200=CARTESIAN_POINT('',(-113.,19.1135011312553,25.2828427124746));
#8201=CARTESIAN_POINT('',(-111.400000000001,-10.8,25.0000000000038));
#8202=CARTESIAN_POINT('',(-111.400000000001,-19.1135011312552,25.0000000000053));
#8203=CARTESIAN_POINT('',(-111.4,-21.,25.));
#8204=CARTESIAN_POINT('',(-111.400000000001,-34.9999999999998,25.0000000000082));
#8205=CARTESIAN_POINT('',(-112.604364628672,19.1578491024318,24.8043646286724));
#8206=CARTESIAN_POINT('',(-112.336243085782,19.3741839328908,24.5362430857816));
#8207=CARTESIAN_POINT('',(-112.068121542891,19.5905187633498,24.2681215428908));
#8208=CARTESIAN_POINT('',(-111.8,19.8068535938088,24.));
#8209=CARTESIAN_POINT('',(-112.941421356237,19.1135011312553,25.1414213562373));
#8210=CARTESIAN_POINT('',(-112.729953027512,19.1135011312553,24.9299530275122));
#8211=CARTESIAN_POINT('',(-112.941421356237,19.1135011312553,25.1414213562373));
#8212=CARTESIAN_POINT('',(-112.964852813742,19.1135011312553,25.1648528137424));
#8213=CARTESIAN_POINT('',(-112.988284271247,19.1135011312553,25.1882842712475));
#8214=CARTESIAN_POINT('',(-113.,19.1135011312553,25.2165685424949));
#8215=CARTESIAN_POINT('',(-113.,19.1135011312553,25.2497056274848));
#8216=CARTESIAN_POINT('',(-113.,19.1135011312553,25.2828427124746));
#8217=CARTESIAN_POINT('',(-112.729953027512,19.1135011312553,24.9299530275122));
#8218=CARTESIAN_POINT('',(-112.674642591087,19.1135011312553,24.8746425910869));
#8219=CARTESIAN_POINT('',(-112.652778139334,19.1187864873652,24.8527781393345));
#8220=CARTESIAN_POINT('',(-112.604364628672,19.1578491024318,24.8043646286724));
#8221=CARTESIAN_POINT('',(-113.,19.1135011312553,25.2828427124746));
#8222=CARTESIAN_POINT('',(-113.,19.1135011312553,24.9299530275122));
#8223=CARTESIAN_POINT('',(-112.729953027512,19.1135011312553,24.9299530275122));
#8224=CARTESIAN_POINT('',(-113.,19.1135011312553,24.9299530275122));
#8225=CARTESIAN_POINT('',(-112.604364628672,19.1578491024318,24.8043646286724));
#8226=CARTESIAN_POINT('',(-113.,19.1578491024318,24.8043646286724));
#8227=CARTESIAN_POINT('',(-111.4,10.8,25.0000000000028));
#8228=CARTESIAN_POINT('',(-111.400000000001,19.1135011312553,25.0000000000047));
#8229=CARTESIAN_POINT('',(-111.4,21.,25.));
#8230=CARTESIAN_POINT('',(-111.400000000001,35.0000000000001,25.0000000000082));
#8231=CARTESIAN_POINT('',(-86.0627019803479,-42.72150171207,24.));
#8232=CARTESIAN_POINT('',(-86.062701980348,-43.9999999999999,24.));
#8233=CARTESIAN_POINT('',(-86.0627019803479,-42.72150171207,25.));
#8234=CARTESIAN_POINT('',(-86.062701980348,-43.9999999999999,25.));
#8235=CARTESIAN_POINT('',(-79.937298019652,42.72150171207,24.));
#8236=CARTESIAN_POINT('',(-79.937298019652,42.72150171207,25.));
#8237=CARTESIAN_POINT('',(-86.0627019803479,42.72150171207,25.));
#8238=CARTESIAN_POINT('',(-86.0627019803479,42.72150171207,24.));
#8239=CARTESIAN_POINT('',(-79.937298019652,42.72150171207,25.));
#8240=CARTESIAN_POINT('',(-86.0627019803479,42.72150171207,25.));
#8241=CARTESIAN_POINT('',(-86.0627019803479,42.72150171207,24.));
#8242=CARTESIAN_POINT('',(-79.937298019652,42.72150171207,24.));
#8243=CARTESIAN_POINT('',(-86.0627019803479,42.72150171207,25.));
#8244=CARTESIAN_POINT('',(-86.0627019803479,44.,25.));
#8245=CARTESIAN_POINT('',(-86.0627019803479,42.72150171207,24.));
#8246=CARTESIAN_POINT('',(-86.0627019803479,44.,24.));
#8247=CARTESIAN_POINT('',(-79.937298019652,44.,24.));
#8248=CARTESIAN_POINT('',(-79.937298019652,42.72150171207,24.));
#8249=CARTESIAN_POINT('',(-79.937298019652,44.,25.));
#8250=CARTESIAN_POINT('',(-79.937298019652,42.72150171207,25.));
#8251=CARTESIAN_POINT('',(3.99363487245395,37.9423755092436,13.1016790828365));
#8252=CARTESIAN_POINT('',(3.72979881899229,38.869261800286,22.9036347072601));
#8253=CARTESIAN_POINT('',(3.72979881899229,38.869261800286,19.3000388646586));
#8254=CARTESIAN_POINT('',(3.80231410685721,38.614507283869,22.9036347072601));
#8255=CARTESIAN_POINT('',(3.80231410685721,38.614507283869,19.3000388646586));
#8256=CARTESIAN_POINT('',(3.87482939472213,38.3597527674521,22.9036347072601));
#8257=CARTESIAN_POINT('',(3.87482939472213,38.3597527674521,19.3000388646586));
#8258=CARTESIAN_POINT('',(3.77864994924138,38.2323755092436,22.9036347072601));
#8259=CARTESIAN_POINT('',(3.77864994924138,38.2323755092436,19.3000388646586));
#8260=CARTESIAN_POINT('',(3.51377577041494,38.2323755092436,22.9036347072601));
#8261=CARTESIAN_POINT('',(3.51377577041494,38.2323755092436,19.3000388646586));
#8262=CARTESIAN_POINT('',(3.2489015915885,38.2323755092436,22.9036347072601));
#8263=CARTESIAN_POINT('',(3.24890159158851,38.2323755092436,19.3000388646586));
#8264=CARTESIAN_POINT('',(1.84741111297626E-13,41.5558492060966,25.3597065131338));
#8265=CARTESIAN_POINT('',(-3.99999999999976,42.0494902900727,28.971548466433));
#8266=CARTESIAN_POINT('',(-3.99999999999973,42.6692918382684,26.9365078717028));
#8267=CARTESIAN_POINT('',(-4.00636512754575,42.723174959905,26.0255738253833));
#8268=CARTESIAN_POINT('',(-4.00636512754575,42.6937401195569,16.8341670802188));
#8269=CARTESIAN_POINT('',(3.99363487245425,42.6937401195565,16.8341670802186));
#8270=CARTESIAN_POINT('',(-4.00636512754576,42.6914370917927,16.4364834836784));
#8271=CARTESIAN_POINT('',(3.99363487245421,42.6914370917922,16.4364834836782));
#8272=CARTESIAN_POINT('',(-4.00636512754578,42.2774490291265,16.4364834836784));
#8273=CARTESIAN_POINT('',(3.99363487245422,42.277449029126,16.4364834836782));
#8274=CARTESIAN_POINT('',(-4.00636512754578,42.2774490291265,16.4364834836784));
#8275=CARTESIAN_POINT('',(-0.00636512754581425,42.0556839065802,16.8364834836783));
#8276=CARTESIAN_POINT('',(-4.00636512754583,41.235210865283,22.4036347072603));
#8277=CARTESIAN_POINT('',(-4.00636512754603,37.9423755092436,19.8000388646588));
#8278=CARTESIAN_POINT('',(-4.00636512754595,39.6255223873945,19.8000388646588));
#8279=CARTESIAN_POINT('',(-4.00636512754592,40.0461325108075,16.4364834836784));
#8280=CARTESIAN_POINT('',(3.99363487245408,40.0461325108071,16.4364834836782));
#8281=CARTESIAN_POINT('',(-4.00636512754589,40.2271049753988,14.1833446207607));
#8282=CARTESIAN_POINT('',(3.9936348724541,40.2271049753983,14.1833446207605));
#8283=CARTESIAN_POINT('',(-4.00636512754578,42.4802438383164,14.1833446207607));
#8284=CARTESIAN_POINT('',(3.99363487245422,42.480243838316,14.1833446207605));
#8285=CARTESIAN_POINT('',(-4.00636512754565,44.7333827012341,14.1833446207607));
#8286=CARTESIAN_POINT('',(3.99363487245434,44.7333827012337,14.1833446207605));
#8287=CARTESIAN_POINT('',(-4.00636512754564,44.7333827012341,16.4364834836784));
#8288=CARTESIAN_POINT('',(3.99363487245436,44.7333827012336,16.4364834836782));
#8289=CARTESIAN_POINT('',(-3.55808146280879,41.5558492060964,25.0000000000001));
#8290=CARTESIAN_POINT('',(-2.48671161162301,44.733382701234,16.4364834836782));
#8291=CARTESIAN_POINT('',(-3.9999999999997,43.2565651037185,28.971548466433));
#8292=CARTESIAN_POINT('',(3.09096849469292,42.454465139229,28.9715484664328));
#8293=CARTESIAN_POINT('',(3.09096849469291,42.2924751995663,28.9715484664328));
#8294=CARTESIAN_POINT('',(3.0909684946929,42.1304852599037,28.9715484664328));
#8295=CARTESIAN_POINT('',(3.09096849469289,42.0730882956883,28.8940673766823));
#8296=CARTESIAN_POINT('',(3.09096849469289,42.1202843069204,28.7391051971813));
#8297=CARTESIAN_POINT('',(3.09096849469289,42.1674803181524,28.5841430176803));
#8298=CARTESIAN_POINT('',(-3.09096849469277,42.4544651392293,28.971548466433));
#8299=CARTESIAN_POINT('',(-3.09096849469278,42.2924751995667,28.971548466433));
#8300=CARTESIAN_POINT('',(-3.09096849469278,42.130485259904,28.971548466433));
#8301=CARTESIAN_POINT('',(-3.09096849469279,42.0730882956887,28.8940673766825));
#8302=CARTESIAN_POINT('',(-3.09096849469279,42.1202843069207,28.7391051971815));
#8303=CARTESIAN_POINT('',(-3.0909684946928,42.1674803181527,28.5841430176805));
#8304=CARTESIAN_POINT('',(-3.99999999999962,44.9462432838598,26.1990217104459));
#8305=CARTESIAN_POINT('',(4.00000000000038,44.9462432838593,26.1990217104457));
#8306=CARTESIAN_POINT('',(-3.99999999999965,43.6447180177597,28.7704071658192));
#8307=CARTESIAN_POINT('',(4.00000000000033,43.6447180177593,28.770407165819));
#8308=CARTESIAN_POINT('',(-3.99999999999968,43.5367308209832,28.8709778161261));
#8309=CARTESIAN_POINT('',(4.00000000000033,43.5367308209828,28.8709778161259));
#8310=CARTESIAN_POINT('',(-3.99999999999968,43.4287436242067,28.971548466433));
#8311=CARTESIAN_POINT('',(4.00000000000033,43.4287436242063,28.9715484664328));
#8312=CARTESIAN_POINT('',(-3.9999999999997,43.2565651037185,28.971548466433));
#8313=CARTESIAN_POINT('',(4.0000000000003,43.256565103718,28.9715484664328));
#8314=CARTESIAN_POINT('',(-3.03228322371507,44.8328322642426,26.4228385165537));
#8315=CARTESIAN_POINT('',(-3.03228322371507,44.8781988060182,26.3334096636209));
#8316=CARTESIAN_POINT('',(-3.03228322371506,44.9235226036855,26.2439591269438));
#8317=CARTESIAN_POINT('',(-3.03228322371507,44.9451556588156,26.1491393840009));
#8318=CARTESIAN_POINT('',(-3.03228322371507,44.9429697390836,26.0488853835596));
#8319=CARTESIAN_POINT('',(-3.03228322371507,44.9407838193516,25.9486313831182));
#8320=CARTESIAN_POINT('',(3.03228322371505,44.8328322642422,26.4228385165536));
#8321=CARTESIAN_POINT('',(3.03228322371505,44.8781988060179,26.3334096636207));
#8322=CARTESIAN_POINT('',(3.03228322371505,44.9235226036852,26.2439591269436));
#8323=CARTESIAN_POINT('',(3.03228322371505,44.9451556588153,26.1491393840008));
#8324=CARTESIAN_POINT('',(3.03228322371505,44.9429697390833,26.0488853835594));
#8325=CARTESIAN_POINT('',(3.03228322371504,44.9407838193512,25.9486313831181));
#8326=CARTESIAN_POINT('',(-5.00636512754603,38.2323755092436,23.4036347072603));
#8327=CARTESIAN_POINT('',(-4.00636512754583,41.6566125010787,16.809243562407));
#8328=CARTESIAN_POINT('',(5.58436245941884,41.3745464634371,20.5538605956637));
#8329=CARTESIAN_POINT('',(5.58436245941887,41.3188122241753,21.2937702403022));
#8330=CARTESIAN_POINT('',(5.58436245941889,41.2630779849134,22.0336798849408));
#8331=CARTESIAN_POINT('',(5.58436245941886,40.8642079718789,22.40363470726));
#8332=CARTESIAN_POINT('',(5.58436245941882,40.1222021850718,22.40363470726));
#8333=CARTESIAN_POINT('',(5.58436245941878,39.3801963982647,22.40363470726));
#8334=CARTESIAN_POINT('',(-5.59709271451074,41.3745464634378,20.553860595664));
#8335=CARTESIAN_POINT('',(-5.59709271451072,41.3188122241759,21.2937702403025));
#8336=CARTESIAN_POINT('',(-5.59709271451069,41.263077984914,22.0336798849411));
#8337=CARTESIAN_POINT('',(-5.59709271451072,40.8642079718795,22.4036347072604));
#8338=CARTESIAN_POINT('',(-5.59709271451076,40.1222021850724,22.4036347072604));
#8339=CARTESIAN_POINT('',(-5.5970927145108,39.3801963982653,22.4036347072604));
#8340=CARTESIAN_POINT('',(-3.99363487245395,37.9423755092436,13.1016790828365));
#8341=CARTESIAN_POINT('',(-3.72979881899229,38.869261800286,22.9036347072601));
#8342=CARTESIAN_POINT('',(-3.80231410685721,38.614507283869,22.9036347072601));
#8343=CARTESIAN_POINT('',(-3.87482939472213,38.3597527674521,22.9036347072601));
#8344=CARTESIAN_POINT('',(-3.77864994924138,38.2323755092436,22.9036347072601));
#8345=CARTESIAN_POINT('',(-3.51377577041494,38.2323755092436,22.9036347072601));
#8346=CARTESIAN_POINT('',(-3.2489015915885,38.2323755092436,22.9036347072601));
#8347=CARTESIAN_POINT('',(-3.72979881899229,38.869261800286,19.3000388646586));
#8348=CARTESIAN_POINT('',(-3.80231410685721,38.614507283869,19.3000388646586));
#8349=CARTESIAN_POINT('',(-3.87482939472213,38.3597527674521,19.3000388646586));
#8350=CARTESIAN_POINT('',(-3.77864994924138,38.2323755092436,19.3000388646586));
#8351=CARTESIAN_POINT('',(-3.51377577041494,38.2323755092436,19.3000388646586));
#8352=CARTESIAN_POINT('',(-3.24890159158851,38.2323755092436,19.3000388646586));
#8353=CARTESIAN_POINT('',(-1.84741111297626E-13,41.5558492060966,25.3597065131338));
#8354=CARTESIAN_POINT('',(3.99999999999976,42.0494902900727,28.971548466433));
#8355=CARTESIAN_POINT('',(3.99999999999973,42.6692918382684,26.9365078717028));
#8356=CARTESIAN_POINT('',(4.00636512754575,42.723174959905,26.0255738253833));
#8357=CARTESIAN_POINT('',(4.00636512754575,42.6937401195569,16.8341670802188));
#8358=CARTESIAN_POINT('',(4.00636512754576,42.6914370917927,16.4364834836784));
#8359=CARTESIAN_POINT('',(4.00636512754578,42.2774490291265,16.4364834836784));
#8360=CARTESIAN_POINT('',(-3.99363487245425,42.6937401195565,16.8341670802186));
#8361=CARTESIAN_POINT('',(-3.99363487245421,42.6914370917922,16.4364834836782));
#8362=CARTESIAN_POINT('',(-3.99363487245422,42.277449029126,16.4364834836782));
#8363=CARTESIAN_POINT('',(4.00636512754578,42.2774490291265,16.4364834836784));
#8364=CARTESIAN_POINT('',(0.00636512754581425,42.0556839065802,16.8364834836783));
#8365=CARTESIAN_POINT('',(4.00636512754583,41.235210865283,22.4036347072603));
#8366=CARTESIAN_POINT('',(4.00636512754603,37.9423755092436,19.8000388646588));
#8367=CARTESIAN_POINT('',(4.00636512754595,39.6255223873945,19.8000388646588));
#8368=CARTESIAN_POINT('',(4.00636512754592,40.0461325108075,16.4364834836784));
#8369=CARTESIAN_POINT('',(4.00636512754589,40.2271049753988,14.1833446207607));
#8370=CARTESIAN_POINT('',(4.00636512754578,42.4802438383164,14.1833446207607));
#8371=CARTESIAN_POINT('',(4.00636512754565,44.7333827012341,14.1833446207607));
#8372=CARTESIAN_POINT('',(4.00636512754564,44.7333827012341,16.4364834836784));
#8373=CARTESIAN_POINT('',(-3.99363487245408,40.0461325108071,16.4364834836782));
#8374=CARTESIAN_POINT('',(-3.9936348724541,40.2271049753983,14.1833446207605));
#8375=CARTESIAN_POINT('',(-3.99363487245422,42.480243838316,14.1833446207605));
#8376=CARTESIAN_POINT('',(-3.99363487245434,44.7333827012337,14.1833446207605));
#8377=CARTESIAN_POINT('',(-3.99363487245436,44.7333827012336,16.4364834836782));
#8378=CARTESIAN_POINT('',(3.55808146280879,41.5558492060964,25.0000000000001));
#8379=CARTESIAN_POINT('',(2.48671161162301,44.733382701234,16.4364834836782));
#8380=CARTESIAN_POINT('',(3.9999999999997,43.2565651037185,28.971548466433));
#8381=CARTESIAN_POINT('',(-3.09096849469292,42.454465139229,28.9715484664328));
#8382=CARTESIAN_POINT('',(3.09096849469277,42.4544651392293,28.971548466433));
#8383=CARTESIAN_POINT('',(-3.09096849469291,42.2924751995663,28.9715484664328));
#8384=CARTESIAN_POINT('',(3.09096849469278,42.2924751995667,28.971548466433));
#8385=CARTESIAN_POINT('',(-3.0909684946929,42.1304852599037,28.9715484664328));
#8386=CARTESIAN_POINT('',(3.09096849469278,42.130485259904,28.971548466433));
#8387=CARTESIAN_POINT('',(-3.09096849469289,42.0730882956883,28.8940673766823));
#8388=CARTESIAN_POINT('',(3.09096849469279,42.0730882956887,28.8940673766825));
#8389=CARTESIAN_POINT('',(-3.09096849469289,42.1202843069204,28.7391051971813));
#8390=CARTESIAN_POINT('',(3.09096849469279,42.1202843069207,28.7391051971815));
#8391=CARTESIAN_POINT('',(-3.09096849469289,42.1674803181524,28.5841430176803));
#8392=CARTESIAN_POINT('',(3.0909684946928,42.1674803181527,28.5841430176805));
#8393=CARTESIAN_POINT('',(3.99999999999962,44.9462432838598,26.1990217104459));
#8394=CARTESIAN_POINT('',(3.99999999999965,43.6447180177597,28.7704071658192));
#8395=CARTESIAN_POINT('',(3.99999999999968,43.5367308209832,28.8709778161261));
#8396=CARTESIAN_POINT('',(3.99999999999968,43.4287436242067,28.971548466433));
#8397=CARTESIAN_POINT('',(3.9999999999997,43.2565651037185,28.971548466433));
#8398=CARTESIAN_POINT('',(-4.00000000000038,44.9462432838593,26.1990217104457));
#8399=CARTESIAN_POINT('',(-4.00000000000033,43.6447180177593,28.770407165819));
#8400=CARTESIAN_POINT('',(-4.00000000000033,43.5367308209828,28.8709778161259));
#8401=CARTESIAN_POINT('',(-4.00000000000033,43.4287436242063,28.9715484664328));
#8402=CARTESIAN_POINT('',(-4.0000000000003,43.256565103718,28.9715484664328));
#8403=CARTESIAN_POINT('',(3.03228322371507,44.8328322642426,26.4228385165537));
#8404=CARTESIAN_POINT('',(-3.03228322371505,44.8328322642422,26.4228385165536));
#8405=CARTESIAN_POINT('',(3.03228322371507,44.8781988060182,26.3334096636209));
#8406=CARTESIAN_POINT('',(-3.03228322371505,44.8781988060179,26.3334096636207));
#8407=CARTESIAN_POINT('',(3.03228322371506,44.9235226036855,26.2439591269438));
#8408=CARTESIAN_POINT('',(-3.03228322371505,44.9235226036852,26.2439591269436));
#8409=CARTESIAN_POINT('',(3.03228322371507,44.9451556588156,26.1491393840009));
#8410=CARTESIAN_POINT('',(-3.03228322371505,44.9451556588153,26.1491393840008));
#8411=CARTESIAN_POINT('',(3.03228322371507,44.9429697390836,26.0488853835596));
#8412=CARTESIAN_POINT('',(-3.03228322371505,44.9429697390833,26.0488853835594));
#8413=CARTESIAN_POINT('',(3.03228322371507,44.9407838193516,25.9486313831182));
#8414=CARTESIAN_POINT('',(-3.03228322371504,44.9407838193512,25.9486313831181));
#8415=CARTESIAN_POINT('',(5.00636512754603,38.2323755092436,23.4036347072603));
#8416=CARTESIAN_POINT('',(4.00636512754583,41.6566125010787,16.809243562407));
#8417=CARTESIAN_POINT('',(-5.58436245941884,41.3745464634371,20.5538605956637));
#8418=CARTESIAN_POINT('',(5.59709271451074,41.3745464634378,20.553860595664));
#8419=CARTESIAN_POINT('',(-5.58436245941887,41.3188122241753,21.2937702403022));
#8420=CARTESIAN_POINT('',(5.59709271451072,41.3188122241759,21.2937702403025));
#8421=CARTESIAN_POINT('',(-5.58436245941889,41.2630779849134,22.0336798849408));
#8422=CARTESIAN_POINT('',(5.59709271451069,41.263077984914,22.0336798849411));
#8423=CARTESIAN_POINT('',(-5.58436245941886,40.8642079718789,22.40363470726));
#8424=CARTESIAN_POINT('',(5.59709271451072,40.8642079718795,22.4036347072604));
#8425=CARTESIAN_POINT('',(-5.58436245941882,40.1222021850718,22.40363470726));
#8426=CARTESIAN_POINT('',(5.59709271451076,40.1222021850724,22.4036347072604));
#8427=CARTESIAN_POINT('',(-5.58436245941878,39.3801963982647,22.40363470726));
#8428=CARTESIAN_POINT('',(5.5970927145108,39.3801963982653,22.4036347072604));
#8429=CARTESIAN_POINT('',(3.02435807204937,41.3475559867897,25.652968700232));
#8430=CARTESIAN_POINT('',(2.965067885674,41.5558492060964,25.));
#8431=CARTESIAN_POINT('',(2.48096301237463,43.2565651037181,28.9715484664328));
#8432=CARTESIAN_POINT('',(2.64812899827525,42.669291838268,26.9365078717026));
#8433=CARTESIAN_POINT('',(2.64116985117015,42.6937401195566,16.8341670802187));
#8434=CARTESIAN_POINT('',(2.75966615373916,42.2774490291261,16.4364834836782));
#8435=CARTESIAN_POINT('',(2.82279108642338,42.05568390658,16.4364834836782));
#8436=CARTESIAN_POINT('',(2.93638584523525,41.6566125010783,16.8092435624068));
#8437=CARTESIAN_POINT('',(3.51453098018676,39.6255223873941,19.8000388646586));
#8438=CARTESIAN_POINT('',(3.39480527480113,40.0461325108071,16.4364834836782));
#8439=CARTESIAN_POINT('',(2.06059027585151,44.7333827012338,16.4364834836782));
#8440=CARTESIAN_POINT('',(2.63372616812991,42.7198906311122,25.));
#8441=CARTESIAN_POINT('',(2.70927892464745,42.454465139229,28.9715484664328));
#8442=CARTESIAN_POINT('',(2.79096849469289,42.1674803181524,28.5841430176803));
#8443=CARTESIAN_POINT('',(2.03226012048229,44.8328907014532,26.422870630606));
#8444=CARTESIAN_POINT('',(2.00155402403015,44.9407838193514,25.9486313831181));
#8445=CARTESIAN_POINT('',(3.72979881899225,38.869261800286,22.4036347072601));
#8446=CARTESIAN_POINT('',(3.24890159158851,38.2323755092436,22.4036347072601));
#8447=CARTESIAN_POINT('',(3.24890159158851,38.2323755092436,19.8000388646586));
#8448=CARTESIAN_POINT('',(3.72979881899228,38.869261800286,19.8000388646586));
#8449=CARTESIAN_POINT('',(3.01667529487537,41.3745464634373,20.5538605956637));
#8450=CARTESIAN_POINT('',(3.58436245941881,39.3801963982648,22.4036347072601));
#8451=CARTESIAN_POINT('',(0.,41.5558492060965,25.0000000000001));
#8452=CARTESIAN_POINT('',(0.,41.3475559867899,25.6529687002321));
#8453=CARTESIAN_POINT('',(0.,42.6692918382682,26.9365078717027));
#8454=CARTESIAN_POINT('',(0.,42.1674803181526,28.5841430176804));
#8455=CARTESIAN_POINT('',(0.,42.6937401195567,16.8341670802187));
#8456=CARTESIAN_POINT('',(0.,42.7198906311124,25.0000000000001));
#8457=CARTESIAN_POINT('',(0.,42.2774490291263,16.4364834836783));
#8458=CARTESIAN_POINT('',(0.,42.0556839065802,16.4364834836783));
#8459=CARTESIAN_POINT('',(0.,41.6566125010785,16.8092435624069));
#8460=CARTESIAN_POINT('',(0.,38.2323755092436,22.4036347072602));
#8461=CARTESIAN_POINT('',(0.,39.380196398265,22.4036347072602));
#8462=CARTESIAN_POINT('',(0.,39.6255223873943,19.8000388646587));
#8463=CARTESIAN_POINT('',(0.,38.2323755092436,19.8000388646587));
#8464=CARTESIAN_POINT('',(0.,40.0461325108073,16.4364834836783));
#8465=CARTESIAN_POINT('',(0.,44.7333827012339,16.4364834836783));
#8466=CARTESIAN_POINT('',(0.,44.9407838193515,25.9486313831182));
#8467=CARTESIAN_POINT('',(0.,42.4544651392292,28.9715484664329));
#8468=CARTESIAN_POINT('',(0.,43.2565651037182,28.9715484664329));
#8469=CARTESIAN_POINT('',(0.,44.8328906554488,26.422870721356));
#8470=CARTESIAN_POINT('',(0.,41.3745464634374,20.5538605956638));
#8471=CARTESIAN_POINT('',(-3.02435807204937,41.3475559867897,25.652968700232));
#8472=CARTESIAN_POINT('',(-2.965067885674,41.5558492060964,25.));
#8473=CARTESIAN_POINT('',(-2.48096301237463,43.2565651037181,28.9715484664328));
#8474=CARTESIAN_POINT('',(-2.64812899827525,42.669291838268,26.9365078717026));
#8475=CARTESIAN_POINT('',(-2.64116985117015,42.6937401195566,16.8341670802187));
#8476=CARTESIAN_POINT('',(-2.75966615373916,42.2774490291261,16.4364834836782));
#8477=CARTESIAN_POINT('',(-2.82279108642338,42.05568390658,16.4364834836782));
#8478=CARTESIAN_POINT('',(-2.93638584523525,41.6566125010783,16.8092435624068));
#8479=CARTESIAN_POINT('',(-3.51453098018676,39.6255223873941,19.8000388646586));
#8480=CARTESIAN_POINT('',(-3.39480527480113,40.0461325108071,16.4364834836782));
#8481=CARTESIAN_POINT('',(-2.06059027585151,44.7333827012338,16.4364834836782));
#8482=CARTESIAN_POINT('',(-2.63372616812991,42.7198906311122,25.));
#8483=CARTESIAN_POINT('',(-2.70927892464745,42.454465139229,28.9715484664328));
#8484=CARTESIAN_POINT('',(-2.79096849469289,42.1674803181524,28.5841430176803));
#8485=CARTESIAN_POINT('',(-2.03226012048229,44.8328907014532,26.422870630606));
#8486=CARTESIAN_POINT('',(-2.00155402403015,44.9407838193514,25.9486313831181));
#8487=CARTESIAN_POINT('',(-3.72979881899225,38.869261800286,22.4036347072601));
#8488=CARTESIAN_POINT('',(-3.24890159158851,38.2323755092436,22.4036347072601));
#8489=CARTESIAN_POINT('',(-3.24890159158851,38.2323755092436,19.8000388646586));
#8490=CARTESIAN_POINT('',(-3.72979881899228,38.869261800286,19.8000388646586));
#8491=CARTESIAN_POINT('',(-3.01667529487537,41.3745464634373,20.5538605956637));
#8492=CARTESIAN_POINT('',(-3.58436245941881,39.3801963982648,22.4036347072601));
#8493=CARTESIAN_POINT('',(0.,41.5558492060965,25.0000000000001));
#8494=CARTESIAN_POINT('',(1.93109775161807E-30,41.2930288930031,25.0000000000001));
#8495=CARTESIAN_POINT('',(9.43257305812201E-17,41.2131561259608,25.2503894128344));
#8496=CARTESIAN_POINT('',(1.74203583831727E-30,41.1332833589185,25.5007788256688));
#8497=CARTESIAN_POINT('',(1.11022302462516E-16,41.3475559867899,25.6529687002321));
#8498=CARTESIAN_POINT('',(0.,42.6692918382682,26.9365078717027));
#8499=CARTESIAN_POINT('',(-8.53597225792752E-15,42.4183860782104,27.7603254446916));
#8500=CARTESIAN_POINT('',(0.,42.1674803181526,28.5841430176804));
#8501=CARTESIAN_POINT('',(1.11022302462516E-16,42.0556839065802,16.4364834836783));
#8502=CARTESIAN_POINT('',(1.46549439250521E-14,42.1665664678532,16.4364834836783));
#8503=CARTESIAN_POINT('',(-1.11022302462516E-16,42.2774490291263,16.4364834836783));
#8504=CARTESIAN_POINT('',(0.,41.5558492060965,25.0000000000001));
#8505=CARTESIAN_POINT('',(2.965067885674,41.5558492060964,25.));
#8506=CARTESIAN_POINT('',(1.11022302462516E-16,41.3475559867899,25.6529687002321));
#8507=CARTESIAN_POINT('',(3.02435807204937,41.3475559867897,25.652968700232));
#8508=CARTESIAN_POINT('',(-1.11022302462516E-16,43.2565651037183,28.9715484664329));
#8509=CARTESIAN_POINT('',(2.48096301237463,43.2565651037181,28.9715484664328));
#8510=CARTESIAN_POINT('',(0.,42.6692918382682,26.9365078717027));
#8511=CARTESIAN_POINT('',(2.64812899827525,42.669291838268,26.9365078717026));
#8512=CARTESIAN_POINT('',(3.02435807204937,41.3475559867897,25.652968700232));
#8513=CARTESIAN_POINT('',(3.04171528209811,41.2865781187772,25.609658389549));
#8514=CARTESIAN_POINT('',(3.05503184322272,41.2397955134877,25.5477838037518));
#8515=CARTESIAN_POINT('',(3.06905958168862,41.1905144606984,25.4024212062394));
#8516=CARTESIAN_POINT('',(3.06926551062712,41.1897910087383,25.3236356292701));
#8517=CARTESIAN_POINT('',(3.06261468368514,41.2131561259607,25.2503894128343));
#8518=CARTESIAN_POINT('',(3.0558574430856,41.2368950865569,25.1759712522387));
#8519=CARTESIAN_POINT('',(3.04249206501946,41.2838491913563,25.1122966528039));
#8520=CARTESIAN_POINT('',(3.00734013225774,41.4073419595091,25.023396574035));
#8521=CARTESIAN_POINT('',(2.9863845225595,41.4809614178617,25.));
#8522=CARTESIAN_POINT('',(2.965067885674,41.5558492060964,25.));
#8523=CARTESIAN_POINT('',(2.48096301237463,43.2565651037181,28.9715484664328));
#8524=CARTESIAN_POINT('',(2.70927892464745,42.454465139229,28.9715484664328));
#8525=CARTESIAN_POINT('',(2.64812899827525,42.669291838268,26.9365078717026));
#8526=CARTESIAN_POINT('',(2.77353868953328,42.2287132211086,26.5086614812124));
#8527=CARTESIAN_POINT('',(2.89894838079131,41.7881346039491,26.0808150907222));
#8528=CARTESIAN_POINT('',(3.02435807204937,41.3475559867897,25.652968700232));
#8529=CARTESIAN_POINT('',(-1.11022302462516E-16,41.6566125010785,16.8092435624069));
#8530=CARTESIAN_POINT('',(-5.77301793524591E-15,41.6820564568661,16.4364834836783));
#8531=CARTESIAN_POINT('',(1.11022302462516E-16,42.0556839065802,16.4364834836783));
#8532=CARTESIAN_POINT('',(-1.11022302462516E-16,40.0461325108073,16.4364834836783));
#8533=CARTESIAN_POINT('',(1.4210854715202E-14,39.8358274491008,18.1182611741685));
#8534=CARTESIAN_POINT('',(-1.11022302462516E-16,39.6255223873943,19.8000388646587));
#8535=CARTESIAN_POINT('',(-2.22044604925031E-16,42.7198906311124,25.0000000000001));
#8536=CARTESIAN_POINT('',(0.,41.5558492060965,25.0000000000001));
#8537=CARTESIAN_POINT('',(-1.11022302462516E-16,42.4544651392292,28.9715484664329));
#8538=CARTESIAN_POINT('',(-1.2944540928698E-14,42.8555151214737,28.9715484664329));
#8539=CARTESIAN_POINT('',(-1.11022302462516E-16,43.2565651037183,28.9715484664329));
#8540=CARTESIAN_POINT('',(0.,42.1674803181526,28.5841430176804));
#8541=CARTESIAN_POINT('',(-1.28785870856518E-14,42.1202843069205,28.7391051971814));
#8542=CARTESIAN_POINT('',(-1.06581410364015E-14,42.0730882956885,28.8940673766824));
#8543=CARTESIAN_POINT('',(-2.44249065417534E-15,42.1304852599038,28.9715484664329));
#8544=CARTESIAN_POINT('',(6.21724893790088E-15,42.2924751995665,28.9715484664329));
#8545=CARTESIAN_POINT('',(-1.11022302462516E-16,42.4544651392292,28.9715484664329));
#8546=CARTESIAN_POINT('',(-1.11022302462516E-16,43.2565651037183,28.9715484664329));
#8547=CARTESIAN_POINT('',(-9.60067615354237E-15,43.4287436242065,28.9715484664329));
#8548=CARTESIAN_POINT('',(-9.60067615354237E-15,43.536730820983,28.870977816126));
#8549=CARTESIAN_POINT('',(5.6172042772788E-15,43.6394321029962,28.7753300446518));
#8550=CARTESIAN_POINT('',(0.,44.8328906554487,26.422870721356));
#8551=CARTESIAN_POINT('',(-1.11022302462516E-16,38.2323755092436,22.4036347072602));
#8552=CARTESIAN_POINT('',(2.22044604925031E-16,38.2323755092436,19.8000388646587));
#8553=CARTESIAN_POINT('',(-3.33066907387547E-16,39.380196398265,22.4036347072602));
#8554=CARTESIAN_POINT('',(9.10382880192628E-15,40.1222021850721,22.4036347072602));
#8555=CARTESIAN_POINT('',(5.15143483426073E-14,40.8642079718792,22.4036347072602));
#8556=CARTESIAN_POINT('',(7.86037901434611E-14,41.2630779849137,22.0336798849409));
#8557=CARTESIAN_POINT('',(5.7065463465733E-14,41.3188122241756,21.2937702403024));
#8558=CARTESIAN_POINT('',(-1.11022302462516E-16,41.3745464634374,20.5538605956638));
#8559=CARTESIAN_POINT('',(0.,42.6937401195567,16.8341670802187));
#8560=CARTESIAN_POINT('',(2.64116985117015,42.6937401195566,16.8341670802187));
#8561=CARTESIAN_POINT('',(-1.11022302462516E-16,42.2774490291263,16.4364834836783));
#8562=CARTESIAN_POINT('',(2.75966615373916,42.2774490291261,16.4364834836782));
#8563=CARTESIAN_POINT('',(1.11022302462516E-16,42.0556839065802,16.4364834836783));
#8564=CARTESIAN_POINT('',(2.82279108642338,42.05568390658,16.4364834836782));
#8565=CARTESIAN_POINT('',(-1.11022302462516E-16,41.6566125010785,16.8092435624069));
#8566=CARTESIAN_POINT('',(2.93638584523525,41.6566125010783,16.8092435624068));
#8567=CARTESIAN_POINT('',(-1.11022302462516E-16,39.6255223873943,19.8000388646587));
#8568=CARTESIAN_POINT('',(3.51453098018676,39.6255223873941,19.8000388646586));
#8569=CARTESIAN_POINT('',(-1.11022302462516E-16,40.0461325108073,16.4364834836783));
#8570=CARTESIAN_POINT('',(3.39480527480113,40.0461325108071,16.4364834836782));
#8571=CARTESIAN_POINT('',(1.11022302462516E-16,44.7333827012339,16.4364834836783));
#8572=CARTESIAN_POINT('',(2.06059027585151,44.7333827012338,16.4364834836782));
#8573=CARTESIAN_POINT('',(2.64116985117015,42.6937401195566,16.8341670802187));
#8574=CARTESIAN_POINT('',(2.64126037983517,42.6934220819819,16.7792487989518));
#8575=CARTESIAN_POINT('',(2.64469884131226,42.6813423727687,16.7253892409868));
#8576=CARTESIAN_POINT('',(2.65756895898507,42.6361281744872,16.6263175338141));
#8577=CARTESIAN_POINT('',(2.66679928097874,42.603700995521,16.5825138317074));
#8578=CARTESIAN_POINT('',(2.7005293990933,42.4852032251616,16.474392605085));
#8579=CARTESIAN_POINT('',(2.72991953669346,42.381952303727,16.4364834836782));
#8580=CARTESIAN_POINT('',(2.75966615373916,42.2774490291261,16.4364834836782));
#8581=CARTESIAN_POINT('',(2.75966615373916,42.2774490291261,16.4364834836782));
#8582=CARTESIAN_POINT('',(2.82279108642338,42.05568390658,16.4364834836782));
#8583=CARTESIAN_POINT('',(2.82279108642338,42.05568390658,16.4364834836782));
#8584=CARTESIAN_POINT('',(2.85095346918622,41.9567462285657,16.4364834836782));
#8585=CARTESIAN_POINT('',(2.87844352595694,41.8601705088095,16.4732212388727));
#8586=CARTESIAN_POINT('',(2.91019826464979,41.7486124727342,16.5752667549501));
#8587=CARTESIAN_POINT('',(2.91892133353328,41.7179673320951,16.616145761246));
#8588=CARTESIAN_POINT('',(2.93158830147517,41.673466822099,16.7079723447302));
#8589=CARTESIAN_POINT('',(2.93538877025777,41.6601153397375,16.7579261326302));
#8590=CARTESIAN_POINT('',(2.93638584523525,41.6566125010783,16.8092435624068));
#8591=CARTESIAN_POINT('',(2.93638584523525,41.6566125010783,16.8092435624068));
#8592=CARTESIAN_POINT('',(2.96314899511527,41.5625904885313,18.0574492401591));
#8593=CARTESIAN_POINT('',(2.98991214499532,41.4685684759843,19.3056549179114));
#8594=CARTESIAN_POINT('',(3.01667529487537,41.3745464634373,20.5538605956637));
#8595=CARTESIAN_POINT('',(3.51453098018676,39.6255223873941,19.8000388646586));
#8596=CARTESIAN_POINT('',(3.47462241172487,39.7657257618651,18.6788537376652));
#8597=CARTESIAN_POINT('',(3.43471384326303,39.905929136336,17.5576686106717));
#8598=CARTESIAN_POINT('',(3.39480527480113,40.0461325108071,16.4364834836782));
#8599=CARTESIAN_POINT('',(3.39480527480113,40.0461325108071,16.4364834836782));
#8600=CARTESIAN_POINT('',(3.38771995704444,40.0710240440536,16.126579537561));
#8601=CARTESIAN_POINT('',(3.36266606613084,40.1590412339729,15.8258384490995));
#8602=CARTESIAN_POINT('',(3.28336606778326,40.4376312158334,15.2769866457546));
#8603=CARTESIAN_POINT('',(3.22966378540936,40.6262934880178,15.0320435835728));
#8604=CARTESIAN_POINT('',(3.03815348371411,41.2990911246778,14.4202332245446));
#8605=CARTESIAN_POINT('',(2.87208893793526,41.8824949047561,14.1833446207605));
#8606=CARTESIAN_POINT('',(2.70194107717229,42.4802438383161,14.1833446207605));
#8607=CARTESIAN_POINT('',(2.53618924074742,43.0625490345983,14.1833446207605));
#8608=CARTESIAN_POINT('',(2.37475657261335,43.6296804977026,14.4093015011464));
#8609=CARTESIAN_POINT('',(2.19330971936175,44.2671240867235,15.0323727550196));
#8610=CARTESIAN_POINT('',(2.14475424110255,44.4377050462378,15.2809025355212));
#8611=CARTESIAN_POINT('',(2.0779771457761,44.6723006346784,15.834782631723));
#8612=CARTESIAN_POINT('',(2.06059027585151,44.7333827012338,16.1335326646151));
#8613=CARTESIAN_POINT('',(2.06059027585151,44.7333827012338,16.4364834836782));
#8614=CARTESIAN_POINT('',(1.11022302462516E-16,41.3475559867899,25.6529687002321));
#8615=CARTESIAN_POINT('',(-1.3988810110277E-14,42.008423912529,26.2947382859674));
#8616=CARTESIAN_POINT('',(0.,42.6692918382682,26.9365078717027));
#8617=CARTESIAN_POINT('',(0.,42.6937401195567,16.8341670802187));
#8618=CARTESIAN_POINT('',(0.,42.7068153753345,20.9170835401094));
#8619=CARTESIAN_POINT('',(-2.22044604925031E-16,42.7198906311124,25.0000000000001));
#8620=CARTESIAN_POINT('',(-1.11022302462516E-16,42.2774490291263,16.4364834836783));
#8621=CARTESIAN_POINT('',(-1.09589612980826E-14,42.6914370917925,16.4364834836783));
#8622=CARTESIAN_POINT('',(0.,42.6937401195567,16.8341670802187));
#8623=CARTESIAN_POINT('',(2.63372616812991,42.7198906311122,25.));
#8624=CARTESIAN_POINT('',(2.63620739580998,42.711173793927,22.2780556934062));
#8625=CARTESIAN_POINT('',(2.63868862349008,42.7024569567418,19.5561113868124));
#8626=CARTESIAN_POINT('',(2.64116985117015,42.6937401195566,16.8341670802187));
#8627=CARTESIAN_POINT('',(2.63372616812991,42.7198906311122,25.));
#8628=CARTESIAN_POINT('',(-2.22044604925031E-16,42.7198906311124,25.0000000000001));
#8629=CARTESIAN_POINT('',(-1.11022302462516E-16,38.2323755092436,22.4036347072602));
#8630=CARTESIAN_POINT('',(-2.1815451129819E-15,38.8062859537543,22.4036347072602));
#8631=CARTESIAN_POINT('',(-3.33066907387547E-16,39.380196398265,22.4036347072602));
#8632=CARTESIAN_POINT('',(-1.11022302462516E-16,39.6255223873943,19.8000388646587));
#8633=CARTESIAN_POINT('',(1.91078104365459E-14,38.9289489483189,19.8000388646587));
#8634=CARTESIAN_POINT('',(2.22044604925031E-16,38.2323755092436,19.8000388646587));
#8635=CARTESIAN_POINT('',(2.965067885674,41.5558492060964,25.));
#8636=CARTESIAN_POINT('',(2.63372616812991,42.7198906311122,25.));
#8637=CARTESIAN_POINT('',(1.11022302462516E-16,44.7333827012339,16.4364834836783));
#8638=CARTESIAN_POINT('',(1.23095248760808E-13,44.7333827012339,14.1833446207606));
#8639=CARTESIAN_POINT('',(0.,42.4802438383162,14.1833446207606));
#8640=CARTESIAN_POINT('',(-1.1807095289302E-13,40.2271049753985,14.1833446207606));
#8641=CARTESIAN_POINT('',(-1.11022302462516E-16,40.0461325108073,16.4364834836783));
#8642=CARTESIAN_POINT('',(2.06059027585151,44.7333827012338,16.4364834836782));
#8643=CARTESIAN_POINT('',(2.00155402403015,44.9407838193514,25.9486313831181));
#8644=CARTESIAN_POINT('',(-1.11022302462516E-16,44.9407838193515,25.9486313831182));
#8645=CARTESIAN_POINT('',(1.11022302462516E-16,44.7333827012339,16.4364834836783));
#8646=CARTESIAN_POINT('',(2.79096849469289,42.1674803181524,28.5841430176803));
#8647=CARTESIAN_POINT('',(2.74335532922034,42.3347508248576,28.0349313023544));
#8648=CARTESIAN_POINT('',(2.69574216374781,42.5020213315628,27.4857195870285));
#8649=CARTESIAN_POINT('',(2.64812899827525,42.669291838268,26.9365078717026));
#8650=CARTESIAN_POINT('',(2.70927892464745,42.454465139229,28.9715484664328));
#8651=CARTESIAN_POINT('',(-1.11022302462516E-16,42.4544651392292,28.9715484664329));
#8652=CARTESIAN_POINT('',(2.79096849469289,42.1674803181524,28.5841430176803));
#8653=CARTESIAN_POINT('',(0.,42.1674803181526,28.5841430176804));
#8654=CARTESIAN_POINT('',(0.,44.8328906554488,26.422870721356));
#8655=CARTESIAN_POINT('',(3.5527136788005E-15,44.878198806018,26.3334096636208));
#8656=CARTESIAN_POINT('',(4.66293670342566E-15,44.9235226036853,26.2439591269437));
#8657=CARTESIAN_POINT('',(1.77635683940025E-15,44.9451556588155,26.1491393840008));
#8658=CARTESIAN_POINT('',(-8.88178419700125E-16,44.9429697390834,26.0488853835595));
#8659=CARTESIAN_POINT('',(-1.11022302462516E-16,44.9407838193515,25.9486313831182));
#8660=CARTESIAN_POINT('',(2.70927892464745,42.454465139229,28.9715484664328));
#8661=CARTESIAN_POINT('',(2.71377993538409,42.4386525727019,28.9715484664328));
#8662=CARTESIAN_POINT('',(2.72267014565406,42.4074202452182,28.9715470487589));
#8663=CARTESIAN_POINT('',(2.73574223687007,42.3614964907335,28.9706751060421));
#8664=CARTESIAN_POINT('',(2.74820379557262,42.3177176069348,28.9681759146083));
#8665=CARTESIAN_POINT('',(2.75980722890258,42.2769534159099,28.9633898187679));
#8666=CARTESIAN_POINT('',(2.7703513989263,42.2399105382699,28.9557481276695));
#8667=CARTESIAN_POINT('',(2.77968013633094,42.2071376147075,28.9447502782185));
#8668=CARTESIAN_POINT('',(2.78767126769759,42.1790638544443,28.9299333533762));
#8669=CARTESIAN_POINT('',(2.79420749730583,42.1561013307881,28.9108888901859));
#8670=CARTESIAN_POINT('',(2.79916048034453,42.1387009337685,28.8874555053883));
#8671=CARTESIAN_POINT('',(2.80246314068627,42.1270983095078,28.8598958336107));
#8672=CARTESIAN_POINT('',(2.80418093571857,42.1210634987025,28.8286449614403));
#8673=CARTESIAN_POINT('',(2.80446040201509,42.1200817015764,28.7940286987322));
#8674=CARTESIAN_POINT('',(2.80346859358689,42.1235660382445,28.756332278215));
#8675=CARTESIAN_POINT('',(2.80139022909621,42.1308675708778,28.7159280393781));
#8676=CARTESIAN_POINT('',(2.79843971317412,42.141233071437,28.6733185222596));
#8677=CARTESIAN_POINT('',(2.79486889047141,42.1537777808028,28.6291383501032));
#8678=CARTESIAN_POINT('',(2.7922797769654,42.162873633258,28.5992684893648));
#8679=CARTESIAN_POINT('',(2.79096849469289,42.1674803181524,28.5841430176803));
#8680=CARTESIAN_POINT('',(-1.11022302462516E-16,41.3745464634374,20.5538605956638));
#8681=CARTESIAN_POINT('',(1.11022302462516E-15,41.515579482258,18.6815520790354));
#8682=CARTESIAN_POINT('',(-1.11022302462516E-16,41.6566125010785,16.8092435624069));
#8683=CARTESIAN_POINT('',(2.03226012048229,44.8328907014532,26.422870630606));
#8684=CARTESIAN_POINT('',(2.1235001390976,44.5123585444434,27.0551858316751));
#8685=CARTESIAN_POINT('',(2.37377513043552,43.6331260747115,28.781195895587));
#8686=CARTESIAN_POINT('',(2.40121493667906,43.5367277077512,28.8709761052557));
#8687=CARTESIAN_POINT('',(2.4230906194495,43.4598765785376,28.9425510780652));
#8688=CARTESIAN_POINT('',(2.4523219704142,43.3571840100029,28.9715480666304));
#8689=CARTESIAN_POINT('',(2.48096301237463,43.2565651037181,28.9715484664328));
#8690=CARTESIAN_POINT('',(-1.11022302462516E-16,44.9407838193515,25.9486313831182));
#8691=CARTESIAN_POINT('',(2.00155402403015,44.9407838193514,25.9486313831181));
#8692=CARTESIAN_POINT('',(3.01667529487537,41.3745464634373,20.5538605956637));
#8693=CARTESIAN_POINT('',(-1.11022302462516E-16,41.3745464634374,20.5538605956638));
#8694=CARTESIAN_POINT('',(0.,44.8328906554488,26.422870721356));
#8695=CARTESIAN_POINT('',(2.03226012048229,44.8328907014532,26.422870630606));
#8696=CARTESIAN_POINT('',(2.00155402403015,44.9407838193514,25.9486313831181));
#8697=CARTESIAN_POINT('',(2.00149288115423,44.940998213343,25.9584564115322));
#8698=CARTESIAN_POINT('',(2.00137098844078,44.9414256214428,25.9780844395025));
#8699=CARTESIAN_POINT('',(2.00126652964158,44.9417913737418,26.0074821343337));
#8700=CARTESIAN_POINT('',(2.00130855870155,44.941642496602,26.0367724712315));
#8701=CARTESIAN_POINT('',(2.00155554871952,44.9407735671231,26.0659097779093));
#8702=CARTESIAN_POINT('',(2.00205634848291,44.939012973784,26.0948550514396));
#8703=CARTESIAN_POINT('',(2.002850121001,44.9362231323781,26.1235759795578));
#8704=CARTESIAN_POINT('',(2.00396625490273,44.9323007973008,26.1520470445263));
#8705=CARTESIAN_POINT('',(2.00542427916609,44.9271773610394,26.1802497329872));
#8706=CARTESIAN_POINT('',(2.00723380028018,44.9208190751785,26.2081728773853));
#8707=CARTESIAN_POINT('',(2.00939449573203,44.9132270722916,26.2358130572315));
#8708=CARTESIAN_POINT('',(2.01189612999323,44.904437313404,26.2631750574495));
#8709=CARTESIAN_POINT('',(2.0147187462236,44.8945199008192,26.2902719723566));
#8710=CARTESIAN_POINT('',(2.01783240709286,44.8835800400914,26.317126102748));
#8711=CARTESIAN_POINT('',(2.0211987378997,44.8717524250931,26.3437661317198));
#8712=CARTESIAN_POINT('',(2.02476567563868,44.8592204148127,26.3702376552155));
#8713=CARTESIAN_POINT('',(2.02848762693234,44.8461424717288,26.3965626406314));
#8714=CARTESIAN_POINT('',(2.03099489605864,44.8373359911407,26.4141073529753));
#8715=CARTESIAN_POINT('',(2.03226012048229,44.8328907014532,26.422870630606));
#8716=CARTESIAN_POINT('',(-1.11022302462516E-16,38.2323755092436,22.4036347072602));
#8717=CARTESIAN_POINT('',(3.24890159158851,38.2323755092436,22.4036347072601));
#8718=CARTESIAN_POINT('',(3.24890159158851,38.2323755092436,19.8000388646586));
#8719=CARTESIAN_POINT('',(2.22044604925031E-16,38.2323755092436,19.8000388646587));
#8720=CARTESIAN_POINT('',(3.24890159158851,38.2323755092436,22.4036347072601));
#8721=CARTESIAN_POINT('',(3.51377577041494,38.2323755092436,22.4036347072601));
#8722=CARTESIAN_POINT('',(3.77864994924137,38.2323755092436,22.4036347072601));
#8723=CARTESIAN_POINT('',(3.87482939472211,38.3597527674521,22.4036347072601));
#8724=CARTESIAN_POINT('',(3.80231410685718,38.614507283869,22.4036347072601));
#8725=CARTESIAN_POINT('',(3.72979881899225,38.869261800286,22.4036347072601));
#8726=CARTESIAN_POINT('',(3.72979881899228,38.869261800286,19.8000388646586));
#8727=CARTESIAN_POINT('',(3.51453098018676,39.6255223873941,19.8000388646586));
#8728=CARTESIAN_POINT('',(3.72979881899228,38.869261800286,19.8000388646586));
#8729=CARTESIAN_POINT('',(3.8023141068572,38.614507283869,19.8000388646586));
#8730=CARTESIAN_POINT('',(3.87482939472212,38.3597527674521,19.8000388646586));
#8731=CARTESIAN_POINT('',(3.77864994924137,38.2323755092436,19.8000388646586));
#8732=CARTESIAN_POINT('',(3.51377577041494,38.2323755092436,19.8000388646586));
#8733=CARTESIAN_POINT('',(3.24890159158851,38.2323755092436,19.8000388646586));
#8734=CARTESIAN_POINT('',(3.72979881899225,38.869261800286,22.4036347072601));
#8735=CARTESIAN_POINT('',(3.72979881899228,38.869261800286,19.8000388646586));
#8736=CARTESIAN_POINT('',(3.24890159158851,38.2323755092436,22.4036347072601));
#8737=CARTESIAN_POINT('',(3.24890159158851,38.2323755092436,19.8000388646586));
#8738=CARTESIAN_POINT('',(3.58436245941881,39.3801963982648,22.4036347072601));
#8739=CARTESIAN_POINT('',(3.72979881899225,38.869261800286,22.4036347072601));
#8740=CARTESIAN_POINT('',(3.58436245941881,39.3801963982648,22.4036347072601));
#8741=CARTESIAN_POINT('',(-3.33066907387547E-16,39.380196398265,22.4036347072602));
#8742=CARTESIAN_POINT('',(3.01667529487537,41.3745464634373,20.5538605956637));
#8743=CARTESIAN_POINT('',(3.01822585992903,41.3690991507112,20.6261773488253));
#8744=CARTESIAN_POINT('',(3.02130235095303,41.3582910851824,20.7695429613358));
#8745=CARTESIAN_POINT('',(3.02704449443298,41.338118277096,20.9812941230075));
#8746=CARTESIAN_POINT('',(3.03486977692265,41.3106271629437,21.1855275101086));
#8747=CARTESIAN_POINT('',(3.04562695461673,41.2728359649473,21.3791681547209));
#8748=CARTESIAN_POINT('',(3.06004871982516,41.2221706510566,21.5596550844287));
#8749=CARTESIAN_POINT('',(3.07875731346656,41.1564452176165,21.7248828984599));
#8750=CARTESIAN_POINT('',(3.10225387052572,41.073899119996,21.873099528589));
#8751=CARTESIAN_POINT('',(3.13087442656555,40.9733518267536,22.0028354605577));
#8752=CARTESIAN_POINT('',(3.16472828259605,40.8544193509154,22.1130275776993));
#8753=CARTESIAN_POINT('',(3.20369103191138,40.7175387474957,22.2033357664873));
#8754=CARTESIAN_POINT('',(3.24748009749723,40.5637027419287,22.274325187384));
#8755=CARTESIAN_POINT('',(3.2957287492706,40.3941996990229,22.3273317699975));
#8756=CARTESIAN_POINT('',(3.34799516056957,40.2105818064743,22.3642358332925));
#8757=CARTESIAN_POINT('',(3.40373441569622,40.0147634155759,22.3873510181117));
#8758=CARTESIAN_POINT('',(3.462273467388,39.8091090184917,22.3994165991388));
#8759=CARTESIAN_POINT('',(3.52279946153913,39.5964742648471,22.4036258104152));
#8760=CARTESIAN_POINT('',(3.5637197843426,39.4527164814283,22.4036347072601));
#8761=CARTESIAN_POINT('',(3.58436245941881,39.3801963982648,22.4036347072601));
#8762=CARTESIAN_POINT('',(0.,41.5558492060965,25.0000000000001));
#8763=CARTESIAN_POINT('',(-2.965067885674,41.5558492060964,25.));
#8764=CARTESIAN_POINT('',(-1.11022302462516E-16,41.3475559867899,25.6529687002321));
#8765=CARTESIAN_POINT('',(-3.02435807204937,41.3475559867897,25.652968700232));
#8766=CARTESIAN_POINT('',(1.11022302462516E-16,43.2565651037183,28.9715484664329));
#8767=CARTESIAN_POINT('',(-2.48096301237463,43.2565651037181,28.9715484664328));
#8768=CARTESIAN_POINT('',(0.,42.6692918382682,26.9365078717027));
#8769=CARTESIAN_POINT('',(-2.64812899827525,42.669291838268,26.9365078717026));
#8770=CARTESIAN_POINT('',(-3.02435807204937,41.3475559867897,25.652968700232));
#8771=CARTESIAN_POINT('',(-3.04171528209811,41.2865781187772,25.609658389549));
#8772=CARTESIAN_POINT('',(-3.05503184322272,41.2397955134877,25.5477838037518));
#8773=CARTESIAN_POINT('',(-3.06905958168862,41.1905144606984,25.4024212062394));
#8774=CARTESIAN_POINT('',(-3.06926551062712,41.1897910087383,25.3236356292701));
#8775=CARTESIAN_POINT('',(-3.06261468368514,41.2131561259607,25.2503894128343));
#8776=CARTESIAN_POINT('',(-3.0558574430856,41.2368950865569,25.1759712522387));
#8777=CARTESIAN_POINT('',(-3.04249206501946,41.2838491913563,25.1122966528039));
#8778=CARTESIAN_POINT('',(-3.00734013225774,41.4073419595091,25.023396574035));
#8779=CARTESIAN_POINT('',(-2.9863845225595,41.4809614178617,25.));
#8780=CARTESIAN_POINT('',(-2.965067885674,41.5558492060964,25.));
#8781=CARTESIAN_POINT('',(-2.48096301237463,43.2565651037181,28.9715484664328));
#8782=CARTESIAN_POINT('',(-2.70927892464745,42.454465139229,28.9715484664328));
#8783=CARTESIAN_POINT('',(-2.64812899827525,42.669291838268,26.9365078717026));
#8784=CARTESIAN_POINT('',(-2.77353868953328,42.2287132211086,26.5086614812124));
#8785=CARTESIAN_POINT('',(-2.89894838079131,41.7881346039491,26.0808150907222));
#8786=CARTESIAN_POINT('',(-3.02435807204937,41.3475559867897,25.652968700232));
#8787=CARTESIAN_POINT('',(0.,42.6937401195567,16.8341670802187));
#8788=CARTESIAN_POINT('',(-2.64116985117015,42.6937401195566,16.8341670802187));
#8789=CARTESIAN_POINT('',(1.11022302462516E-16,42.2774490291263,16.4364834836783));
#8790=CARTESIAN_POINT('',(-2.75966615373916,42.2774490291261,16.4364834836782));
#8791=CARTESIAN_POINT('',(-1.11022302462516E-16,42.0556839065802,16.4364834836783));
#8792=CARTESIAN_POINT('',(-2.82279108642338,42.05568390658,16.4364834836782));
#8793=CARTESIAN_POINT('',(1.11022302462516E-16,41.6566125010785,16.8092435624069));
#8794=CARTESIAN_POINT('',(-2.93638584523525,41.6566125010783,16.8092435624068));
#8795=CARTESIAN_POINT('',(1.11022302462516E-16,39.6255223873943,19.8000388646587));
#8796=CARTESIAN_POINT('',(-3.51453098018676,39.6255223873941,19.8000388646586));
#8797=CARTESIAN_POINT('',(1.11022302462516E-16,40.0461325108073,16.4364834836783));
#8798=CARTESIAN_POINT('',(-3.39480527480113,40.0461325108071,16.4364834836782));
#8799=CARTESIAN_POINT('',(-1.11022302462516E-16,44.7333827012339,16.4364834836783));
#8800=CARTESIAN_POINT('',(-2.06059027585151,44.7333827012338,16.4364834836782));
#8801=CARTESIAN_POINT('',(-2.64116985117015,42.6937401195566,16.8341670802187));
#8802=CARTESIAN_POINT('',(-2.64126037983517,42.6934220819819,16.7792487989518));
#8803=CARTESIAN_POINT('',(-2.64469884131226,42.6813423727687,16.7253892409868));
#8804=CARTESIAN_POINT('',(-2.65756895898507,42.6361281744872,16.6263175338141));
#8805=CARTESIAN_POINT('',(-2.66679928097874,42.603700995521,16.5825138317074));
#8806=CARTESIAN_POINT('',(-2.7005293990933,42.4852032251616,16.474392605085));
#8807=CARTESIAN_POINT('',(-2.72991953669346,42.381952303727,16.4364834836782));
#8808=CARTESIAN_POINT('',(-2.75966615373916,42.2774490291261,16.4364834836782));
#8809=CARTESIAN_POINT('',(-2.75966615373916,42.2774490291261,16.4364834836782));
#8810=CARTESIAN_POINT('',(-2.82279108642338,42.05568390658,16.4364834836782));
#8811=CARTESIAN_POINT('',(-2.82279108642338,42.05568390658,16.4364834836782));
#8812=CARTESIAN_POINT('',(-2.85095346918622,41.9567462285657,16.4364834836782));
#8813=CARTESIAN_POINT('',(-2.87844352595694,41.8601705088095,16.4732212388727));
#8814=CARTESIAN_POINT('',(-2.91019826464979,41.7486124727342,16.5752667549501));
#8815=CARTESIAN_POINT('',(-2.91892133353328,41.7179673320951,16.616145761246));
#8816=CARTESIAN_POINT('',(-2.93158830147517,41.673466822099,16.7079723447302));
#8817=CARTESIAN_POINT('',(-2.93538877025777,41.6601153397375,16.7579261326302));
#8818=CARTESIAN_POINT('',(-2.93638584523525,41.6566125010783,16.8092435624068));
#8819=CARTESIAN_POINT('',(-2.93638584523525,41.6566125010783,16.8092435624068));
#8820=CARTESIAN_POINT('',(-2.96314899511527,41.5625904885313,18.0574492401591));
#8821=CARTESIAN_POINT('',(-2.98991214499532,41.4685684759843,19.3056549179114));
#8822=CARTESIAN_POINT('',(-3.01667529487537,41.3745464634373,20.5538605956637));
#8823=CARTESIAN_POINT('',(-3.51453098018676,39.6255223873941,19.8000388646586));
#8824=CARTESIAN_POINT('',(-3.47462241172487,39.7657257618651,18.6788537376652));
#8825=CARTESIAN_POINT('',(-3.43471384326303,39.905929136336,17.5576686106717));
#8826=CARTESIAN_POINT('',(-3.39480527480113,40.0461325108071,16.4364834836782));
#8827=CARTESIAN_POINT('',(-3.39480527480113,40.0461325108071,16.4364834836782));
#8828=CARTESIAN_POINT('',(-3.38771995704444,40.0710240440536,16.126579537561));
#8829=CARTESIAN_POINT('',(-3.36266606613084,40.1590412339729,15.8258384490995));
#8830=CARTESIAN_POINT('',(-3.28336606778326,40.4376312158334,15.2769866457546));
#8831=CARTESIAN_POINT('',(-3.22966378540936,40.6262934880178,15.0320435835728));
#8832=CARTESIAN_POINT('',(-3.03815348371411,41.2990911246778,14.4202332245446));
#8833=CARTESIAN_POINT('',(-2.87208893793526,41.8824949047561,14.1833446207605));
#8834=CARTESIAN_POINT('',(-2.70194107717229,42.4802438383161,14.1833446207605));
#8835=CARTESIAN_POINT('',(-2.53618924074742,43.0625490345983,14.1833446207605));
#8836=CARTESIAN_POINT('',(-2.37475657261335,43.6296804977026,14.4093015011464));
#8837=CARTESIAN_POINT('',(-2.19330971936175,44.2671240867235,15.0323727550196));
#8838=CARTESIAN_POINT('',(-2.14475424110255,44.4377050462378,15.2809025355212));
#8839=CARTESIAN_POINT('',(-2.0779771457761,44.6723006346784,15.834782631723));
#8840=CARTESIAN_POINT('',(-2.06059027585151,44.7333827012338,16.1335326646151));
#8841=CARTESIAN_POINT('',(-2.06059027585151,44.7333827012338,16.4364834836782));
#8842=CARTESIAN_POINT('',(-2.63372616812991,42.7198906311122,25.));
#8843=CARTESIAN_POINT('',(-2.63620739580998,42.711173793927,22.2780556934062));
#8844=CARTESIAN_POINT('',(-2.63868862349008,42.7024569567418,19.5561113868124));
#8845=CARTESIAN_POINT('',(-2.64116985117015,42.6937401195566,16.8341670802187));
#8846=CARTESIAN_POINT('',(-2.63372616812991,42.7198906311122,25.));
#8847=CARTESIAN_POINT('',(2.22044604925031E-16,42.7198906311124,25.0000000000001));
#8848=CARTESIAN_POINT('',(-2.965067885674,41.5558492060964,25.));
#8849=CARTESIAN_POINT('',(-2.63372616812991,42.7198906311122,25.));
#8850=CARTESIAN_POINT('',(-2.06059027585151,44.7333827012338,16.4364834836782));
#8851=CARTESIAN_POINT('',(-2.00155402403015,44.9407838193514,25.9486313831181));
#8852=CARTESIAN_POINT('',(-2.79096849469289,42.1674803181524,28.5841430176803));
#8853=CARTESIAN_POINT('',(-2.74335532922034,42.3347508248576,28.0349313023544));
#8854=CARTESIAN_POINT('',(-2.69574216374781,42.5020213315628,27.4857195870285));
#8855=CARTESIAN_POINT('',(-2.64812899827525,42.669291838268,26.9365078717026));
#8856=CARTESIAN_POINT('',(-2.70927892464745,42.454465139229,28.9715484664328));
#8857=CARTESIAN_POINT('',(1.11022302462516E-16,42.4544651392292,28.9715484664329));
#8858=CARTESIAN_POINT('',(-2.79096849469289,42.1674803181524,28.5841430176803));
#8859=CARTESIAN_POINT('',(0.,42.1674803181526,28.5841430176804));
#8860=CARTESIAN_POINT('',(-2.70927892464745,42.454465139229,28.9715484664328));
#8861=CARTESIAN_POINT('',(-2.71377993538409,42.4386525727019,28.9715484664328));
#8862=CARTESIAN_POINT('',(-2.72267014565406,42.4074202452182,28.9715470487589));
#8863=CARTESIAN_POINT('',(-2.73574223687007,42.3614964907335,28.9706751060421));
#8864=CARTESIAN_POINT('',(-2.74820379557262,42.3177176069348,28.9681759146083));
#8865=CARTESIAN_POINT('',(-2.75980722890258,42.2769534159099,28.9633898187679));
#8866=CARTESIAN_POINT('',(-2.7703513989263,42.2399105382699,28.9557481276695));
#8867=CARTESIAN_POINT('',(-2.77968013633094,42.2071376147075,28.9447502782185));
#8868=CARTESIAN_POINT('',(-2.78767126769759,42.1790638544443,28.9299333533762));
#8869=CARTESIAN_POINT('',(-2.79420749730583,42.1561013307881,28.9108888901859));
#8870=CARTESIAN_POINT('',(-2.79916048034453,42.1387009337685,28.8874555053883));
#8871=CARTESIAN_POINT('',(-2.80246314068627,42.1270983095078,28.8598958336107));
#8872=CARTESIAN_POINT('',(-2.80418093571857,42.1210634987025,28.8286449614403));
#8873=CARTESIAN_POINT('',(-2.80446040201509,42.1200817015764,28.7940286987322));
#8874=CARTESIAN_POINT('',(-2.80346859358689,42.1235660382445,28.756332278215));
#8875=CARTESIAN_POINT('',(-2.80139022909621,42.1308675708778,28.7159280393781));
#8876=CARTESIAN_POINT('',(-2.79843971317412,42.141233071437,28.6733185222596));
#8877=CARTESIAN_POINT('',(-2.79486889047141,42.1537777808028,28.6291383501032));
#8878=CARTESIAN_POINT('',(-2.7922797769654,42.162873633258,28.5992684893648));
#8879=CARTESIAN_POINT('',(-2.79096849469289,42.1674803181524,28.5841430176803));
#8880=CARTESIAN_POINT('',(-2.03226012048229,44.8328907014532,26.422870630606));
#8881=CARTESIAN_POINT('',(-2.1235001390976,44.5123585444434,27.0551858316751));
#8882=CARTESIAN_POINT('',(-2.37377513043552,43.6331260747115,28.781195895587));
#8883=CARTESIAN_POINT('',(-2.40121493667906,43.5367277077512,28.8709761052557));
#8884=CARTESIAN_POINT('',(-2.4230906194495,43.4598765785376,28.9425510780652));
#8885=CARTESIAN_POINT('',(-2.4523219704142,43.3571840100029,28.9715480666304));
#8886=CARTESIAN_POINT('',(-2.48096301237463,43.2565651037181,28.9715484664328));
#8887=CARTESIAN_POINT('',(1.11022302462516E-16,44.9407838193515,25.9486313831182));
#8888=CARTESIAN_POINT('',(-2.00155402403015,44.9407838193514,25.9486313831181));
#8889=CARTESIAN_POINT('',(-3.01667529487537,41.3745464634373,20.5538605956637));
#8890=CARTESIAN_POINT('',(1.11022302462516E-16,41.3745464634374,20.5538605956638));
#8891=CARTESIAN_POINT('',(0.,44.8328906554488,26.422870721356));
#8892=CARTESIAN_POINT('',(-2.03226012048229,44.8328907014532,26.422870630606));
#8893=CARTESIAN_POINT('',(-2.00155402403015,44.9407838193514,25.9486313831181));
#8894=CARTESIAN_POINT('',(-2.00149288115423,44.940998213343,25.9584564115322));
#8895=CARTESIAN_POINT('',(-2.00137098844078,44.9414256214428,25.9780844395025));
#8896=CARTESIAN_POINT('',(-2.00126652964158,44.9417913737418,26.0074821343337));
#8897=CARTESIAN_POINT('',(-2.00130855870155,44.941642496602,26.0367724712315));
#8898=CARTESIAN_POINT('',(-2.00155554871952,44.9407735671231,26.0659097779093));
#8899=CARTESIAN_POINT('',(-2.00205634848291,44.939012973784,26.0948550514396));
#8900=CARTESIAN_POINT('',(-2.002850121001,44.9362231323781,26.1235759795578));
#8901=CARTESIAN_POINT('',(-2.00396625490273,44.9323007973008,26.1520470445263));
#8902=CARTESIAN_POINT('',(-2.00542427916609,44.9271773610394,26.1802497329872));
#8903=CARTESIAN_POINT('',(-2.00723380028018,44.9208190751785,26.2081728773853));
#8904=CARTESIAN_POINT('',(-2.00939449573203,44.9132270722916,26.2358130572315));
#8905=CARTESIAN_POINT('',(-2.01189612999323,44.904437313404,26.2631750574495));
#8906=CARTESIAN_POINT('',(-2.0147187462236,44.8945199008192,26.2902719723566));
#8907=CARTESIAN_POINT('',(-2.01783240709286,44.8835800400914,26.317126102748));
#8908=CARTESIAN_POINT('',(-2.0211987378997,44.8717524250931,26.3437661317198));
#8909=CARTESIAN_POINT('',(-2.02476567563868,44.8592204148127,26.3702376552155));
#8910=CARTESIAN_POINT('',(-2.02848762693234,44.8461424717288,26.3965626406314));
#8911=CARTESIAN_POINT('',(-2.03099489605864,44.8373359911407,26.4141073529753));
#8912=CARTESIAN_POINT('',(-2.03226012048229,44.8328907014532,26.422870630606));
#8913=CARTESIAN_POINT('',(1.11022302462516E-16,38.2323755092436,22.4036347072602));
#8914=CARTESIAN_POINT('',(-3.24890159158851,38.2323755092436,22.4036347072601));
#8915=CARTESIAN_POINT('',(-3.24890159158851,38.2323755092436,19.8000388646586));
#8916=CARTESIAN_POINT('',(-2.22044604925031E-16,38.2323755092436,19.8000388646587));
#8917=CARTESIAN_POINT('',(-3.24890159158851,38.2323755092436,22.4036347072601));
#8918=CARTESIAN_POINT('',(-3.51377577041494,38.2323755092436,22.4036347072601));
#8919=CARTESIAN_POINT('',(-3.77864994924137,38.2323755092436,22.4036347072601));
#8920=CARTESIAN_POINT('',(-3.87482939472211,38.3597527674521,22.4036347072601));
#8921=CARTESIAN_POINT('',(-3.80231410685718,38.614507283869,22.4036347072601));
#8922=CARTESIAN_POINT('',(-3.72979881899225,38.869261800286,22.4036347072601));
#8923=CARTESIAN_POINT('',(-3.72979881899228,38.869261800286,19.8000388646586));
#8924=CARTESIAN_POINT('',(-3.51453098018676,39.6255223873941,19.8000388646586));
#8925=CARTESIAN_POINT('',(-3.72979881899228,38.869261800286,19.8000388646586));
#8926=CARTESIAN_POINT('',(-3.8023141068572,38.614507283869,19.8000388646586));
#8927=CARTESIAN_POINT('',(-3.87482939472212,38.3597527674521,19.8000388646586));
#8928=CARTESIAN_POINT('',(-3.77864994924137,38.2323755092436,19.8000388646586));
#8929=CARTESIAN_POINT('',(-3.51377577041494,38.2323755092436,19.8000388646586));
#8930=CARTESIAN_POINT('',(-3.24890159158851,38.2323755092436,19.8000388646586));
#8931=CARTESIAN_POINT('',(-3.72979881899225,38.869261800286,22.4036347072601));
#8932=CARTESIAN_POINT('',(-3.72979881899228,38.869261800286,19.8000388646586));
#8933=CARTESIAN_POINT('',(-3.24890159158851,38.2323755092436,22.4036347072601));
#8934=CARTESIAN_POINT('',(-3.24890159158851,38.2323755092436,19.8000388646586));
#8935=CARTESIAN_POINT('',(-3.58436245941881,39.3801963982648,22.4036347072601));
#8936=CARTESIAN_POINT('',(-3.72979881899225,38.869261800286,22.4036347072601));
#8937=CARTESIAN_POINT('',(-3.58436245941881,39.3801963982648,22.4036347072601));
#8938=CARTESIAN_POINT('',(3.33066907387547E-16,39.380196398265,22.4036347072602));
#8939=CARTESIAN_POINT('',(-3.01667529487537,41.3745464634373,20.5538605956637));
#8940=CARTESIAN_POINT('',(-3.01822585992903,41.3690991507112,20.6261773488253));
#8941=CARTESIAN_POINT('',(-3.02130235095303,41.3582910851824,20.7695429613358));
#8942=CARTESIAN_POINT('',(-3.02704449443298,41.338118277096,20.9812941230075));
#8943=CARTESIAN_POINT('',(-3.03486977692265,41.3106271629437,21.1855275101086));
#8944=CARTESIAN_POINT('',(-3.04562695461673,41.2728359649473,21.3791681547209));
#8945=CARTESIAN_POINT('',(-3.06004871982516,41.2221706510566,21.5596550844287));
#8946=CARTESIAN_POINT('',(-3.07875731346656,41.1564452176165,21.7248828984599));
#8947=CARTESIAN_POINT('',(-3.10225387052572,41.073899119996,21.873099528589));
#8948=CARTESIAN_POINT('',(-3.13087442656555,40.9733518267536,22.0028354605577));
#8949=CARTESIAN_POINT('',(-3.16472828259605,40.8544193509154,22.1130275776993));
#8950=CARTESIAN_POINT('',(-3.20369103191138,40.7175387474957,22.2033357664873));
#8951=CARTESIAN_POINT('',(-3.24748009749723,40.5637027419287,22.274325187384));
#8952=CARTESIAN_POINT('',(-3.2957287492706,40.3941996990229,22.3273317699975));
#8953=CARTESIAN_POINT('',(-3.34799516056957,40.2105818064743,22.3642358332925));
#8954=CARTESIAN_POINT('',(-3.40373441569622,40.0147634155759,22.3873510181117));
#8955=CARTESIAN_POINT('',(-3.462273467388,39.8091090184917,22.3994165991388));
#8956=CARTESIAN_POINT('',(-3.52279946153913,39.5964742648471,22.4036258104152));
#8957=CARTESIAN_POINT('',(-3.5637197843426,39.4527164814283,22.4036347072601));
#8958=CARTESIAN_POINT('',(-3.58436245941881,39.3801963982648,22.4036347072601));
#8959=CARTESIAN_POINT('',(28.8,-19.8068535938088,24.));
#8960=CARTESIAN_POINT('',(30.,20.0068535938088,24.7171572875253));
#8961=CARTESIAN_POINT('',(30.,-20.0068535938088,24.7171572875253));
#8962=CARTESIAN_POINT('',(30.,20.0068535938088,24.9102943725152));
#8963=CARTESIAN_POINT('',(30.,-20.0068535938088,24.9102943725152));
#8964=CARTESIAN_POINT('',(30.,20.0068535938088,25.103431457505));
#8965=CARTESIAN_POINT('',(30.,-20.0068535938088,25.103431457505));
#8966=CARTESIAN_POINT('',(29.9317157287525,20.0068535938088,25.1317157287525));
#8967=CARTESIAN_POINT('',(29.9317157287525,-20.0068535938088,25.1317157287525));
#8968=CARTESIAN_POINT('',(29.7951471862576,20.0068535938088,24.9951471862576));
#8969=CARTESIAN_POINT('',(29.7951471862576,-20.0068535938088,24.9951471862576));
#8970=CARTESIAN_POINT('',(29.6585786437627,20.0068535938088,24.8585786437626));
#8971=CARTESIAN_POINT('',(29.6585786437627,-20.0068535938088,24.8585786437626));
#8972=CARTESIAN_POINT('',(-30.,-19.8068535938088,25.2));
#8973=CARTESIAN_POINT('',(-30.,-20.0068535938088,24.7171572875254));
#8974=CARTESIAN_POINT('',(-30.,20.0068535938088,24.7171572875254));
#8975=CARTESIAN_POINT('',(-30.,-20.0068535938088,24.9102943725153));
#8976=CARTESIAN_POINT('',(-30.,20.0068535938088,24.9102943725153));
#8977=CARTESIAN_POINT('',(-30.,-20.0068535938088,25.1034314575051));
#8978=CARTESIAN_POINT('',(-30.,20.0068535938088,25.1034314575051));
#8979=CARTESIAN_POINT('',(-29.9317157287525,-20.0068535938088,25.1317157287525));
#8980=CARTESIAN_POINT('',(-29.9317157287526,20.0068535938088,25.1317157287526));
#8981=CARTESIAN_POINT('',(-29.7951471862576,-20.0068535938088,24.9951471862576));
#8982=CARTESIAN_POINT('',(-29.7951471862577,20.0068535938088,24.9951471862577));
#8983=CARTESIAN_POINT('',(-29.6585786437627,-20.0068535938088,24.8585786437627));
#8984=CARTESIAN_POINT('',(-29.6585786437627,20.0068535938088,24.8585786437627));
#8985=CARTESIAN_POINT('',(-4.0800000000002,45.3770115905445,13.));
#8986=CARTESIAN_POINT('',(20.,35.,8.));
#8987=CARTESIAN_POINT('',(-20.,35.,8.));
#8988=CARTESIAN_POINT('',(5.06270198034811,47.0000000000001,24.));
#8989=CARTESIAN_POINT('',(5.06270198034811,41.,24.));
#8990=CARTESIAN_POINT('',(4.2627019803481,47.0000000000001,24.));
#8991=CARTESIAN_POINT('',(4.2627019803481,41.,24.));
#8992=CARTESIAN_POINT('',(3.46270198034809,47.0000000000001,24.));
#8993=CARTESIAN_POINT('',(3.46270198034809,41.,24.));
#8994=CARTESIAN_POINT('',(3.06270198034811,47.,23.6));
#8995=CARTESIAN_POINT('',(3.06270198034811,40.9999999999999,23.6));
#8996=CARTESIAN_POINT('',(3.06270198034811,47.,22.8));
#8997=CARTESIAN_POINT('',(3.06270198034811,40.9999999999999,22.8));
#8998=CARTESIAN_POINT('',(3.06270198034811,47.,22.));
#8999=CARTESIAN_POINT('',(3.06270198034811,40.9999999999999,22.));
#9000=CARTESIAN_POINT('',(-5.06270198034842,40.9999999999999,24.));
#9001=CARTESIAN_POINT('',(-5.06270198034842,47.,24.));
#9002=CARTESIAN_POINT('',(-4.26270198034844,40.9999999999999,24.));
#9003=CARTESIAN_POINT('',(-4.26270198034841,47.,24.));
#9004=CARTESIAN_POINT('',(-3.46270198034843,40.9999999999999,24.));
#9005=CARTESIAN_POINT('',(-3.46270198034843,47.,24.));
#9006=CARTESIAN_POINT('',(-3.06270198034845,41.,23.6));
#9007=CARTESIAN_POINT('',(-3.06270198034842,47.,23.6));
#9008=CARTESIAN_POINT('',(-3.06270198034845,41.,22.8));
#9009=CARTESIAN_POINT('',(-3.06270198034842,47.,22.8));
#9010=CARTESIAN_POINT('',(-3.06270198034845,41.,22.));
#9011=CARTESIAN_POINT('',(-3.06270198034842,47.,22.));
#9012=CARTESIAN_POINT('',(-3.06270198034842,45.3770115905445,12.));
#9013=CARTESIAN_POINT('',(3.06270198034811,41.2298840945546,12.));
#9014=CARTESIAN_POINT('',(20.,35.,16.));
#9015=CARTESIAN_POINT('',(-20.,35.,16.));
#9016=CARTESIAN_POINT('',(20.,45.,2.48));
#9017=CARTESIAN_POINT('',(19.1111111111112,43.,3.99999999999991));
#9018=CARTESIAN_POINT('',(-4.18393047311741,38.2270487385156,21.9971222918161));
#9019=CARTESIAN_POINT('',(-2.96897217838334,41.5591676301585,12.));
#9020=CARTESIAN_POINT('',(3.99999999999982,37.9370487385151,12.));
#9021=CARTESIAN_POINT('',(-6.00000000000001,43.6599995058104,21.9971222918161));
#9022=CARTESIAN_POINT('',(4.19229173574807,39.6272332091813,19.8000388646586));
#9023=CARTESIAN_POINT('',(-3.90428718401749,39.3272332091813,19.8000388646586));
#9024=CARTESIAN_POINT('',(-3.90428718401749,39.4472332091813,19.8000388646586));
#9025=CARTESIAN_POINT('',(-3.90428718401749,39.5672332091814,19.8000388646586));
#9026=CARTESIAN_POINT('',(-3.90428718401749,39.6272332091813,19.7400388646586));
#9027=CARTESIAN_POINT('',(-3.90428718401749,39.6272332091813,19.6200388646586));
#9028=CARTESIAN_POINT('',(-3.90428718401749,39.6272332091813,19.5000388646586));
#9029=CARTESIAN_POINT('',(3.904287184017,39.3272332091813,19.8000388646586));
#9030=CARTESIAN_POINT('',(3.904287184017,39.4472332091813,19.8000388646586));
#9031=CARTESIAN_POINT('',(3.904287184017,39.5672332091813,19.8000388646586));
#9032=CARTESIAN_POINT('',(3.904287184017,39.6272332091813,19.7400388646586));
#9033=CARTESIAN_POINT('',(3.904287184017,39.6272332091813,19.6200388646586));
#9034=CARTESIAN_POINT('',(3.904287184017,39.6272332091813,19.5000388646586));
#9035=CARTESIAN_POINT('',(-7.20000000000003,40.4947408496149,3.3));
#9036=CARTESIAN_POINT('',(-4.00000000000002,35.972138483132,23.9508188633094));
#9037=CARTESIAN_POINT('',(5.99999999999999,37.9258350546253,24.3786853220736));
#9038=CARTESIAN_POINT('',(-4.0800000000002,-45.3770115905445,13.));
#9039=CARTESIAN_POINT('',(20.,-35.,8.));
#9040=CARTESIAN_POINT('',(-20.,-35.,8.));
#9041=CARTESIAN_POINT('',(5.06270198034811,-47.0000000000001,24.));
#9042=CARTESIAN_POINT('',(4.2627019803481,-47.0000000000001,24.));
#9043=CARTESIAN_POINT('',(3.46270198034809,-47.0000000000001,24.));
#9044=CARTESIAN_POINT('',(3.06270198034811,-47.,23.6));
#9045=CARTESIAN_POINT('',(3.06270198034811,-47.,22.8));
#9046=CARTESIAN_POINT('',(3.06270198034811,-47.,22.));
#9047=CARTESIAN_POINT('',(5.06270198034811,-41.,24.));
#9048=CARTESIAN_POINT('',(4.2627019803481,-41.,24.));
#9049=CARTESIAN_POINT('',(3.46270198034809,-41.,24.));
#9050=CARTESIAN_POINT('',(3.06270198034811,-40.9999999999999,23.6));
#9051=CARTESIAN_POINT('',(3.06270198034811,-40.9999999999999,22.8));
#9052=CARTESIAN_POINT('',(3.06270198034811,-40.9999999999999,22.));
#9053=CARTESIAN_POINT('',(-5.06270198034842,-40.9999999999999,24.));
#9054=CARTESIAN_POINT('',(-4.26270198034844,-40.9999999999999,24.));
#9055=CARTESIAN_POINT('',(-3.46270198034843,-40.9999999999999,24.));
#9056=CARTESIAN_POINT('',(-3.06270198034845,-41.,23.6));
#9057=CARTESIAN_POINT('',(-3.06270198034845,-41.,22.8));
#9058=CARTESIAN_POINT('',(-3.06270198034845,-41.,22.));
#9059=CARTESIAN_POINT('',(-5.06270198034842,-47.,24.));
#9060=CARTESIAN_POINT('',(-4.26270198034841,-47.,24.));
#9061=CARTESIAN_POINT('',(-3.46270198034843,-47.,24.));
#9062=CARTESIAN_POINT('',(-3.06270198034842,-47.,23.6));
#9063=CARTESIAN_POINT('',(-3.06270198034842,-47.,22.8));
#9064=CARTESIAN_POINT('',(-3.06270198034842,-47.,22.));
#9065=CARTESIAN_POINT('',(-3.06270198034842,-45.3770115905445,12.));
#9066=CARTESIAN_POINT('',(3.06270198034811,-41.2298840945546,12.));
#9067=CARTESIAN_POINT('',(20.,-35.,16.));
#9068=CARTESIAN_POINT('',(-20.,-35.,16.));
#9069=CARTESIAN_POINT('',(20.,-45.,2.48));
#9070=CARTESIAN_POINT('',(19.1111111111112,-43.,3.99999999999991));
#9071=CARTESIAN_POINT('',(-4.18393047311741,-38.2270487385156,21.9971222918161));
#9072=CARTESIAN_POINT('',(-2.96897217838334,-41.5591676301585,12.));
#9073=CARTESIAN_POINT('',(3.99999999999982,-37.9370487385151,12.));
#9074=CARTESIAN_POINT('',(-6.00000000000001,-43.6599995058104,21.9971222918161));
#9075=CARTESIAN_POINT('',(4.19229173574807,-39.6272332091813,19.8000388646586));
#9076=CARTESIAN_POINT('',(-3.90428718401749,-39.3272332091813,19.8000388646586));
#9077=CARTESIAN_POINT('',(3.904287184017,-39.3272332091813,19.8000388646586));
#9078=CARTESIAN_POINT('',(-3.90428718401749,-39.4472332091813,19.8000388646586));
#9079=CARTESIAN_POINT('',(3.904287184017,-39.4472332091813,19.8000388646586));
#9080=CARTESIAN_POINT('',(-3.90428718401749,-39.5672332091814,19.8000388646586));
#9081=CARTESIAN_POINT('',(3.904287184017,-39.5672332091813,19.8000388646586));
#9082=CARTESIAN_POINT('',(-3.90428718401749,-39.6272332091813,19.7400388646586));
#9083=CARTESIAN_POINT('',(3.904287184017,-39.6272332091813,19.7400388646586));
#9084=CARTESIAN_POINT('',(-3.90428718401749,-39.6272332091813,19.6200388646586));
#9085=CARTESIAN_POINT('',(3.904287184017,-39.6272332091813,19.6200388646586));
#9086=CARTESIAN_POINT('',(-3.90428718401749,-39.6272332091813,19.5000388646586));
#9087=CARTESIAN_POINT('',(3.904287184017,-39.6272332091813,19.5000388646586));
#9088=CARTESIAN_POINT('',(-7.20000000000003,-40.4947408496149,3.3));
#9089=CARTESIAN_POINT('',(-4.00000000000002,-35.972138483132,23.9508188633094));
#9090=CARTESIAN_POINT('',(5.99999999999999,-37.9258350546253,24.3786853220736));
#9091=CARTESIAN_POINT('',(-36.0000000000001,49.5000000000001,2.8));
#9092=CARTESIAN_POINT('',(30.,35.,2.48));
#9093=CARTESIAN_POINT('',(-30.,-35.,2.48));
#9094=CARTESIAN_POINT('',(28.8,-34.6461699333284,4.));
#9095=CARTESIAN_POINT('',(19.6461699333284,34.6461699333283,27.));
#9096=CARTESIAN_POINT('',(19.6461699333284,43.8,4.));
#9097=CARTESIAN_POINT('',(5.99999999999997,43.8,4.));
#9098=CARTESIAN_POINT('',(-6.00000000000001,38.4474057810873,4.));
#9099=CARTESIAN_POINT('',(-6.00000000000001,43.8,4.));
#9100=CARTESIAN_POINT('',(-19.6461699333284,34.6461699333284,27.));
#9101=CARTESIAN_POINT('',(-28.8,34.6461699333284,4.));
#9102=CARTESIAN_POINT('',(-19.6461699333284,-34.6461699333284,27.));
#9103=CARTESIAN_POINT('',(-19.6461699333284,-43.8,4.));
#9104=CARTESIAN_POINT('',(-6.00000000000001,-43.8,4.));
#9105=CARTESIAN_POINT('',(5.99999999999999,-38.4474057810873,4.));
#9106=CARTESIAN_POINT('',(5.99999999999997,-43.8,4.));
#9107=CARTESIAN_POINT('',(19.6461699333284,-34.6461699333284,27.));
#9108=CARTESIAN_POINT('',(-39.,-19.8068535938088,24.));
#9109=CARTESIAN_POINT('',(-39.,-19.,25.));
#9110=CARTESIAN_POINT('',(-39.,19.,27.));
#9111=CARTESIAN_POINT('',(-39.,19.,25.));
#9112=CARTESIAN_POINT('',(-32.4937298019652,-19.7,24.));
#9113=CARTESIAN_POINT('',(-29.376,-44.676,4.));
#9114=CARTESIAN_POINT('',(2.56897217838289,-19.7,24.));
#9115=CARTESIAN_POINT('',(2.56897217838288,19.7000000000001,24.));
#9116=CARTESIAN_POINT('',(-32.4937298019652,47.3,24.));
#9117=CARTESIAN_POINT('',(-4.28881539106119,39.6272332091813,19.8000388646586));
#9118=CARTESIAN_POINT('',(-4.28881539106119,-39.6272332091813,19.8000388646586));
#9119=CARTESIAN_POINT('',(19.1111111111112,43.,3.99999999999991));
#9120=CARTESIAN_POINT('',(-39.,-19.8068535938088,24.));
#9121=CARTESIAN_POINT('',(-39.,-19.,25.));
#9122=CARTESIAN_POINT('',(-39.,19.,27.));
#9123=CARTESIAN_POINT('',(-39.,19.,25.));
#9124=CARTESIAN_POINT('',(30.,-19.8068535938088,24.));
#9125=CARTESIAN_POINT('',(30.,19.8068535938088,24.));
#9126=CARTESIAN_POINT('',(28.8,-19.8068535938088,24.));
#9127=CARTESIAN_POINT('',(28.8,19.8068535938088,24.));
#9128=CARTESIAN_POINT('',(-30.,-19.8068535938088,24.));
#9129=CARTESIAN_POINT('',(-30.,19.8068535938088,24.));
#9130=CARTESIAN_POINT('',(-28.8,-19.8068535938088,24.));
#9131=CARTESIAN_POINT('',(-28.8,19.8068535938088,24.));
#9132=CARTESIAN_POINT('',(-3.06270198034851,41.2298840945546,13.));
#9133=CARTESIAN_POINT('',(-3.06270198034842,45.,13.));
#9134=CARTESIAN_POINT('',(3.06270198034814,45.,13.));
#9135=CARTESIAN_POINT('',(3.06270198034802,41.2298840945546,13.));
#9136=CARTESIAN_POINT('',(3.51889287319007,39.6272332091814,13.));
#9137=CARTESIAN_POINT('',(-3.51889287319058,39.6272332091813,13.));
#9138=CARTESIAN_POINT('',(30.,35.,24.));
#9139=CARTESIAN_POINT('',(20.,45.,24.));
#9140=CARTESIAN_POINT('',(-20.,45.,24.));
#9141=CARTESIAN_POINT('',(-30.,35.,24.));
#9142=CARTESIAN_POINT('',(-6.00000000000001,43.,21.9971222918161));
#9143=CARTESIAN_POINT('',(5.99999999999999,43.,21.9971222918161));
#9144=CARTESIAN_POINT('',(-3.06270198034842,41.2298840945546,21.9971222918161));
#9145=CARTESIAN_POINT('',(3.06270198034811,43.,21.9971222918161));
#9146=CARTESIAN_POINT('',(3.06270198034808,41.2298840945546,21.9971222918161));
#9147=CARTESIAN_POINT('',(-3.06270198034842,43.,21.9971222918161));
#9148=CARTESIAN_POINT('',(5.06270198034808,45.,24.));
#9149=CARTESIAN_POINT('',(-5.06270198034842,43.,24.));
#9150=CARTESIAN_POINT('',(3.06270198034811,45.,22.));
#9151=CARTESIAN_POINT('',(-3.06270198034842,45.,22.));
#9152=CARTESIAN_POINT('',(-3.06270198034842,43.,22.));
#9153=CARTESIAN_POINT('',(3.06270198034811,43.,22.));
#9154=CARTESIAN_POINT('',(-5.06270198034842,45.,24.));
#9155=CARTESIAN_POINT('',(5.06270198034811,43.,24.));
#9156=CARTESIAN_POINT('',(30.,35.,6.));
#9157=CARTESIAN_POINT('',(20.,45.,6.));
#9158=CARTESIAN_POINT('',(-20.,45.,6.));
#9159=CARTESIAN_POINT('',(-30.,35.,6.));
#9160=CARTESIAN_POINT('',(30.,35.,2.8));
#9161=CARTESIAN_POINT('',(20.,45.,2.8));
#9162=CARTESIAN_POINT('',(-20.,45.,2.8));
#9163=CARTESIAN_POINT('',(-30.,35.,2.8));
#9164=CARTESIAN_POINT('',(-3.91745216620083,38.2270487385156,21.9971222918161));
#9165=CARTESIAN_POINT('',(3.91745216620031,38.2270487385156,21.9971222918161));
#9166=CARTESIAN_POINT('',(-3.91745216620073,38.2270487385156,19.8000388646586));
#9167=CARTESIAN_POINT('',(3.91745216620029,38.2270487385156,19.8000388646586));
#9168=CARTESIAN_POINT('',(-3.60428718401749,39.3272332091814,19.8000388646586));
#9169=CARTESIAN_POINT('',(-3.51889287319058,39.6272332091814,19.5000388646586));
#9170=CARTESIAN_POINT('',(3.51889287319008,39.6272332091813,19.5000388646586));
#9171=CARTESIAN_POINT('',(3.604287184017,39.3272332091813,19.8000388646586));
#9172=CARTESIAN_POINT('',(-6.00000000000001,38.4474057810873,21.9971222918161));
#9173=CARTESIAN_POINT('',(-4.00000000000002,36.4000049418962,21.9971222918161));
#9174=CARTESIAN_POINT('',(-4.00000000000001,40.3414383739362,4.));
#9175=CARTESIAN_POINT('',(-6.00000000000002,42.3888392131272,4.));
#9176=CARTESIAN_POINT('',(5.99999999999999,38.4474057810873,21.9971222918161));
#9177=CARTESIAN_POINT('',(3.99999999999999,40.3414383739362,4.00000000000001));
#9178=CARTESIAN_POINT('',(6.,42.3888392131272,3.99999999999999));
#9179=CARTESIAN_POINT('',(3.99999999999999,36.4000049418962,21.9971222918161));
#9180=CARTESIAN_POINT('',(-3.06270198034851,-41.2298840945546,13.));
#9181=CARTESIAN_POINT('',(-3.06270198034842,-45.,13.));
#9182=CARTESIAN_POINT('',(3.06270198034814,-45.,13.));
#9183=CARTESIAN_POINT('',(3.06270198034802,-41.2298840945546,13.));
#9184=CARTESIAN_POINT('',(3.51889287319007,-39.6272332091814,13.));
#9185=CARTESIAN_POINT('',(-3.51889287319058,-39.6272332091813,13.));
#9186=CARTESIAN_POINT('',(30.,-35.,24.));
#9187=CARTESIAN_POINT('',(20.,-45.,24.));
#9188=CARTESIAN_POINT('',(-20.,-45.,24.));
#9189=CARTESIAN_POINT('',(-30.,-35.,24.));
#9190=CARTESIAN_POINT('',(-6.00000000000001,-43.,21.9971222918161));
#9191=CARTESIAN_POINT('',(5.99999999999999,-43.,21.9971222918161));
#9192=CARTESIAN_POINT('',(-3.06270198034842,-41.2298840945546,21.9971222918161));
#9193=CARTESIAN_POINT('',(3.06270198034811,-43.,21.9971222918161));
#9194=CARTESIAN_POINT('',(3.06270198034808,-41.2298840945546,21.9971222918161));
#9195=CARTESIAN_POINT('',(-3.06270198034842,-43.,21.9971222918161));
#9196=CARTESIAN_POINT('',(5.06270198034808,-45.,24.));
#9197=CARTESIAN_POINT('',(-5.06270198034842,-43.,24.));
#9198=CARTESIAN_POINT('',(3.06270198034811,-45.,22.));
#9199=CARTESIAN_POINT('',(-3.06270198034842,-45.,22.));
#9200=CARTESIAN_POINT('',(-3.06270198034842,-43.,22.));
#9201=CARTESIAN_POINT('',(3.06270198034811,-43.,22.));
#9202=CARTESIAN_POINT('',(-5.06270198034842,-45.,24.));
#9203=CARTESIAN_POINT('',(5.06270198034811,-43.,24.));
#9204=CARTESIAN_POINT('',(30.,-35.,6.));
#9205=CARTESIAN_POINT('',(20.,-45.,6.));
#9206=CARTESIAN_POINT('',(-20.,-45.,6.));
#9207=CARTESIAN_POINT('',(-30.,-35.,6.));
#9208=CARTESIAN_POINT('',(30.,-35.,2.8));
#9209=CARTESIAN_POINT('',(20.,-45.,2.8));
#9210=CARTESIAN_POINT('',(-20.,-45.,2.8));
#9211=CARTESIAN_POINT('',(-30.,-35.,2.8));
#9212=CARTESIAN_POINT('',(-3.91745216620083,-38.2270487385156,21.9971222918161));
#9213=CARTESIAN_POINT('',(3.91745216620031,-38.2270487385156,21.9971222918161));
#9214=CARTESIAN_POINT('',(-3.91745216620073,-38.2270487385156,19.8000388646586));
#9215=CARTESIAN_POINT('',(3.91745216620029,-38.2270487385156,19.8000388646586));
#9216=CARTESIAN_POINT('',(-3.60428718401749,-39.3272332091814,19.8000388646586));
#9217=CARTESIAN_POINT('',(-3.51889287319058,-39.6272332091814,19.5000388646586));
#9218=CARTESIAN_POINT('',(3.51889287319008,-39.6272332091813,19.5000388646586));
#9219=CARTESIAN_POINT('',(3.604287184017,-39.3272332091813,19.8000388646586));
#9220=CARTESIAN_POINT('',(-6.00000000000001,-38.4474057810873,21.9971222918161));
#9221=CARTESIAN_POINT('',(-4.00000000000002,-36.4000049418962,21.9971222918161));
#9222=CARTESIAN_POINT('',(-4.00000000000001,-40.3414383739362,4.));
#9223=CARTESIAN_POINT('',(-6.00000000000002,-42.3888392131272,4.));
#9224=CARTESIAN_POINT('',(5.99999999999999,-38.4474057810873,21.9971222918161));
#9225=CARTESIAN_POINT('',(3.99999999999999,-40.3414383739362,4.00000000000001));
#9226=CARTESIAN_POINT('',(6.,-42.3888392131272,3.99999999999999));
#9227=CARTESIAN_POINT('',(3.99999999999999,-36.4000049418962,21.9971222918161));
#9228=CARTESIAN_POINT('',(28.8,-34.6461699333284,4.));
#9229=CARTESIAN_POINT('',(28.8,34.6461699333284,4.));
#9230=CARTESIAN_POINT('',(19.6461699333284,43.8,4.));
#9231=CARTESIAN_POINT('',(5.99999999999999,43.8,4.));
#9232=CARTESIAN_POINT('',(-6.00000000000001,43.8,4.));
#9233=CARTESIAN_POINT('',(-19.6461699333284,43.8,4.));
#9234=CARTESIAN_POINT('',(-28.8,34.6461699333284,4.));
#9235=CARTESIAN_POINT('',(-28.8,-34.6461699333284,4.));
#9236=CARTESIAN_POINT('',(-19.6461699333284,-43.8,4.));
#9237=CARTESIAN_POINT('',(-6.00000000000001,-43.8,4.));
#9238=CARTESIAN_POINT('',(5.99999999999999,-43.8,4.));
#9239=CARTESIAN_POINT('',(19.6461699333284,-43.8,4.));
#9240=CARTESIAN_POINT('',(5.99999999999997,43.,24.));
#9241=CARTESIAN_POINT('',(-6.00000000000001,43.,24.));
#9242=CARTESIAN_POINT('',(5.99999999999997,-43.,24.));
#9243=CARTESIAN_POINT('',(-6.00000000000001,-42.9999999999999,24.));
#9244=CARTESIAN_POINT('',(-6.00000000000001,43.8,24.));
#9245=CARTESIAN_POINT('',(-19.6461699333284,43.8,24.));
#9246=CARTESIAN_POINT('',(-28.8,34.6461699333284,24.));
#9247=CARTESIAN_POINT('',(-28.8,-34.6461699333284,24.));
#9248=CARTESIAN_POINT('',(-19.6461699333284,-43.8,24.));
#9249=CARTESIAN_POINT('',(-6.00000000000001,-43.8,24.));
#9250=CARTESIAN_POINT('',(28.8,-34.6461699333284,24.));
#9251=CARTESIAN_POINT('',(28.8,34.6461699333284,24.));
#9252=CARTESIAN_POINT('',(19.6461699333284,43.8,24.));
#9253=CARTESIAN_POINT('',(5.99999999999997,43.8,24.));
#9254=CARTESIAN_POINT('',(5.99999999999997,-43.8,24.));
#9255=CARTESIAN_POINT('',(19.6461699333284,-43.8,24.));
#9256=CARTESIAN_POINT('',(29.6585786437627,-19.1141063295214,24.8585786437626));
#9257=CARTESIAN_POINT('',(30.,-19.2282126590428,24.7171572875253));
#9258=CARTESIAN_POINT('',(29.9745949886876,-19.,25.));
#9259=CARTESIAN_POINT('',(29.8110105416333,-19.,25.));
#9260=CARTESIAN_POINT('',(-29.6585786437627,-19.1141063295214,24.8585786437627));
#9261=CARTESIAN_POINT('',(-29.9745949886877,-19.,25.));
#9262=CARTESIAN_POINT('',(-30.,-19.2282126590428,24.7171572875254));
#9263=CARTESIAN_POINT('',(-29.8110105416333,-19.,25.));
#9264=CARTESIAN_POINT('',(29.6585786437627,19.1141063295214,24.8585786437626));
#9265=CARTESIAN_POINT('',(29.8110105416333,19.,25.));
#9266=CARTESIAN_POINT('',(29.9745949886876,19.,25.));
#9267=CARTESIAN_POINT('',(30.,19.2282126590428,24.7171572875253));
#9268=CARTESIAN_POINT('',(-29.6585786437627,19.1141063295214,24.8585786437627));
#9269=CARTESIAN_POINT('',(-29.9745949886877,19.,25.));
#9270=CARTESIAN_POINT('',(-29.8110105416333,19.,25.));
#9271=CARTESIAN_POINT('',(-30.,19.2282126590427,24.7171572875254));
#9272=CARTESIAN_POINT('',(28.8,-19.8068535938088,24.));
#9273=CARTESIAN_POINT('',(28.8,19.8068535938088,24.));
#9274=CARTESIAN_POINT('',(28.8,-19.8068535938088,24.));
#9275=CARTESIAN_POINT('',(30.,-19.8068535938088,24.));
#9276=CARTESIAN_POINT('',(28.8,19.8068535938088,24.));
#9277=CARTESIAN_POINT('',(30.,19.8068535938088,24.));
#9278=CARTESIAN_POINT('',(-28.8,-19.8068535938088,24.));
#9279=CARTESIAN_POINT('',(-28.8,19.8068535938088,24.));
#9280=CARTESIAN_POINT('',(-30.,-19.8068535938088,24.));
#9281=CARTESIAN_POINT('',(-28.8,-19.8068535938088,24.));
#9282=CARTESIAN_POINT('',(-30.,19.8068535938088,24.));
#9283=CARTESIAN_POINT('',(-28.8,19.8068535938088,24.));
#9284=CARTESIAN_POINT('',(-3.06270198034851,41.2298840945546,13.));
#9285=CARTESIAN_POINT('',(-3.06270198034842,45.,13.));
#9286=CARTESIAN_POINT('',(-3.06270198034842,45.,13.));
#9287=CARTESIAN_POINT('',(-1.99999999999982,45.,13.));
#9288=CARTESIAN_POINT('',(1.99999999999942,45.,13.));
#9289=CARTESIAN_POINT('',(3.06270198034814,45.,13.));
#9290=CARTESIAN_POINT('',(3.06270198034814,45.,13.));
#9291=CARTESIAN_POINT('',(3.06270198034802,41.2298840945546,13.));
#9292=CARTESIAN_POINT('',(3.06270198034802,41.2298840945546,13.));
#9293=CARTESIAN_POINT('',(3.51889287319007,39.6272332091814,13.));
#9294=CARTESIAN_POINT('',(3.51889287319007,39.6272332091814,13.));
#9295=CARTESIAN_POINT('',(-3.51889287319058,39.6272332091813,13.));
#9296=CARTESIAN_POINT('',(-3.51889287319058,39.6272332091813,13.));
#9297=CARTESIAN_POINT('',(-3.06270198034851,41.2298840945546,13.));
#9298=CARTESIAN_POINT('',(30.,35.,2.8));
#9299=CARTESIAN_POINT('',(29.9999999999999,44.9999999999999,2.8));
#9300=CARTESIAN_POINT('',(20.,45.,2.8));
#9301=CARTESIAN_POINT('',(-20.,45.,2.8));
#9302=CARTESIAN_POINT('',(-30.0000000000001,45.,2.8));
#9303=CARTESIAN_POINT('',(-30.,35.,2.8));
#9304=CARTESIAN_POINT('',(20.,45.,2.8));
#9305=CARTESIAN_POINT('',(-1.4210854715202E-14,45.,2.8));
#9306=CARTESIAN_POINT('',(-20.,45.,2.8));
#9307=CARTESIAN_POINT('',(30.,35.,2.8));
#9308=CARTESIAN_POINT('',(30.,35.,6.));
#9309=CARTESIAN_POINT('',(20.,45.,2.8));
#9310=CARTESIAN_POINT('',(20.,45.,6.));
#9311=CARTESIAN_POINT('',(-20.,45.,2.8));
#9312=CARTESIAN_POINT('',(-20.,45.,6.));
#9313=CARTESIAN_POINT('',(-30.,35.,2.8));
#9314=CARTESIAN_POINT('',(-30.,35.,6.));
#9315=CARTESIAN_POINT('',(-3.91745216620073,38.2270487385156,19.8000388646586));
#9316=CARTESIAN_POINT('',(3.91745216620029,38.2270487385156,19.8000388646586));
#9317=CARTESIAN_POINT('',(-3.91745216620083,38.2270487385156,21.9971222918161));
#9318=CARTESIAN_POINT('',(-3.91745216620073,38.2270487385156,19.8000388646586));
#9319=CARTESIAN_POINT('',(3.91745216620029,38.2270487385156,19.8000388646586));
#9320=CARTESIAN_POINT('',(3.91745216620031,38.2270487385156,21.9971222918161));
#9321=CARTESIAN_POINT('',(-3.91745216620083,38.2270487385156,21.9971222918161));
#9322=CARTESIAN_POINT('',(3.91745216620031,38.2270487385156,21.9971222918161));
#9323=CARTESIAN_POINT('',(-3.91745216620083,38.2270487385156,21.9971222918161));
#9324=CARTESIAN_POINT('',(-3.06270198034842,41.2298840945546,21.9971222918161));
#9325=CARTESIAN_POINT('',(3.91745216620029,38.2270487385156,19.8000388646586));
#9326=CARTESIAN_POINT('',(3.604287184017,39.3272332091813,19.8000388646586));
#9327=CARTESIAN_POINT('',(-3.60428718401749,39.3272332091814,19.8000388646586));
#9328=CARTESIAN_POINT('',(-3.91745216620073,38.2270487385156,19.8000388646586));
#9329=CARTESIAN_POINT('',(-3.51889287319058,39.6272332091814,19.5000388646586));
#9330=CARTESIAN_POINT('',(-3.51889287319058,39.6272332091813,13.));
#9331=CARTESIAN_POINT('',(-3.51889287319058,39.6272332091814,19.5000388646586));
#9332=CARTESIAN_POINT('',(3.51889287319008,39.6272332091813,19.5000388646586));
#9333=CARTESIAN_POINT('',(-3.60428718401749,39.3272332091814,19.8000388646586));
#9334=CARTESIAN_POINT('',(3.604287184017,39.3272332091813,19.8000388646586));
#9335=CARTESIAN_POINT('',(-3.51889287319058,39.6272332091814,19.5000388646586));
#9336=CARTESIAN_POINT('',(-3.51889287319058,39.6272332091814,19.5117641314846));
#9337=CARTESIAN_POINT('',(-3.51889326278028,39.6272318405081,19.5349907163123));
#9338=CARTESIAN_POINT('',(-3.51908717945859,39.6265505889947,19.5693073282204));
#9339=CARTESIAN_POINT('',(-3.51964323835313,39.6245970903746,19.6024073207721));
#9340=CARTESIAN_POINT('',(-3.52070910610187,39.6208525748263,19.633794333053));
#9341=CARTESIAN_POINT('',(-3.52241229504546,39.6148690768845,19.663058197234));
#9342=CARTESIAN_POINT('',(-3.52486192789508,39.6062632359594,19.6898648368888));
#9343=CARTESIAN_POINT('',(-3.52814790705494,39.5947192146023,19.7139345897491));
#9344=CARTESIAN_POINT('',(-3.53233273373582,39.5800174388973,19.735021241602));
#9345=CARTESIAN_POINT('',(-3.53743725215493,39.5620846807205,19.7529314227044));
#9346=CARTESIAN_POINT('',(-3.54343728810722,39.5410058668246,19.7675941901068));
#9347=CARTESIAN_POINT('',(-3.55028014001793,39.5169661438813,19.7791038682138));
#9348=CARTESIAN_POINT('',(-3.55790079577297,39.4901939068977,19.7876888591211));
#9349=CARTESIAN_POINT('',(-3.56622286222427,39.4609575337574,19.7936626745899));
#9350=CARTESIAN_POINT('',(-3.57515206063483,39.4295882364679,19.7974037138589));
#9351=CARTESIAN_POINT('',(-3.58457124012462,39.3964975794958,19.7993563422762));
#9352=CARTESIAN_POINT('',(-3.59433837391688,39.3621845191842,19.8000374938817));
#9353=CARTESIAN_POINT('',(-3.60094961670688,39.338958465624,19.8000388646586));
#9354=CARTESIAN_POINT('',(-3.60428718401749,39.3272332091814,19.8000388646586));
#9355=CARTESIAN_POINT('',(3.604287184017,39.3272332091813,19.8000388646586));
#9356=CARTESIAN_POINT('',(3.60094961670638,39.338958465624,19.8000388646586));
#9357=CARTESIAN_POINT('',(3.59433837391637,39.3621845191842,19.8000374938817));
#9358=CARTESIAN_POINT('',(3.58457124012411,39.3964975794959,19.7993563422762));
#9359=CARTESIAN_POINT('',(3.57515206063431,39.4295882364679,19.7974037138589));
#9360=CARTESIAN_POINT('',(3.56622286222375,39.4609575337575,19.7936626745899));
#9361=CARTESIAN_POINT('',(3.55790079577246,39.4901939068977,19.7876888591212));
#9362=CARTESIAN_POINT('',(3.55028014001742,39.5169661438813,19.7791038682138));
#9363=CARTESIAN_POINT('',(3.54343728810671,39.5410058668246,19.7675941901068));
#9364=CARTESIAN_POINT('',(3.53743725215442,39.5620846807205,19.7529314227044));
#9365=CARTESIAN_POINT('',(3.5323327337353,39.5800174388973,19.735021241602));
#9366=CARTESIAN_POINT('',(3.52814790705443,39.5947192146023,19.7139345897491));
#9367=CARTESIAN_POINT('',(3.52486192789456,39.6062632359594,19.6898648368888));
#9368=CARTESIAN_POINT('',(3.52241229504494,39.6148690768845,19.663058197234));
#9369=CARTESIAN_POINT('',(3.52070910610136,39.6208525748263,19.633794333053));
#9370=CARTESIAN_POINT('',(3.51964323835261,39.6245970903746,19.6024073207721));
#9371=CARTESIAN_POINT('',(3.51908717945807,39.6265505889946,19.5693073282204));
#9372=CARTESIAN_POINT('',(3.51889326277976,39.6272318405081,19.5349907163123));
#9373=CARTESIAN_POINT('',(3.51889287319008,39.6272332091813,19.5117641314846));
#9374=CARTESIAN_POINT('',(3.51889287319008,39.6272332091813,19.5000388646586));
#9375=CARTESIAN_POINT('',(-4.00000000000002,36.4000049418962,21.9971222918161));
#9376=CARTESIAN_POINT('',(3.99999999999999,36.4000049418962,21.9971222918161));
#9377=CARTESIAN_POINT('',(-4.00000000000002,36.4000049418962,21.9971222918161));
#9378=CARTESIAN_POINT('',(-4.00000000000001,40.3414383739362,4.));
#9379=CARTESIAN_POINT('',(-6.00000000000001,38.4474057810873,21.9971222918161));
#9380=CARTESIAN_POINT('',(-6.00000000000002,42.3888392131272,4.));
#9381=CARTESIAN_POINT('',(5.99999999999999,38.4474057810873,21.9971222918161));
#9382=CARTESIAN_POINT('',(6.,42.3888392131272,3.99999999999999));
#9383=CARTESIAN_POINT('',(30.,35.,6.));
#9384=CARTESIAN_POINT('',(30.,35.,24.));
#9385=CARTESIAN_POINT('',(20.,45.,6.));
#9386=CARTESIAN_POINT('',(20.,45.,24.));
#9387=CARTESIAN_POINT('',(-20.,45.,6.));
#9388=CARTESIAN_POINT('',(-20.,45.,24.));
#9389=CARTESIAN_POINT('',(-30.,35.,6.));
#9390=CARTESIAN_POINT('',(-30.,35.,24.));
#9391=CARTESIAN_POINT('',(30.,35.,24.));
#9392=CARTESIAN_POINT('',(30.,45.,24.));
#9393=CARTESIAN_POINT('',(20.,45.,24.));
#9394=CARTESIAN_POINT('',(20.,45.,24.));
#9395=CARTESIAN_POINT('',(12.531350990174,45.,24.));
#9396=CARTESIAN_POINT('',(5.06270198034808,45.,24.));
#9397=CARTESIAN_POINT('',(-20.,45.,24.));
#9398=CARTESIAN_POINT('',(-30.,45.,24.));
#9399=CARTESIAN_POINT('',(-30.,35.,24.));
#9400=CARTESIAN_POINT('',(5.99999999999999,43.,21.9971222918161));
#9401=CARTESIAN_POINT('',(3.06270198034811,43.,21.9971222918161));
#9402=CARTESIAN_POINT('',(-6.00000000000001,43.,21.9971222918161));
#9403=CARTESIAN_POINT('',(-6.00000000000001,38.4474057810873,21.9971222918161));
#9404=CARTESIAN_POINT('',(3.06270198034811,43.,21.9971222918161));
#9405=CARTESIAN_POINT('',(3.06270198034808,41.2298840945546,21.9971222918161));
#9406=CARTESIAN_POINT('',(-3.06270198034842,41.2298840945546,21.9971222918161));
#9407=CARTESIAN_POINT('',(-3.06270198034842,43.,21.9971222918161));
#9408=CARTESIAN_POINT('',(3.06270198034811,43.,21.9971222918161));
#9409=CARTESIAN_POINT('',(3.06270198034811,43.,22.));
#9410=CARTESIAN_POINT('',(-3.06270198034842,43.,21.9971222918161));
#9411=CARTESIAN_POINT('',(-6.00000000000001,43.,21.9971222918161));
#9412=CARTESIAN_POINT('',(3.06270198034808,41.2298840945546,21.9971222918161));
#9413=CARTESIAN_POINT('',(3.91745216620031,38.2270487385156,21.9971222918161));
#9414=CARTESIAN_POINT('',(-3.06270198034842,43.,22.));
#9415=CARTESIAN_POINT('',(-3.06270198034842,43.,21.9971222918161));
#9416=CARTESIAN_POINT('',(-5.06270198034842,45.,24.));
#9417=CARTESIAN_POINT('',(-12.5313509901742,45.,24.));
#9418=CARTESIAN_POINT('',(-20.,45.,24.));
#9419=CARTESIAN_POINT('',(5.06270198034811,43.,24.));
#9420=CARTESIAN_POINT('',(5.99999999999997,43.,24.));
#9421=CARTESIAN_POINT('',(5.06270198034808,45.,24.));
#9422=CARTESIAN_POINT('',(5.06270198034811,43.,24.));
#9423=CARTESIAN_POINT('',(-5.06270198034842,43.,24.));
#9424=CARTESIAN_POINT('',(-5.06270198034842,45.,24.));
#9425=CARTESIAN_POINT('',(-3.06270198034842,43.,22.));
#9426=CARTESIAN_POINT('',(-3.06270198034842,45.,22.));
#9427=CARTESIAN_POINT('',(3.06270198034811,45.,22.));
#9428=CARTESIAN_POINT('',(3.06270198034811,43.,22.));
#9429=CARTESIAN_POINT('',(3.06270198034811,45.,22.));
#9430=CARTESIAN_POINT('',(3.06270198034811,45.,22.8));
#9431=CARTESIAN_POINT('',(3.06270198034811,45.,23.6));
#9432=CARTESIAN_POINT('',(3.46270198034806,45.,24.));
#9433=CARTESIAN_POINT('',(4.26270198034807,45.,24.));
#9434=CARTESIAN_POINT('',(5.06270198034808,45.,24.));
#9435=CARTESIAN_POINT('',(3.06270198034811,43.,22.));
#9436=CARTESIAN_POINT('',(3.06270198034811,43.,22.8));
#9437=CARTESIAN_POINT('',(3.06270198034811,43.,23.6));
#9438=CARTESIAN_POINT('',(3.46270198034809,43.,24.));
#9439=CARTESIAN_POINT('',(4.2627019803481,43.,24.));
#9440=CARTESIAN_POINT('',(5.06270198034811,43.,24.));
#9441=CARTESIAN_POINT('',(-5.06270198034842,43.,24.));
#9442=CARTESIAN_POINT('',(-4.26270198034844,43.,24.));
#9443=CARTESIAN_POINT('',(-3.46270198034843,43.,24.));
#9444=CARTESIAN_POINT('',(-3.06270198034842,43.,23.6));
#9445=CARTESIAN_POINT('',(-3.06270198034842,43.,22.8));
#9446=CARTESIAN_POINT('',(-3.06270198034842,43.,22.));
#9447=CARTESIAN_POINT('',(-5.06270198034842,45.,24.));
#9448=CARTESIAN_POINT('',(-4.26270198034844,45.,24.));
#9449=CARTESIAN_POINT('',(-3.46270198034843,45.,24.));
#9450=CARTESIAN_POINT('',(-3.06270198034842,45.,23.6));
#9451=CARTESIAN_POINT('',(-3.06270198034842,45.,22.8));
#9452=CARTESIAN_POINT('',(-3.06270198034842,45.,22.));
#9453=CARTESIAN_POINT('',(-3.06270198034842,45.,22.));
#9454=CARTESIAN_POINT('',(-3.06270198034842,45.,13.));
#9455=CARTESIAN_POINT('',(-3.06270198034842,41.2298840945546,21.9971222918161));
#9456=CARTESIAN_POINT('',(-3.06270198034851,41.2298840945546,13.));
#9457=CARTESIAN_POINT('',(3.06270198034808,41.2298840945546,21.9971222918161));
#9458=CARTESIAN_POINT('',(3.06270198034802,41.2298840945546,13.));
#9459=CARTESIAN_POINT('',(3.06270198034814,45.,13.));
#9460=CARTESIAN_POINT('',(3.06270198034811,45.,22.));
#9461=CARTESIAN_POINT('',(3.51889287319007,39.6272332091814,13.));
#9462=CARTESIAN_POINT('',(3.51889287319008,39.6272332091813,19.5000388646586));
#9463=CARTESIAN_POINT('',(5.99999999999999,38.4474057810873,21.9971222918161));
#9464=CARTESIAN_POINT('',(5.99999999999999,43.,21.9971222918161));
#9465=CARTESIAN_POINT('',(3.99999999999999,40.3414383739362,4.00000000000001));
#9466=CARTESIAN_POINT('',(-4.00000000000001,40.3414383739362,4.));
#9467=CARTESIAN_POINT('',(3.99999999999999,40.3414383739362,4.00000000000001));
#9468=CARTESIAN_POINT('',(4.0392156862745,40.3815834884301,4.00000000000001));
#9469=CARTESIAN_POINT('',(4.11764705882351,40.461873717418,4.));
#9470=CARTESIAN_POINT('',(4.23529411764706,40.5823090608998,4.00000000000001));
#9471=CARTESIAN_POINT('',(4.35294117647058,40.7027444043817,4.));
#9472=CARTESIAN_POINT('',(4.47058823529412,40.8231797478635,4.));
#9473=CARTESIAN_POINT('',(4.58823529411764,40.9436150913453,4.));
#9474=CARTESIAN_POINT('',(4.70588235294117,41.0640504348271,4.));
#9475=CARTESIAN_POINT('',(4.82352941176471,41.1844857783089,4.));
#9476=CARTESIAN_POINT('',(4.94117647058823,41.3049211217908,4.));
#9477=CARTESIAN_POINT('',(5.05882352941176,41.4253564652726,4.));
#9478=CARTESIAN_POINT('',(5.1764705882353,41.5457918087544,4.));
#9479=CARTESIAN_POINT('',(5.29411764705883,41.6662271522363,4.));
#9480=CARTESIAN_POINT('',(5.41176470588235,41.7866624957181,4.));
#9481=CARTESIAN_POINT('',(5.52941176470589,41.9070978391999,4.));
#9482=CARTESIAN_POINT('',(5.64705882352942,42.0275331826818,4.));
#9483=CARTESIAN_POINT('',(5.76470588235294,42.1479685261636,3.99999999999999));
#9484=CARTESIAN_POINT('',(5.88235294117648,42.2684038696454,4.));
#9485=CARTESIAN_POINT('',(5.96078431372549,42.3486940986333,3.99999999999999));
#9486=CARTESIAN_POINT('',(6.,42.3888392131272,3.99999999999999));
#9487=CARTESIAN_POINT('',(3.99999999999999,36.4000049418962,21.9971222918161));
#9488=CARTESIAN_POINT('',(3.99999999999999,40.3414383739362,4.00000000000001));
#9489=CARTESIAN_POINT('',(20.,45.,6.));
#9490=CARTESIAN_POINT('',(29.9999999999999,44.9999999999999,6.));
#9491=CARTESIAN_POINT('',(30.,35.,6.));
#9492=CARTESIAN_POINT('',(-30.,35.,6.));
#9493=CARTESIAN_POINT('',(-30.0000000000001,45.,6.00000000000001));
#9494=CARTESIAN_POINT('',(-20.,45.,6.));
#9495=CARTESIAN_POINT('',(-6.00000000000002,42.3888392131272,4.));
#9496=CARTESIAN_POINT('',(-5.9607843137255,42.3486940986333,4.));
#9497=CARTESIAN_POINT('',(-5.88235294117649,42.2684038696454,4.));
#9498=CARTESIAN_POINT('',(-5.76470588235295,42.1479685261636,4.));
#9499=CARTESIAN_POINT('',(-5.64705882352943,42.0275331826817,4.));
#9500=CARTESIAN_POINT('',(-5.5294117647059,41.9070978391999,4.));
#9501=CARTESIAN_POINT('',(-5.41176470588237,41.7866624957181,4.));
#9502=CARTESIAN_POINT('',(-5.29411764705884,41.6662271522363,4.));
#9503=CARTESIAN_POINT('',(-5.17647058823531,41.5457918087544,4.));
#9504=CARTESIAN_POINT('',(-5.05882352941179,41.4253564652726,4.));
#9505=CARTESIAN_POINT('',(-4.94117647058825,41.3049211217908,4.));
#9506=CARTESIAN_POINT('',(-4.82352941176472,41.184485778309,4.));
#9507=CARTESIAN_POINT('',(-4.70588235294119,41.0640504348271,4.));
#9508=CARTESIAN_POINT('',(-4.58823529411766,40.9436150913453,4.));
#9509=CARTESIAN_POINT('',(-4.47058823529413,40.8231797478635,4.));
#9510=CARTESIAN_POINT('',(-4.35294117647061,40.7027444043817,4.));
#9511=CARTESIAN_POINT('',(-4.23529411764707,40.5823090608998,4.));
#9512=CARTESIAN_POINT('',(-4.11764705882355,40.461873717418,4.00000000000001));
#9513=CARTESIAN_POINT('',(-4.03921568627452,40.3815834884301,4.));
#9514=CARTESIAN_POINT('',(-4.00000000000001,40.3414383739362,4.));
#9515=CARTESIAN_POINT('',(-3.06270198034851,-41.2298840945546,13.));
#9516=CARTESIAN_POINT('',(-3.06270198034842,-45.,13.));
#9517=CARTESIAN_POINT('',(-3.06270198034842,-45.,13.));
#9518=CARTESIAN_POINT('',(-1.99999999999982,-45.,13.));
#9519=CARTESIAN_POINT('',(1.99999999999942,-45.,13.));
#9520=CARTESIAN_POINT('',(3.06270198034814,-45.,13.));
#9521=CARTESIAN_POINT('',(3.06270198034814,-45.,13.));
#9522=CARTESIAN_POINT('',(3.06270198034802,-41.2298840945546,13.));
#9523=CARTESIAN_POINT('',(3.06270198034802,-41.2298840945546,13.));
#9524=CARTESIAN_POINT('',(3.51889287319007,-39.6272332091814,13.));
#9525=CARTESIAN_POINT('',(3.51889287319007,-39.6272332091814,13.));
#9526=CARTESIAN_POINT('',(-3.51889287319058,-39.6272332091813,13.));
#9527=CARTESIAN_POINT('',(-3.51889287319058,-39.6272332091813,13.));
#9528=CARTESIAN_POINT('',(-3.06270198034851,-41.2298840945546,13.));
#9529=CARTESIAN_POINT('',(30.,-35.,2.8));
#9530=CARTESIAN_POINT('',(29.9999999999999,-44.9999999999999,2.8));
#9531=CARTESIAN_POINT('',(20.,-45.,2.8));
#9532=CARTESIAN_POINT('',(-20.,-45.,2.8));
#9533=CARTESIAN_POINT('',(-30.0000000000001,-45.,2.8));
#9534=CARTESIAN_POINT('',(-30.,-35.,2.8));
#9535=CARTESIAN_POINT('',(20.,-45.,2.8));
#9536=CARTESIAN_POINT('',(-1.4210854715202E-14,-45.,2.8));
#9537=CARTESIAN_POINT('',(-20.,-45.,2.8));
#9538=CARTESIAN_POINT('',(30.,-35.,2.8));
#9539=CARTESIAN_POINT('',(30.,-35.,6.));
#9540=CARTESIAN_POINT('',(20.,-45.,2.8));
#9541=CARTESIAN_POINT('',(20.,-45.,6.));
#9542=CARTESIAN_POINT('',(-20.,-45.,2.8));
#9543=CARTESIAN_POINT('',(-20.,-45.,6.));
#9544=CARTESIAN_POINT('',(-30.,-35.,2.8));
#9545=CARTESIAN_POINT('',(-30.,-35.,6.));
#9546=CARTESIAN_POINT('',(-3.91745216620073,-38.2270487385156,19.8000388646586));
#9547=CARTESIAN_POINT('',(3.91745216620029,-38.2270487385156,19.8000388646586));
#9548=CARTESIAN_POINT('',(-3.91745216620083,-38.2270487385156,21.9971222918161));
#9549=CARTESIAN_POINT('',(-3.91745216620073,-38.2270487385156,19.8000388646586));
#9550=CARTESIAN_POINT('',(3.91745216620029,-38.2270487385156,19.8000388646586));
#9551=CARTESIAN_POINT('',(3.91745216620031,-38.2270487385156,21.9971222918161));
#9552=CARTESIAN_POINT('',(-3.91745216620083,-38.2270487385156,21.9971222918161));
#9553=CARTESIAN_POINT('',(3.91745216620031,-38.2270487385156,21.9971222918161));
#9554=CARTESIAN_POINT('',(-3.91745216620083,-38.2270487385156,21.9971222918161));
#9555=CARTESIAN_POINT('',(-3.06270198034842,-41.2298840945546,21.9971222918161));
#9556=CARTESIAN_POINT('',(3.91745216620029,-38.2270487385156,19.8000388646586));
#9557=CARTESIAN_POINT('',(3.604287184017,-39.3272332091813,19.8000388646586));
#9558=CARTESIAN_POINT('',(-3.60428718401749,-39.3272332091814,19.8000388646586));
#9559=CARTESIAN_POINT('',(-3.91745216620073,-38.2270487385156,19.8000388646586));
#9560=CARTESIAN_POINT('',(-3.51889287319058,-39.6272332091814,19.5000388646586));
#9561=CARTESIAN_POINT('',(-3.51889287319058,-39.6272332091813,13.));
#9562=CARTESIAN_POINT('',(-3.51889287319058,-39.6272332091814,19.5000388646586));
#9563=CARTESIAN_POINT('',(3.51889287319008,-39.6272332091813,19.5000388646586));
#9564=CARTESIAN_POINT('',(-3.60428718401749,-39.3272332091814,19.8000388646586));
#9565=CARTESIAN_POINT('',(3.604287184017,-39.3272332091813,19.8000388646586));
#9566=CARTESIAN_POINT('',(-3.51889287319058,-39.6272332091814,19.5000388646586));
#9567=CARTESIAN_POINT('',(-3.51889287319058,-39.6272332091814,19.5117641314846));
#9568=CARTESIAN_POINT('',(-3.51889326278028,-39.6272318405081,19.5349907163123));
#9569=CARTESIAN_POINT('',(-3.51908717945859,-39.6265505889947,19.5693073282204));
#9570=CARTESIAN_POINT('',(-3.51964323835313,-39.6245970903746,19.6024073207721));
#9571=CARTESIAN_POINT('',(-3.52070910610187,-39.6208525748263,19.633794333053));
#9572=CARTESIAN_POINT('',(-3.52241229504546,-39.6148690768845,19.663058197234));
#9573=CARTESIAN_POINT('',(-3.52486192789508,-39.6062632359594,19.6898648368888));
#9574=CARTESIAN_POINT('',(-3.52814790705494,-39.5947192146023,19.7139345897491));
#9575=CARTESIAN_POINT('',(-3.53233273373582,-39.5800174388973,19.735021241602));
#9576=CARTESIAN_POINT('',(-3.53743725215493,-39.5620846807205,19.7529314227044));
#9577=CARTESIAN_POINT('',(-3.54343728810722,-39.5410058668246,19.7675941901068));
#9578=CARTESIAN_POINT('',(-3.55028014001793,-39.5169661438813,19.7791038682138));
#9579=CARTESIAN_POINT('',(-3.55790079577297,-39.4901939068977,19.7876888591211));
#9580=CARTESIAN_POINT('',(-3.56622286222427,-39.4609575337574,19.7936626745899));
#9581=CARTESIAN_POINT('',(-3.57515206063483,-39.4295882364679,19.7974037138589));
#9582=CARTESIAN_POINT('',(-3.58457124012462,-39.3964975794958,19.7993563422762));
#9583=CARTESIAN_POINT('',(-3.59433837391688,-39.3621845191842,19.8000374938817));
#9584=CARTESIAN_POINT('',(-3.60094961670688,-39.338958465624,19.8000388646586));
#9585=CARTESIAN_POINT('',(-3.60428718401749,-39.3272332091814,19.8000388646586));
#9586=CARTESIAN_POINT('',(3.604287184017,-39.3272332091813,19.8000388646586));
#9587=CARTESIAN_POINT('',(3.60094961670638,-39.338958465624,19.8000388646586));
#9588=CARTESIAN_POINT('',(3.59433837391637,-39.3621845191842,19.8000374938817));
#9589=CARTESIAN_POINT('',(3.58457124012411,-39.3964975794959,19.7993563422762));
#9590=CARTESIAN_POINT('',(3.57515206063431,-39.4295882364679,19.7974037138589));
#9591=CARTESIAN_POINT('',(3.56622286222375,-39.4609575337575,19.7936626745899));
#9592=CARTESIAN_POINT('',(3.55790079577246,-39.4901939068977,19.7876888591212));
#9593=CARTESIAN_POINT('',(3.55028014001742,-39.5169661438813,19.7791038682138));
#9594=CARTESIAN_POINT('',(3.54343728810671,-39.5410058668246,19.7675941901068));
#9595=CARTESIAN_POINT('',(3.53743725215442,-39.5620846807205,19.7529314227044));
#9596=CARTESIAN_POINT('',(3.5323327337353,-39.5800174388973,19.735021241602));
#9597=CARTESIAN_POINT('',(3.52814790705443,-39.5947192146023,19.7139345897491));
#9598=CARTESIAN_POINT('',(3.52486192789456,-39.6062632359594,19.6898648368888));
#9599=CARTESIAN_POINT('',(3.52241229504494,-39.6148690768845,19.663058197234));
#9600=CARTESIAN_POINT('',(3.52070910610136,-39.6208525748263,19.633794333053));
#9601=CARTESIAN_POINT('',(3.51964323835261,-39.6245970903746,19.6024073207721));
#9602=CARTESIAN_POINT('',(3.51908717945807,-39.6265505889946,19.5693073282204));
#9603=CARTESIAN_POINT('',(3.51889326277976,-39.6272318405081,19.5349907163123));
#9604=CARTESIAN_POINT('',(3.51889287319008,-39.6272332091813,19.5117641314846));
#9605=CARTESIAN_POINT('',(3.51889287319008,-39.6272332091813,19.5000388646586));
#9606=CARTESIAN_POINT('',(-4.00000000000002,-36.4000049418962,21.9971222918161));
#9607=CARTESIAN_POINT('',(3.99999999999999,-36.4000049418962,21.9971222918161));
#9608=CARTESIAN_POINT('',(-4.00000000000002,-36.4000049418962,21.9971222918161));
#9609=CARTESIAN_POINT('',(-4.00000000000001,-40.3414383739362,4.));
#9610=CARTESIAN_POINT('',(-6.00000000000001,-38.4474057810873,21.9971222918161));
#9611=CARTESIAN_POINT('',(-6.00000000000002,-42.3888392131272,4.));
#9612=CARTESIAN_POINT('',(5.99999999999999,-38.4474057810873,21.9971222918161));
#9613=CARTESIAN_POINT('',(6.,-42.3888392131272,3.99999999999999));
#9614=CARTESIAN_POINT('',(30.,-35.,6.));
#9615=CARTESIAN_POINT('',(30.,-35.,24.));
#9616=CARTESIAN_POINT('',(20.,-45.,6.));
#9617=CARTESIAN_POINT('',(20.,-45.,24.));
#9618=CARTESIAN_POINT('',(-20.,-45.,6.));
#9619=CARTESIAN_POINT('',(-20.,-45.,24.));
#9620=CARTESIAN_POINT('',(-30.,-35.,6.));
#9621=CARTESIAN_POINT('',(-30.,-35.,24.));
#9622=CARTESIAN_POINT('',(30.,-35.,24.));
#9623=CARTESIAN_POINT('',(30.,-45.,24.));
#9624=CARTESIAN_POINT('',(20.,-45.,24.));
#9625=CARTESIAN_POINT('',(20.,-45.,24.));
#9626=CARTESIAN_POINT('',(12.531350990174,-45.,24.));
#9627=CARTESIAN_POINT('',(5.06270198034808,-45.,24.));
#9628=CARTESIAN_POINT('',(-20.,-45.,24.));
#9629=CARTESIAN_POINT('',(-30.,-45.,24.));
#9630=CARTESIAN_POINT('',(-30.,-35.,24.));
#9631=CARTESIAN_POINT('',(5.99999999999999,-43.,21.9971222918161));
#9632=CARTESIAN_POINT('',(3.06270198034811,-43.,21.9971222918161));
#9633=CARTESIAN_POINT('',(-6.00000000000001,-43.,21.9971222918161));
#9634=CARTESIAN_POINT('',(-6.00000000000001,-38.4474057810873,21.9971222918161));
#9635=CARTESIAN_POINT('',(3.06270198034811,-43.,21.9971222918161));
#9636=CARTESIAN_POINT('',(3.06270198034808,-41.2298840945546,21.9971222918161));
#9637=CARTESIAN_POINT('',(-3.06270198034842,-41.2298840945546,21.9971222918161));
#9638=CARTESIAN_POINT('',(-3.06270198034842,-43.,21.9971222918161));
#9639=CARTESIAN_POINT('',(3.06270198034811,-43.,21.9971222918161));
#9640=CARTESIAN_POINT('',(3.06270198034811,-43.,22.));
#9641=CARTESIAN_POINT('',(-3.06270198034842,-43.,21.9971222918161));
#9642=CARTESIAN_POINT('',(-6.00000000000001,-43.,21.9971222918161));
#9643=CARTESIAN_POINT('',(3.06270198034808,-41.2298840945546,21.9971222918161));
#9644=CARTESIAN_POINT('',(3.91745216620031,-38.2270487385156,21.9971222918161));
#9645=CARTESIAN_POINT('',(-3.06270198034842,-43.,22.));
#9646=CARTESIAN_POINT('',(-3.06270198034842,-43.,21.9971222918161));
#9647=CARTESIAN_POINT('',(-5.06270198034842,-45.,24.));
#9648=CARTESIAN_POINT('',(-12.5313509901742,-45.,24.));
#9649=CARTESIAN_POINT('',(-20.,-45.,24.));
#9650=CARTESIAN_POINT('',(5.06270198034811,-43.,24.));
#9651=CARTESIAN_POINT('',(5.99999999999997,-43.,24.));
#9652=CARTESIAN_POINT('',(5.06270198034808,-45.,24.));
#9653=CARTESIAN_POINT('',(5.06270198034811,-43.,24.));
#9654=CARTESIAN_POINT('',(-5.06270198034842,-43.,24.));
#9655=CARTESIAN_POINT('',(-5.06270198034842,-45.,24.));
#9656=CARTESIAN_POINT('',(-3.06270198034842,-43.,22.));
#9657=CARTESIAN_POINT('',(-3.06270198034842,-45.,22.));
#9658=CARTESIAN_POINT('',(3.06270198034811,-45.,22.));
#9659=CARTESIAN_POINT('',(3.06270198034811,-43.,22.));
#9660=CARTESIAN_POINT('',(3.06270198034811,-45.,22.));
#9661=CARTESIAN_POINT('',(3.06270198034811,-45.,22.8));
#9662=CARTESIAN_POINT('',(3.06270198034811,-45.,23.6));
#9663=CARTESIAN_POINT('',(3.46270198034806,-45.,24.));
#9664=CARTESIAN_POINT('',(4.26270198034807,-45.,24.));
#9665=CARTESIAN_POINT('',(5.06270198034808,-45.,24.));
#9666=CARTESIAN_POINT('',(3.06270198034811,-43.,22.));
#9667=CARTESIAN_POINT('',(3.06270198034811,-43.,22.8));
#9668=CARTESIAN_POINT('',(3.06270198034811,-43.,23.6));
#9669=CARTESIAN_POINT('',(3.46270198034809,-43.,24.));
#9670=CARTESIAN_POINT('',(4.2627019803481,-43.,24.));
#9671=CARTESIAN_POINT('',(5.06270198034811,-43.,24.));
#9672=CARTESIAN_POINT('',(-5.06270198034842,-43.,24.));
#9673=CARTESIAN_POINT('',(-4.26270198034844,-43.,24.));
#9674=CARTESIAN_POINT('',(-3.46270198034843,-43.,24.));
#9675=CARTESIAN_POINT('',(-3.06270198034842,-43.,23.6));
#9676=CARTESIAN_POINT('',(-3.06270198034842,-43.,22.8));
#9677=CARTESIAN_POINT('',(-3.06270198034842,-43.,22.));
#9678=CARTESIAN_POINT('',(-5.06270198034842,-45.,24.));
#9679=CARTESIAN_POINT('',(-4.26270198034844,-45.,24.));
#9680=CARTESIAN_POINT('',(-3.46270198034843,-45.,24.));
#9681=CARTESIAN_POINT('',(-3.06270198034842,-45.,23.6));
#9682=CARTESIAN_POINT('',(-3.06270198034842,-45.,22.8));
#9683=CARTESIAN_POINT('',(-3.06270198034842,-45.,22.));
#9684=CARTESIAN_POINT('',(-3.06270198034842,-45.,22.));
#9685=CARTESIAN_POINT('',(-3.06270198034842,-45.,13.));
#9686=CARTESIAN_POINT('',(-3.06270198034842,-41.2298840945546,21.9971222918161));
#9687=CARTESIAN_POINT('',(-3.06270198034851,-41.2298840945546,13.));
#9688=CARTESIAN_POINT('',(3.06270198034808,-41.2298840945546,21.9971222918161));
#9689=CARTESIAN_POINT('',(3.06270198034802,-41.2298840945546,13.));
#9690=CARTESIAN_POINT('',(3.06270198034814,-45.,13.));
#9691=CARTESIAN_POINT('',(3.06270198034811,-45.,22.));
#9692=CARTESIAN_POINT('',(3.51889287319007,-39.6272332091814,13.));
#9693=CARTESIAN_POINT('',(3.51889287319008,-39.6272332091813,19.5000388646586));
#9694=CARTESIAN_POINT('',(5.99999999999999,-38.4474057810873,21.9971222918161));
#9695=CARTESIAN_POINT('',(5.99999999999999,-43.,21.9971222918161));
#9696=CARTESIAN_POINT('',(3.99999999999999,-40.3414383739362,4.00000000000001));
#9697=CARTESIAN_POINT('',(-4.00000000000001,-40.3414383739362,4.));
#9698=CARTESIAN_POINT('',(3.99999999999999,-40.3414383739362,4.00000000000001));
#9699=CARTESIAN_POINT('',(4.0392156862745,-40.3815834884301,4.00000000000001));
#9700=CARTESIAN_POINT('',(4.11764705882351,-40.461873717418,4.));
#9701=CARTESIAN_POINT('',(4.23529411764706,-40.5823090608998,4.00000000000001));
#9702=CARTESIAN_POINT('',(4.35294117647058,-40.7027444043817,4.));
#9703=CARTESIAN_POINT('',(4.47058823529412,-40.8231797478635,4.));
#9704=CARTESIAN_POINT('',(4.58823529411764,-40.9436150913453,4.));
#9705=CARTESIAN_POINT('',(4.70588235294117,-41.0640504348271,4.));
#9706=CARTESIAN_POINT('',(4.82352941176471,-41.1844857783089,4.));
#9707=CARTESIAN_POINT('',(4.94117647058823,-41.3049211217908,4.));
#9708=CARTESIAN_POINT('',(5.05882352941176,-41.4253564652726,4.));
#9709=CARTESIAN_POINT('',(5.1764705882353,-41.5457918087544,4.));
#9710=CARTESIAN_POINT('',(5.29411764705883,-41.6662271522363,4.));
#9711=CARTESIAN_POINT('',(5.41176470588235,-41.7866624957181,4.));
#9712=CARTESIAN_POINT('',(5.52941176470589,-41.9070978391999,4.));
#9713=CARTESIAN_POINT('',(5.64705882352942,-42.0275331826818,4.));
#9714=CARTESIAN_POINT('',(5.76470588235294,-42.1479685261636,3.99999999999999));
#9715=CARTESIAN_POINT('',(5.88235294117648,-42.2684038696454,4.));
#9716=CARTESIAN_POINT('',(5.96078431372549,-42.3486940986333,3.99999999999999));
#9717=CARTESIAN_POINT('',(6.,-42.3888392131272,3.99999999999999));
#9718=CARTESIAN_POINT('',(3.99999999999999,-36.4000049418962,21.9971222918161));
#9719=CARTESIAN_POINT('',(3.99999999999999,-40.3414383739362,4.00000000000001));
#9720=CARTESIAN_POINT('',(20.,-45.,6.));
#9721=CARTESIAN_POINT('',(29.9999999999999,-44.9999999999999,6.));
#9722=CARTESIAN_POINT('',(30.,-35.,6.));
#9723=CARTESIAN_POINT('',(-30.,-35.,6.));
#9724=CARTESIAN_POINT('',(-30.0000000000001,-45.,6.00000000000001));
#9725=CARTESIAN_POINT('',(-20.,-45.,6.));
#9726=CARTESIAN_POINT('',(-6.00000000000002,-42.3888392131272,4.));
#9727=CARTESIAN_POINT('',(-5.9607843137255,-42.3486940986333,4.));
#9728=CARTESIAN_POINT('',(-5.88235294117649,-42.2684038696454,4.));
#9729=CARTESIAN_POINT('',(-5.76470588235295,-42.1479685261636,4.));
#9730=CARTESIAN_POINT('',(-5.64705882352943,-42.0275331826817,4.));
#9731=CARTESIAN_POINT('',(-5.5294117647059,-41.9070978391999,4.));
#9732=CARTESIAN_POINT('',(-5.41176470588237,-41.7866624957181,4.));
#9733=CARTESIAN_POINT('',(-5.29411764705884,-41.6662271522363,4.));
#9734=CARTESIAN_POINT('',(-5.17647058823531,-41.5457918087544,4.));
#9735=CARTESIAN_POINT('',(-5.05882352941179,-41.4253564652726,4.));
#9736=CARTESIAN_POINT('',(-4.94117647058825,-41.3049211217908,4.));
#9737=CARTESIAN_POINT('',(-4.82352941176472,-41.184485778309,4.));
#9738=CARTESIAN_POINT('',(-4.70588235294119,-41.0640504348271,4.));
#9739=CARTESIAN_POINT('',(-4.58823529411766,-40.9436150913453,4.));
#9740=CARTESIAN_POINT('',(-4.47058823529413,-40.8231797478635,4.));
#9741=CARTESIAN_POINT('',(-4.35294117647061,-40.7027444043817,4.));
#9742=CARTESIAN_POINT('',(-4.23529411764707,-40.5823090608998,4.));
#9743=CARTESIAN_POINT('',(-4.11764705882355,-40.461873717418,4.00000000000001));
#9744=CARTESIAN_POINT('',(-4.03921568627452,-40.3815834884301,4.));
#9745=CARTESIAN_POINT('',(-4.00000000000001,-40.3414383739362,4.));
#9746=CARTESIAN_POINT('',(30.,35.,2.8));
#9747=CARTESIAN_POINT('',(30.,-35.,2.8));
#9748=CARTESIAN_POINT('',(-30.,-35.,2.8));
#9749=CARTESIAN_POINT('',(-30.,35.,2.8));
#9750=CARTESIAN_POINT('',(28.8,-34.6461699333284,4.));
#9751=CARTESIAN_POINT('',(28.8,34.6461699333284,4.));
#9752=CARTESIAN_POINT('',(28.8,34.6461699333284,4.));
#9753=CARTESIAN_POINT('',(28.8,34.6461699333284,24.));
#9754=CARTESIAN_POINT('',(28.8,-34.6461699333284,4.));
#9755=CARTESIAN_POINT('',(28.8,-34.6461699333284,24.));
#9756=CARTESIAN_POINT('',(28.8,34.6461699333284,4.));
#9757=CARTESIAN_POINT('',(28.8,43.8,4.));
#9758=CARTESIAN_POINT('',(19.6461699333284,43.8,4.));
#9759=CARTESIAN_POINT('',(19.6461699333284,43.8,4.));
#9760=CARTESIAN_POINT('',(19.6461699333284,43.8,24.));
#9761=CARTESIAN_POINT('',(19.6461699333284,43.8,4.));
#9762=CARTESIAN_POINT('',(5.99999999999999,43.8,4.));
#9763=CARTESIAN_POINT('',(5.99999999999999,43.8,4.));
#9764=CARTESIAN_POINT('',(5.99999999999997,43.8,24.));
#9765=CARTESIAN_POINT('',(-6.00000000000001,43.8,4.));
#9766=CARTESIAN_POINT('',(-6.00000000000001,43.8,24.));
#9767=CARTESIAN_POINT('',(-6.00000000000001,43.8,4.));
#9768=CARTESIAN_POINT('',(-19.6461699333284,43.8,4.));
#9769=CARTESIAN_POINT('',(-19.6461699333284,43.8,4.));
#9770=CARTESIAN_POINT('',(-19.6461699333284,43.8,24.));
#9771=CARTESIAN_POINT('',(-19.6461699333284,43.8,4.));
#9772=CARTESIAN_POINT('',(-28.8,43.8,4.));
#9773=CARTESIAN_POINT('',(-28.8,34.6461699333284,4.));
#9774=CARTESIAN_POINT('',(-28.8,34.6461699333284,4.));
#9775=CARTESIAN_POINT('',(-28.8,34.6461699333284,24.));
#9776=CARTESIAN_POINT('',(-28.8,34.6461699333284,4.));
#9777=CARTESIAN_POINT('',(-28.8,-34.6461699333284,4.));
#9778=CARTESIAN_POINT('',(-28.8,-34.6461699333284,4.));
#9779=CARTESIAN_POINT('',(-28.8,-34.6461699333284,24.));
#9780=CARTESIAN_POINT('',(-28.8,-34.6461699333284,4.));
#9781=CARTESIAN_POINT('',(-28.8,-43.8,4.));
#9782=CARTESIAN_POINT('',(-19.6461699333284,-43.8,4.));
#9783=CARTESIAN_POINT('',(-19.6461699333284,-43.8,4.));
#9784=CARTESIAN_POINT('',(-19.6461699333284,-43.8,24.));
#9785=CARTESIAN_POINT('',(-19.6461699333284,-43.8,4.));
#9786=CARTESIAN_POINT('',(-6.00000000000001,-43.8,4.));
#9787=CARTESIAN_POINT('',(-6.00000000000001,-43.8,4.));
#9788=CARTESIAN_POINT('',(-6.00000000000001,-43.8,24.));
#9789=CARTESIAN_POINT('',(5.99999999999999,-43.8,4.));
#9790=CARTESIAN_POINT('',(5.99999999999997,-43.8,24.));
#9791=CARTESIAN_POINT('',(5.99999999999999,-43.8,4.));
#9792=CARTESIAN_POINT('',(19.6461699333284,-43.8,4.));
#9793=CARTESIAN_POINT('',(19.6461699333284,-43.8,4.));
#9794=CARTESIAN_POINT('',(19.6461699333284,-43.8,24.));
#9795=CARTESIAN_POINT('',(19.6461699333284,-43.8,4.));
#9796=CARTESIAN_POINT('',(28.8,-43.8,4.));
#9797=CARTESIAN_POINT('',(28.8,-34.6461699333284,4.));
#9798=CARTESIAN_POINT('',(5.99999999999997,43.,24.));
#9799=CARTESIAN_POINT('',(5.99999999999999,43.,21.9971222918161));
#9800=CARTESIAN_POINT('',(5.99999999999999,38.4474057810873,21.9971222918161));
#9801=CARTESIAN_POINT('',(5.96078431372548,38.4072606665933,21.9971222918161));
#9802=CARTESIAN_POINT('',(5.88235294117645,38.3269704376054,21.9971222918161));
#9803=CARTESIAN_POINT('',(5.76470588235293,38.2065350941236,21.9971222918161));
#9804=CARTESIAN_POINT('',(5.6470588235294,38.0860997506418,21.9971222918161));
#9805=CARTESIAN_POINT('',(5.52941176470586,37.96566440716,21.9971222918161));
#9806=CARTESIAN_POINT('',(5.41176470588235,37.8452290636781,21.9971222918161));
#9807=CARTESIAN_POINT('',(5.29411764705881,37.7247937201963,21.9971222918161));
#9808=CARTESIAN_POINT('',(5.17647058823528,37.6043583767145,21.9971222918161));
#9809=CARTESIAN_POINT('',(5.05882352941175,37.4839230332326,21.9971222918161));
#9810=CARTESIAN_POINT('',(4.94117647058822,37.3634876897508,21.9971222918161));
#9811=CARTESIAN_POINT('',(4.82352941176469,37.243052346269,21.9971222918161));
#9812=CARTESIAN_POINT('',(4.70588235294116,37.1226170027872,21.9971222918161));
#9813=CARTESIAN_POINT('',(4.58823529411764,37.0021816593054,21.9971222918161));
#9814=CARTESIAN_POINT('',(4.4705882352941,36.8817463158235,21.9971222918161));
#9815=CARTESIAN_POINT('',(4.35294117647057,36.7613109723417,21.9971222918161));
#9816=CARTESIAN_POINT('',(4.23529411764705,36.6408756288599,21.9971222918161));
#9817=CARTESIAN_POINT('',(4.11764705882352,36.520440285378,21.9971222918161));
#9818=CARTESIAN_POINT('',(4.0392156862745,36.4401500563902,21.9971222918161));
#9819=CARTESIAN_POINT('',(3.99999999999999,36.4000049418962,21.9971222918161));
#9820=CARTESIAN_POINT('',(-4.00000000000002,36.4000049418962,21.9971222918161));
#9821=CARTESIAN_POINT('',(-4.03921568627452,36.4401500563902,21.9971222918161));
#9822=CARTESIAN_POINT('',(-4.11764705882355,36.520440285378,21.9971222918161));
#9823=CARTESIAN_POINT('',(-4.23529411764707,36.6408756288599,21.9971222918161));
#9824=CARTESIAN_POINT('',(-4.35294117647061,36.7613109723417,21.9971222918161));
#9825=CARTESIAN_POINT('',(-4.47058823529413,36.8817463158235,21.9971222918161));
#9826=CARTESIAN_POINT('',(-4.58823529411767,37.0021816593054,21.9971222918161));
#9827=CARTESIAN_POINT('',(-4.70588235294119,37.1226170027872,21.9971222918161));
#9828=CARTESIAN_POINT('',(-4.82352941176473,37.243052346269,21.9971222918161));
#9829=CARTESIAN_POINT('',(-4.94117647058825,37.3634876897508,21.9971222918161));
#9830=CARTESIAN_POINT('',(-5.05882352941178,37.4839230332326,21.9971222918161));
#9831=CARTESIAN_POINT('',(-5.17647058823531,37.6043583767145,21.9971222918161));
#9832=CARTESIAN_POINT('',(-5.29411764705884,37.7247937201963,21.9971222918161));
#9833=CARTESIAN_POINT('',(-5.41176470588237,37.8452290636781,21.9971222918161));
#9834=CARTESIAN_POINT('',(-5.5294117647059,37.9656644071599,21.9971222918161));
#9835=CARTESIAN_POINT('',(-5.64705882352943,38.0860997506418,21.9971222918161));
#9836=CARTESIAN_POINT('',(-5.76470588235295,38.2065350941236,21.9971222918161));
#9837=CARTESIAN_POINT('',(-5.88235294117648,38.3269704376055,21.9971222918161));
#9838=CARTESIAN_POINT('',(-5.96078431372551,38.4072606665933,21.9971222918161));
#9839=CARTESIAN_POINT('',(-6.00000000000001,38.4474057810873,21.9971222918161));
#9840=CARTESIAN_POINT('',(-6.00000000000001,43.,21.9971222918161));
#9841=CARTESIAN_POINT('',(-6.00000000000001,43.,24.));
#9842=CARTESIAN_POINT('',(5.99999999999997,-43.,24.));
#9843=CARTESIAN_POINT('',(5.99999999999999,-43.,21.9971222918161));
#9844=CARTESIAN_POINT('',(-4.00000000000002,-36.4000049418962,21.9971222918161));
#9845=CARTESIAN_POINT('',(-4.03921568627452,-36.4401500563902,21.9971222918161));
#9846=CARTESIAN_POINT('',(-4.11764705882355,-36.520440285378,21.9971222918161));
#9847=CARTESIAN_POINT('',(-4.23529411764707,-36.6408756288599,21.9971222918161));
#9848=CARTESIAN_POINT('',(-4.35294117647061,-36.7613109723417,21.9971222918161));
#9849=CARTESIAN_POINT('',(-4.47058823529413,-36.8817463158235,21.9971222918161));
#9850=CARTESIAN_POINT('',(-4.58823529411767,-37.0021816593054,21.9971222918161));
#9851=CARTESIAN_POINT('',(-4.70588235294119,-37.1226170027872,21.9971222918161));
#9852=CARTESIAN_POINT('',(-4.82352941176473,-37.243052346269,21.9971222918161));
#9853=CARTESIAN_POINT('',(-4.94117647058825,-37.3634876897508,21.9971222918161));
#9854=CARTESIAN_POINT('',(-5.05882352941178,-37.4839230332326,21.9971222918161));
#9855=CARTESIAN_POINT('',(-5.17647058823531,-37.6043583767145,21.9971222918161));
#9856=CARTESIAN_POINT('',(-5.29411764705884,-37.7247937201963,21.9971222918161));
#9857=CARTESIAN_POINT('',(-5.41176470588237,-37.8452290636781,21.9971222918161));
#9858=CARTESIAN_POINT('',(-5.5294117647059,-37.9656644071599,21.9971222918161));
#9859=CARTESIAN_POINT('',(-5.64705882352943,-38.0860997506418,21.9971222918161));
#9860=CARTESIAN_POINT('',(-5.76470588235295,-38.2065350941236,21.9971222918161));
#9861=CARTESIAN_POINT('',(-5.88235294117648,-38.3269704376055,21.9971222918161));
#9862=CARTESIAN_POINT('',(-5.96078431372551,-38.4072606665933,21.9971222918161));
#9863=CARTESIAN_POINT('',(-6.00000000000001,-38.4474057810873,21.9971222918161));
#9864=CARTESIAN_POINT('',(5.99999999999999,-38.4474057810873,21.9971222918161));
#9865=CARTESIAN_POINT('',(5.96078431372548,-38.4072606665933,21.9971222918161));
#9866=CARTESIAN_POINT('',(5.88235294117645,-38.3269704376054,21.9971222918161));
#9867=CARTESIAN_POINT('',(5.76470588235293,-38.2065350941236,21.9971222918161));
#9868=CARTESIAN_POINT('',(5.6470588235294,-38.0860997506418,21.9971222918161));
#9869=CARTESIAN_POINT('',(5.52941176470586,-37.96566440716,21.9971222918161));
#9870=CARTESIAN_POINT('',(5.41176470588235,-37.8452290636781,21.9971222918161));
#9871=CARTESIAN_POINT('',(5.29411764705881,-37.7247937201963,21.9971222918161));
#9872=CARTESIAN_POINT('',(5.17647058823528,-37.6043583767145,21.9971222918161));
#9873=CARTESIAN_POINT('',(5.05882352941175,-37.4839230332326,21.9971222918161));
#9874=CARTESIAN_POINT('',(4.94117647058822,-37.3634876897508,21.9971222918161));
#9875=CARTESIAN_POINT('',(4.82352941176469,-37.243052346269,21.9971222918161));
#9876=CARTESIAN_POINT('',(4.70588235294116,-37.1226170027872,21.9971222918161));
#9877=CARTESIAN_POINT('',(4.58823529411764,-37.0021816593054,21.9971222918161));
#9878=CARTESIAN_POINT('',(4.4705882352941,-36.8817463158235,21.9971222918161));
#9879=CARTESIAN_POINT('',(4.35294117647057,-36.7613109723417,21.9971222918161));
#9880=CARTESIAN_POINT('',(4.23529411764705,-36.6408756288599,21.9971222918161));
#9881=CARTESIAN_POINT('',(4.11764705882352,-36.520440285378,21.9971222918161));
#9882=CARTESIAN_POINT('',(4.0392156862745,-36.4401500563902,21.9971222918161));
#9883=CARTESIAN_POINT('',(3.99999999999999,-36.4000049418962,21.9971222918161));
#9884=CARTESIAN_POINT('',(-6.00000000000001,-43.,21.9971222918161));
#9885=CARTESIAN_POINT('',(-6.00000000000001,-42.9999999999999,24.));
#9886=CARTESIAN_POINT('',(-6.00000000000001,43.,24.));
#9887=CARTESIAN_POINT('',(-6.00000000000001,43.8,24.));
#9888=CARTESIAN_POINT('',(-6.00000000000001,43.8,24.));
#9889=CARTESIAN_POINT('',(-19.6461699333284,43.8,24.));
#9890=CARTESIAN_POINT('',(-19.6461699333284,43.8,24.));
#9891=CARTESIAN_POINT('',(-28.8,43.8,24.));
#9892=CARTESIAN_POINT('',(-28.8,34.6461699333284,24.));
#9893=CARTESIAN_POINT('',(-28.8,-34.6461699333284,24.));
#9894=CARTESIAN_POINT('',(-28.8,-43.8,24.));
#9895=CARTESIAN_POINT('',(-19.6461699333284,-43.8,24.));
#9896=CARTESIAN_POINT('',(-19.6461699333284,-43.8,24.));
#9897=CARTESIAN_POINT('',(-6.00000000000001,-43.8,24.));
#9898=CARTESIAN_POINT('',(-6.00000000000001,-43.8,24.));
#9899=CARTESIAN_POINT('',(-6.00000000000001,-42.9999999999999,24.));
#9900=CARTESIAN_POINT('',(28.8,34.6461699333284,24.));
#9901=CARTESIAN_POINT('',(28.8,43.7999999999999,24.));
#9902=CARTESIAN_POINT('',(19.6461699333284,43.8,24.));
#9903=CARTESIAN_POINT('',(19.6461699333284,43.8,24.));
#9904=CARTESIAN_POINT('',(5.99999999999997,43.8,24.));
#9905=CARTESIAN_POINT('',(5.99999999999997,43.8,24.));
#9906=CARTESIAN_POINT('',(5.99999999999997,43.,24.));
#9907=CARTESIAN_POINT('',(5.99999999999997,-43.,24.));
#9908=CARTESIAN_POINT('',(5.99999999999997,-43.8,24.));
#9909=CARTESIAN_POINT('',(5.99999999999997,-43.8,24.));
#9910=CARTESIAN_POINT('',(19.6461699333284,-43.8,24.));
#9911=CARTESIAN_POINT('',(19.6461699333284,-43.8,24.));
#9912=CARTESIAN_POINT('',(28.8,-43.8,24.));
#9913=CARTESIAN_POINT('',(28.8,-34.6461699333284,24.));
#9914=CARTESIAN_POINT('',(-6.00000000000001,43.,24.));
#9915=CARTESIAN_POINT('',(-5.06270198034842,43.,24.));
#9916=CARTESIAN_POINT('',(-6.00000000000001,-42.9999999999999,24.));
#9917=CARTESIAN_POINT('',(-5.06270198034842,-43.,24.));
#9918=CARTESIAN_POINT('',(28.8,-19.8068535938088,24.));
#9919=CARTESIAN_POINT('',(29.0861928812542,-19.5759378390463,24.2861928812542));
#9920=CARTESIAN_POINT('',(29.3723857625085,-19.3450220842839,24.5723857625084));
#9921=CARTESIAN_POINT('',(29.6585786437627,-19.1141063295214,24.8585786437626));
#9922=CARTESIAN_POINT('',(30.,-19.2282126590428,24.7171572875253));
#9923=CARTESIAN_POINT('',(30.,-19.176747043746,24.7809428561734));
#9924=CARTESIAN_POINT('',(30.0003610652588,-19.1083506349885,24.8657121492426));
#9925=CARTESIAN_POINT('',(29.9916353769004,-19.0570531647607,24.9292893218813));
#9926=CARTESIAN_POINT('',(29.9885252708478,-19.0387691548256,24.9519501987435));
#9927=CARTESIAN_POINT('',(29.9834871989904,-19.017603045049,24.9781830989115));
#9928=CARTESIAN_POINT('',(29.9745949886876,-19.,25.));
#9929=CARTESIAN_POINT('',(29.8110105416333,-19.,25.));
#9930=CARTESIAN_POINT('',(29.7833639599191,-19.0172000890612,24.9786825153992));
#9931=CARTESIAN_POINT('',(29.7549588905839,-19.0381395062467,24.9527305739983));
#9932=CARTESIAN_POINT('',(29.7303875817397,-19.0570531647607,24.9292893218813));
#9933=CARTESIAN_POINT('',(29.7063682372497,-19.0755419511047,24.9063746487784));
#9934=CARTESIAN_POINT('',(29.681914021966,-19.0952780957552,24.881914021966));
#9935=CARTESIAN_POINT('',(29.6585786437627,-19.1141063295214,24.8585786437626));
#9936=CARTESIAN_POINT('',(29.9745949886876,-19.,25.));
#9937=CARTESIAN_POINT('',(29.9583685187202,-19.,25.0398113942696));
#9938=CARTESIAN_POINT('',(29.9342831294856,-19.,25.0606496790588));
#9939=CARTESIAN_POINT('',(29.9009974966918,-19.,25.0592766110701));
#9940=CARTESIAN_POINT('',(29.8590803637217,-19.,25.0370652582922));
#9941=CARTESIAN_POINT('',(29.8110105416333,-19.,25.));
#9942=CARTESIAN_POINT('',(-29.6585786437627,-19.1141063295214,24.8585786437627));
#9943=CARTESIAN_POINT('',(-29.3723857625085,-19.3450220842838,24.5723857625085));
#9944=CARTESIAN_POINT('',(-29.0861928812542,-19.5759378390463,24.2861928812542));
#9945=CARTESIAN_POINT('',(-28.8,-19.8068535938088,24.));
#9946=CARTESIAN_POINT('',(-29.9745949886877,-19.,25.));
#9947=CARTESIAN_POINT('',(-29.9834871989905,-19.0176030450491,24.9781830989114));
#9948=CARTESIAN_POINT('',(-29.9885252708479,-19.0387691548255,24.9519501987436));
#9949=CARTESIAN_POINT('',(-29.9916353769004,-19.0570531647607,24.9292893218813));
#9950=CARTESIAN_POINT('',(-30.0003610652588,-19.1083506349884,24.8657121492427));
#9951=CARTESIAN_POINT('',(-30.,-19.176747043746,24.7809428561734));
#9952=CARTESIAN_POINT('',(-30.,-19.2282126590428,24.7171572875254));
#9953=CARTESIAN_POINT('',(-29.6585786437627,-19.1141063295214,24.8585786437627));
#9954=CARTESIAN_POINT('',(-29.681914021967,-19.0952780957544,24.881914021967));
#9955=CARTESIAN_POINT('',(-29.7063682372489,-19.0755419511054,24.9063746487776));
#9956=CARTESIAN_POINT('',(-29.7303875817397,-19.0570531647607,24.9292893218813));
#9957=CARTESIAN_POINT('',(-29.754958890584,-19.0381395062466,24.9527305739985));
#9958=CARTESIAN_POINT('',(-29.783363959919,-19.0172000890612,24.978682515399));
#9959=CARTESIAN_POINT('',(-29.8110105416333,-19.,25.));
#9960=CARTESIAN_POINT('',(-29.8110105416333,-19.,25.));
#9961=CARTESIAN_POINT('',(-29.8590803637217,-19.,25.0370652582922));
#9962=CARTESIAN_POINT('',(-29.9009974966918,-19.,25.0592766110701));
#9963=CARTESIAN_POINT('',(-29.9342831294857,-19.,25.0606496790588));
#9964=CARTESIAN_POINT('',(-29.9583685187203,-19.,25.0398113942696));
#9965=CARTESIAN_POINT('',(-29.9745949886877,-19.,25.));
#9966=CARTESIAN_POINT('',(30.,-19.8068535938088,24.));
#9967=CARTESIAN_POINT('',(30.,-19.2282126590428,24.7171572875253));
#9968=CARTESIAN_POINT('',(-30.,-19.2282126590428,24.7171572875254));
#9969=CARTESIAN_POINT('',(-30.,-19.8068535938088,24.));
#9970=CARTESIAN_POINT('',(-30.,-19.2282126590428,24.7171572875254));
#9971=CARTESIAN_POINT('',(-30.,19.2282126590427,24.7171572875254));
#9972=CARTESIAN_POINT('',(-29.6585786437627,-19.1141063295214,24.8585786437627));
#9973=CARTESIAN_POINT('',(-29.6585786437627,19.1141063295214,24.8585786437627));
#9974=CARTESIAN_POINT('',(29.8110105416333,-19.,25.));
#9975=CARTESIAN_POINT('',(29.9745949886876,-19.,25.));
#9976=CARTESIAN_POINT('',(-29.9745949886877,-19.,25.));
#9977=CARTESIAN_POINT('',(-29.8110105416333,-19.,25.));
#9978=CARTESIAN_POINT('',(29.6585786437627,19.1141063295214,24.8585786437626));
#9979=CARTESIAN_POINT('',(29.3723857625085,19.3450220842839,24.5723857625084));
#9980=CARTESIAN_POINT('',(29.0861928812542,19.5759378390464,24.2861928812542));
#9981=CARTESIAN_POINT('',(28.8,19.8068535938088,24.));
#9982=CARTESIAN_POINT('',(29.8110105416333,19.,25.));
#9983=CARTESIAN_POINT('',(29.8590803637217,19.,25.0370652582922));
#9984=CARTESIAN_POINT('',(29.9009974966918,19.,25.05927661107));
#9985=CARTESIAN_POINT('',(29.9342831294856,19.,25.0606496790588));
#9986=CARTESIAN_POINT('',(29.9583685187202,19.,25.0398113942696));
#9987=CARTESIAN_POINT('',(29.9745949886876,19.,25.));
#9988=CARTESIAN_POINT('',(29.9745949886876,19.,25.));
#9989=CARTESIAN_POINT('',(29.9834871989904,19.0176030450491,24.9781830989114));
#9990=CARTESIAN_POINT('',(29.9885252708478,19.0387691548256,24.9519501987436));
#9991=CARTESIAN_POINT('',(29.9916353769004,19.0570531647607,24.9292893218813));
#9992=CARTESIAN_POINT('',(30.0003610652588,19.1083506349884,24.8657121492427));
#9993=CARTESIAN_POINT('',(30.,19.1767470437461,24.7809428561733));
#9994=CARTESIAN_POINT('',(30.,19.2282126590428,24.7171572875253));
#9995=CARTESIAN_POINT('',(29.6585786437627,19.1141063295214,24.8585786437626));
#9996=CARTESIAN_POINT('',(29.6819140219662,19.095278095755,24.8819140219662));
#9997=CARTESIAN_POINT('',(29.7063682372496,19.0755419511049,24.9063746487783));
#9998=CARTESIAN_POINT('',(29.7303875817397,19.0570531647607,24.9292893218813));
#9999=CARTESIAN_POINT('',(29.7549588905839,19.0381395062467,24.9527305739984));
#10000=CARTESIAN_POINT('',(29.7833639599191,19.0172000890612,24.9786825153991));
#10001=CARTESIAN_POINT('',(29.8110105416333,19.,25.));
#10002=CARTESIAN_POINT('',(-28.8,19.8068535938088,24.));
#10003=CARTESIAN_POINT('',(-29.0861928812542,19.5759378390463,24.2861928812542));
#10004=CARTESIAN_POINT('',(-29.3723857625085,19.3450220842838,24.5723857625085));
#10005=CARTESIAN_POINT('',(-29.6585786437627,19.1141063295214,24.8585786437627));
#10006=CARTESIAN_POINT('',(-29.9745949886877,19.,25.));
#10007=CARTESIAN_POINT('',(-29.9583685187203,19.,25.0398113942697));
#10008=CARTESIAN_POINT('',(-29.9342831294857,19.,25.0606496790589));
#10009=CARTESIAN_POINT('',(-29.9009974966918,19.,25.0592766110702));
#10010=CARTESIAN_POINT('',(-29.8590803637217,19.,25.0370652582922));
#10011=CARTESIAN_POINT('',(-29.8110105416333,19.,25.));
#10012=CARTESIAN_POINT('',(-30.,19.2282126590427,24.7171572875254));
#10013=CARTESIAN_POINT('',(-30.,19.1767470437463,24.780942856173));
#10014=CARTESIAN_POINT('',(-30.0003610652588,19.108350634988,24.8657121492431));
#10015=CARTESIAN_POINT('',(-29.9916353769005,19.0570531647607,24.9292893218814));
#10016=CARTESIAN_POINT('',(-29.9885252708479,19.0387691548256,24.9519501987435));
#10017=CARTESIAN_POINT('',(-29.9834871989905,19.017603045049,24.9781830989115));
#10018=CARTESIAN_POINT('',(-29.9745949886877,19.,25.));
#10019=CARTESIAN_POINT('',(-29.8110105416333,19.,25.));
#10020=CARTESIAN_POINT('',(-29.7833639599191,19.0172000890611,24.9786825153992));
#10021=CARTESIAN_POINT('',(-29.7549588905839,19.0381395062467,24.9527305739983));
#10022=CARTESIAN_POINT('',(-29.7303875817397,19.0570531647607,24.9292893218814));
#10023=CARTESIAN_POINT('',(-29.7063682372493,19.0755419511051,24.906374648778));
#10024=CARTESIAN_POINT('',(-29.6819140219665,19.0952780957547,24.8819140219666));
#10025=CARTESIAN_POINT('',(-29.6585786437627,19.1141063295214,24.8585786437627));
#10026=CARTESIAN_POINT('',(30.,19.2282126590428,24.7171572875253));
#10027=CARTESIAN_POINT('',(30.,19.8068535938088,24.));
#10028=CARTESIAN_POINT('',(-30.,19.8068535938088,24.));
#10029=CARTESIAN_POINT('',(-30.,19.2282126590427,24.7171572875254));
#10030=CARTESIAN_POINT('',(30.,19.2282126590428,24.7171572875253));
#10031=CARTESIAN_POINT('',(30.,-19.2282126590428,24.7171572875253));
#10032=CARTESIAN_POINT('',(29.6585786437627,19.1141063295214,24.8585786437626));
#10033=CARTESIAN_POINT('',(29.6585786437627,-19.1141063295214,24.8585786437626));
#10034=CARTESIAN_POINT('',(29.8110105416333,19.,25.));
#10035=CARTESIAN_POINT('',(29.9745949886876,19.,25.));
#10036=CARTESIAN_POINT('',(-29.9745949886877,19.,25.));
#10037=CARTESIAN_POINT('',(-29.8110105416333,19.,25.));
#10038=CARTESIAN_POINT('',(-6.00000000000001,-43.8,4.));
#10039=CARTESIAN_POINT('',(-6.00000000000002,-42.3888392131272,4.));
#10040=CARTESIAN_POINT('',(-6.00000000000002,42.3888392131272,4.));
#10041=CARTESIAN_POINT('',(-6.00000000000001,43.8,4.));
#10042=CARTESIAN_POINT('',(-28.8,-19.8068535938088,24.));
#10043=CARTESIAN_POINT('',(-28.8,-34.6461699333284,24.));
#10044=CARTESIAN_POINT('',(-30.,-35.,24.));
#10045=CARTESIAN_POINT('',(-30.,-19.8068535938088,24.));
#10046=CARTESIAN_POINT('',(6.,-42.3888392131272,3.99999999999999));
#10047=CARTESIAN_POINT('',(5.99999999999999,-43.8,4.));
#10048=CARTESIAN_POINT('',(5.99999999999999,43.8,4.));
#10049=CARTESIAN_POINT('',(6.,42.3888392131272,3.99999999999999));
#10050=CARTESIAN_POINT('',(30.,-19.8068535938088,24.));
#10051=CARTESIAN_POINT('',(30.,-35.,24.));
#10052=CARTESIAN_POINT('',(28.8,-34.6461699333284,24.));
#10053=CARTESIAN_POINT('',(28.8,-19.8068535938088,24.));
#10054=CARTESIAN_POINT('',(30.,35.,24.));
#10055=CARTESIAN_POINT('',(30.,19.8068535938088,24.));
#10056=CARTESIAN_POINT('',(28.8,19.8068535938088,24.));
#10057=CARTESIAN_POINT('',(28.8,34.6461699333284,24.));
#10058=CARTESIAN_POINT('',(-30.,19.8068535938088,24.));
#10059=CARTESIAN_POINT('',(-30.,35.,24.));
#10060=CARTESIAN_POINT('',(-28.8,34.6461699333284,24.));
#10061=CARTESIAN_POINT('',(-28.8,19.8068535938088,24.));
#10062=CARTESIAN_POINT('',(0.,0.,0.));
ENDSEC;
END-ISO-10303-21;
